  0
SECTION
  2
HEADER
  9
$ACADVER
  1
AC1032
  9
$ACADMAINTVER
 90
      329
  9
$DWGCODEPAGE
  3
ANSI_1252
  9
$LASTSAVEDBY
  1
lilip
  9
$REQUIREDVERSIONS
160
                 0
  9
$INSBASE
 10
0.0
 20
0.0
 30
0.0
  9
$EXTMIN
 10
2145.114755264548
 20
1324.563613245385
 30
0.0
  9
$EXTMAX
 10
2768.062177450418
 20
1783.550818778132
 30
0.0
  9
$LIMMIN
 10
0.0
 20
0.0
  9
$LIMMAX
 10
420.0
 20
297.0
  9
$ORTHOMODE
 70
     1
  9
$REGENMODE
 70
     1
  9
$FILLMODE
 70
     1
  9
$QTEXTMODE
 70
     0
  9
$MIRRTEXT
 70
     0
  9
$LTSCALE
 40
1.0
  9
$ATTMODE
 70
     1
  9
$TEXTSIZE
 40
2.5
  9
$TRACEWID
 40
1.0
  9
$TEXTSTYLE
  7
Standard
  9
$CLAYER
  8
0
  9
$CELTYPE
  6
ByLayer
  9
$CECOLOR
 62
   256
  9
$CELTSCALE
 40
1.0
  9
$DISPSILH
 70
     0
  9
$DIMSCALE
 40
1.0
  9
$DIMASZ
 40
2.5
  9
$DIMEXO
 40
0.625
  9
$DIMDLI
 40
3.75
  9
$DIMRND
 40
0.0
  9
$DIMDLE
 40
0.0
  9
$DIMEXE
 40
1.25
  9
$DIMTP
 40
0.0
  9
$DIMTM
 40
0.0
  9
$DIMTXT
 40
2.5
  9
$DIMCEN
 40
2.5
  9
$DIMTSZ
 40
0.0
  9
$DIMTOL
 70
     0
  9
$DIMLIM
 70
     0
  9
$DIMTIH
 70
     0
  9
$DIMTOH
 70
     0
  9
$DIMSE1
 70
     0
  9
$DIMSE2
 70
     0
  9
$DIMTAD
 70
     1
  9
$DIMZIN
 70
     8
  9
$DIMBLK
  1

  9
$DIMASO
 70
     1
  9
$DIMSHO
 70
     1
  9
$DIMPOST
  1

  9
$DIMAPOST
  1

  9
$DIMALT
 70
     0
  9
$DIMALTD
 70
     3
  9
$DIMALTF
 40
0.03937007874016
  9
$DIMLFAC
 40
1.0
  9
$DIMTOFL
 70
     1
  9
$DIMTVP
 40
0.0
  9
$DIMTIX
 70
     0
  9
$DIMSOXD
 70
     0
  9
$DIMSAH
 70
     0
  9
$DIMBLK1
  1

  9
$DIMBLK2
  1

  9
$DIMSTYLE
  2
ISO-25
  9
$DIMCLRD
 70
     0
  9
$DIMCLRE
 70
     0
  9
$DIMCLRT
 70
     0
  9
$DIMTFAC
 40
1.0
  9
$DIMGAP
 40
0.625
  9
$DIMJUST
 70
     0
  9
$DIMSD1
 70
     0
  9
$DIMSD2
 70
     0
  9
$DIMTOLJ
 70
     0
  9
$DIMTZIN
 70
     8
  9
$DIMALTZ
 70
     0
  9
$DIMALTTZ
 70
     0
  9
$DIMUPT
 70
     0
  9
$DIMDEC
 70
     2
  9
$DIMTDEC
 70
     2
  9
$DIMALTU
 70
     2
  9
$DIMALTTD
 70
     3
  9
$DIMTXSTY
  7
Standard
  9
$DIMAUNIT
 70
     0
  9
$DIMADEC
 70
     0
  9
$DIMALTRND
 40
0.0
  9
$DIMAZIN
 70
     0
  9
$DIMDSEP
 70
    44
  9
$DIMATFIT
 70
     3
  9
$DIMFRAC
 70
     0
  9
$DIMLDRBLK
  1

  9
$DIMLUNIT
 70
     2
  9
$DIMLWD
 70
    -2
  9
$DIMLWE
 70
    -2
  9
$DIMTMOVE
 70
     0
  9
$DIMFXL
 40
1.25
  9
$DIMFXLON
 70
     0
  9
$DIMJOGANG
 40
1.570796326794896
  9
$DIMTFILL
 70
     0
  9
$DIMTFILLCLR
 70
     0
  9
$DIMARCSYM
 70
     0
  9
$DIMLTYPE
  6
ByLayer
  9
$DIMLTEX1
  6
ByLayer
  9
$DIMLTEX2
  6
ByLayer
  9
$DIMTXTDIRECTION
 70
     0
  9
$LUNITS
 70
     2
  9
$LUPREC
 70
     4
  9
$SKETCHINC
 40
1.0
  9
$FILLETRAD
 40
0.0
  9
$AUNITS
 70
     0
  9
$AUPREC
 70
     0
  9
$MENU
  1
.
  9
$ELEVATION
 40
0.0
  9
$PELEVATION
 40
0.0
  9
$THICKNESS
 40
0.0
  9
$LIMCHECK
 70
     0
  9
$CHAMFERA
 40
0.0
  9
$CHAMFERB
 40
0.0
  9
$CHAMFERC
 40
0.0
  9
$CHAMFERD
 40
0.0
  9
$SKPOLY
 70
     0
  9
$TDCREATE
 40
2458870.693553241
  9
$TDUCREATE
 40
2458870.818556748
  9
$TDUPDATE
 40
2461242.687696759
  9
$TDUUPDATE
 40
2461242.812696759
  9
$TDINDWG
 40
2.4016383796
  9
$TDUSRTIMER
 40
2.4016383449
  9
$USRTIMER
 70
     1
  9
$ANGBASE
 50
0.0
  9
$ANGDIR
 70
     0
  9
$PDMODE
 70
     0
  9
$PDSIZE
 40
0.0
  9
$PLINEWID
 40
0.0
  9
$SPLFRAME
 70
     0
  9
$SPLINETYPE
 70
     6
  9
$SPLINESEGS
 70
     8
  9
$HANDSEED
  5
2DD5
  9
$SURFTAB1
 70
     6
  9
$SURFTAB2
 70
     6
  9
$SURFTYPE
 70
     6
  9
$SURFU
 70
     6
  9
$SURFV
 70
     6
  9
$UCSBASE
  2

  9
$UCSNAME
  2

  9
$UCSORG
 10
0.0
 20
0.0
 30
0.0
  9
$UCSXDIR
 10
1.0
 20
0.0
 30
0.0
  9
$UCSYDIR
 10
0.0
 20
1.0
 30
0.0
  9
$UCSORTHOREF
  2

  9
$UCSORTHOVIEW
 70
     0
  9
$UCSORGTOP
 10
0.0
 20
0.0
 30
0.0
  9
$UCSORGBOTTOM
 10
0.0
 20
0.0
 30
0.0
  9
$UCSORGLEFT
 10
0.0
 20
0.0
 30
0.0
  9
$UCSORGRIGHT
 10
0.0
 20
0.0
 30
0.0
  9
$UCSORGFRONT
 10
0.0
 20
0.0
 30
0.0
  9
$UCSORGBACK
 10
0.0
 20
0.0
 30
0.0
  9
$PUCSBASE
  2

  9
$PUCSNAME
  2

  9
$PUCSORG
 10
0.0
 20
0.0
 30
0.0
  9
$PUCSXDIR
 10
1.0
 20
0.0
 30
0.0
  9
$PUCSYDIR
 10
0.0
 20
1.0
 30
0.0
  9
$PUCSORTHOREF
  2

  9
$PUCSORTHOVIEW
 70
     0
  9
$PUCSORGTOP
 10
0.0
 20
0.0
 30
0.0
  9
$PUCSORGBOTTOM
 10
0.0
 20
0.0
 30
0.0
  9
$PUCSORGLEFT
 10
0.0
 20
0.0
 30
0.0
  9
$PUCSORGRIGHT
 10
0.0
 20
0.0
 30
0.0
  9
$PUCSORGFRONT
 10
0.0
 20
0.0
 30
0.0
  9
$PUCSORGBACK
 10
0.0
 20
0.0
 30
0.0
  9
$USERI1
 70
     0
  9
$USERI2
 70
     0
  9
$USERI3
 70
     0
  9
$USERI4
 70
     0
  9
$USERI5
 70
     0
  9
$USERR1
 40
0.0
  9
$USERR2
 40
0.0
  9
$USERR3
 40
0.0
  9
$USERR4
 40
0.0
  9
$USERR5
 40
0.0
  9
$WORLDVIEW
 70
     1
  9
$SHADEDGE
 70
     3
  9
$SHADEDIF
 70
    70
  9
$TILEMODE
 70
     1
  9
$MAXACTVP
 70
    64
  9
$PINSBASE
 10
0.0
 20
0.0
 30
0.0
  9
$PLIMCHECK
 70
     0
  9
$PEXTMIN
 10
0.0
 20
0.0
 30
0.0
  9
$PEXTMAX
 10
0.0
 20
0.0
 30
0.0
  9
$PLIMMIN
 10
0.0
 20
0.0
  9
$PLIMMAX
 10
12.0
 20
9.0
  9
$UNITMODE
 70
     0
  9
$VISRETAIN
 70
     1
  9
$PLINEGEN
 70
     0
  9
$PSLTSCALE
 70
     1
  9
$TREEDEPTH
 70
  3020
  9
$CMLSTYLE
  2
Standard
  9
$CMLJUST
 70
     0
  9
$CMLSCALE
 40
20.0
  9
$PROXYGRAPHICS
 70
     1
  9
$MEASUREMENT
 70
     1
  9
$CELWEIGHT
370
    -1
  9
$ENDCAPS
280
     0
  9
$JOINSTYLE
280
     0
  9
$LWDISPLAY
290
     0
  9
$INSUNITS
 70
     4
  9
$HYPERLINKBASE
  1

  9
$STYLESHEET
  1

  9
$XEDIT
290
     1
  9
$CEPSNTYPE
380
     0
  9
$PSTYLEMODE
290
     1
  9
$FINGERPRINTGUID
  2
{CF529D47-DCD9-4674-AE98-C106E50FDDE6}
  9
$VERSIONGUID
  2
{B2BDE64B-ED6A-B84D-8DFF-41827D73A331}
  9
$EXTNAMES
290
     1
  9
$PSVPSCALE
 40
0.0
  9
$OLESTARTUP
290
     0
  9
$SORTENTS
280
   127
  9
$INDEXCTL
280
     0
  9
$HIDETEXT
280
     1
  9
$XCLIPFRAME
280
     2
  9
$HALOGAP
280
     0
  9
$OBSCOLOR
 70
   257
  9
$OBSLTYPE
280
     0
  9
$INTERSECTIONDISPLAY
280
     0
  9
$INTERSECTIONCOLOR
 70
   257
  9
$DIMASSOC
280
     2
  9
$PROJECTNAME
  1

  9
$CAMERADISPLAY
290
     0
  9
$LENSLENGTH
 40
50.0
  9
$CAMERAHEIGHT
 40
0.0
  9
$STEPSPERSEC
 40
2.0
  9
$STEPSIZE
 40
6.0
  9
$3DDWFPREC
 40
2.0
  9
$PSOLWIDTH
 40
5.0
  9
$PSOLHEIGHT
 40
80.0
  9
$LOFTANG1
 40
1.570796326794896
  9
$LOFTANG2
 40
1.570796326794896
  9
$LOFTMAG1
 40
0.0
  9
$LOFTMAG2
 40
0.0
  9
$LOFTPARAM
 70
     7
  9
$LOFTNORMALS
280
     1
  9
$LATITUDE
 40
37.795
  9
$LONGITUDE
 40
-122.394
  9
$NORTHDIRECTION
 40
0.0
  9
$TIMEZONE
 70
 -8000
  9
$LIGHTGLYPHDISPLAY
280
     1
  9
$TILEMODELIGHTSYNCH
280
     1
  9
$CMATERIAL
347
EC
  9
$SOLIDHIST
280
     0
  9
$SHOWHIST
280
     1
  9
$DWFFRAME
280
     2
  9
$DGNFRAME
280
     0
  9
$REALWORLDSCALE
290
     1
  9
$INTERFERECOLOR
 62
     1
  9
$INTERFEREOBJVS
345
F9
  9
$INTERFEREVPVS
346
F6
  9
$CSHADOW
280
     0
  9
$SHADOWPLANELOCATION
 40
0.0
  0
ENDSEC
  0
SECTION
  2
CLASSES
  0
CLASS
  1
ACDBDICTIONARYWDFLT
  2
AcDbDictionaryWithDefault
  3
ObjectDBX Classes
 90
        0
 91
        1
280
     0
281
     0
  0
CLASS
  1
DICTIONARYVAR
  2
AcDbDictionaryVar
  3
ObjectDBX Classes
 90
        0
 91
       14
280
     0
281
     0
  0
CLASS
  1
TABLESTYLE
  2
AcDbTableStyle
  3
ObjectDBX Classes
 90
     4095
 91
        1
280
     0
281
     0
  0
CLASS
  1
MATERIAL
  2
AcDbMaterial
  3
ObjectDBX Classes
 90
     1153
 91
        3
280
     0
281
     0
  0
CLASS
  1
VISUALSTYLE
  2
AcDbVisualStyle
  3
ObjectDBX Classes
 90
     4095
 91
       25
280
     0
281
     0
  0
CLASS
  1
SCALE
  2
AcDbScale
  3
ObjectDBX Classes
 90
     1153
 91
       17
280
     0
281
     0
  0
CLASS
  1
MLEADERSTYLE
  2
AcDbMLeaderStyle
  3
ACDB_MLEADERSTYLE_CLASS
 90
     4095
 91
        2
280
     0
281
     0
  0
CLASS
  1
CELLSTYLEMAP
  2
AcDbCellStyleMap
  3
ObjectDBX Classes
 90
     1152
 91
        2
280
     0
281
     0
  0
CLASS
  1
EXACXREFPANELOBJECT
  2
ExAcXREFPanelObject
  3
EXAC_ESW
 90
     1025
 91
        0
280
     0
281
     0
  0
CLASS
  1
NPOCOLLECTION
  2
AcDbImpNonPersistentObjectsCollection
  3
ObjectDBX Classes
 90
     1153
 91
        0
280
     0
281
     0
  0
CLASS
  1
LAYER_INDEX
  2
AcDbLayerIndex
  3
ObjectDBX Classes
 90
        0
 91
        0
280
     0
281
     0
  0
CLASS
  1
SPATIAL_INDEX
  2
AcDbSpatialIndex
  3
ObjectDBX Classes
 90
        0
 91
        0
280
     0
281
     0
  0
CLASS
  1
IDBUFFER
  2
AcDbIdBuffer
  3
ObjectDBX Classes
 90
        0
 91
        0
280
     0
281
     0
  0
CLASS
  1
ACDBSECTIONVIEWSTYLE
  2
AcDbSectionViewStyle
  3
ObjectDBX Classes
 90
     1025
 91
        1
280
     0
281
     0
  0
CLASS
  1
ACDBDETAILVIEWSTYLE
  2
AcDbDetailViewStyle
  3
ObjectDBX Classes
 90
     1025
 91
        1
280
     0
281
     0
  0
CLASS
  1
SORTENTSTABLE
  2
AcDbSortentsTable
  3
ObjectDBX Classes
 90
        0
 91
        2
280
     0
281
     0
  0
CLASS
  1
IMAGEDEF
  2
AcDbRasterImageDef
  3
ISM
 90
        0
 91
        1
280
     0
281
     0
  0
CLASS
  1
RASTERVARIABLES
  2
AcDbRasterVariables
  3
ISM
 90
        0
 91
        1
280
     0
281
     0
  0
CLASS
  1
IMAGEDEF_REACTOR
  2
AcDbRasterImageDefReactor
  3
ISM
 90
        1
 91
        0
280
     0
281
     0
  0
CLASS
  1
IMAGE
  2
AcDbRasterImage
  3
ISM
 90
     2175
 91
        0
280
     0
281
     1
  0
CLASS
  1
RAPIDRTRENDERSETTINGS
  2
AcDbRapidRTRenderSettings
  3
ObjectDBX Classes
 90
     1024
 91
        0
280
     0
281
     0
  0
ENDSEC
  0
SECTION
  2
TABLES
  0
TABLE
  2
VPORT
  5
8
102
{ACAD_XDICTIONARY
360
595
102
}
330
0
100
AcDbSymbolTable
 70
     1
  0
VPORT
  5
EA
330
8
100
AcDbSymbolTableRecord
100
AcDbViewportTableRecord
  2
*Active
 70
     0
 10
0.0
 20
0.0
 11
1.0
 21
1.0
 12
2565.766520964936
 22
1524.906021118351
 13
0.0
 23
0.0
 14
10.0
 24
10.0
 15
10.0
 25
10.0
 16
0.0
 26
0.0
 36
1.0
 17
0.0
 27
0.0
 37
0.0
 40
648.6696860276563
 41
2.555259653794939
 42
50.0
 43
0.0
 44
0.0
 50
0.0
 51
0.0
 71
     0
 72
  1000
 73
     1
 74
     3
 75
     0
 76
     0
 77
     0
 78
     0
281
     0
 65
     1
110
0.0
120
0.0
130
0.0
111
1.0
121
0.0
131
0.0
112
0.0
122
1.0
132
0.0
 79
     0
146
0.0
348
F5
 60
     3
 61
     5
292
     1
282
     1
141
0.0
142
0.0
 63
   250
421
  3355443
1001
ACAD_NAV_VCDISPLAY
1070
     3
  0
ENDTAB
  0
TABLE
  2
LTYPE
  5
5
330
0
100
AcDbSymbolTable
 70
     4
  0
LTYPE
  5
14
330
5
100
AcDbSymbolTableRecord
100
AcDbLinetypeTableRecord
  2
ByBlock
 70
     0
  3

 72
    65
 73
     0
 40
0.0
  0
LTYPE
  5
15
330
5
100
AcDbSymbolTableRecord
100
AcDbLinetypeTableRecord
  2
ByLayer
 70
     0
  3

 72
    65
 73
     0
 40
0.0
  0
LTYPE
  5
16
330
5
100
AcDbSymbolTableRecord
100
AcDbLinetypeTableRecord
  2
Continuous
 70
     0
  3
Solid line
 72
    65
 73
     0
 40
0.0
  0
LTYPE
  5
24C
330
5
100
AcDbSymbolTableRecord
100
AcDbLinetypeTableRecord
  2
ACAD_ISO02W100
 70
     0
  3
ISO dash __ __ __ __ __ __ __ __ __ __ __ __ __
 72
    65
 73
     2
 40
15.0
 49
12.0
 74
     0
 49
-3.0
 74
     0
  0
LTYPE
  5
24D
330
5
100
AcDbSymbolTableRecord
100
AcDbLinetypeTableRecord
  2
HIDDEN2
 70
     0
  3
Hidden (.5x) _ _ _ _ _ _ _ _ _ _ _ _ _ _ _ _ _
 72
    65
 73
     2
 40
4.762499999999999
 49
3.174999999999999
 74
     0
 49
-1.587499999999999
 74
     0
  0
LTYPE
  5
24E
330
5
100
AcDbSymbolTableRecord
100
AcDbLinetypeTableRecord
  2
CONTINUO
 70
     0
  3
topoGRAPH
 72
    65
 73
     0
 40
0.0
  0
ENDTAB
  0
TABLE
  2
LAYER
  5
2
102
{ACAD_XDICTIONARY
360
1FF
102
}
330
0
100
AcDbSymbolTable
 70
     6
  0
LAYER
  5
10
102
{ACAD_XDICTIONARY
360
13C
102
}
330
2
100
AcDbSymbolTableRecord
100
AcDbLayerTableRecord
  2
0
 70
     0
 62
     7
  6
Continuous
370
    -3
390
F
347
EE
348
0
  0
LAYER
  5
24F
102
{ACAD_XDICTIONARY
360
250
102
}
330
2
100
AcDbSymbolTableRecord
100
AcDbLayerTableRecord
  2
ARQ-FOLHA
 70
     0
 62
     7
  6
Continuous
370
    -3
390
F
347
EE
348
0
1001
AcAecLayerStandard
1000

1000

  0
LAYER
  5
251
330
2
100
AcDbSymbolTableRecord
100
AcDbLayerTableRecord
  2
2-Formato
 70
     0
 62
     7
  6
Continuous
370
    -3
390
F
347
EE
348
0
1001
AcAecLayerStandard
1000

1000

  0
LAYER
  5
252
330
2
100
AcDbSymbolTableRecord
100
AcDbLayerTableRecord
  2
FORMATO
 70
     0
 62
     7
  6
Continuous
370
    -3
390
F
347
EE
348
0
  0
LAYER
  5
253
102
{ACAD_XDICTIONARY
360
254
102
}
330
2
100
AcDbSymbolTableRecord
100
AcDbLayerTableRecord
  2
PLANTA_BAIXA
 70
     0
 62
     6
  6
Continuous
370
    -3
390
F
347
EE
348
0
  0
LAYER
  5
255
102
{ACAD_XDICTIONARY
360
256
102
}
330
2
100
AcDbSymbolTableRecord
100
AcDbLayerTableRecord
  2
LOTE
 70
     0
 62
     7
  6
CONTINUO
370
    -3
390
F
347
EE
348
0
  0
ENDTAB
  0
TABLE
  2
STYLE
  5
3
330
0
100
AcDbSymbolTable
 70
     4
  0
STYLE
  5
11
330
3
100
AcDbSymbolTableRecord
100
AcDbTextStyleTableRecord
  2
Standard
 70
     0
 40
0.0
 41
1.0
 50
0.0
 71
     0
 42
2.5
  3
arial.ttf
  4

1001
ACAD
1000
Arial
1071
       34
  0
STYLE
  5
132
330
3
100
AcDbSymbolTableRecord
100
AcDbTextStyleTableRecord
  2
Annotative
 70
     0
 40
0.0
 41
1.0
 50
0.0
 71
     0
 42
2.5
  3
arial.ttf
  4

1001
AcadAnnotative
1000
AnnotativeData
1002
{
1070
     1
1070
     1
1002
}
1001
ACAD
1000
Arial
1071
       34
  0
STYLE
  5
257
330
3
100
AcDbSymbolTableRecord
100
AcDbTextStyleTableRecord
  2
ROMANS
 70
     0
 40
0.0
 41
1.0
 50
0.0
 71
     0
 42
0.2
  3
romans.shx
  4

  0
STYLE
  5
258
330
3
100
AcDbSymbolTableRecord
100
AcDbTextStyleTableRecord
  2
arial
 70
     0
 40
0.0
 41
1.0
 50
0.0
 71
     0
 42
0.001
  3
arial.ttf
  4

1001
ACAD
1000
Arial
1071
       34
  0
ENDTAB
  0
TABLE
  2
VIEW
  5
6
330
0
100
AcDbSymbolTable
 70
     0
  0
ENDTAB
  0
TABLE
  2
UCS
  5
7
330
0
100
AcDbSymbolTable
 70
     0
  0
ENDTAB
  0
TABLE
  2
APPID
  5
9
330
0
100
AcDbSymbolTable
 70
    20
  0
APPID
  5
12
330
9
100
AcDbSymbolTableRecord
100
AcDbRegAppTableRecord
  2
ACAD
 70
     0
  0
APPID
  5
9E
330
9
100
AcDbSymbolTableRecord
100
AcDbRegAppTableRecord
  2
ACAD_PSEXT
 70
     0
  0
APPID
  5
133
330
9
100
AcDbSymbolTableRecord
100
AcDbRegAppTableRecord
  2
AcadAnnoPO
 70
     0
  0
APPID
  5
134
330
9
100
AcDbSymbolTableRecord
100
AcDbRegAppTableRecord
  2
AcadAnnotative
 70
     0
  0
APPID
  5
135
330
9
100
AcDbSymbolTableRecord
100
AcDbRegAppTableRecord
  2
ACAD_DSTYLE_DIMJAG
 70
     0
  0
APPID
  5
136
330
9
100
AcDbSymbolTableRecord
100
AcDbRegAppTableRecord
  2
ACAD_DSTYLE_DIMTALN
 70
     0
  0
APPID
  5
165
330
9
100
AcDbSymbolTableRecord
100
AcDbRegAppTableRecord
  2
ACAD_MLEADERVER
 70
     0
  0
APPID
  5
217
330
9
100
AcDbSymbolTableRecord
100
AcDbRegAppTableRecord
  2
ACAD_NAV_VCDISPLAY
 70
     0
  0
APPID
  5
25D
330
9
100
AcDbSymbolTableRecord
100
AcDbRegAppTableRecord
  2
ACAD_DSTYLE_DIMJOGGED_JOGANGLE_SYMBOL
 70
     0
  0
APPID
  5
25E
330
9
100
AcDbSymbolTableRecord
100
AcDbRegAppTableRecord
  2
AcAecLayerStandard
 70
     0
  0
APPID
  5
25F
330
9
100
AcDbSymbolTableRecord
100
AcDbRegAppTableRecord
  2
AcLayerTools
 70
     0
  0
APPID
  5
260
330
9
100
AcDbSymbolTableRecord
100
AcDbRegAppTableRecord
  2
AcDbBlockRepETag
 70
     0
  0
APPID
  5
261
330
9
100
AcDbSymbolTableRecord
100
AcDbRegAppTableRecord
  2
AcDbDynamicBlockGUID
 70
     0
  0
APPID
  5
262
330
9
100
AcDbSymbolTableRecord
100
AcDbRegAppTableRecord
  2
GradientColor1ACI
 70
     0
  0
APPID
  5
263
330
9
100
AcDbSymbolTableRecord
100
AcDbRegAppTableRecord
  2
GradientColor2ACI
 70
     0
  0
APPID
  5
5D0
330
9
100
AcDbSymbolTableRecord
100
AcDbRegAppTableRecord
  2
ACAD_DSTYLE_DIMEXT_LENGTH
 70
     0
  0
APPID
  5
5D1
330
9
100
AcDbSymbolTableRecord
100
AcDbRegAppTableRecord
  2
ACAD_DSTYLE_DIM_LINETYPE
 70
     0
  0
APPID
  5
5D2
330
9
100
AcDbSymbolTableRecord
100
AcDbRegAppTableRecord
  2
ACAD_DSTYLE_DIM_EXT1_LINETYPE
 70
     0
  0
APPID
  5
5D3
330
9
100
AcDbSymbolTableRecord
100
AcDbRegAppTableRecord
  2
ACAD_DSTYLE_DIM_EXT2_LINETYPE
 70
     0
  0
APPID
  5
632
330
9
100
AcDbSymbolTableRecord
100
AcDbRegAppTableRecord
  2
ACAD_EXEMPT_FROM_CAD_STANDARDS
 70
     0
  0
ENDTAB
  0
TABLE
  2
DIMSTYLE
  5
A
330
0
100
AcDbSymbolTable
 70
     7
100
AcDbDimStyleTable
 71
     2
340
27
340
137
  0
DIMSTYLE
105
1B0
330
A
100
AcDbSymbolTableRecord
100
AcDbDimStyleTableRecord
  2
Standard
 70
     0
340
11
  0
DIMSTYLE
105
137
330
A
100
AcDbSymbolTableRecord
100
AcDbDimStyleTableRecord
  2
Annotative
 70
     0
 40
0.0
 41
2.5
 42
0.625
 43
3.75
 44
1.25
 73
     0
 74
     0
 77
     1
 78
     8
140
2.5
141
2.5
143
0.03937007874016
147
0.625
171
     3
172
     1
271
     2
272
     2
274
     3
278
    44
283
     0
284
     8
340
11
1001
AcadAnnotative
1000
AnnotativeData
1002
{
1070
     1
1070
     1
1002
}
1001
ACAD_DSTYLE_DIMJAG
1070
   388
1040
1.5
1001
ACAD_DSTYLE_DIMTALN
1070
   392
1070
     0
  0
DIMSTYLE
105
27
330
A
100
AcDbSymbolTableRecord
100
AcDbDimStyleTableRecord
  2
ISO-25
 70
     0
 41
2.5
 42
0.625
 43
3.75
 44
1.25
 73
     0
 74
     0
 77
     1
 78
     8
140
2.5
141
2.5
143
0.03937007874016
147
0.625
171
     3
172
     1
271
     2
272
     2
274
     3
278
    44
283
     0
284
     8
340
11
  0
DIMSTYLE
105
259
330
A
100
AcDbSymbolTableRecord
100
AcDbDimStyleTableRecord
  2
1-100
 70
     0
 41
0.1
 42
0.1
 43
0.0
 44
0.05
 49
0.04
 73
     0
 74
     0
 77
     1
 78
     5
140
0.15
141
0.0
147
0.03
176
   256
177
   256
178
     2
271
     2
272
     2
279
     2
284
     1
340
257
342
22D
1001
ACAD_DSTYLE_DIMJOGGED_JOGANGLE_SYMBOL
1070
   384
1040
0.7853981633974483
  0
DIMSTYLE
105
25A
330
A
100
AcDbSymbolTableRecord
100
AcDbDimStyleTableRecord
  2
ELOI
 70
     0
 41
0.0
 42
0.15
 44
0.1
 46
0.05
 73
     0
 77
     1
140
0.08
142
0.05
172
     1
174
     1
178
   256
271
     2
272
     2
279
     2
340
257
  0
DIMSTYLE
105
25B
330
A
100
AcDbSymbolTableRecord
100
AcDbDimStyleTableRecord
  2
T100M-ROMANS
 70
     0
 40
0.05
 41
2.0
 42
1.0
 43
3.75
 44
2.0
 73
     0
 74
     0
 77
     1
 78
     4
140
2.0
141
2.5
143
0.0394
144
2.0
147
0.8
171
     4
172
     1
176
   256
177
   256
178
   256
271
     2
272
     2
273
     8
274
     4
340
257
342
231
371
    -1
372
    -1
  0
DIMSTYLE
105
25C
330
A
100
AcDbSymbolTableRecord
100
AcDbDimStyleTableRecord
  2
500M
 70
     0
 40
0.05
 41
1.5
 42
1.0
 43
3.75
 44
1.5
 49
1.25
 50
89.99999999999998
 73
     0
 74
     0
 77
     1
 78
     4
140
1.25
141
2.5
143
0.03937007874016
144
10.0
147
0.8
171
     3
172
     1
176
     6
177
     6
178
     1
271
     2
272
     2
274
     3
283
     0
284
     8
340
257
342
231
345
15
346
15
347
15
371
    -1
372
    -1
1001
ACAD_DSTYLE_DIMJOGGED_JOGANGLE_SYMBOL
1070
   384
1040
1.570796326794896
  0
ENDTAB
  0
TABLE
  2
BLOCK_RECORD
  5
1
330
0
100
AcDbSymbolTable
 70
     5
  0
BLOCK_RECORD
  5
1F
102
{ACAD_XDICTIONARY
360
1CE
102
}
330
1
100
AcDbSymbolTableRecord
100
AcDbBlockTableRecord
  2
*Model_Space
340
22
 70
     0
280
     1
281
     0
  0
BLOCK_RECORD
  5
D2
330
1
100
AcDbSymbolTableRecord
100
AcDbBlockTableRecord
  2
*Paper_Space
340
D3
 70
     0
280
     1
281
     0
  0
BLOCK_RECORD
  5
D6
330
1
100
AcDbSymbolTableRecord
100
AcDbBlockTableRecord
  2
*Paper_Space0
340
D7
 70
     0
280
     1
281
     0
  0
BLOCK_RECORD
  5
22D
330
1
100
AcDbSymbolTableRecord
100
AcDbBlockTableRecord
  2
_Oblique
340
0
 70
     0
280
     1
281
     0
  0
BLOCK_RECORD
  5
231
330
1
100
AcDbSymbolTableRecord
100
AcDbBlockTableRecord
  2
_ArchTick
340
0
 70
     0
280
     1
281
     0
  0
BLOCK_RECORD
  5
235
102
{ACAD_XDICTIONARY
360
236
102
}
330
1
100
AcDbSymbolTableRecord
100
AcDbBlockTableRecord
  2
A0
340
0
310
2800000020000000200000000100080000000000000400000000000000000000000000000000000000000000000080000080000000808000800000008000800080800000C0C0C000C0DCC000F0CAA6000020400000206000002080000020A0000020C0000020E00000400000004020000040400000406000004080000040A0
310
000040C0000040E00000600000006020000060400000606000006080000060A0000060C0000060E00000800000008020000080400000806000008080000080A0000080C0000080E00000A0000000A0200000A0400000A0600000A0800000A0A00000A0C00000A0E00000C0000000C0200000C0400000C0600000C0800000C0
310
A00000C0C00000C0E00000E0000000E0200000E0400000E0600000E0800000E0A00000E0C00000E0E00040000000400020004000400040006000400080004000A0004000C0004000E00040200000402020004020400040206000402080004020A0004020C0004020E000404000004040200040404000404060004040800040
310
40A0004040C0004040E00040600000406020004060400040606000406080004060A0004060C0004060E00040800000408020004080400040806000408080004080A0004080C0004080E00040A0000040A0200040A0400040A0600040A0800040A0A00040A0C00040A0E00040C0000040C0200040C0400040C0600040C08000
310
40C0A00040C0C00040C0E00040E0000040E0200040E0400040E0600040E0800040E0A00040E0C00040E0E00080000000800020008000400080006000800080008000A0008000C0008000E00080200000802020008020400080206000802080008020A0008020C0008020E00080400000804020008040400080406000804080
310
008040A0008040C0008040E00080600000806020008060400080606000806080008060A0008060C0008060E00080800000808020008080400080806000808080008080A0008080C0008080E00080A0000080A0200080A0400080A0600080A0800080A0A00080A0C00080A0E00080C0000080C0200080C0400080C0600080C0
310
800080C0A00080C0C00080C0E00080E0000080E0200080E0400080E0600080E0800080E0A00080E0C00080E0E000C0000000C0002000C0004000C0006000C0008000C000A000C000C000C000E000C0200000C0202000C0204000C0206000C0208000C020A000C020C000C020E000C0400000C0402000C0404000C0406000C0
310
408000C040A000C040C000C040E000C0600000C0602000C0604000C0606000C0608000C060A000C060C000C060E000C0800000C0802000C0804000C0806000C0808000C080A000C080C000C080E000C0A00000C0A02000C0A04000C0A06000C0A08000C0A0A000C0A0C000C0A0E000C0C00000C0C02000C0C04000C0C06000
310
C0C08000C0C0A000F0FBFF00A4A0A000808080000000FF0000FF000000FFFF00FF000000FF00FF00FFFF0000FFFFFF0000000000000000000000000000000000000000000000000000000000000000000000000000000000000000000000000000000000000000000000000000000000000000000000000000000000000000
310
000000000000000000000000000000000000000000000000000000000000000000000000000000000000000000000000000000000000000000000000000000000000000000000000000000000000000000000000000000000000000000000000000000000000000000000000000000000000F9F9FDFDFDF9FDFDF9FDF9FDFD
310
FDFDF9FDFDFDF9FDFDFDFDF9FDFDFDFDF90000F9F90000000000000000000000000000000000000000000000000000FDF90000F9FD0000000000000000000000000000000000000000000000000000FDF90000F9FD0000000000000000000000000000000000000000000000000000FDF90000F9FD00000000000000000000
310
00000000000000000000000000000000FDF90000F9FD0000000000000000000000000000000000000000000000000000FDF90000F9FD0000000000000000000000000000000000000000000000000000FDF90000F9FD0000000000000000000000000000000000000000000000000000FDF90000F9FD000000000000000000
310
0000000000000000000000000000000000FDF90000F9FD0000000000000000000000000000000000000000000000000000FDF90000F9FD0000000000000000000000000000000000000000000000000000FDF90000F9FD0000000000000000000000000000000000000000000000000000FDF90000F9FD0000000000000000
310
000000000000000000000000000000000000FDF90000F9FD0000000000000000000000000000000000000000000000000000FDF90000F9F90000000000000000000000000000000000000000000000000000F9F90000F9FD0000000000000000000000000000000000000000000000000000FDF90000F9FD00000000000000
310
00000000000000000000000000000000000000FDF90000F9FD0000000000000000000000000000000000000000000000000000FDF90000F9FD0000000000000000000000000000000000000000000000000000FDF90000F9F9FDFDFDF9FDFDF9FDF9FDFDFDFDF9FDFDFDF9FDFDFDFDF9FDFDFDFDF900000000000000000000
310
00000000000000000000000000000000000000000000000000000000000000000000000000000000000000000000000000000000000000000000000000000000000000000000000000000000000000000000000000000000000000000000000000000000000000000000000000000000000000000000000000000000000000
310
0000000000000000000000000000000000000000000000000000000000000000000000000000000000000000000000000000000000000000
102
{BLKREFS
331
1601
102
}
 70
     0
280
     1
281
     0
1001
AcDbBlockRepETag
1070
     1
1071
       20
1001
AcDbDynamicBlockGUID
1000
{CD8A11FE-A0D8-4933-9CBC-A36378508203}
  0
BLOCK_RECORD
  5
1D75
102
{ACAD_XDICTIONARY
360
1D8C
102
}
330
1
100
AcDbSymbolTableRecord
100
AcDbBlockTableRecord
  2
A$Cdf721d49
340
0
 70
     4
280
     1
281
     0
  0
ENDTAB
  0
ENDSEC
  0
SECTION
  2
BLOCKS
  0
BLOCK
  5
20
330
1F
100
AcDbEntity
  8
0
100
AcDbBlockBegin
  2
*Model_Space
 70
     0
 10
0.0
 20
0.0
 30
0.0
  3
*Model_Space
  1

  0
ENDBLK
  5
21
330
1F
100
AcDbEntity
  8
0
100
AcDbBlockEnd
  0
BLOCK
  5
D4
330
D2
100
AcDbEntity
 67
     1
  8
0
100
AcDbBlockBegin
  2
*Paper_Space
 70
     0
 10
0.0
 20
0.0
 30
0.0
  3
*Paper_Space
  1

  0
ENDBLK
  5
D5
330
D2
100
AcDbEntity
 67
     1
  8
0
100
AcDbBlockEnd
  0
BLOCK
  5
D8
330
D6
100
AcDbEntity
 67
     1
  8
0
100
AcDbBlockBegin
  2
*Paper_Space0
 70
     0
 10
0.0
 20
0.0
 30
0.0
  3
*Paper_Space0
  1

  0
ENDBLK
  5
D9
330
D6
100
AcDbEntity
 67
     1
  8
0
100
AcDbBlockEnd
  0
BLOCK
  5
22E
330
22D
100
AcDbEntity
  8
0
100
AcDbBlockBegin
  2
_Oblique
 70
     0
 10
0.0
 20
0.0
 30
0.0
  3
_Oblique
  1

  0
LINE
  5
22F
330
22D
100
AcDbEntity
  8
0
  6
ByBlock
 62
     0
370
    -2
100
AcDbLine
 10
-0.5
 20
-0.5
 30
0.0
 11
0.5
 21
0.5
 31
0.0
  0
ENDBLK
  5
230
330
22D
100
AcDbEntity
  8
0
100
AcDbBlockEnd
  0
BLOCK
  5
232
330
231
100
AcDbEntity
  8
0
 62
     0
100
AcDbBlockBegin
  2
_ArchTick
 70
     0
 10
0.0
 20
0.0
 30
0.0
  3
_ArchTick
  1

  0
LWPOLYLINE
  5
233
330
231
100
AcDbEntity
  8
0
  6
ByBlock
 62
     0
100
AcDbPolyline
 90
        2
 70
     0
 43
0.15
 10
-0.5
 20
-0.5
 10
0.5
 20
0.5
  0
ENDBLK
  5
234
330
231
100
AcDbEntity
  8
0
 62
     0
100
AcDbBlockEnd
  0
BLOCK
  5
237
330
235
100
AcDbEntity
  8
0
100
AcDbBlockBegin
  2
A0
 70
     0
 10
0.0
 20
0.0
 30
0.0
  3
A0
  1

  0
LWPOLYLINE
  5
238
330
235
100
AcDbEntity
  8
0
 62
     1
100
AcDbPolyline
 90
        8
 70
     0
 43
0.0
 10
125.0000070284441
 20
1485.000002410452
 10
75.00000694728806
 20
1485.000002410452
 10
0.000006825546734
 20
1410.00000228871
 10
0.0
 20
0.0
 10
5945.000009649928
 20
0.0
 10
5945.000016475475
 20
4205.000006825561
 10
75.00000694728806
 20
4205.000006825561
 10
75.00000694728806
 20
1485.000002410452
1001
AcDbBlockRepETag
1070
     1
1071
        0
1005
238
  0
LWPOLYLINE
  5
239
330
235
100
AcDbEntity
  8
0
 62
     7
100
AcDbPolyline
 90
        4
 70
     1
 43
0.0
 10
125.0000070284441
 20
4155.000006744398
 10
5895.000016394319
 20
4155.000006744398
 10
5895.000009568772
 20
50.0000000811633
 10
125.0000002028973
 20
50.0000000811633
1001
AcDbBlockRepETag
1070
     1
1071
        1
1005
239
  0
LINE
  5
23A
330
235
100
AcDbEntity
  8
0
 62
     1
100
AcDbLine
 10
75.00000012174132
 20
4205.00001359704
 30
0.0
 11
0.0
 21
4205.00001359704
 31
0.0
1001
AcDbBlockRepETag
1070
     1
1071
        2
1005
23A
  0
LINE
  5
23B
330
235
100
AcDbEntity
  8
0
 62
     1
100
AcDbLine
 10
0.0
 20
4205.00001359704
 30
0.0
 11
0.0
 21
1410.000009060211
 31
0.0
1001
AcDbBlockRepETag
1070
     1
1071
        3
1005
23B
  0
LINE
  5
23C
330
235
100
AcDbEntity
  8
0
 62
     1
100
AcDbLine
 10
1050.000001704349
 20
-0.0000681434175931
 30
0.0
 11
1050.000001704349
 21
50.0000000811633
 31
0.0
1001
AcDbBlockRepETag
1070
     1
1071
        5
1005
23C
  0
LINE
  5
23D
330
235
100
AcDbEntity
  8
0
 62
     1
100
AcDbLine
 10
2045.000030621639
 20
-0.0000399656491936
 30
0.0
 11
2045.000030621639
 21
50.0000000811633
 31
0.0
1001
AcDbBlockRepETag
1070
     1
1071
        6
1005
23D
  0
LINE
  5
23E
330
235
100
AcDbEntity
  8
0
 62
     1
100
AcDbLine
 10
3020.0000253787
 20
-0.0000564690344618
 30
0.0
 11
3020.0000253787
 21
50.0000000811633
 31
0.0
1001
AcDbBlockRepETag
1070
     1
1071
        7
1005
23E
  0
LINE
  5
23F
330
235
100
AcDbEntity
  8
0
 62
     1
100
AcDbLine
 10
3995.000020135776
 20
-0.0000564690344618
 30
0.0
 11
3995.000020135776
 21
50.0000000811633
 31
0.0
1001
AcDbBlockRepETag
1070
     1
1071
        8
1005
23F
  0
LINE
  5
240
330
235
100
AcDbEntity
  8
0
 62
     1
100
AcDbLine
 10
4970.000014892867
 20
-0.0000564690344618
 30
0.0
 11
4970.000014892867
 21
50.0000000811633
 31
0.0
1001
AcDbBlockRepETag
1070
     1
1071
        9
1005
240
  0
LINE
  5
241
330
235
100
AcDbEntity
  8
0
 62
     1
100
AcDbLine
 10
1050.000001704349
 20
4155.000006744398
 30
0.0
 11
1050.000001704349
 21
4205.000006825561
 31
0.0
1001
AcDbBlockRepETag
1070
     1
1071
       10
1005
241
  0
LINE
  5
242
330
235
100
AcDbEntity
  8
0
 62
     1
100
AcDbLine
 10
2045.000030621639
 20
4155.000006744398
 30
0.0
 11
2045.000030621639
 21
4205.000006825561
 31
0.0
1001
AcDbBlockRepETag
1070
     1
1071
       11
1005
242
  0
LINE
  5
243
330
235
100
AcDbEntity
  8
0
 62
     1
100
AcDbLine
 10
3020.0000253787
 20
4155.000006744398
 30
0.0
 11
3020.0000253787
 21
4205.000006825561
 31
0.0
1001
AcDbBlockRepETag
1070
     1
1071
       12
1005
243
  0
LINE
  5
244
330
235
100
AcDbEntity
  8
0
 62
     1
100
AcDbLine
 10
3995.000020135776
 20
4155.000006744398
 30
0.0
 11
3995.000020135776
 21
4205.000006825561
 31
0.0
1001
AcDbBlockRepETag
1070
     1
1071
       13
1005
244
  0
LINE
  5
245
330
235
100
AcDbEntity
  8
0
 62
     1
100
AcDbLine
 10
4970.000014892867
 20
4155.000006744398
 30
0.0
 11
4970.000014892867
 21
4205.000006825561
 31
0.0
1001
AcDbBlockRepETag
1070
     1
1071
       14
1005
245
  0
LINE
  5
246
330
235
100
AcDbEntity
  8
0
 62
     1
100
AcDbLine
 10
1547.500016162987
 20
0.0
 30
0.0
 11
1547.500016162987
 21
50.0000000811633
 31
0.0
1001
AcDbBlockRepETag
1070
     1
1071
       15
1005
246
  0
LINE
  5
247
330
235
100
AcDbEntity
  8
0
 62
     1
100
AcDbLine
 10
1547.500016162987
 20
4155.000006744398
 30
0.0
 11
1547.500016162987
 21
4205.000006825561
 31
0.0
1001
AcDbBlockRepETag
1070
     1
1071
       16
1005
247
  0
LINE
  5
248
330
235
100
AcDbEntity
  8
0
 62
     1
100
AcDbLine
 10
75.00000694728806
 20
2969.999936555745
 30
0.0
 11
125.0000050581002
 21
2969.999936474597
 31
0.0
1001
AcDbBlockRepETag
1070
     1
1071
       17
1005
248
  0
LINE
  5
249
330
235
100
AcDbEntity
  8
0
 62
     1
100
AcDbLine
 10
5895.000014423975
 20
2969.999927108751
 30
0.0
 11
5945.000014470831
 21
2969.999927027588
 31
0.0
1001
AcDbBlockRepETag
1070
     1
1071
       18
1005
249
  0
LINE
  5
24A
330
235
100
AcDbEntity
  8
0
 62
     1
100
AcDbLine
 10
5895.000016394319
 20
1484.999993044606
 30
0.0
 11
5945.000016441176
 21
1484.999992963443
 31
0.0
1001
AcDbBlockRepETag
1070
     1
1071
       19
1005
24A
  0
ENDBLK
  5
24B
330
235
100
AcDbEntity
  8
0
100
AcDbBlockEnd
  0
BLOCK
  5
1D8E
330
1D75
100
AcDbEntity
  8
0
100
AcDbBlockBegin
  2
A$Cdf721d49
 70
     0
 10
0.0
 20
0.0
 30
0.0
  3
A$Cdf721d49
  1

  0
LINE
  5
1D76
330
1D75
100
AcDbEntity
  8
ARQ-FOLHA
 62
     7
 48
0.1
100
AcDbLine
 10
0.0
 20
24.39837316482544
 30
0.0
 11
0.0
 21
8.132791054942117
 31
0.0
  0
LINE
  5
1D77
330
1D75
100
AcDbEntity
  8
ARQ-FOLHA
 62
     7
 48
0.1
100
AcDbLine
 10
22.77181495383775
 20
20.33197763735507
 30
0.0
 11
22.77181495383775
 21
0.0
 31
0.0
  0
LINE
  5
1D78
330
1D75
100
AcDbEntity
  8
ARQ-FOLHA
 62
     7
 48
0.1
100
AcDbLine
 10
0.0
 20
8.132791054942117
 30
0.0
 11
26.02493137581405
 21
8.132791054942117
 31
0.0
  0
LINE
  5
1D79
330
1D75
100
AcDbEntity
  8
ARQ-FOLHA
 62
     7
 48
0.1
100
AcDbLine
 10
73.10767112832763
 20
24.39837316482544
 30
0.0
 11
0.0
 21
24.39837316482544
 31
0.0
  0
LINE
  5
1D7A
330
1D75
100
AcDbEntity
  8
ARQ-FOLHA
 62
     7
 48
0.1
100
AcDbLine
 10
73.10767112832763
 20
20.33197763735416
 30
0.0
 11
0.0
 21
20.33197763735507
 31
0.0
  0
LINE
  5
1D7B
330
1D75
100
AcDbEntity
  8
ARQ-FOLHA
 62
     7
 48
0.1
100
AcDbLine
 10
73.10767112832763
 20
16.26558210988241
 30
0.0
 11
0.0
 21
16.26558210988378
 31
0.0
  0
LINE
  5
1D7C
330
1D75
100
AcDbEntity
  8
ARQ-FOLHA
 62
     7
 48
0.1
100
AcDbLine
 10
73.10767112832763
 20
12.19918658241295
 30
0.0
 11
0.0
 21
12.19918658241295
 31
0.0
  0
TEXT
  5
1D7D
330
1D75
100
AcDbEntity
  8
0
100
AcDbText
 10
30.06182859058481
 20
21.8530041409017
 30
0.0
 40
1.848725788041776
  1
MÓDULOS 
  7
arial
100
AcDbText
1001
ACAD
1000
ACAD_MTEXT_DEFINED_HEIGHT_BEGIN
1070
    46
1040
0.0
1000
ACAD_MTEXT_DEFINED_HEIGHT_END
  0
TEXT
  5
1D7E
330
1D75
100
AcDbEntity
  8
0
100
AcDbText
 10
2.042115760772503
 20
17.42188584118048
 30
0.0
 40
1.848725788041776
  1
Fabricante
  7
arial
100
AcDbText
1001
ACAD
1000
ACAD_MTEXT_DEFINED_HEIGHT_BEGIN
1070
    46
1040
0.0
1000
ACAD_MTEXT_DEFINED_HEIGHT_END
  0
TEXT
  5
1D7F
330
1D75
100
AcDbEntity
  8
0
100
AcDbText
 10
2.042115760772503
 20
13.44917150685842
 30
0.0
 40
1.848725788041776
  1
Modelo
  7
arial
100
AcDbText
1001
ACAD
1000
ACAD_MTEXT_DEFINED_HEIGHT_BEGIN
1070
    46
1040
0.0
1000
ACAD_MTEXT_DEFINED_HEIGHT_END
  0
TEXT
  5
1D80
330
1D75
100
AcDbEntity
  8
0
100
AcDbText
 10
2.042115760772503
 20
9.400026503519711
 30
0.0
 40
1.848725788041776
  1
Potência Nominal
  7
arial
100
AcDbText
1001
ACAD
1000
ACAD_MTEXT_DEFINED_HEIGHT_BEGIN
1070
    46
1040
0.0
1000
ACAD_MTEXT_DEFINED_HEIGHT_END
  0
LINE
  5
1D81
330
1D75
100
AcDbEntity
  8
ARQ-FOLHA
 62
     7
 48
0.1
100
AcDbLine
 10
0.0
 20
8.132791054942117
 30
0.0
 11
0.0
 21
0.0
 31
0.0
  0
LINE
  5
1D82
330
1D75
100
AcDbEntity
  8
ARQ-FOLHA
 62
     7
 48
0.1
100
AcDbLine
 10
73.10767112832763
 20
8.132791054941208
 30
0.0
 11
0.0
 21
8.132791054942117
 31
0.0
  0
LINE
  5
1D83
330
1D75
100
AcDbEntity
  8
ARQ-FOLHA
 62
     7
 48
0.1
100
AcDbLine
 10
73.10767112832763
 20
4.066395527470831
 30
0.0
 11
0.0
 21
4.066395527470831
 31
0.0
  0
LINE
  5
1D84
330
1D75
100
AcDbEntity
  8
ARQ-FOLHA
 62
     7
 48
0.1
100
AcDbLine
 10
73.10767112832763
 20
0.0000000000004547
 30
0.0
 11
0.0
 21
0.0
 31
0.0
  0
TEXT
  5
1D85
330
1D75
100
AcDbEntity
  8
0
100
AcDbText
 10
2.042115760772503
 20
1.156303731296247
 30
0.0
 40
1.848725788041776
  1
Potência Total
  7
arial
100
AcDbText
1001
ACAD
1000
ACAD_MTEXT_DEFINED_HEIGHT_BEGIN
1070
    46
1040
0.0
1000
ACAD_MTEXT_DEFINED_HEIGHT_END
  0
TEXT
  5
1D86
330
1D75
100
AcDbEntity
  8
0
100
AcDbText
 10
2.042115760772503
 20
5.303858783908253
 30
0.0
 40
1.848725788041776
  1
Quantidade
  7
arial
100
AcDbText
1001
ACAD
1000
ACAD_MTEXT_DEFINED_HEIGHT_BEGIN
1070
    46
1040
0.0
1000
ACAD_MTEXT_DEFINED_HEIGHT_END
  0
TEXT
  5
1D87
330
1D75
100
AcDbEntity
  8
0
100
AcDbText
 10
37.84010164640859
 20
17.69796967678167
 30
0.0
 40
1.848725788041776
  1
CANADIAN SOLAR
  7
arial
100
AcDbText
1001
ACAD
1000
ACAD_MTEXT_DEFINED_HEIGHT_BEGIN
1070
    46
1040
0.0
1000
ACAD_MTEXT_DEFINED_HEIGHT_END
  0
TEXT
  5
1D88
330
1D75
100
AcDbEntity
  8
0
100
AcDbText
 10
23.08011528029965
 20
13.80775663560598
 30
0.0
 40
1.848725788041776
  1
CS7N-700TB-AG-Bifacial N-Type-700 Wp
  7
arial
100
AcDbText
1001
ACAD
1000
ACAD_MTEXT_DEFINED_HEIGHT_BEGIN
1070
    46
1040
0.0
1000
ACAD_MTEXT_DEFINED_HEIGHT_END
  0
TEXT
  5
1D89
330
1D75
100
AcDbEntity
  8
0
100
AcDbText
 10
42.46553214661981
 20
9.627543503162087
 30
0.0
 40
1.848725788041776
  1
700 WP
  7
arial
100
AcDbText
1001
ACAD
1000
ACAD_MTEXT_DEFINED_HEIGHT_BEGIN
1070
    46
1040
0.0
1000
ACAD_MTEXT_DEFINED_HEIGHT_END
  0
TEXT
  5
1D8A
330
1D75
100
AcDbEntity
  8
0
100
AcDbText
 10
44.76370844801112
 20
5.369947995966867
 30
0.0
 40
1.848725788041776
  1
42
  7
arial
100
AcDbText
1001
ACAD
1000
ACAD_MTEXT_DEFINED_HEIGHT_BEGIN
1070
    46
1040
0.0
1000
ACAD_MTEXT_DEFINED_HEIGHT_END
  0
TEXT
  5
1D8B
330
1D75
100
AcDbEntity
  8
0
100
AcDbText
 10
42.48278514899993
 20
1.151473924463516
 30
0.0
 40
1.848725788041776
  1
29,40 KWP
  7
arial
100
AcDbText
1001
ACAD
1000
ACAD_MTEXT_DEFINED_HEIGHT_BEGIN
1070
    46
1040
0.0
1000
ACAD_MTEXT_DEFINED_HEIGHT_END
  0
ENDBLK
  5
1D8F
330
1D75
100
AcDbEntity
  8
0
100
AcDbBlockEnd
  0
ENDSEC
  0
SECTION
  2
ENTITIES
  0
LINE
  5
1315
330
1F
100
AcDbEntity
  8
0
100
AcDbLine
 10
2263.631660485353
 20
1423.413835146288
 30
0.0
 11
2279.232141398552
 21
1423.413835146288
 31
0.0
  0
LINE
  5
1316
330
1F
100
AcDbEntity
  8
0
100
AcDbLine
 10
2279.232141398552
 20
1423.413835146288
 30
0.0
 11
2279.232141398552
 21
1427.476857563614
 31
0.0
  0
LINE
  5
1317
330
1F
100
AcDbEntity
  8
0
 62
     7
 48
0.1
100
AcDbLine
 10
2287.739665204505
 20
1476.499128425075
 30
0.0
 11
2287.739665204505
 21
1473.312315752002
 31
0.0
  0
HATCH
  5
131A
330
1F
100
AcDbEntity
  8
0
 62
     1
 48
0.1
100
AcDbHatch
 10
0.0
 20
0.0
 30
0.0
210
0.0
220
0.0
230
1.0
  2
ANSI31
 70
     0
 71
     1
 91
        1
 92
        1
 93
        4
 72
     1
 10
2442.136310018744
 20
1503.086635501218
 11
2447.981455609097
 21
1503.086635501218
 72
     1
 10
2447.981455609097
 20
1503.086635501218
 11
2447.981455609097
 21
1491.970744376852
 72
     1
 10
2447.981455609097
 20
1491.970744376852
 11
2442.136310018744
 21
1491.970744376852
 72
     1
 10
2442.136310018744
 20
1491.970744376852
 11
2442.136310018744
 21
1503.086635501218
 97
        1
330
131B
 75
     0
 76
     1
 52
0.0
 41
0.7142365181292693
 77
     0
 78
     1
 53
44.99999999999998
 43
-8331.967887877707
 44
2226.264164354045
 45
-1.603506715955371
 46
1.603506715955371
 79
     0
 98
        1
 10
-8331.967887877707
 20
2226.264164354045
1001
ACAD
1010
0.0
1020
0.0
1030
0.0
  0
LWPOLYLINE
  5
131B
102
{ACAD_REACTORS
330
131A
102
}
330
1F
100
AcDbEntity
  8
0
 62
     1
 48
0.1
100
AcDbPolyline
 90
        4
 70
     1
 43
0.0
 10
2442.136310018744
 20
1503.086635501218
 10
2447.981455609097
 20
1503.086635501218
 10
2447.981455609097
 20
1491.970744376852
 10
2442.136310018744
 20
1491.970744376852
  0
TEXT
  5
131C
330
1F
100
AcDbEntity
  8
0
 62
     7
100
AcDbText
 10
2459.386502673692
 20
1484.070978601218
 30
0.0
 40
4.166481117800919
  1
Dispositivo de Seccionamento Visível
  7
arial
100
AcDbText
  0
LINE
  5
131D
330
1F
100
AcDbEntity
  8
0
 62
     7
 48
0.1
100
AcDbLine
 10
2557.636643567134
 20
1481.990056354611
 30
0.0
 11
2457.962143631343
 21
1481.990056354611
 31
0.0
  0
LINE
  5
131E
330
1F
100
AcDbEntity
  8
0
 62
     7
 48
0.1
100
AcDbLine
 10
2451.08012089915
 20
1488.872079086806
 30
0.0
 11
2457.962143631343
 21
1481.990056354611
 31
0.0
  0
HATCH
  5
131F
330
1F
100
AcDbEntity
  8
0
 62
     7
 48
0.1
100
AcDbHatch
 10
0.0
 20
0.0
 30
0.0
210
0.0
220
0.0
230
1.0
  2
SOLID
 70
     1
 71
     0
 91
        1
 92
        7
 72
     0
 73
     1
 93
        3
 10
2449.228921259216
 20
1487.020879446877
 10
2452.931320539066
 20
1490.723278726725
 10
2447.981455609096
 20
1491.970744376855
 97
        0
 75
     0
 76
     1
 47
0.0132666009269585
 98
        1
 10
2449.650746709317
 20
1489.815218471599
450
        0
451
        0
460
0.0
461
0.0
452
        1
462
1.0
453
        2
463
0.0
 63
     5
421
      255
463
1.0
 63
     7
421
 16777215
470
LINEAR
1001
ACAD
1010
0.0
1020
0.0
1030
0.0
  0
LINE
  5
1320
330
1F
100
AcDbEntity
  8
0
 62
     7
 48
0.1
100
AcDbLine
 10
2447.981455609097
 20
1491.970744376852
 30
0.0
 11
2449.228921259216
 21
1487.020879446878
 31
0.0
  0
LINE
  5
1321
330
1F
100
AcDbEntity
  8
0
 62
     7
 48
0.1
100
AcDbLine
 10
2449.228921259216
 20
1487.020879446878
 30
0.0
 11
2452.931320539066
 21
1490.723278726729
 31
0.0
  0
LINE
  5
1322
330
1F
100
AcDbEntity
  8
0
 62
     7
 48
0.1
100
AcDbLine
 10
2447.981455609107
 20
1491.970744376855
 30
0.0
 11
2452.931320539075
 21
1490.723278726724
 31
0.0
  0
LWPOLYLINE
  5
1323
330
1F
100
AcDbEntity
  8
0
  6
HIDDEN2
 62
     7
100
AcDbPolyline
 90
        4
 70
     1
 43
0.0
 10
2677.660080313732
 20
1480.425282386782
 10
2677.660080313732
 20
1332.019794220673
 10
2215.97345020311
 20
1334.803910263677
 10
2215.973450203114
 20
1480.425282386782
  0
TEXT
  5
1324
330
1F
100
AcDbEntity
  8
0
 62
     7
100
AcDbText
 10
2459.53580602142
 20
1491.786808090626
 30
0.0
 40
4.166481117800919
  1
DISJUNTOR 300A
  7
arial
100
AcDbText
  0
LINE
  5
1326
330
1F
100
AcDbEntity
  8
0
100
AcDbLine
 10
2278.196800447569
 20
1438.512519874649
 30
0.0
 11
2278.196800447569
 21
1427.476857563614
 31
0.0
  0
LINE
  5
1327
330
1F
100
AcDbEntity
  8
0
100
AcDbLine
 10
2296.94394545222
 20
1427.476857563614
 30
0.0
 11
2296.94394545222
 21
1438.512519874649
 31
0.0
  0
LINE
  5
1328
330
1F
100
AcDbEntity
  8
0
100
AcDbLine
 10
2296.94394545222
 20
1438.512519874649
 30
0.0
 11
2278.196800447569
 21
1427.476857563614
 31
0.0
  0
TEXT
  5
1329
330
1F
100
AcDbEntity
  8
0
100
AcDbText
 10
2281.682763079455
 20
1434.701826679354
 30
0.0
 40
2.57205842425826
  1
CA
  7
arial
100
AcDbText
  0
TEXT
  5
132A
330
1F
100
AcDbEntity
  8
0
100
AcDbText
 10
2290.394567412624
 20
1429.884083954342
 30
0.0
 40
2.57205842425826
  1
CC
  7
arial
100
AcDbText
  0
TEXT
  5
132B
330
1F
100
AcDbEntity
  8
0
100
AcDbText
 10
2299.44056191772
 20
1431.514125936541
 30
0.0
 40
3.806824869237329
  1
Marca
  7
arial
100
AcDbText
  0
TEXT
  5
132D
330
1F
100
AcDbEntity
  8
0
100
AcDbText
 10
2299.262879695235
 20
1426.110393177206
 30
0.0
 40
3.806824869237329
  1
Modelo
  7
arial
100
AcDbText
  0
TEXT
  5
132E
330
1F
100
AcDbEntity
  8
0
 62
     1
 48
0.1
100
AcDbText
 10
2317.194805162413
 20
1425.840796423927
 30
0.0
 40
3.317564941621764
  1
CSI-7KS2203A-E
  7
arial
100
AcDbText
  0
TEXT
  5
132F
330
1F
100
AcDbEntity
  8
0
 62
     1
 48
0.1
100
AcDbText
 10
2315.340584192355
 20
1431.347854466702
 30
0.0
 40
3.335392494389247
  1
CANADIAN SOLAR
  7
arial
100
AcDbText
  0
TEXT
  5
1330
330
1F
100
AcDbEntity
  8
0
100
AcDbText
 10
2299.618244140202
 20
1436.917858695873
 30
0.0
 40
3.806824869237329
  1
Inversor 
  7
arial
100
AcDbText
  0
TEXT
  5
1335
330
1F
100
AcDbEntity
  8
0
100
AcDbText
 10
2233.9770395165
 20
1468.231477994564
 30
0.0
 40
2.407579989428224
  1
Cargas Internas
  7
arial
100
AcDbText
  0
LINE
  5
1336
330
1F
100
AcDbEntity
  8
0
100
AcDbLine
 10
2445.058882813921
 20
1483.064667687141
 30
0.0
 11
2246.996531816376
 21
1483.064667687142
 31
0.0
  0
LINE
  5
1337
330
1F
100
AcDbEntity
  8
0
100
AcDbLine
 10
2246.996531816376
 20
1483.064667687142
 30
0.0
 11
2246.996531816376
 21
1475.135458753003
 31
0.0
  0
LWPOLYLINE
  5
1338
330
1F
100
AcDbEntity
  8
0
 62
     1
 48
0.1
100
AcDbPolyline
 90
        4
 70
     1
 43
0.0
 10
2223.287385038381
 20
1475.135458753003
 10
2270.705678594371
 20
1475.135458753003
 10
2270.705678594371
 20
1460.25589338672
 10
2223.287385038381
 20
1460.25589338672
  0
TEXT
  5
1339
330
1F
100
AcDbEntity
  8
0
100
AcDbText
 10
2227.315393033445
 20
1464.4008499493
 30
0.0
 40
2.407579989428224
  1
(Quadro de Distribuição)
  7
arial
100
AcDbText
  0
LINE
  5
133A
330
1F
100
AcDbEntity
  8
0
 62
     1
 48
0.1
100
AcDbLine
 10
2246.996531816376
 20
1460.25589338672
 30
0.0
 11
2246.996531816376
 21
1457.387528422082
 31
0.0
  0
LINE
  5
133B
330
1F
100
AcDbEntity
  8
0
 62
     3
100
AcDbLine
 10
2246.996531816376
 20
1457.387528422082
 30
0.0
 11
2252.546323486048
 21
1457.387528422082
 31
0.0
  0
LINE
  5
133C
330
1F
100
AcDbEntity
  8
0
 62
     3
100
AcDbLine
 10
2252.546323486048
 20
1457.387528422082
 30
0.0
 11
2252.546323486048
 21
1453.531310802495
 31
0.0
  0
LINE
  5
133D
330
1F
100
AcDbEntity
  8
0
 62
     3
100
AcDbLine
 10
2249.627204263822
 20
1453.531310802495
 30
0.0
 11
2255.465442708274
 21
1453.531310802495
 31
0.0
  0
LINE
  5
133E
330
1F
100
AcDbEntity
  8
0
 62
     3
100
AcDbLine
 10
2250.83562826055
 20
1452.689720197756
 30
0.0
 11
2254.367911221732
 21
1452.689720197756
 31
0.0
  0
LINE
  5
133F
330
1F
100
AcDbEntity
  8
0
 62
     3
100
AcDbLine
 10
2251.869851406914
 20
1451.817831898113
 30
0.0
 11
2253.424064689306
 21
1451.817831898113
 31
0.0
  0
LINE
  5
1340
330
1F
100
AcDbEntity
  8
0
 62
     3
100
AcDbLine
 10
2252.327713067981
 20
1450.925817205273
 30
0.0
 11
2252.892877793053
 21
1450.925817205273
 31
0.0
  0
CIRCLE
  5
1341
330
1F
100
AcDbEntity
  8
0
 62
     3
100
AcDbCircle
 10
2246.996531816376
 20
1457.387528422082
 30
0.0
 40
0.2678095538729139
  0
TEXT
  5
1342
330
1F
100
AcDbEntity
  8
0
100
AcDbText
 10
2291.335139811703
 20
1466.542093737498
 30
0.0
 40
3.806824869237329
  1
DISJUNTOR 40A
  7
arial
100
AcDbText
  0
HATCH
  5
1343
330
1F
100
AcDbEntity
  8
0
 62
     7
 48
0.1
100
AcDbHatch
 10
0.0
 20
0.0
 30
0.0
210
0.0
220
0.0
230
1.0
  2
ANSI31
 70
     0
 71
     1
 91
        1
 92
        1
 93
        4
 72
     1
 10
2284.986264363116
 20
1473.362483122294
 11
2290.326849132032
 21
1473.362483122294
 72
     1
 10
2290.326849132032
 20
1473.362483122294
 11
2290.326849132032
 21
1463.206130656136
 72
     1
 10
2290.326849132032
 20
1463.206130656136
 11
2284.986264363116
 21
1463.206130656136
 72
     1
 10
2284.986264363116
 20
1463.206130656136
 11
2284.986264363116
 21
1473.362483122294
 97
        1
330
1344
 75
     0
 76
     1
 52
0.0
 41
0.6525826621691407
 77
     0
 78
     1
 53
44.99999999999998
 43
-7559.082782073464
 44
2134.114355955348
 45
-1.465089861612006
 46
1.465089861612006
 79
     0
 98
        1
 10
-7559.082782073464
 20
2134.114355955348
1001
ACAD
1010
0.0
1020
0.0
1030
0.0
  0
LWPOLYLINE
  5
1344
102
{ACAD_REACTORS
330
1343
102
}
330
1F
100
AcDbEntity
  8
0
 62
     7
 48
0.1
100
AcDbPolyline
 90
        4
 70
     1
 43
0.0
 10
2284.986264363116
 20
1473.362483122294
 10
2290.326849132032
 20
1473.362483122294
 10
2290.326849132032
 20
1463.206130656136
 10
2284.986264363116
 20
1463.206130656136
  0
LINE
  5
1345
330
1F
100
AcDbEntity
  8
0
100
AcDbLine
 10
2278.196800447569
 20
1427.476857563614
 30
0.0
 11
2296.94394545222
 21
1427.476857563614
 31
0.0
  0
LINE
  5
135B
330
1F
100
AcDbEntity
  8
0
100
AcDbLine
 10
2263.631660485354
 20
1411.617130269571
 30
0.0
 11
2263.631660485354
 21
1388.02108513659
 31
0.0
  0
LINE
  5
135C
330
1F
100
AcDbEntity
  8
0
100
AcDbLine
 10
2263.631660485354
 20
1384.437076628622
 30
0.0
 11
2263.631660485354
 21
1372.038030595238
 31
0.0
  0
LINE
  5
135D
330
1F
100
AcDbEntity
  8
0
100
AcDbLine
 10
2266.963331654476
 20
1403.316284110617
 30
0.0
 11
2260.299989316232
 21
1403.316284110617
 31
0.0
  0
LINE
  5
135E
330
1F
100
AcDbEntity
  8
0
100
AcDbLine
 10
2266.963331654476
 20
1401.691095731469
 30
0.0
 11
2260.299989316232
 21
1401.691095731469
 31
0.0
  0
LWPOLYLINE
  5
135F
330
1F
100
AcDbEntity
  8
0
100
AcDbPolyline
 90
        4
 70
     1
 43
0.0
 10
2254.050852179154
 20
1392.580989868394
 10
2261.791832365021
 20
1392.580989868394
 10
2261.791832365021
 20
1396.747380205211
 10
2254.050852179154
 20
1396.747380205211
  0
LINE
  5
1360
330
1F
100
AcDbEntity
  8
0
100
AcDbLine
 10
2254.050852179154
 20
1396.747380205211
 30
0.0
 11
2261.791832365021
 21
1392.580989868394
 31
0.0
  0
LINE
  5
1361
330
1F
100
AcDbEntity
  8
0
100
AcDbLine
 10
2252.627815980778
 20
1394.664185036803
 30
0.0
 11
2254.050852179154
 21
1394.664185036803
 31
0.0
  0
LINE
  5
1362
330
1F
100
AcDbEntity
  8
0
100
AcDbLine
 10
2261.791832365021
 20
1394.664185036803
 30
0.0
 11
2263.631660485354
 21
1394.664185036803
 31
0.0
  0
LINE
  5
1363
330
1F
100
AcDbEntity
  8
0
100
AcDbLine
 10
2252.627815980778
 20
1395.843220946083
 30
0.0
 11
2252.627815980778
 21
1393.485149127523
 31
0.0
  0
LINE
  5
1364
330
1F
100
AcDbEntity
  8
0
100
AcDbLine
 10
2252.627815980778
 20
1395.843220946083
 30
0.0
 11
2251.448780071498
 21
1394.664185036803
 31
0.0
  0
LINE
  5
1365
330
1F
100
AcDbEntity
  8
0
100
AcDbLine
 10
2251.448780071498
 20
1394.664185036803
 30
0.0
 11
2252.627815980778
 21
1393.485149127523
 31
0.0
  0
LWPOLYLINE
  5
1366
330
1F
100
AcDbEntity
  8
0
100
AcDbPolyline
 90
        4
 70
     1
 43
0.0
 10
2261.548465316945
 20
1372.038030595238
 10
2261.548465316945
 20
1364.29705040937
 10
2265.714855653763
 20
1364.29705040937
 10
2265.714855653763
 20
1372.038030595238
  0
LINE
  5
1367
330
1F
100
AcDbEntity
  8
0
100
AcDbLine
 10
2265.714855653763
 20
1364.29705040937
 30
0.0
 11
2263.631660485354
 21
1367.008266044098
 31
0.0
  0
LINE
  5
1368
330
1F
100
AcDbEntity
  8
0
100
AcDbLine
 10
2263.631660485354
 20
1367.008266044098
 30
0.0
 11
2261.548465316945
 21
1364.29705040937
 31
0.0
  0
LINE
  5
1369
330
1F
100
AcDbEntity
  8
0
100
AcDbLine
 10
2262.768735296562
 20
1388.02108513659
 30
0.0
 11
2264.489208579172
 21
1388.02108513659
 31
0.0
  0
LWPOLYLINE
  5
136A
330
1F
100
AcDbEntity
  8
0
100
AcDbPolyline
 90
        4
 70
     1
 43
0.0
 10
2263.282241313491
 20
1388.02108513659
 10
2263.975702562245
 20
1388.02108513659
 10
2263.975702562245
 20
1386.582747251425
 10
2263.282241313491
 20
1386.582747251425
  0
LINE
  5
136B
330
1F
100
AcDbEntity
  8
0
100
AcDbLine
 10
2261.791996269935
 20
1387.483845233
 30
0.0
 11
2263.631660485354
 21
1384.437076628622
 31
0.0
  0
LWPOLYLINE
  5
136C
330
1F
100
AcDbEntity
  8
0
100
AcDbPolyline
 90
        4
 70
     1
 43
0.0
 10
2261.88956614103
 20
1386.589981169446
 10
2262.555117396908
 20
1386.991846551413
 10
2263.819886472572
 20
1384.897193255869
 10
2263.154335216695
 20
1384.495327873902
  0
TEXT
  5
1380
330
1F
100
AcDbEntity
  8
0
100
AcDbText
 10
2249.078470865815
 20
1413.760637286055
 30
0.0
 40
2.407579989428224
  1
MPPT 1
  7
arial
100
AcDbText
  0
LINE
  5
1381
330
1F
100
AcDbEntity
  8
0
100
AcDbLine
 10
2263.631660485353
 20
1423.413835146288
 30
0.0
 11
2263.631660485354
 21
1411.617130269571
 31
0.0
  0
TEXT
  5
140B
330
1F
100
AcDbEntity
  8
0
100
AcDbText
 10
2257.679855922203
 20
1345.332014305043
 30
0.0
 40
1.469287106792914
  1
Gerador: P1 
  7
arial
100
AcDbText
  0
TEXT
  5
1413
330
1F
100
AcDbEntity
  8
0
100
AcDbText
 10
2260.677491152795
 20
1359.360311807284
 30
0.0
 40
1.469287106792914
  1
Marca
  7
arial
100
AcDbText
  0
TEXT
  5
1414
330
1F
100
AcDbEntity
  8
0
100
AcDbText
 10
2260.078436518314
 20
1354.980678381318
 30
0.0
 40
1.469287106792914
  1
Modelo
  7
arial
100
AcDbText
  0
TEXT
  5
1415
330
1F
100
AcDbEntity
  8
0
100
AcDbText
 10
2258.281282614616
 20
1349.953445487917
 30
0.0
 40
1.469287106792914
  1
Quantidade
  7
arial
100
AcDbText
  0
TEXT
  5
1416
330
1F
100
AcDbEntity
  8
0
 62
     1
 48
0.1
100
AcDbText
 10
2254.77450155094
 20
1357.233081592586
 30
0.0
 40
1.469287106792914
  1
CANADIAN SOLAR
  7
arial
100
AcDbText
  0
TEXT
  5
1417
330
1F
100
AcDbEntity
  8
0
 62
     1
 48
0.1
100
AcDbText
 10
2250.277029241592
 20
1352.437346770605
 30
0.0
 40
1.469287106792914
  1
MONOFACIAL N-TYPE 585 WP
  7
arial
100
AcDbText
  0
TEXT
  5
1418
330
1F
100
AcDbEntity
  8
0
 62
     1
 48
0.1
100
AcDbText
 10
2269.36049567036
 20
1349.856129757384
 30
0.0
 40
1.469287106792914
  1
07
  7
arial
100
AcDbText
  0
TEXT
  5
1419
330
1F
100
AcDbEntity
  8
0
100
AcDbText
 10
2258.281282614616
 20
1348.242628655264
 30
0.0
 40
1.469287106792914
  1
2x4mm²
  7
arial
100
AcDbText
  0
LINE
  5
145B
330
1F
100
AcDbEntity
  8
0
 62
     3
100
AcDbLine
 10
2265.714855653763
 20
1372.038030595238
 30
0.0
 11
2268.265955257204
 21
1372.038030595238
 31
0.0
  0
LINE
  5
145C
330
1F
100
AcDbEntity
  8
0
 62
     3
100
AcDbLine
 10
2268.265955257204
 20
1370.106873014194
 30
0.0
 11
2268.265955257204
 21
1373.969188176282
 31
0.0
  0
LINE
  5
145D
330
1F
100
AcDbEntity
  8
0
 62
     3
100
AcDbLine
 10
2268.822713632848
 20
1370.906311812249
 30
0.0
 11
2268.822713632848
 21
1373.243110860038
 31
0.0
  0
LINE
  5
145E
330
1F
100
AcDbEntity
  8
0
 62
     3
100
AcDbLine
 10
2269.399515596556
 20
1371.590507186794
 30
0.0
 11
2269.399515596556
 21
1372.618704575923
 31
0.0
  0
LINE
  5
145F
330
1F
100
AcDbEntity
  8
0
 62
     3
100
AcDbLine
 10
2269.989632273999
 20
1371.893407805277
 30
0.0
 11
2269.989632273999
 21
1372.267295289917
 31
0.0
  0
TEXT
  5
148D
330
1F
100
AcDbEntity
  8
0
100
AcDbText
 10
2286.128223354876
 20
1441.774293611374
 30
0.0
 40
2.407579989428224
  1
2#10(10)MM²
 50
90.0
  7
arial
100
AcDbText
  0
LINE
  5
148F
330
1F
100
AcDbEntity
  8
0
 62
     3
100
AcDbLine
 10
2277.146427479391
 20
1427.476857563614
 30
0.0
 11
2277.146427479391
 21
1425.766107788283
 31
0.0
  0
LINE
  5
1490
330
1F
100
AcDbEntity
  8
0
 62
     3
100
AcDbLine
 10
2275.851406542755
 20
1425.766107788283
 30
0.0
 11
2278.441448416026
 21
1425.766107788283
 31
0.0
  0
LINE
  5
1491
330
1F
100
AcDbEntity
  8
0
 62
     3
100
AcDbLine
 10
2276.387504679542
 20
1425.392749466734
 30
0.0
 11
2277.954545982282
 21
1425.392749466734
 31
0.0
  0
LINE
  5
1492
330
1F
100
AcDbEntity
  8
0
 62
     3
100
AcDbLine
 10
2276.846321372433
 20
1425.005950053456
 30
0.0
 11
2277.535823440512
 21
1425.005950053456
 31
0.0
  0
LINE
  5
1493
330
1F
100
AcDbEntity
  8
0
 62
     3
100
AcDbLine
 10
2277.049444435256
 20
1424.610221885103
 30
0.0
 11
2277.300170800264
 21
1424.610221885103
 31
0.0
  0
LINE
  5
1494
330
1F
100
AcDbEntity
  8
0
 62
     3
100
AcDbLine
 10
2278.196800447569
 20
1427.476857563614
 30
0.0
 11
2277.146427479391
 21
1427.476857563614
 31
0.0
  0
TEXT
  5
1495
330
1F
100
AcDbEntity
  8
0
 62
     1
 48
0.1
100
AcDbText
 10
2265.511687565505
 20
1389.559573543148
 30
0.0
 40
1.469287106792914
  1
2P-15A
 50
270.0
  7
arial
100
AcDbText
  0
TEXT
  5
14A1
330
1F
100
AcDbEntity
  8
0
100
AcDbText
 10
2267.404347882406
 20
1402.709365955135
 30
0.0
 40
1.293256676286434
  1
+
  7
arial
100
AcDbText
  0
TEXT
  5
14A2
330
1F
100
AcDbEntity
  8
0
100
AcDbText
 10
2267.461106358465
 20
1402.018357820207
 30
0.0
 40
1.293256676286434
  1
-
 50
270.0
  7
arial
100
AcDbText
  0
LINE
  5
14CF
330
1F
100
AcDbEntity
  8
0
100
AcDbLine
 10
2297.078496801161
 20
1411.617130269572
 30
0.0
 11
2297.078496801161
 21
1388.02108513659
 31
0.0
  0
LINE
  5
14D0
330
1F
100
AcDbEntity
  8
0
100
AcDbLine
 10
2297.078496801162
 20
1384.437076628622
 30
0.0
 11
2297.078496801161
 21
1372.038030595238
 31
0.0
  0
LINE
  5
14D1
330
1F
100
AcDbEntity
  8
0
100
AcDbLine
 10
2300.410167970284
 20
1403.316284110618
 30
0.0
 11
2293.746825632039
 21
1403.316284110618
 31
0.0
  0
LINE
  5
14D2
330
1F
100
AcDbEntity
  8
0
100
AcDbLine
 10
2300.410167970284
 20
1401.691095731469
 30
0.0
 11
2293.746825632039
 21
1401.691095731469
 31
0.0
  0
LWPOLYLINE
  5
14D3
330
1F
100
AcDbEntity
  8
0
100
AcDbPolyline
 90
        4
 70
     1
 43
0.0
 10
2287.497688494962
 20
1392.580989868394
 10
2295.238668680829
 20
1392.580989868394
 10
2295.238668680829
 20
1396.747380205211
 10
2287.497688494962
 20
1396.747380205211
  0
LINE
  5
14D4
330
1F
100
AcDbEntity
  8
0
100
AcDbLine
 10
2287.497688494962
 20
1396.747380205211
 30
0.0
 11
2295.238668680829
 21
1392.580989868394
 31
0.0
  0
LINE
  5
14D5
330
1F
100
AcDbEntity
  8
0
100
AcDbLine
 10
2286.074652296585
 20
1394.664185036803
 30
0.0
 11
2287.497688494962
 21
1394.664185036803
 31
0.0
  0
LINE
  5
14D6
330
1F
100
AcDbEntity
  8
0
100
AcDbLine
 10
2295.238668680829
 20
1394.664185036803
 30
0.0
 11
2297.078496801161
 21
1394.664185036803
 31
0.0
  0
LINE
  5
14D7
330
1F
100
AcDbEntity
  8
0
100
AcDbLine
 10
2286.074652296585
 20
1395.843220946083
 30
0.0
 11
2286.074652296585
 21
1393.485149127523
 31
0.0
  0
LINE
  5
14D8
330
1F
100
AcDbEntity
  8
0
100
AcDbLine
 10
2286.074652296585
 20
1395.843220946083
 30
0.0
 11
2284.895616387305
 21
1394.664185036803
 31
0.0
  0
LINE
  5
14D9
330
1F
100
AcDbEntity
  8
0
100
AcDbLine
 10
2284.895616387305
 20
1394.664185036803
 30
0.0
 11
2286.074652296585
 21
1393.485149127523
 31
0.0
  0
LWPOLYLINE
  5
14DA
330
1F
100
AcDbEntity
  8
0
100
AcDbPolyline
 90
        4
 70
     1
 43
0.0
 10
2294.995301632752
 20
1372.038030595238
 10
2294.995301632752
 20
1364.29705040937
 10
2299.16169196957
 20
1364.29705040937
 10
2299.16169196957
 20
1372.038030595238
  0
LINE
  5
14DB
330
1F
100
AcDbEntity
  8
0
100
AcDbLine
 10
2299.16169196957
 20
1364.29705040937
 30
0.0
 11
2297.078496801161
 21
1367.008266044098
 31
0.0
  0
LINE
  5
14DC
330
1F
100
AcDbEntity
  8
0
100
AcDbLine
 10
2297.078496801161
 20
1367.008266044098
 30
0.0
 11
2294.995301632752
 21
1364.29705040937
 31
0.0
  0
LINE
  5
14DD
330
1F
100
AcDbEntity
  8
0
100
AcDbLine
 10
2296.215571612369
 20
1388.021085136591
 30
0.0
 11
2297.936044894979
 21
1388.021085136591
 31
0.0
  0
LWPOLYLINE
  5
14DE
330
1F
100
AcDbEntity
  8
0
100
AcDbPolyline
 90
        4
 70
     1
 43
0.0
 10
2296.729077629298
 20
1388.021085136591
 10
2297.422538878052
 20
1388.021085136591
 10
2297.422538878052
 20
1386.582747251425
 10
2296.729077629298
 20
1386.582747251425
  0
LINE
  5
14DF
330
1F
100
AcDbEntity
  8
0
100
AcDbLine
 10
2295.238832585742
 20
1387.483845233
 30
0.0
 11
2297.078496801162
 21
1384.437076628622
 31
0.0
  0
LWPOLYLINE
  5
14E0
330
1F
100
AcDbEntity
  8
0
100
AcDbPolyline
 90
        4
 70
     1
 43
0.0
 10
2295.336402456837
 20
1386.589981169446
 10
2296.001953712714
 20
1386.991846551413
 10
2297.266722788379
 20
1384.897193255869
 10
2296.601171532502
 20
1384.495327873902
  0
TEXT
  5
14F4
330
1F
100
AcDbEntity
  8
0
100
AcDbText
 10
2297.518070322097
 20
1413.05291125325
 30
0.0
 40
2.407579989428224
  1
MPPT 2
  7
arial
100
AcDbText
  0
LINE
  5
14F5
330
1F
100
AcDbEntity
  8
0
 62
     3
100
AcDbLine
 10
2299.16169196957
 20
1372.038030595238
 30
0.0
 11
2301.712791573012
 21
1372.038030595238
 31
0.0
  0
LINE
  5
14F6
330
1F
100
AcDbEntity
  8
0
 62
     3
100
AcDbLine
 10
2301.712791573012
 20
1370.106873014194
 30
0.0
 11
2301.712791573012
 21
1373.969188176282
 31
0.0
  0
LINE
  5
14F7
330
1F
100
AcDbEntity
  8
0
 62
     3
100
AcDbLine
 10
2302.269549948655
 20
1370.906311812249
 30
0.0
 11
2302.269549948655
 21
1373.243110860038
 31
0.0
  0
LINE
  5
14F8
330
1F
100
AcDbEntity
  8
0
 62
     3
100
AcDbLine
 10
2302.846351912364
 20
1371.590507186794
 30
0.0
 11
2302.846351912364
 21
1372.618704575924
 31
0.0
  0
LINE
  5
14F9
330
1F
100
AcDbEntity
  8
0
 62
     3
100
AcDbLine
 10
2303.436468589806
 20
1371.893407805278
 30
0.0
 11
2303.436468589806
 21
1372.267295289917
 31
0.0
  0
TEXT
  5
14FF
330
1F
100
AcDbEntity
  8
0
 62
     1
 48
0.1
100
AcDbText
 10
2298.706012391883
 20
1389.559573543148
 30
0.0
 40
1.469287106792914
  1
2P-15A
 50
270.0
  7
arial
100
AcDbText
  0
TEXT
  5
1501
330
1F
100
AcDbEntity
  8
0
100
AcDbText
 10
2300.831091142413
 20
1402.709365955135
 30
0.0
 40
1.293256676286434
  1
+
  7
arial
100
AcDbText
  0
TEXT
  5
1502
330
1F
100
AcDbEntity
  8
0
100
AcDbText
 10
2300.887849618472
 20
1402.018357820207
 30
0.0
 40
1.293256676286434
  1
-
 50
270.0
  7
arial
100
AcDbText
  0
LINE
  5
1505
330
1F
100
AcDbEntity
  8
0
100
AcDbLine
 10
2312.724939133028
 20
1411.617130269572
 30
0.0
 11
2312.724939133028
 21
1423.792222714539
 31
0.0
  0
INSERT
  5
1601
330
1F
100
AcDbEntity
  8
2-Formato
100
AcDbBlockReference
  2
A0
 10
2145.114755264548
 20
1324.5636203858
 30
0.0
 41
0.1047851001613937
 42
0.1047851001613937
 43
0.1047851001613937
  0
LINE
  5
1602
330
1F
100
AcDbEntity
  8
FORMATO
100
AcDbLine
 10
2681.368009414174
 20
1334.747915053129
 30
0.0
 11
2762.822921752424
 21
1334.747915053129
 31
0.0
  0
LINE
  5
1603
330
1F
100
AcDbEntity
  8
FORMATO
100
AcDbLine
 10
2681.368009414174
 20
1381.343573304169
 30
0.0
 11
2762.822921752418
 21
1381.343573304169
 31
0.0
  0
TEXT
  5
1604
330
1F
100
AcDbEntity
  8
0
100
AcDbText
 10
2729.548291725195
 20
1331.187815564581
 30
0.0
 40
2.441032011298101
  1
DATA:
  7
arial
100
AcDbText
  0
TEXT
  5
1605
330
1F
100
AcDbEntity
  8
0
100
AcDbText
 10
2683.340402387533
 20
1331.260707152113
 30
0.0
 40
2.441032011298101
  1
ESCALA:
  7
arial
100
AcDbText
  0
TEXT
  5
1606
330
1F
100
AcDbEntity
  8
0
100
AcDbText
 10
2683.270591339385
 20
1367.874601795766
 30
0.0
 40
1.22051600564905
  1
RESPONSÁVEL TÉCNICO/REG. NO CREA:
  7
arial
100
AcDbText
  0
TEXT
  5
1607
330
1F
100
AcDbEntity
  8
0
100
AcDbText
 10
2683.376003637256
 20
1402.417380854746
 30
0.0
 40
1.22051600564905
  1
ENDEREÇO DA EDIIFICAÇÃO/UNIDADE:
  7
arial
100
AcDbText
  0
LINE
  5
1608
330
1F
100
AcDbEntity
  8
ARQ-FOLHA
100
AcDbLine
 10
2681.368009414174
 20
1369.600119815134
 30
0.0
 11
2762.822921752424
 21
1369.600119815137
 31
0.0
  0
TEXT
  5
1609
330
1F
100
AcDbEntity
  8
0
100
AcDbText
 10
2683.445750948056
 20
1379.34367359287
 30
0.0
 40
1.22051600564905
  1
AUTOR DO PROJETO:
  7
arial
100
AcDbText
  0
TEXT
  5
160A
330
1F
100
AcDbEntity
  8
0
100
AcDbText
 10
2683.445751001106
 20
1391.087127081902
 30
0.0
 40
1.22051600564905
  1
PROPRIETÁRIO:
  7
arial
100
AcDbText
  0
LINE
  5
160B
330
1F
100
AcDbEntity
  8
ARQ-FOLHA
100
AcDbLine
 10
2681.914193179714
 20
1393.087026793196
 30
0.0
 11
2762.822921752418
 21
1393.087026793196
 31
0.0
  0
LINE
  5
160C
330
1F
100
AcDbEntity
  8
ARQ-FOLHA
100
AcDbLine
 10
2681.368009414174
 20
1393.087026793196
 30
0.0
 11
2762.822921752418
 21
1393.087026793196
 31
0.0
  0
LINE
  5
160D
330
1F
100
AcDbEntity
  8
ARQ-FOLHA
100
AcDbLine
 10
2681.368009414174
 20
1404.830480282226
 30
0.0
 11
2762.822921752418
 21
1404.830480282226
 31
0.0
  0
LINE
  5
160E
330
1F
100
AcDbEntity
  8
ARQ-FOLHA
100
AcDbLine
 10
2681.368009410157
 20
1358.399385837268
 30
0.0
 11
2762.822921752418
 21
1358.39938583727
 31
0.0
  0
LINE
  5
160F
330
1F
100
AcDbEntity
  8
FORMATO
100
AcDbLine
 10
2681.368009414174
 20
1339.85751851087
 30
0.0
 11
2762.822921752424
 21
1339.85751851087
 31
0.0
  0
TEXT
  5
1610
330
1F
100
AcDbEntity
  8
0
100
AcDbText
 10
2683.225145163501
 20
1336.18164239219
 30
0.0
 40
2.441032011298101
  1
N° DA ART:
  7
arial
100
AcDbText
  0
LINE
  5
1611
330
1F
100
AcDbEntity
  8
ARQ-FOLHA
100
AcDbLine
 10
2728.130921641675
 20
1334.79087154723
 30
0.0
 11
2728.130921641675
 21
1330.012522317957
 31
0.0
  0
TEXT
  5
1612
330
1F
100
AcDbEntity
  8
0
100
AcDbText
 10
2682.31070500576
 20
1354.337748640967
 30
0.0
 40
2.441032011298101
  1
DESCRITIVO:
  7
arial
100
AcDbText
  0
LINE
  5
1613
330
1F
100
AcDbEntity
  8
ARQ-FOLHA
 62
     7
 48
0.1
100
AcDbLine
 10
2681.368009399886
 20
1329.802875402374
 30
0.0
 11
2681.368009433677
 21
1423.892836559748
 31
0.0
  0
TEXT
  5
1614
330
1F
100
AcDbEntity
  8
0
100
AcDbText
 10
2728.411485553657
 20
1336.267383718737
 30
0.0
 40
2.441032011298101
  1
VIA DE PROJETO:
  7
arial
100
AcDbText
  0
LINE
  5
1615
330
1F
100
AcDbEntity
  8
ARQ-FOLHA
 62
     7
 48
0.1
100
AcDbLine
 10
2681.36800943049
 20
1415.025193302476
 30
0.0
 11
2762.822921752424
 21
1415.025193302476
 31
0.0
  0
TEXT
  5
1616
330
1F
100
AcDbEntity
  8
0
100
AcDbText
 10
2682.31070500576
 20
1419.091794379684
 30
0.0
 40
2.441032011298101
  1
REVISÃO:
  7
arial
100
AcDbText
  0
LINE
  5
1617
330
1F
100
AcDbEntity
  8
ARQ-FOLHA
 62
     7
 48
0.1
100
AcDbLine
 10
2681.36800943049
 20
1423.892836559748
 30
0.0
 11
2762.822921752424
 21
1423.892836559748
 31
0.0
  0
TEXT
  5
1618
330
1F
100
AcDbEntity
  8
0
100
AcDbText
 10
2704.570026666659
 20
1331.586309782125
 30
0.0
 40
1.22051600564905
  1
SEM ESCALA
  7
arial
100
AcDbText
  0
TEXT
  5
1619
330
1F
100
AcDbEntity
  8
0
100
AcDbText
 10
2744.378713926267
 20
1331.465082428884
 30
0.0
 40
1.22051600564905
  1
05/11/2025
  7
arial
100
AcDbText
  0
TEXT
  5
161A
330
1F
100
AcDbEntity
  8
0
100
AcDbText
 10
2682.617497083681
 20
1348.867690016922
 30
0.0
 40
1.22051600564905
  1
PROJETO DE MICROGERAÇÃO DISTRBUIDA SOLAR FOTOVOLTAICA DE POTÊNCIA 79,94 KWP 
  7
arial
100
AcDbText
  0
LINE
  5
161B
330
1F
100
AcDbEntity
  8
ARQ-FOLHA
 62
     7
 48
0.1
100
AcDbLine
 10
2681.368009396697
 20
1329.802875402374
 30
0.0
 11
2762.822921718628
 21
1329.802875402374
 31
0.0
  0
LINE
  5
161C
330
1F
100
AcDbEntity
  8
ARQ-FOLHA
 62
     7
 48
0.1
100
AcDbLine
 10
2762.822921718628
 20
1329.802875402374
 30
0.0
 11
2762.822921752424
 21
1423.892836559748
 31
0.0
  0
TEXT
  5
161D
330
1F
100
AcDbEntity
  8
0
100
AcDbText
 10
2696.349168046897
 20
1408.724322950091
 30
0.0
 40
2.591818975297211
  1
PROJETO MICRO GERAÇÃO 
  7
arial
100
AcDbText
  0
TEXT
  5
161E
330
1F
100
AcDbEntity
  8
0
100
AcDbText
 10
2683.058213480961
 20
1398.413978156706
 30
0.0
 40
2.012108564875366
  1
Rua  Sergipe, s/n, Bairro Nova Cidade, Boa Esperança/ES
  7
arial
100
AcDbText
  0
TEXT
  5
161F
330
1F
100
AcDbEntity
  8
0
100
AcDbText
 10
2697.890579400569
 20
1387.730904473862
 30
0.0
 40
2.231612322943582
  1
MUNICÍPIO DE BOA ESPERANÇA 
  7
arial
100
AcDbText
  0
TEXT
  5
1620
330
1F
100
AcDbEntity
  8
0
100
AcDbText
 10
2689.930333107614
 20
1373.567880608217
 30
0.0
 40
2.591818975297211
  1
ELVIS CEOLIN - CREA 39309/D
  7
arial
100
AcDbText
  0
TEXT
  5
1621
330
1F
100
AcDbEntity
  8
0
100
AcDbText
 10
2685.015026760887
 20
1363.160077291127
 30
0.0
 40
1.716705180733339
  1
CRISTIANO FERNANDES PESTANA CREA 2899/D
  7
arial
100
AcDbText
  0
LINE
  5
16A0
330
1F
100
AcDbEntity
  8
0
 62
     7
 48
0.1
100
AcDbLine
 10
2498.408819193342
 20
1685.724665994268
 30
0.0
 11
2498.408819193342
 21
1656.918080724427
 31
0.0
  0
HATCH
  5
16A1
330
1F
100
AcDbEntity
  8
0
 62
     1
 48
0.1
100
AcDbHatch
 10
0.0
 20
0.0
 30
0.0
210
0.0
220
0.0
230
1.0
  2
ANSI31
 70
     0
 71
     1
 91
        1
 92
        1
 93
        4
 72
     1
 10
2495.879803261284
 20
1695.343679008747
 11
2500.937835125403
 21
1695.343679008747
 72
     1
 10
2500.937835125403
 20
1695.343679008747
 11
2500.937835125403
 21
1685.724665994268
 72
     1
 10
2500.937835125403
 20
1685.724665994268
 11
2495.879803261284
 21
1685.724665994268
 72
     1
 10
2495.879803261284
 20
1685.724665994268
 11
2495.879803261284
 21
1695.343679008747
 97
        1
330
16A2
 75
     0
 76
     1
 52
0.0
 41
0.6180566439915826
 77
     0
 78
     1
 53
44.99999999999996
 43
-6827.371687727719
 44
2321.13732739793
 45
-1.387576740093216
 46
1.387576740093215
 79
     0
 98
        1
 10
-6827.371687727719
 20
2321.13732739793
1001
ACAD
1010
0.0
1020
0.0
1030
0.0
  0
LWPOLYLINE
  5
16A2
102
{ACAD_REACTORS
330
16A1
102
}
330
1F
100
AcDbEntity
  8
0
 62
     1
 48
0.1
100
AcDbPolyline
 90
        4
 70
     1
 43
0.0
 10
2495.879803261284
 20
1695.343679008747
 10
2500.937835125403
 20
1695.343679008747
 10
2500.937835125403
 20
1685.724665994268
 10
2495.879803261284
 20
1685.724665994268
  0
TEXT
  5
16A3
330
1F
100
AcDbEntity
  8
0
 62
     7
100
AcDbText
 10
2510.807066023555
 20
1678.888691356069
 30
0.0
 40
3.605418193495763
  1
Dispositivo de Seccionamento Visível
  7
arial
100
AcDbText
  0
LINE
  5
16A4
330
1F
100
AcDbEntity
  8
0
 62
     7
 48
0.1
100
AcDbLine
 10
2595.826735014087
 20
1677.087988385133
 30
0.0
 11
2509.574512734542
 21
1677.087988385133
 31
0.0
  0
LINE
  5
16A5
330
1F
100
AcDbEntity
  8
0
 62
     7
 48
0.1
100
AcDbLine
 10
2503.619230743537
 20
1683.04327037614
 30
0.0
 11
2509.574512734542
 21
1677.087988385133
 31
0.0
  0
HATCH
  5
16A6
330
1F
100
AcDbEntity
  8
0
 62
     7
 48
0.1
100
AcDbHatch
 10
0.0
 20
0.0
 30
0.0
210
0.0
220
0.0
230
1.0
  2
SOLID
 70
     1
 71
     0
 91
        1
 92
        7
 72
     0
 73
     1
 93
        3
 10
2502.017315680705
 20
1681.44135531331
 10
2505.221145806354
 20
1684.645185438958
 10
2500.937835125402
 20
1685.724665994269
 97
        0
 75
     0
 76
     1
 47
0.0132666009269585
 98
        1
 10
2502.38233765231
 20
1683.859405575313
450
        0
451
        0
460
0.0
461
0.0
452
        1
462
1.0
453
        2
463
0.0
 63
     5
421
      255
463
1.0
 63
     7
421
 16777215
470
LINEAR
1001
ACAD
1010
0.0
1020
0.0
1030
0.0
  0
LINE
  5
16A7
330
1F
100
AcDbEntity
  8
0
 62
     7
 48
0.1
100
AcDbLine
 10
2500.937835125403
 20
1685.724665994268
 30
0.0
 11
2502.017315680705
 21
1681.441355313313
 31
0.0
  0
LINE
  5
16A8
330
1F
100
AcDbEntity
  8
0
 62
     7
 48
0.1
100
AcDbLine
 10
2502.017315680705
 20
1681.441355313313
 30
0.0
 11
2505.221145806354
 21
1684.645185438962
 31
0.0
  0
LINE
  5
16A9
330
1F
100
AcDbEntity
  8
0
 62
     7
 48
0.1
100
AcDbLine
 10
2500.937835125412
 20
1685.724665994271
 30
0.0
 11
2505.221145806361
 21
1684.645185438958
 31
0.0
  0
LWPOLYLINE
  5
16AA
330
1F
100
AcDbEntity
  8
0
  6
HIDDEN2
 62
     7
100
AcDbPolyline
 90
        5
 70
     0
 43
0.0
 10
2585.050210261063
 20
1671.423793048413
 10
2585.050210261063
 20
1510.559284989383
 10
2410.782225336798
 20
1510.559284989383
 10
2410.782225336801
 20
1671.423793048413
 10
2585.050210261063
 20
1671.423793048413
  0
TEXT
  5
16AB
330
1F
100
AcDbEntity
  8
0
100
AcDbText
 10
2428.570592367741
 20
1557.90506366954
 30
0.0
 40
4.635424829936868
  1
PROJETO ELÉTRICO INTERNO APÓS 
  7
arial
 72
     1
 11
2487.220099501496
 21
1560.222776084508
 31
0.0
100
AcDbText
 73
     2
  0
TEXT
  5
16AC
330
1F
100
AcDbEntity
  8
0
100
AcDbText
 10
2428.443625342755
 20
1550.805295747348
 30
0.0
 40
4.635424829936868
  1
O DISPOTIVO DE SECCIONAMENTO 
  7
arial
 72
     1
 11
2485.2923995702
 21
1553.123008162316
 31
0.0
100
AcDbText
 73
     2
  0
TEXT
  5
16AD
330
1F
100
AcDbEntity
  8
0
100
AcDbText
 10
2428.98038889292
 20
1536.13273096406
 30
0.0
 40
4.635424829936868
  1
DE CONEXÃO PARA GERAÇÃO
  7
arial
 72
     1
 11
2477.378840570566
 21
1538.450443379028
 31
0.0
100
AcDbText
 73
     2
  0
TEXT
  5
16AE
330
1F
100
AcDbEntity
  8
0
100
AcDbText
 10
2428.593246330475
 20
1528.822172668686
 30
0.0
 40
4.635424829936868
  1
DISTRIBUÍDA DE INTEIRA RESPONSABILIDADE
  7
arial
 72
     1
 11
2501.819362240498
 21
1531.139885083654
 31
0.0
100
AcDbText
 73
     2
  0
TEXT
  5
16AF
330
1F
100
AcDbEntity
  8
0
100
AcDbText
 10
2428.516419726035
 20
1521.8755406015
 30
0.0
 40
4.635424829936868
  1
DO PROFISSIONAL QUE O ELABOROU.
  7
arial
 72
     1
 11
2489.328703519869
 21
1524.193253016469
 31
0.0
100
AcDbText
 73
     2
  0
TEXT
  5
16B0
330
1F
100
AcDbEntity
  8
0
100
AcDbText
 10
2428.839392249246
 20
1543.443289259435
 30
0.0
 40
4.635424829936868
  1
VISÍVEL (DSV) DAS INSTALAÇÕES 
  7
arial
 72
     1
 11
2482.818693057069
 21
1545.761001674404
 31
0.0
100
AcDbText
 73
     2
  0
LWPOLYLINE
  5
16B1
330
1F
100
AcDbEntity
  8
0
 62
     7
 48
0.1
100
AcDbPolyline
 90
        4
 70
     1
 43
0.0
 10
2425.327602683111
 20
1566.853389433229
 10
2578.084891291864
 20
1566.853389433229
 10
2578.084891291864
 20
1517.568869584775
 10
2425.327602683111
 20
1517.568869584775
  0
TEXT
  5
16B2
330
1F
100
AcDbEntity
  8
0
 62
     7
100
AcDbText
 10
2510.936264018464
 20
1685.565498770404
 30
0.0
 40
3.605418193495763
  1
DISJUNTOR 100A
  7
arial
100
AcDbText
  0
LINE
  5
16B3
330
1F
100
AcDbEntity
  8
0
100
AcDbLine
 10
2433.805164845039
 20
1656.918080724427
 30
0.0
 11
2553.426907943685
 21
1656.918080724427
 31
0.0
  0
LINE
  5
16B4
330
1F
100
AcDbEntity
  8
0
100
AcDbLine
 10
2461.033336220313
 20
1656.918080724427
 30
0.0
 11
2461.033336220313
 21
1645.889224666099
 31
0.0
  0
LINE
  5
16B5
330
1F
100
AcDbEntity
  8
0
100
AcDbLine
 10
2461.033336220313
 20
1642.470503925278
 30
0.0
 11
2461.033336220313
 21
1630.536072853176
 31
0.0
  0
LINE
  5
16B6
330
1F
100
AcDbEntity
  8
0
100
AcDbLine
 10
2470.169684040416
 20
1656.918080724427
 30
0.0
 11
2470.169684040416
 21
1645.889224666099
 31
0.0
  0
LINE
  5
16B7
330
1F
100
AcDbEntity
  8
0
100
AcDbLine
 10
2470.169684040416
 20
1642.470503925278
 30
0.0
 11
2470.169684040416
 21
1630.536072853176
 31
0.0
  0
LINE
  5
16B8
330
1F
100
AcDbEntity
  8
0
100
AcDbLine
 10
2479.554637800079
 20
1656.918080724427
 30
0.0
 11
2479.554637800079
 21
1645.889224666099
 31
0.0
  0
LINE
  5
16B9
330
1F
100
AcDbEntity
  8
0
100
AcDbLine
 10
2479.554637800079
 20
1642.470503925278
 30
0.0
 11
2479.554637800079
 21
1630.536072853176
 31
0.0
  0
LINE
  5
16BA
330
1F
100
AcDbEntity
  8
0
100
AcDbLine
 10
2488.467673773975
 20
1656.918080724427
 30
0.0
 11
2488.467673773979
 21
1645.889224666099
 31
0.0
  0
LINE
  5
16BB
330
1F
100
AcDbEntity
  8
0
100
AcDbLine
 10
2488.467673773979
 20
1642.470503925278
 30
0.0
 11
2488.467673773975
 21
1630.536072853176
 31
0.0
  0
LINE
  5
16BC
330
1F
100
AcDbEntity
  8
0
100
AcDbLine
 10
2497.805131510077
 20
1656.918080724427
 30
0.0
 11
2497.805131510077
 21
1645.889224666099
 31
0.0
  0
LINE
  5
16BD
330
1F
100
AcDbEntity
  8
0
100
AcDbLine
 10
2497.805131510077
 20
1642.470503925278
 30
0.0
 11
2497.805131510077
 21
1630.536072853176
 31
0.0
  0
TEXT
  5
16BE
330
1F
100
AcDbEntity
  8
0
100
AcDbText
 10
2499.305311670695
 20
1579.004057365583
 30
0.0
 40
2.435979209995185
  1
Ar Condicionado - 4 x 12000 BTU
 50
90.0
  7
arial
100
AcDbText
  0
LINE
  5
16BF
330
1F
100
AcDbEntity
  8
0
100
AcDbLine
 10
2506.930383336395
 20
1656.918080724427
 30
0.0
 11
2506.930383336395
 21
1645.889224666099
 31
0.0
  0
LINE
  5
16C0
330
1F
100
AcDbEntity
  8
0
100
AcDbLine
 10
2506.930383336395
 20
1642.470503925278
 30
0.0
 11
2506.930383336395
 21
1630.536072853176
 31
0.0
  0
TEXT
  5
16C1
330
1F
100
AcDbEntity
  8
0
100
AcDbText
 10
2508.430563497017
 20
1598.915325143525
 30
0.0
 40
2.435979209995185
  1
Freezer - 02 x 400W
 50
90.0
  7
arial
100
AcDbText
  0
LINE
  5
16C2
330
1F
100
AcDbEntity
  8
0
100
AcDbLine
 10
2516.26785101514
 20
1656.918080724427
 30
0.0
 11
2516.26785101514
 21
1645.889224666099
 31
0.0
  0
LINE
  5
16C3
330
1F
100
AcDbEntity
  8
0
100
AcDbLine
 10
2516.26785101514
 20
1642.470503925278
 30
0.0
 11
2516.26785101514
 21
1630.536072853176
 31
0.0
  0
TEXT
  5
16C4
330
1F
100
AcDbEntity
  8
0
100
AcDbText
 10
2517.768031175757
 20
1601.787352072773
 30
0.0
 40
2.435979209995185
  1
Iluminação - 500W
 50
90.0
  7
arial
100
AcDbText
  0
LINE
  5
16C5
330
1F
100
AcDbEntity
  8
0
100
AcDbLine
 10
2526.241956308512
 20
1656.918080724427
 30
0.0
 11
2526.241956308512
 21
1645.614755218452
 31
0.0
  0
LINE
  5
16C6
330
1F
100
AcDbEntity
  8
0
100
AcDbLine
 10
2526.241956308512
 20
1642.744973372925
 30
0.0
 11
2526.241956308512
 21
1630.536072853176
 31
0.0
  0
TEXT
  5
16C7
330
1F
100
AcDbEntity
  8
0
100
AcDbText
 10
2527.742136469133
 20
1597.020598636113
 30
0.0
 40
2.435979209995185
  1
Compressor - 1000W
 50
90.0
  7
arial
100
AcDbText
  0
LINE
  5
16C8
330
1F
100
AcDbEntity
  8
0
100
AcDbLine
 10
2535.784302166372
 20
1656.918080724427
 30
0.0
 11
2535.784302166372
 21
1645.614755218452
 31
0.0
  0
LINE
  5
16C9
330
1F
100
AcDbEntity
  8
0
100
AcDbLine
 10
2535.784302166372
 20
1642.744973372925
 30
0.0
 11
2535.784302166372
 21
1630.536072853176
 31
0.0
  0
TEXT
  5
16CA
330
1F
100
AcDbEntity
  8
0
100
AcDbText
 10
2537.284482326992
 20
1600.405318551763
 30
0.0
 40
2.435979209995185
  1
Bomba - 02 x 7 CV
 50
90.0
  7
arial
100
AcDbText
  0
CIRCLE
  5
16CB
330
1F
100
AcDbEntity
  8
0
100
AcDbCircle
 10
2461.033336220313
 20
1645.614755218452
 30
0.0
 40
0.274469447647407
  0
CIRCLE
  5
16CC
330
1F
100
AcDbEntity
  8
0
100
AcDbCircle
 10
2461.033336220313
 20
1642.744973372925
 30
0.0
 40
0.274469447647407
  0
CIRCLE
  5
16CD
330
1F
100
AcDbEntity
  8
0
100
AcDbCircle
 10
2470.169684040416
 20
1645.614755218452
 30
0.0
 40
0.274469447647407
  0
CIRCLE
  5
16CE
330
1F
100
AcDbEntity
  8
0
100
AcDbCircle
 10
2470.169684040416
 20
1642.744973372925
 30
0.0
 40
0.274469447647407
  0
CIRCLE
  5
16CF
330
1F
100
AcDbEntity
  8
0
100
AcDbCircle
 10
2479.554637800079
 20
1645.614755218452
 30
0.0
 40
0.274469447647407
  0
CIRCLE
  5
16D0
330
1F
100
AcDbEntity
  8
0
100
AcDbCircle
 10
2479.554637800079
 20
1642.744973372925
 30
0.0
 40
0.274469447647407
  0
CIRCLE
  5
16D1
330
1F
100
AcDbEntity
  8
0
100
AcDbCircle
 10
2488.467673773979
 20
1645.614755218452
 30
0.0
 40
0.274469447647407
  0
CIRCLE
  5
16D2
330
1F
100
AcDbEntity
  8
0
100
AcDbCircle
 10
2488.467673773979
 20
1642.744973372925
 30
0.0
 40
0.274469447647407
  0
CIRCLE
  5
16D3
330
1F
100
AcDbEntity
  8
0
100
AcDbCircle
 10
2497.805131510077
 20
1645.614755218452
 30
0.0
 40
0.274469447647407
  0
CIRCLE
  5
16D4
330
1F
100
AcDbEntity
  8
0
100
AcDbCircle
 10
2497.805131510077
 20
1642.744973372925
 30
0.0
 40
0.274469447647407
  0
CIRCLE
  5
16D5
330
1F
100
AcDbEntity
  8
0
100
AcDbCircle
 10
2506.930383336395
 20
1645.614755218452
 30
0.0
 40
0.274469447647407
  0
CIRCLE
  5
16D6
330
1F
100
AcDbEntity
  8
0
100
AcDbCircle
 10
2506.930383336395
 20
1642.744973372925
 30
0.0
 40
0.274469447647407
  0
CIRCLE
  5
16D7
330
1F
100
AcDbEntity
  8
0
100
AcDbCircle
 10
2516.26785101514
 20
1645.614755218452
 30
0.0
 40
0.274469447647407
  0
CIRCLE
  5
16D8
330
1F
100
AcDbEntity
  8
0
100
AcDbCircle
 10
2516.26785101514
 20
1642.744973372925
 30
0.0
 40
0.274469447647407
  0
CIRCLE
  5
16D9
330
1F
100
AcDbEntity
  8
0
100
AcDbCircle
 10
2526.241956308512
 20
1645.614755218452
 30
0.0
 40
0.274469447647407
  0
CIRCLE
  5
16DA
330
1F
100
AcDbEntity
  8
0
100
AcDbCircle
 10
2526.241956308512
 20
1642.744973372925
 30
0.0
 40
0.274469447647407
  0
CIRCLE
  5
16DB
330
1F
100
AcDbEntity
  8
0
100
AcDbCircle
 10
2535.784302166372
 20
1645.614755218452
 30
0.0
 40
0.274469447647407
  0
CIRCLE
  5
16DC
330
1F
100
AcDbEntity
  8
0
100
AcDbCircle
 10
2535.784302166372
 20
1642.744973372925
 30
0.0
 40
0.274469447647407
  0
ARC
  5
16DD
330
1F
100
AcDbEntity
  8
0
100
AcDbCircle
 10
2461.110514798698
 20
1644.174315738962
 30
0.0
 40
1.504458858966706
100
AcDbArc
 50
108.2329070618802
 51
251.8181154596632
  0
LINE
  5
16DE
330
1F
100
AcDbEntity
  8
0
100
AcDbLine
 10
2458.879224713249
 20
1644.297607199457
 30
0.0
 11
2460.566929344711
 21
1644.297607199457
 31
0.0
  0
LINE
  5
16DF
330
1F
100
AcDbEntity
  8
0
100
AcDbLine
 10
2458.879224713249
 20
1643.928892944045
 30
0.0
 11
2460.566929344711
 21
1643.928892944045
 31
0.0
  0
LINE
  5
16E0
330
1F
100
AcDbEntity
  8
0
100
AcDbLine
 10
2458.879224713249
 20
1644.63998994121
 30
0.0
 11
2460.566929344711
 21
1644.63998994121
 31
0.0
  0
ARC
  5
16E1
330
1F
100
AcDbEntity
  8
0
100
AcDbCircle
 10
2470.282218670678
 20
1644.174315738962
 30
0.0
 40
1.504458858966706
100
AcDbArc
 50
108.2329070618802
 51
251.8181154596632
  0
LINE
  5
16E2
330
1F
100
AcDbEntity
  8
0
100
AcDbLine
 10
2468.050928585228
 20
1644.297607199457
 30
0.0
 11
2469.738633216689
 21
1644.297607199457
 31
0.0
  0
LINE
  5
16E3
330
1F
100
AcDbEntity
  8
0
100
AcDbLine
 10
2468.050928585228
 20
1643.928892944045
 30
0.0
 11
2469.738633216689
 21
1643.928892944045
 31
0.0
  0
LINE
  5
16E4
330
1F
100
AcDbEntity
  8
0
100
AcDbLine
 10
2468.050928585228
 20
1644.63998994121
 30
0.0
 11
2469.738633216689
 21
1644.63998994121
 31
0.0
  0
ARC
  5
16E5
330
1F
100
AcDbEntity
  8
0
100
AcDbCircle
 10
2479.619497439134
 20
1644.174315738962
 30
0.0
 40
1.504458858966706
100
AcDbArc
 50
108.2329070618802
 51
251.8181154596632
  0
LINE
  5
16E6
330
1F
100
AcDbEntity
  8
0
100
AcDbLine
 10
2477.388207353684
 20
1644.297607199457
 30
0.0
 11
2479.075911985146
 21
1644.297607199457
 31
0.0
  0
LINE
  5
16E7
330
1F
100
AcDbEntity
  8
0
100
AcDbLine
 10
2477.388207353684
 20
1643.928892944045
 30
0.0
 11
2479.075911985146
 21
1643.928892944045
 31
0.0
  0
LINE
  5
16E8
330
1F
100
AcDbEntity
  8
0
100
AcDbLine
 10
2477.388207353684
 20
1644.63998994121
 30
0.0
 11
2479.075911985146
 21
1644.63998994121
 31
0.0
  0
ARC
  5
16E9
330
1F
100
AcDbEntity
  8
0
100
AcDbCircle
 10
2488.564101316487
 20
1644.174315738962
 30
0.0
 40
1.504458858966706
100
AcDbArc
 50
108.2329070618802
 51
251.8181154596632
  0
LINE
  5
16EA
330
1F
100
AcDbEntity
  8
0
100
AcDbLine
 10
2486.332811231039
 20
1644.297607199457
 30
0.0
 11
2488.020515862501
 21
1644.297607199457
 31
0.0
  0
LINE
  5
16EB
330
1F
100
AcDbEntity
  8
0
100
AcDbLine
 10
2486.332811231039
 20
1643.928892944045
 30
0.0
 11
2488.020515862501
 21
1643.928892944045
 31
0.0
  0
LINE
  5
16EC
330
1F
100
AcDbEntity
  8
0
100
AcDbLine
 10
2486.332811231039
 20
1644.63998994121
 30
0.0
 11
2488.020515862501
 21
1644.63998994121
 31
0.0
  0
ARC
  5
16ED
330
1F
100
AcDbEntity
  8
0
100
AcDbCircle
 10
2497.973692954824
 20
1644.174315738962
 30
0.0
 40
1.504458858966706
100
AcDbArc
 50
108.2329070618802
 51
251.8181154596632
  0
LINE
  5
16EE
330
1F
100
AcDbEntity
  8
0
100
AcDbLine
 10
2495.742402869375
 20
1644.297607199457
 30
0.0
 11
2497.430107500838
 21
1644.297607199457
 31
0.0
  0
LINE
  5
16EF
330
1F
100
AcDbEntity
  8
0
100
AcDbLine
 10
2495.742402869375
 20
1643.928892944045
 30
0.0
 11
2497.430107500838
 21
1643.928892944045
 31
0.0
  0
LINE
  5
16F0
330
1F
100
AcDbEntity
  8
0
100
AcDbLine
 10
2495.742402869375
 20
1644.63998994121
 30
0.0
 11
2497.430107500838
 21
1644.63998994121
 31
0.0
  0
ARC
  5
16F1
330
1F
100
AcDbEntity
  8
0
100
AcDbCircle
 10
2507.054202870727
 20
1644.174315738962
 30
0.0
 40
1.504458858966706
100
AcDbArc
 50
108.2329070618802
 51
251.8181154596632
  0
LINE
  5
16F2
330
1F
100
AcDbEntity
  8
0
100
AcDbLine
 10
2504.822912785278
 20
1644.297607199457
 30
0.0
 11
2506.510617416741
 21
1644.297607199457
 31
0.0
  0
LINE
  5
16F3
330
1F
100
AcDbEntity
  8
0
100
AcDbLine
 10
2504.822912785278
 20
1643.928892944045
 30
0.0
 11
2506.510617416741
 21
1643.928892944045
 31
0.0
  0
LINE
  5
16F4
330
1F
100
AcDbEntity
  8
0
100
AcDbLine
 10
2504.822912785278
 20
1644.63998994121
 30
0.0
 11
2506.510617416741
 21
1644.63998994121
 31
0.0
  0
ARC
  5
16F5
330
1F
100
AcDbEntity
  8
0
100
AcDbCircle
 10
2516.384501901159
 20
1644.174315738962
 30
0.0
 40
1.504458858966706
100
AcDbArc
 50
108.2329070618802
 51
251.8181154596632
  0
LINE
  5
16F6
330
1F
100
AcDbEntity
  8
0
100
AcDbLine
 10
2514.153211815712
 20
1644.297607199457
 30
0.0
 11
2515.840916447174
 21
1644.297607199457
 31
0.0
  0
LINE
  5
16F7
330
1F
100
AcDbEntity
  8
0
100
AcDbLine
 10
2514.153211815712
 20
1643.928892944045
 30
0.0
 11
2515.840916447174
 21
1643.928892944045
 31
0.0
  0
LINE
  5
16F8
330
1F
100
AcDbEntity
  8
0
100
AcDbLine
 10
2514.153211815712
 20
1644.63998994121
 30
0.0
 11
2515.840916447174
 21
1644.63998994121
 31
0.0
  0
ARC
  5
16F9
330
1F
100
AcDbEntity
  8
0
100
AcDbCircle
 10
2526.109335097637
 20
1644.174315738962
 30
0.0
 40
1.504458858966706
100
AcDbArc
 50
108.2329070618802
 51
251.8181154596632
  0
LINE
  5
16FA
330
1F
100
AcDbEntity
  8
0
100
AcDbLine
 10
2523.878045012189
 20
1644.297607199457
 30
0.0
 11
2525.565749643651
 21
1644.297607199457
 31
0.0
  0
LINE
  5
16FB
330
1F
100
AcDbEntity
  8
0
100
AcDbLine
 10
2523.878045012189
 20
1643.928892944045
 30
0.0
 11
2525.565749643651
 21
1643.928892944045
 31
0.0
  0
LINE
  5
16FC
330
1F
100
AcDbEntity
  8
0
100
AcDbLine
 10
2523.878045012189
 20
1644.63998994121
 30
0.0
 11
2525.565749643651
 21
1644.63998994121
 31
0.0
  0
ARC
  5
16FD
330
1F
100
AcDbEntity
  8
0
100
AcDbCircle
 10
2535.863757610866
 20
1644.174315738962
 30
0.0
 40
1.504458858966706
100
AcDbArc
 50
108.2329070618802
 51
251.8181154596632
  0
LINE
  5
16FE
330
1F
100
AcDbEntity
  8
0
100
AcDbLine
 10
2533.632467525418
 20
1644.297607199457
 30
0.0
 11
2535.320172156884
 21
1644.297607199457
 31
0.0
  0
LINE
  5
16FF
330
1F
100
AcDbEntity
  8
0
100
AcDbLine
 10
2533.632467525418
 20
1643.928892944045
 30
0.0
 11
2535.320172156884
 21
1643.928892944045
 31
0.0
  0
LINE
  5
1700
330
1F
100
AcDbEntity
  8
0
100
AcDbLine
 10
2533.632467525418
 20
1644.63998994121
 30
0.0
 11
2535.320172156884
 21
1644.63998994121
 31
0.0
  0
TEXT
  5
1701
330
1F
100
AcDbEntity
  8
0
100
AcDbText
 10
2458.339762511591
 20
1640.610890571318
 30
0.0
 40
2.435979209995185
  1
63 A
 50
90.0
  7
arial
100
AcDbText
  0
TEXT
  5
1702
330
1F
100
AcDbEntity
  8
0
100
AcDbText
 10
2467.113556839893
 20
1640.675325067134
 30
0.0
 40
2.435979209995185
  1
63 A
 50
90.0
  7
arial
100
AcDbText
  0
TEXT
  5
1703
330
1F
100
AcDbEntity
  8
0
100
AcDbText
 10
2476.672924509007
 20
1640.675325067134
 30
0.0
 40
2.435979209995185
  1
63 A
 50
90.0
  7
arial
100
AcDbText
  0
TEXT
  5
1704
330
1F
100
AcDbEntity
  8
0
100
AcDbText
 10
2486.138781585351
 20
1640.675325067134
 30
0.0
 40
2.435979209995185
  1
63 A
 50
90.0
  7
arial
100
AcDbText
  0
TEXT
  5
1705
330
1F
100
AcDbEntity
  8
0
100
AcDbText
 10
2495.228866270087
 20
1640.675325067134
 30
0.0
 40
2.435979209995185
  1
20 A
 50
90.0
  7
arial
100
AcDbText
  0
TEXT
  5
1706
330
1F
100
AcDbEntity
  8
0
100
AcDbText
 10
2504.501468121373
 20
1640.675325067134
 30
0.0
 40
2.435979209995185
  1
63 A
 50
90.0
  7
arial
100
AcDbText
  0
TEXT
  5
1707
330
1F
100
AcDbEntity
  8
0
100
AcDbText
 10
2513.677308134405
 20
1640.675325067134
 30
0.0
 40
2.435979209995185
  1
20 A
 50
90.0
  7
arial
100
AcDbText
  0
TEXT
  5
1708
330
1F
100
AcDbEntity
  8
0
100
AcDbText
 10
2523.335157719664
 20
1640.675325067134
 30
0.0
 40
2.435979209995185
  1
63 A
 50
90.0
  7
arial
100
AcDbText
  0
TEXT
  5
1709
330
1F
100
AcDbEntity
  8
0
100
AcDbText
 10
2533.368541073013
 20
1640.675325067134
 30
0.0
 40
2.435979209995185
  1
20 A
 50
90.0
  7
arial
100
AcDbText
  0
TEXT
  5
170A
330
1F
100
AcDbEntity
  8
0
100
AcDbText
 10
2490.002788612479
 20
1601.311996427544
 30
0.0
 40
2.435979209995185
  1
Tomadas - 1000W
 50
90.0
  7
arial
100
AcDbText
  0
TEXT
  5
170B
330
1F
100
AcDbEntity
  8
0
100
AcDbText
 10
2480.577100184635
 20
1600.081065402718
 30
0.0
 40
2.435979209995185
  1
Microondas - 600W
 50
90.0
  7
arial
100
AcDbText
  0
TEXT
  5
170C
330
1F
100
AcDbEntity
  8
0
100
AcDbText
 10
2471.647501474528
 20
1590.171559867489
 30
0.0
 40
2.435979209995185
  1
Maquina de Lavar - 500W
 50
90.0
  7
arial
100
AcDbText
  0
TEXT
  5
170D
330
1F
100
AcDbEntity
  8
0
100
AcDbText
 10
2462.469857905552
 20
1584.631139513724
 30
0.0
 40
2.435979209995185
  1
Chuveiro Elétrico - 2 x 4500W
 50
90.0
  7
arial
100
AcDbText
  0
LINE
  5
170E
330
1F
100
AcDbEntity
  8
0
100
AcDbLine
 10
2451.754707048495
 20
1656.918080724427
 30
0.0
 11
2451.754707048495
 21
1645.889224666099
 31
0.0
  0
LINE
  5
170F
330
1F
100
AcDbEntity
  8
0
100
AcDbLine
 10
2451.754707048495
 20
1642.470503925278
 30
0.0
 11
2451.754707048495
 21
1630.536072853176
 31
0.0
  0
TEXT
  5
1710
330
1F
100
AcDbEntity
  8
0
100
AcDbText
 10
2453.254887209113
 20
1593.271842635641
 30
0.0
 40
2.435979209995185
  1
Computador - 5 x 400W
 50
90.0
  7
arial
100
AcDbText
  0
CIRCLE
  5
1711
330
1F
100
AcDbEntity
  8
0
100
AcDbCircle
 10
2451.754707048495
 20
1645.614755218452
 30
0.0
 40
0.274469447647407
  0
CIRCLE
  5
1712
330
1F
100
AcDbEntity
  8
0
100
AcDbCircle
 10
2451.754707048495
 20
1642.744973372925
 30
0.0
 40
0.274469447647407
  0
ARC
  5
1713
330
1F
100
AcDbEntity
  8
0
100
AcDbCircle
 10
2451.923268493243
 20
1644.174315738962
 30
0.0
 40
1.504458858966706
100
AcDbArc
 50
108.2329070618802
 51
251.8181154596632
  0
LINE
  5
1714
330
1F
100
AcDbEntity
  8
0
100
AcDbLine
 10
2449.691978407793
 20
1644.297607199457
 30
0.0
 11
2451.379683039255
 21
1644.297607199457
 31
0.0
  0
LINE
  5
1715
330
1F
100
AcDbEntity
  8
0
100
AcDbLine
 10
2449.691978407793
 20
1643.928892944045
 30
0.0
 11
2451.379683039255
 21
1643.928892944045
 31
0.0
  0
LINE
  5
1716
330
1F
100
AcDbEntity
  8
0
100
AcDbLine
 10
2449.691978407793
 20
1644.63998994121
 30
0.0
 11
2451.379683039255
 21
1644.63998994121
 31
0.0
  0
TEXT
  5
1717
330
1F
100
AcDbEntity
  8
0
100
AcDbText
 10
2449.178441808505
 20
1640.675325067134
 30
0.0
 40
2.435979209995185
  1
20 A
 50
90.0
  7
arial
100
AcDbText
  0
LINE
  5
1718
330
1F
100
AcDbEntity
  8
0
100
AcDbLine
 10
2544.609826311801
 20
1656.918080724427
 30
0.0
 11
2544.609826311801
 21
1645.889224666099
 31
0.0
  0
LINE
  5
1719
330
1F
100
AcDbEntity
  8
0
100
AcDbLine
 10
2544.609826311801
 20
1642.470503925278
 30
0.0
 11
2544.609826311801
 21
1630.536072853176
 31
0.0
  0
TEXT
  5
171A
330
1F
100
AcDbEntity
  8
0
100
AcDbText
 10
2546.110006472418
 20
1583.874120239874
 30
0.0
 40
2.435979209995185
  1
Impressora a laser - 3 x 600W
 50
90.0
  7
arial
100
AcDbText
  0
CIRCLE
  5
171B
330
1F
100
AcDbEntity
  8
0
100
AcDbCircle
 10
2544.609826311801
 20
1645.614755218452
 30
0.0
 40
0.274469447647407
  0
CIRCLE
  5
171C
330
1F
100
AcDbEntity
  8
0
100
AcDbCircle
 10
2544.609826311801
 20
1642.744973372925
 30
0.0
 40
0.274469447647407
  0
ARC
  5
171D
330
1F
100
AcDbEntity
  8
0
100
AcDbCircle
 10
2544.778387756552
 20
1644.174315738962
 30
0.0
 40
1.504458858966706
100
AcDbArc
 50
108.2329070618802
 51
251.8181154596632
  0
LINE
  5
171E
330
1F
100
AcDbEntity
  8
0
100
AcDbLine
 10
2542.547097671098
 20
1644.297607199457
 30
0.0
 11
2544.234802302563
 21
1644.297607199457
 31
0.0
  0
LINE
  5
171F
330
1F
100
AcDbEntity
  8
0
100
AcDbLine
 10
2542.547097671098
 20
1643.928892944045
 30
0.0
 11
2544.234802302563
 21
1643.928892944045
 31
0.0
  0
LINE
  5
1720
330
1F
100
AcDbEntity
  8
0
100
AcDbLine
 10
2542.547097671098
 20
1644.63998994121
 30
0.0
 11
2544.234802302563
 21
1644.63998994121
 31
0.0
  0
TEXT
  5
1721
330
1F
100
AcDbEntity
  8
0
100
AcDbText
 10
2542.033561071809
 20
1640.675325067134
 30
0.0
 40
2.435979209995185
  1
20 A
 50
90.0
  7
arial
100
AcDbText
  0
LINE
  5
1722
330
1F
100
AcDbEntity
  8
0
100
AcDbLine
 10
2443.120749503281
 20
1656.918080724427
 30
0.0
 11
2443.120749503281
 21
1645.889224666099
 31
0.0
  0
LINE
  5
1723
330
1F
100
AcDbEntity
  8
0
100
AcDbLine
 10
2443.120749503281
 20
1642.470503925278
 30
0.0
 11
2443.120749503281
 21
1630.536072853176
 31
0.0
  0
TEXT
  5
1724
330
1F
100
AcDbEntity
  8
0
100
AcDbText
 10
2444.620929663898
 20
1586.490500937602
 30
0.0
 40
2.435979209995185
  1
Luminárias Externas - 500W
 50
90.0
  7
arial
100
AcDbText
  0
CIRCLE
  5
1725
330
1F
100
AcDbEntity
  8
0
100
AcDbCircle
 10
2443.120749503281
 20
1645.614755218452
 30
0.0
 40
0.274469447647407
  0
CIRCLE
  5
1726
330
1F
100
AcDbEntity
  8
0
100
AcDbCircle
 10
2443.120749503281
 20
1642.744973372925
 30
0.0
 40
0.274469447647407
  0
ARC
  5
1727
330
1F
100
AcDbEntity
  8
0
100
AcDbCircle
 10
2443.28931094803
 20
1644.174315738962
 30
0.0
 40
1.504458858966706
100
AcDbArc
 50
108.2329070618802
 51
251.8181154596632
  0
LINE
  5
1728
330
1F
100
AcDbEntity
  8
0
100
AcDbLine
 10
2441.058020862577
 20
1644.297607199457
 30
0.0
 11
2442.745725494044
 21
1644.297607199457
 31
0.0
  0
LINE
  5
1729
330
1F
100
AcDbEntity
  8
0
100
AcDbLine
 10
2441.058020862577
 20
1643.928892944045
 30
0.0
 11
2442.745725494044
 21
1643.928892944045
 31
0.0
  0
LINE
  5
172A
330
1F
100
AcDbEntity
  8
0
100
AcDbLine
 10
2441.058020862577
 20
1644.63998994121
 30
0.0
 11
2442.745725494044
 21
1644.63998994121
 31
0.0
  0
TEXT
  5
172B
330
1F
100
AcDbEntity
  8
0
100
AcDbText
 10
2440.544484263289
 20
1640.675325067134
 30
0.0
 40
2.435979209995185
  1
20 A
 50
90.0
  7
arial
100
AcDbText
  0
LINE
  5
172C
330
1F
100
AcDbEntity
  8
0
100
AcDbLine
 10
2433.805164845039
 20
1656.918080724427
 30
0.0
 11
2433.805164845039
 21
1645.889224666099
 31
0.0
  0
LINE
  5
172D
330
1F
100
AcDbEntity
  8
0
100
AcDbLine
 10
2433.805164845039
 20
1642.470503925278
 30
0.0
 11
2433.805164845039
 21
1630.536072853176
 31
0.0
  0
TEXT
  5
172E
330
1F
100
AcDbEntity
  8
0
100
AcDbText
 10
2435.305345005657
 20
1603.645023025896
 30
0.0
 40
2.435979209995185
  1
Cafeteira - 400W
 50
90.0
  7
arial
100
AcDbText
  0
CIRCLE
  5
172F
330
1F
100
AcDbEntity
  8
0
100
AcDbCircle
 10
2433.805164845039
 20
1645.614755218452
 30
0.0
 40
0.274469447647407
  0
CIRCLE
  5
1730
330
1F
100
AcDbEntity
  8
0
100
AcDbCircle
 10
2433.805164845039
 20
1642.744973372925
 30
0.0
 40
0.274469447647407
  0
ARC
  5
1731
330
1F
100
AcDbEntity
  8
0
100
AcDbCircle
 10
2433.973726289784
 20
1644.174315738962
 30
0.0
 40
1.504458858966706
100
AcDbArc
 50
108.2329070618802
 51
251.8181154596632
  0
LINE
  5
1732
330
1F
100
AcDbEntity
  8
0
100
AcDbLine
 10
2431.742436204335
 20
1644.297607199457
 30
0.0
 11
2433.430140835798
 21
1644.297607199457
 31
0.0
  0
LINE
  5
1733
330
1F
100
AcDbEntity
  8
0
100
AcDbLine
 10
2431.742436204335
 20
1643.928892944045
 30
0.0
 11
2433.430140835798
 21
1643.928892944045
 31
0.0
  0
LINE
  5
1734
330
1F
100
AcDbEntity
  8
0
100
AcDbLine
 10
2431.742436204335
 20
1644.63998994121
 30
0.0
 11
2433.430140835798
 21
1644.63998994121
 31
0.0
  0
TEXT
  5
1735
330
1F
100
AcDbEntity
  8
0
100
AcDbText
 10
2431.228899605045
 20
1640.675325067134
 30
0.0
 40
2.435979209995185
  1
20 A
 50
90.0
  7
arial
100
AcDbText
  0
LINE
  5
1736
330
1F
100
AcDbEntity
  8
0
100
AcDbLine
 10
2553.426907943685
 20
1656.918080724427
 30
0.0
 11
2553.426907943685
 21
1646.163694113746
 31
0.0
  0
LINE
  5
1737
330
1F
100
AcDbEntity
  8
0
100
AcDbLine
 10
2553.426907943685
 20
1642.744973372925
 30
0.0
 11
2553.426907943685
 21
1630.810542300823
 31
0.0
  0
TEXT
  5
1738
330
1F
100
AcDbEntity
  8
0
100
AcDbText
 10
2554.222348838487
 20
1577.460472614241
 30
0.0
 40
2.435979209995185
  1
Sistema e Equipamentos - 1500W
 50
90.0
  7
arial
100
AcDbText
  0
CIRCLE
  5
1739
330
1F
100
AcDbEntity
  8
0
100
AcDbCircle
 10
2553.426907943685
 20
1645.889224666099
 30
0.0
 40
0.274469447647407
  0
CIRCLE
  5
173A
330
1F
100
AcDbEntity
  8
0
100
AcDbCircle
 10
2553.426907943685
 20
1643.019442820573
 30
0.0
 40
0.274469447647407
  0
ARC
  5
173B
330
1F
100
AcDbEntity
  8
0
100
AcDbCircle
 10
2553.595469388434
 20
1644.448785186609
 30
0.0
 40
1.504458858966706
100
AcDbArc
 50
108.2329070618802
 51
251.8181154596632
  0
LINE
  5
173C
330
1F
100
AcDbEntity
  8
0
100
AcDbLine
 10
2551.364179302981
 20
1644.572076647104
 30
0.0
 11
2553.051883934449
 21
1644.572076647104
 31
0.0
  0
LINE
  5
173D
330
1F
100
AcDbEntity
  8
0
100
AcDbLine
 10
2551.364179302981
 20
1644.203362391692
 30
0.0
 11
2553.051883934449
 21
1644.203362391692
 31
0.0
  0
LINE
  5
173E
330
1F
100
AcDbEntity
  8
0
100
AcDbLine
 10
2551.364179302981
 20
1644.914459388857
 30
0.0
 11
2553.051883934449
 21
1644.914459388857
 31
0.0
  0
TEXT
  5
173F
330
1F
100
AcDbEntity
  8
0
100
AcDbText
 10
2550.850642703692
 20
1640.949794514781
 30
0.0
 40
2.435979209995185
  1
20 A
 50
90.0
  7
arial
100
AcDbText
  0
LINE
  5
1740
330
1F
100
AcDbEntity
  8
ARQ-FOLHA
 62
     5
 48
0.1
100
AcDbLine
 10
2637.504771059093
 20
1692.844903233011
 30
0.0
 11
2637.504771059093
 21
1671.233004030648
 31
0.0
  0
LINE
  5
1741
330
1F
100
AcDbEntity
  8
ARQ-FOLHA
 62
     5
 48
0.1
100
AcDbLine
 10
2667.761429942402
 20
1687.441928432421
 30
0.0
 11
2667.761429942402
 21
1660.427054429465
 31
0.0
  0
LINE
  5
1742
330
1F
100
AcDbEntity
  8
ARQ-FOLHA
 62
     5
 48
0.1
100
AcDbLine
 10
2637.504771059093
 20
1671.233004030648
 30
0.0
 11
2672.083809782875
 21
1671.233004030648
 31
0.0
  0
LINE
  5
1743
330
1F
100
AcDbEntity
  8
ARQ-FOLHA
 62
     5
 48
0.1
100
AcDbLine
 10
2734.642125791999
 20
1660.427054429465
 30
0.0
 11
2734.642125791999
 21
1692.844903233011
 31
0.0
  0
LINE
  5
1744
330
1F
100
AcDbEntity
  8
ARQ-FOLHA
 62
     5
 48
0.1
100
AcDbLine
 10
2734.642125791999
 20
1692.844903233011
 30
0.0
 11
2637.504771059093
 21
1692.844903233011
 31
0.0
  0
LINE
  5
1745
330
1F
100
AcDbEntity
  8
ARQ-FOLHA
 62
     5
 48
0.1
100
AcDbLine
 10
2734.642125791999
 20
1687.44192843242
 30
0.0
 11
2637.504771059093
 21
1687.441928432421
 31
0.0
  0
LINE
  5
1746
330
1F
100
AcDbEntity
  8
ARQ-FOLHA
 62
     5
 48
0.1
100
AcDbLine
 10
2734.642125791999
 20
1682.038953631828
 30
0.0
 11
2637.504771059093
 21
1682.038953631829
 31
0.0
  0
LINE
  5
1747
330
1F
100
AcDbEntity
  8
ARQ-FOLHA
 62
     5
 48
0.1
100
AcDbLine
 10
2734.642125791999
 20
1676.635978831239
 30
0.0
 11
2637.504771059093
 21
1676.635978831239
 31
0.0
  0
TEXT
  5
1748
330
1F
100
AcDbEntity
  8
0
 62
     5
100
AcDbText
 10
2677.44759050136
 20
1689.462899539185
 30
0.0
 40
2.456381524746728
  1
MÓDULOS  - EXISTENTE
  7
arial
100
AcDbText
1001
ACAD
1000
ACAD_MTEXT_DEFINED_HEIGHT_BEGIN
1070
    46
1040
0.0
1000
ACAD_MTEXT_DEFINED_HEIGHT_END
  0
TEXT
  5
1749
330
1F
100
AcDbEntity
  8
0
 62
     5
100
AcDbText
 10
2640.2181077035
 20
1683.575321621568
 30
0.0
 40
2.456381524746728
  1
Fabricante
  7
arial
100
AcDbText
1001
ACAD
1000
ACAD_MTEXT_DEFINED_HEIGHT_BEGIN
1070
    46
1040
0.0
1000
ACAD_MTEXT_DEFINED_HEIGHT_END
  0
TEXT
  5
174A
330
1F
100
AcDbEntity
  8
0
 62
     5
100
AcDbText
 10
2640.2181077035
 20
1678.296819987067
 30
0.0
 40
2.456381524746728
  1
Modelo
  7
arial
100
AcDbText
1001
ACAD
1000
ACAD_MTEXT_DEFINED_HEIGHT_BEGIN
1070
    46
1040
0.0
1000
ACAD_MTEXT_DEFINED_HEIGHT_END
  0
TEXT
  5
174B
330
1F
100
AcDbEntity
  8
0
 62
     5
100
AcDbText
 10
2640.2181077035
 20
1672.916765767259
 30
0.0
 40
2.456381524746728
  1
Potência Nominal
  7
arial
100
AcDbText
1001
ACAD
1000
ACAD_MTEXT_DEFINED_HEIGHT_BEGIN
1070
    46
1040
0.0
1000
ACAD_MTEXT_DEFINED_HEIGHT_END
  0
LINE
  5
174C
330
1F
100
AcDbEntity
  8
ARQ-FOLHA
 62
     5
 48
0.1
100
AcDbLine
 10
2637.504771059093
 20
1671.233004030648
 30
0.0
 11
2637.504771059093
 21
1660.427054429465
 31
0.0
  0
LINE
  5
174D
330
1F
100
AcDbEntity
  8
ARQ-FOLHA
 62
     5
 48
0.1
100
AcDbLine
 10
2734.642125791999
 20
1671.233004030647
 30
0.0
 11
2637.504771059093
 21
1671.233004030648
 31
0.0
  0
LINE
  5
174E
330
1F
100
AcDbEntity
  8
ARQ-FOLHA
 62
     5
 48
0.1
100
AcDbLine
 10
2734.642125791999
 20
1665.830029230057
 30
0.0
 11
2637.504771059093
 21
1665.830029230057
 31
0.0
  0
LINE
  5
174F
330
1F
100
AcDbEntity
  8
ARQ-FOLHA
 62
     5
 48
0.1
100
AcDbLine
 10
2734.642125791999
 20
1660.427054429467
 30
0.0
 11
2637.504771059093
 21
1660.427054429465
 31
0.0
  0
TEXT
  5
1750
330
1F
100
AcDbEntity
  8
0
 62
     5
100
AcDbText
 10
2640.2181077035
 20
1661.963422419204
 30
0.0
 40
2.456381524746728
  1
Potência Total
  7
arial
100
AcDbText
1001
ACAD
1000
ACAD_MTEXT_DEFINED_HEIGHT_BEGIN
1070
    46
1040
0.0
1000
ACAD_MTEXT_DEFINED_HEIGHT_END
  0
TEXT
  5
1751
330
1F
100
AcDbEntity
  8
0
 62
     5
100
AcDbText
 10
2640.2181077035
 20
1667.474232983976
 30
0.0
 40
2.456381524746728
  1
Quantidade
  7
arial
100
AcDbText
1001
ACAD
1000
ACAD_MTEXT_DEFINED_HEIGHT_BEGIN
1070
    46
1040
0.0
1000
ACAD_MTEXT_DEFINED_HEIGHT_END
  0
LINE
  5
1752
330
1F
100
AcDbEntity
  8
ARQ-FOLHA
 62
     5
 48
0.1
100
AcDbLine
 10
2650.577263322841
 20
1615.055001704257
 30
0.0
 11
2650.577263322841
 21
1594.099843338336
 31
0.0
  0
LINE
  5
1753
330
1F
100
AcDbEntity
  8
ARQ-FOLHA
 62
     5
 48
0.1
100
AcDbLine
 10
2679.914485035132
 20
1609.816212112777
 30
0.0
 11
2679.914485035127
 21
1588.843164501066
 31
0.0
  0
LINE
  5
1754
330
1F
100
AcDbEntity
  8
ARQ-FOLHA
 62
     5
 48
0.1
100
AcDbLine
 10
2650.577263322841
 20
1599.427167015864
 30
0.0
 11
2684.105516708315
 21
1599.427167015864
 31
0.0
  0
LINE
  5
1755
330
1F
100
AcDbEntity
  8
ARQ-FOLHA
 62
     5
 48
0.1
100
AcDbLine
 10
2730.984721777253
 20
1588.843164501066
 30
0.0
 11
2730.984721777253
 21
1615.055001704257
 31
0.0
  0
LINE
  5
1756
330
1F
100
AcDbEntity
  8
ARQ-FOLHA
 62
     5
 48
0.1
100
AcDbLine
 10
2730.984721777253
 20
1615.055001704257
 30
0.0
 11
2650.577263322841
 21
1615.055001704257
 31
0.0
  0
LINE
  5
1757
330
1F
100
AcDbEntity
  8
ARQ-FOLHA
 62
     5
 48
0.1
100
AcDbLine
 10
2730.984721777253
 20
1609.816212112778
 30
0.0
 11
2650.577263322841
 21
1609.816212112777
 31
0.0
  0
LINE
  5
1758
330
1F
100
AcDbEntity
  8
ARQ-FOLHA
 62
     5
 48
0.1
100
AcDbLine
 10
2730.984721777253
 20
1604.577422521296
 30
0.0
 11
2650.577263322841
 21
1604.577422521296
 31
0.0
  0
TEXT
  5
1759
330
1F
100
AcDbEntity
  8
0
 62
     5
100
AcDbText
 10
2668.667673167674
 20
1611.775770095102
 30
0.0
 40
2.381737179884648
  1
INVERSOR 01 - EXISTENTE 
  7
arial
100
AcDbText
1001
ACAD
1000
ACAD_MTEXT_DEFINED_HEIGHT_BEGIN
1070
    46
1040
0.0
1000
ACAD_MTEXT_DEFINED_HEIGHT_END
  0
TEXT
  5
175A
330
1F
100
AcDbEntity
  8
0
 62
     5
100
AcDbText
 10
2653.208147288717
 20
1606.067103471215
 30
0.0
 40
2.381737179884648
  1
Fabricante
  7
arial
100
AcDbText
1001
ACAD
1000
ACAD_MTEXT_DEFINED_HEIGHT_BEGIN
1070
    46
1040
0.0
1000
ACAD_MTEXT_DEFINED_HEIGHT_END
  0
TEXT
  5
175B
330
1F
100
AcDbEntity
  8
0
 62
     5
100
AcDbText
 10
2653.208147288717
 20
1600.940612582603
 30
0.0
 40
2.381737179884648
  1
Modelo
  7
arial
100
AcDbText
1001
ACAD
1000
ACAD_MTEXT_DEFINED_HEIGHT_BEGIN
1070
    46
1040
0.0
1000
ACAD_MTEXT_DEFINED_HEIGHT_END
  0
TEXT
  5
175C
330
1F
100
AcDbEntity
  8
0
 62
     5
100
AcDbText
 10
2653.208147288717
 20
1595.748741916613
 30
0.0
 40
2.381737179884648
  1
Potência Nominal
  7
arial
100
AcDbText
1001
ACAD
1000
ACAD_MTEXT_DEFINED_HEIGHT_BEGIN
1070
    46
1040
0.0
1000
ACAD_MTEXT_DEFINED_HEIGHT_END
  0
LINE
  5
175D
330
1F
100
AcDbEntity
  8
ARQ-FOLHA
 62
     5
 48
0.1
100
AcDbLine
 10
2650.577263322841
 20
1594.099843338336
 30
0.0
 11
2650.577263322841
 21
1588.843164501066
 31
0.0
  0
LINE
  5
175E
330
1F
100
AcDbEntity
  8
ARQ-FOLHA
 62
     5
 48
0.1
100
AcDbLine
 10
2730.984721777253
 20
1599.427167015864
 30
0.0
 11
2650.577263322841
 21
1599.427167015864
 31
0.0
  0
LINE
  5
175F
330
1F
100
AcDbEntity
  8
ARQ-FOLHA
 62
     5
 48
0.1
100
AcDbLine
 10
2730.984721777253
 20
1594.188377424384
 30
0.0
 11
2650.577263322841
 21
1594.188377424384
 31
0.0
  0
LINE
  5
1760
330
1F
100
AcDbEntity
  8
ARQ-FOLHA
 62
     5
 48
0.1
100
AcDbLine
 10
2730.984721777253
 20
1588.843164501066
 30
0.0
 11
2650.577263322841
 21
1588.843164501066
 31
0.0
  0
TEXT
  5
1761
330
1F
100
AcDbEntity
  8
0
 62
     5
100
AcDbText
 10
2652.930021965336
 20
1590.593624384699
 30
0.0
 40
2.381737179884648
  1
Quantidade
  7
arial
100
AcDbText
1001
ACAD
1000
ACAD_MTEXT_DEFINED_HEIGHT_BEGIN
1070
    46
1040
0.0
1000
ACAD_MTEXT_DEFINED_HEIGHT_END
  0
TEXT
  5
1762
330
1F
100
AcDbEntity
  8
0
 62
     5
100
AcDbText
 10
2687.782495954807
 20
1683.942151162996
 30
0.0
 40
2.456381524746728
  1
CANADIAN SOLAR
  7
arial
100
AcDbText
1001
ACAD
1000
ACAD_MTEXT_DEFINED_HEIGHT_BEGIN
1070
    46
1040
0.0
1000
ACAD_MTEXT_DEFINED_HEIGHT_END
  0
TEXT
  5
1763
330
1F
100
AcDbEntity
  8
0
 62
     5
100
AcDbText
 10
2668.17106517922
 20
1678.773268084995
 30
0.0
 40
2.456381524746728
  1
MONOFACIAL N-TYPE 585 WP
  7
arial
100
AcDbText
1001
ACAD
1000
ACAD_MTEXT_DEFINED_HEIGHT_BEGIN
1070
    46
1040
0.0
1000
ACAD_MTEXT_DEFINED_HEIGHT_END
  0
TEXT
  5
1764
330
1F
100
AcDbEntity
  8
0
 62
     5
100
AcDbText
 10
2693.928254345917
 20
1673.219065090448
 30
0.0
 40
2.456381524746728
  1
585 WP
  7
arial
100
AcDbText
1001
ACAD
1000
ACAD_MTEXT_DEFINED_HEIGHT_BEGIN
1070
    46
1040
0.0
1000
ACAD_MTEXT_DEFINED_HEIGHT_END
  0
TEXT
  5
1765
330
1F
100
AcDbEntity
  8
0
 62
     5
100
AcDbText
 10
2696.981815800981
 20
1667.562044989702
 30
0.0
 40
2.456381524746728
  1
17
  7
arial
100
AcDbText
1001
ACAD
1000
ACAD_MTEXT_DEFINED_HEIGHT_BEGIN
1070
    46
1040
0.0
1000
ACAD_MTEXT_DEFINED_HEIGHT_END
  0
TEXT
  5
1766
330
1F
100
AcDbEntity
  8
0
 62
     5
100
AcDbText
 10
2693.951178219521
 20
1661.957005108239
 30
0.0
 40
2.456381524746728
  1
9,94 KWP
  7
arial
100
AcDbText
1001
ACAD
1000
ACAD_MTEXT_DEFINED_HEIGHT_BEGIN
1070
    46
1040
0.0
1000
ACAD_MTEXT_DEFINED_HEIGHT_END
  0
TEXT
  5
1767
330
1F
100
AcDbEntity
  8
0
 62
     5
100
AcDbText
 10
2689.28325809695
 20
1606.422785822956
 30
0.0
 40
2.381737179884648
  1
CANADIAN SOLAR
  7
arial
100
AcDbText
1001
ACAD
1000
ACAD_MTEXT_DEFINED_HEIGHT_BEGIN
1070
    46
1040
0.0
1000
ACAD_MTEXT_DEFINED_HEIGHT_END
  0
TEXT
  5
1769
330
1F
100
AcDbEntity
  8
0
 62
     5
100
AcDbText
 10
2700.48467406006
 20
1595.499962465116
 30
0.0
 40
2.381737179884648
  1
7000W
  7
arial
100
AcDbText
1001
ACAD
1000
ACAD_MTEXT_DEFINED_HEIGHT_BEGIN
1070
    46
1040
0.0
1000
ACAD_MTEXT_DEFINED_HEIGHT_END
  0
TEXT
  5
176A
330
1F
100
AcDbEntity
  8
0
 62
     5
100
AcDbText
 10
2704.47287171058
 20
1589.852302754075
 30
0.0
 40
2.381737179884648
  1
01
  7
arial
100
AcDbText
1001
ACAD
1000
ACAD_MTEXT_DEFINED_HEIGHT_BEGIN
1070
    46
1040
0.0
1000
ACAD_MTEXT_DEFINED_HEIGHT_END
  0
OLE2FRAME
  5
176B
330
1F
100
AcDbEntity
  8
ARQ-FOLHA
 48
0.1
100
AcDbOle2Frame
 70
     2
  1
OLE
1001
ACAD
1000
OLEBEGIN
1070
    70
1070
     1
1070
    71
1070
     1
1070
    40
1040
0.0
1070
    41
1040
35.09804533212628
1070
    42
1040
25.07363348890431
1070
    72
1070
     0
1070
     3
1000

1070
    90
1071
        0
1070
    43
1040
0.0
1070
     4
1000

1070
    91
1071
        0
1070
    44
1040
0.0
1000
OLEEND
  0
OLE2FRAME
  5
176C
330
1F
100
AcDbEntity
  8
ARQ-FOLHA
 48
0.1
100
AcDbOle2Frame
 70
     2
  1
OLE
1001
ACAD
1000
OLEBEGIN
1070
    70
1070
     1
1070
    71
1070
     1
1070
    40
1040
0.0
1070
    41
1040
36.65478703145891
1070
    42
1040
25.01539616635546
1070
    72
1070
     0
1070
     3
1000

1070
    90
1071
        0
1070
    43
1040
0.0
1070
     4
1000

1070
    91
1071
        0
1070
    44
1040
0.0
1000
OLEEND
  0
OLE2FRAME
  5
176D
330
1F
100
AcDbEntity
  8
ARQ-FOLHA
 62
     1
 48
0.1
100
AcDbOle2Frame
 70
     2
  1
OLE
1001
ACAD
1000
OLEBEGIN
1070
    70
1070
     1
1070
    71
1070
     1
1070
    40
1040
0.0
1070
    41
1040
45.01687302089794
1070
    42
1040
21.52427122269182
1070
    72
1070
     0
1070
     3
1000

1070
    90
1071
        0
1070
    43
1040
0.0
1070
     4
1000

1070
    91
1071
        0
1070
    44
1040
0.0
1000
OLEEND
  0
TEXT
  5
176E
330
1F
100
AcDbEntity
  8
0
100
AcDbText
 10
2711.047730863136
 20
1541.050516055566
 30
0.0
 40
1.465895743057282
  1
DETALHE DA PLACA DE
  7
arial
 72
     1
 11
2722.826393145089
 21
1541.783463927095
 31
0.0
100
AcDbText
 73
     2
  0
TEXT
  5
176F
330
1F
100
AcDbEntity
  8
0
100
AcDbText
 10
2707.908364660899
 20
1538.580885107799
 30
0.0
 40
1.465895743057282
  1
ADVERTÊNCIA DE SEGURANÇA
  7
arial
 72
     1
 11
2723.66824379209
 21
1539.313832979328
 31
0.0
100
AcDbText
 73
     2
  0
LWPOLYLINE
  5
1770
330
1F
100
AcDbEntity
  8
0
 62
   250
100
AcDbPolyline
 90
        4
 70
     1
 43
0.0
 10
2714.963010429586
 20
1556.798561585912
 10
2731.663288570127
 20
1556.798561585912
 10
2731.663288570127
 20
1546.305133681523
 10
2714.963010429586
 20
1546.305133681523
  0
HATCH
  5
1771
330
1F
100
AcDbEntity
  8
0
 62
   250
100
AcDbHatch
 10
0.0
 20
0.0
 30
0.0
210
0.0
220
0.0
230
1.0
  2
SOLID
 70
     1
 71
     0
 91
        1
 92
        1
 93
        4
 72
     1
 10
2716.142015952839
 20
1556.158441919006
 11
2730.32827496105
 21
1556.158441919006
 72
     1
 10
2730.328274961051
 20
1556.158441919006
 11
2730.328274961051
 21
1552.863322883828
 72
     1
 10
2730.328274961051
 20
1552.863322883829
 11
2716.142015952839
 21
1552.863322883829
 72
     1
 10
2716.142015952839
 20
1552.863322883829
 11
2716.142015952839
 21
1556.158441919007
 97
        0
 75
     0
 76
     1
 98
        1
 10
2941.369642982225
 20
1595.285064524194
450
        0
451
        0
460
0.0
461
0.0
452
        0
462
0.0
453
        0
470

1001
ACAD
1010
0.0
1020
0.0
1030
0.0
  0
HATCH
  5
1772
330
1F
100
AcDbEntity
  8
0
 62
     2
100
AcDbHatch
 10
0.0
 20
0.0
 30
0.0
210
0.0
220
0.0
230
1.0
  2
SOLID
 70
     1
 71
     1
 91
        2
 92
        7
 72
     0
 73
     1
 93
        4
 10
2714.963010429586
 20
1556.798561585912
 10
2714.963010429586
 20
1546.305133681523
 10
2731.663288570127
 20
1546.305133681523
 10
2731.663288570127
 20
1556.798561585912
 97
        1
330
1787
 92
       24
 93
        4
 72
     1
 10
2718.091428553516
 20
1552.89307856294
 11
2729.074309198021
 21
1552.89307856294
 72
     1
 10
2729.074309198021
 20
1552.89307856294
 11
2729.074309198021
 21
1556.153300870796
 72
     1
 10
2729.074309198021
 20
1556.153300870796
 11
2718.091428553516
 21
1556.153300870796
 72
     1
 10
2718.091428553516
 20
1556.153300870796
 11
2718.091428553516
 21
1552.89307856294
 97
        1
330
1788
 75
     1
 76
     1
 47
0.4700850936995802
 98
        1
 10
2725.291089685128
 20
1556.460486852747
450
        0
451
        0
460
0.0
461
0.0
452
        0
462
0.0
453
        0
470

1001
GradientColor1ACI
1070
     5
1001
GradientColor2ACI
1070
     2
1001
ACAD
1010
0.0
1020
0.0
1030
0.0
  0
LINE
  5
1773
330
1F
100
AcDbEntity
  8
0
 62
   253
100
AcDbLine
 10
2732.010461624961
 20
1556.767332485406
 30
0.0
 11
2733.327549476733
 21
1556.767332485406
 31
0.0
  0
LINE
  5
1774
330
1F
100
AcDbEntity
  8
0
 62
   253
100
AcDbLine
 10
2732.669005550848
 20
1556.370844738737
 30
0.0
 11
2732.6690441725
 21
1546.701621428194
 31
0.0
  0
LINE
  5
1775
330
1F
100
AcDbEntity
  8
0
 62
   253
100
AcDbLine
 10
2733.327549476733
 20
1546.308032992361
 30
0.0
 11
2732.010461624961
 21
1546.305738492101
 31
0.0
  0
LINE
  5
1776
330
1F
100
AcDbEntity
  8
0
 62
   253
100
AcDbLine
 10
2732.669005550848
 20
1556.767332485406
 30
0.0
 11
2732.413895825712
 21
1556.370844738737
 31
0.0
  0
LINE
  5
1777
330
1F
100
AcDbEntity
  8
0
 62
   253
100
AcDbLine
 10
2732.924038032679
 20
1556.370844738737
 30
0.0
 11
2732.669005550848
 21
1556.767332485406
 31
0.0
  0
LINE
  5
1778
330
1F
100
AcDbEntity
  8
0
 62
   253
100
AcDbLine
 10
2732.413895825712
 20
1556.370844738737
 30
0.0
 11
2732.924038032679
 21
1556.370844738737
 31
0.0
  0
LINE
  5
1779
330
1F
100
AcDbEntity
  8
0
 62
   253
100
AcDbLine
 10
2732.669005550848
 20
1546.305133681523
 30
0.0
 11
2732.924115275987
 21
1546.701621428194
 31
0.0
  0
LINE
  5
177A
330
1F
100
AcDbEntity
  8
0
 62
   253
100
AcDbLine
 10
2732.413973069015
 20
1546.701621428194
 30
0.0
 11
2732.669005550848
 21
1546.305133681523
 31
0.0
  0
LINE
  5
177B
330
1F
100
AcDbEntity
  8
0
 62
   253
100
AcDbLine
 10
2732.924115275987
 20
1546.701621428194
 30
0.0
 11
2732.413973069015
 21
1546.701621428194
 31
0.0
  0
LINE
  5
177C
330
1F
100
AcDbEntity
  8
0
 62
   253
100
AcDbLine
 10
2714.963010429586
 20
1544.749815577384
 30
0.0
 11
2714.963010429586
 21
1546.066903429156
 31
0.0
  0
LINE
  5
177D
330
1F
100
AcDbEntity
  8
0
 62
   253
100
AcDbLine
 10
2715.359498176255
 20
1545.408359503269
 30
0.0
 11
2731.265048762754
 21
1545.408398124923
 31
0.0
  0
LINE
  5
177E
330
1F
100
AcDbEntity
  8
0
 62
   253
100
AcDbLine
 10
2731.660389259292
 20
1546.066903429156
 30
0.0
 11
2731.662683759552
 21
1544.749815577384
 31
0.0
  0
LINE
  5
177F
330
1F
100
AcDbEntity
  8
0
 62
   253
100
AcDbLine
 10
2714.963010429586
 20
1545.408359503269
 30
0.0
 11
2715.359498176255
 21
1545.153249778132
 31
0.0
  0
LINE
  5
1780
330
1F
100
AcDbEntity
  8
0
 62
   253
100
AcDbLine
 10
2715.359498176255
 20
1545.663391985103
 30
0.0
 11
2714.963010429586
 21
1545.408359503269
 31
0.0
  0
LINE
  5
1781
330
1F
100
AcDbEntity
  8
0
 62
   253
100
AcDbLine
 10
2715.359498176255
 20
1545.153249778132
 30
0.0
 11
2715.359498176255
 21
1545.663391985103
 31
0.0
  0
LINE
  5
1782
330
1F
100
AcDbEntity
  8
0
 62
   253
100
AcDbLine
 10
2731.661536509422
 20
1545.40835950327
 30
0.0
 11
2731.265048762754
 21
1545.663469228408
 31
0.0
  0
LINE
  5
1783
330
1F
100
AcDbEntity
  8
0
 62
   253
100
AcDbLine
 10
2731.265048762754
 20
1545.153327021439
 30
0.0
 11
2731.661536509422
 21
1545.40835950327
 31
0.0
  0
LINE
  5
1784
330
1F
100
AcDbEntity
  8
0
 62
   253
100
AcDbLine
 10
2731.265048762754
 20
1545.663469228408
 30
0.0
 11
2731.265048762754
 21
1545.153327021439
 31
0.0
  0
MTEXT
  5
1785
330
1F
100
AcDbEntity
  8
0
 62
     3
100
AcDbMText
 10
2722.366285533566
 20
1544.922644698619
 30
0.0
 40
0.9492524137669354
 41
82.59518912139174
 46
0.0
 71
     1
 72
     5
  1
250
 73
     1
 44
1.0
101
Embedded Object
 70
     1
 10
1.0
 20
0.0
 30
0.0
 11
2722.366285533566
 21
1544.922644698619
 31
0.0
 40
82.59518912139174
 41
0.0
 42
2.110241211777928
 43
0.9693252819980235
 71
     2
 72
     1
 44
82.59518912139174
 45
12.5
 73
     0
 74
     0
 46
0.0
  0
MTEXT
  5
1786
330
1F
100
AcDbEntity
  8
0
 62
     3
100
AcDbMText
 10
2734.01628644061
 20
1552.620754120244
 30
0.0
 40
0.9492524137669354
 41
82.59518912139174
 46
0.0
 71
     1
 72
     5
  1
150
 11
-0.0000000000000002
 21
-1.0
 31
0.0
 73
     1
 44
1.0
101
Embedded Object
 70
     1
 10
-0.0000000000000002
 20
-1.0
 30
0.0
 11
2734.01628644061
 21
1552.620754120244
 31
0.0
 40
82.59518912139174
 41
0.0
 42
2.00469677559511
 43
0.9693252819980235
 71
     2
 72
     1
 44
82.59518912139174
 45
12.5
 73
     0
 74
     0
 46
0.0
  0
LWPOLYLINE
  5
1787
102
{ACAD_REACTORS
330
1772
102
}
330
1F
100
AcDbEntity
  8
0
 62
   250
100
AcDbPolyline
 90
        4
 70
     1
 43
0.0
 10
2714.963010429586
 20
1556.798561585912
 10
2731.663288570127
 20
1556.798561585912
 10
2731.663288570127
 20
1546.305133681523
 10
2714.963010429586
 20
1546.305133681523
  0
MTEXT
  5
1788
102
{ACAD_REACTORS
330
1772
102
}
330
1F
100
AcDbEntity
  8
0
 62
     2
100
AcDbMText
 10
2718.597027411918
 20
1555.367113531745
 30
0.0
 40
1.582087356278225
 41
202.1347572503546
 46
0.0
 71
     1
 72
     5
  1
CUIDADO
 73
     1
 44
1.0
101
Embedded Object
 70
     1
 10
1.0
 20
0.0
 30
0.0
 11
2718.597027411918
 21
1555.367113531745
 31
0.0
 40
202.1347572503546
 41
0.0
 42
9.982474792342147
 43
1.637125865944111
 71
     2
 72
     1
 44
202.1347572503546
 45
12.5
 73
     0
 74
     0
 46
0.0
  0
MTEXT
  5
1789
330
1F
100
AcDbEntity
  8
0
 62
   250
100
AcDbMText
 10
2717.022105973188
 20
1552.289311249837
 30
0.0
 40
0.9492524137669354
 41
632.7657901162855
 46
0.0
 71
     1
 72
     5
  1
RISCO DE CHOQUE
 73
     1
 44
1.0
101
Embedded Object
 70
     1
 10
1.0
 20
0.0
 30
0.0
 11
2717.022105973188
 21
1552.289311249837
 31
0.0
 40
632.7657901162855
 41
0.0
 42
12.42381041128662
 43
1.039904076746042
 71
     2
 72
     1
 44
632.7657901162855
 45
12.5
 73
     0
 74
     0
 46
0.0
  0
MTEXT
  5
178A
102
{ACAD_XDICTIONARY
360
178B
102
}
330
1F
100
AcDbEntity
  8
0
 62
   250
100
AcDbMText
 10
2719.822149262388
 20
1550.893304964068
 30
0.0
 40
0.9492524137669354
 41
523.010011733986
 46
0.0
 71
     1
 72
     5
  1
ELÉTRICO
 73
     1
 44
1.0
101
Embedded Object
 70
     1
 10
1.0
 20
0.0
 30
0.0
 11
2719.822149262388
 21
1550.893304964068
 31
0.0
 40
523.010011733986
 41
0.0
 42
6.467348641680867
 43
1.205019605743701
 71
     2
 72
     1
 44
523.010011733986
 45
12.5
 73
     0
 74
     0
 46
0.0
  0
MTEXT
  5
178C
102
{ACAD_XDICTIONARY
360
178D
102
}
330
1F
100
AcDbEntity
  8
0
 62
   250
100
AcDbMText
 10
2717.022105973188
 20
1549.33944140811
 30
0.0
 40
0.9492524137669354
 41
624.2886007917039
 46
0.0
 71
     1
 72
     5
  1
GERAÇÃO PRÓPRIA
 73
     1
 44
1.0
101
Embedded Object
 70
     1
 10
1.0
 20
0.0
 30
0.0
 11
2717.022105973188
 21
1549.33944140811
 31
0.0
 40
624.2886007917039
 41
0.0
 42
12.90037915380536
 43
1.46143430959889
 71
     2
 72
     1
 44
624.2886007917039
 45
12.5
 73
     0
 74
     0
 46
0.0
  0
LWPOLYLINE
  5
178E
330
1F
100
AcDbEntity
  8
0
 62
   250
100
AcDbPolyline
 90
        4
 70
     1
 43
0.0
 10
2714.963010429586
 20
1556.798561585912
 10
2731.663288570127
 20
1556.798561585912
 10
2731.663288570127
 20
1546.305133681523
 10
2714.963010429586
 20
1546.305133681523
  0
TEXT
  5
178F
330
1F
100
AcDbEntity
  8
0
100
AcDbText
 10
2628.314912814652
 20
1503.048315656774
 30
0.0
 40
2.931791486114565
  1
OPERACIONAIS DE SEGURANÇA DA EDP 
  7
arial
 72
     1
 11
2669.621974987705
 21
1504.514211399831
 31
0.0
100
AcDbText
 73
     2
  0
TEXT
  5
1790
330
1F
100
AcDbEntity
  8
0
100
AcDbText
 10
2597.825081302167
 20
1509.841120967362
 30
0.0
 40
2.931791486114565
  1
OS CRITÉRIOS PARA  ATENDIMENTOS ADMINISTRATIVOS  E TÉCNICOS 
  7
arial
 72
     1
 11
2669.621974987705
 21
1511.307016710419
 31
0.0
100
AcDbText
 73
     2
  0
TEXT
  5
1791
330
1F
100
AcDbEntity
  8
0
100
AcDbText
 10
2590.655591208224
 20
1517.313265410617
 30
0.0
 40
2.931791486114565
  1
RECOMENDAÇÕES PARA COMPOSIÇÃO DO PROJETO EM QUESTÃO SEGUNDO
  7
arial
 72
     1
 11
2669.621974987705
 21
1518.779161153674
 31
0.0
100
AcDbText
 73
     2
  0
LWPOLYLINE
  5
1792
330
1F
100
AcDbEntity
  8
ARQ-FOLHA
 62
     7
 48
0.1
100
AcDbPolyline
 90
        4
 70
     1
 43
0.0
 10
2589.427020578952
 20
1521.981907937708
 10
2749.398851422648
 20
1521.981907937708
 10
2749.398851422648
 20
1501.76786951444
 10
2589.427020578952
 20
1501.76786951444
  0
LWPOLYLINE
  5
1793
330
1F
100
AcDbEntity
  8
ARQ-FOLHA
 62
     7
 48
0.1
100
AcDbPolyline
 90
        4
 70
     1
 43
0.0
 10
2588.795025470437
 20
1522.756328178227
 10
2750.036682444729
 20
1522.756328178227
 10
2750.036682444729
 20
1500.812590063381
 10
2588.795025470437
 20
1500.812590063381
  0
OLE2FRAME
  5
1794
330
1F
100
AcDbEntity
  8
ARQ-FOLHA
 62
     7
 48
0.1
100
AcDbOle2Frame
 70
     2
  1
OLE
1001
ACAD
1000
OLEBEGIN
1070
    70
1070
     1
1070
    71
1070
     1
1070
    40
1040
0.0
1070
    41
1040
56.13424205531192
1070
    42
1040
11.98987726549239
1070
    72
1070
     0
1070
     3
1000

1070
    90
1071
        0
1070
    43
1040
0.0
1070
     4
1000

1070
    91
1071
        0
1070
    44
1040
0.0
1000
OLEEND
  0
TEXT
  5
1795
330
1F
100
AcDbEntity
  8
0
100
AcDbText
 10
2146.487367075947
 20
1772.427609879245
 30
0.0
 40
8.795374458343696
  1
FORMATO MÍNIMO A2  
  7
arial
 72
     1
 11
2214.408536409445
 21
1776.825297108416
 31
0.0
100
AcDbText
 73
     2
  0
LINE
  5
17EE
330
1F
100
AcDbEntity
  8
0
100
AcDbLine
 10
2275.478935082268
 20
1592.756900033796
 30
0.0
 11
2275.478935082268
 21
1592.093557203508
 31
0.0
  0
LINE
  5
17EF
330
1F
100
AcDbEntity
  8
0
100
AcDbLine
 10
2275.478935082268
 20
1592.093557203508
 30
0.0
 11
2278.67549251885
 21
1593.939090500001
 31
0.0
  0
LINE
  5
17F0
330
1F
100
AcDbEntity
  8
0
100
AcDbLine
 10
2275.478935082268
 20
1592.093557203508
 30
0.0
 11
2272.282377645682
 21
1593.939090500001
 31
0.0
  0
TEXT
  5
17F1
330
1F
100
AcDbEntity
  8
0
100
AcDbText
 10
2265.27390098424
 20
1584.358174831162
 30
0.0
 40
3.824124202378143
  1
Cargas
  7
arial
100
AcDbText
  0
LINE
  5
17F3
330
1F
100
AcDbEntity
  8
0
100
AcDbLine
 10
2183.221165905368
 20
1569.377963493495
 30
0.0
 11
2183.221165905369
 21
1542.463355004545
 31
0.0
  0
LINE
  5
17F4
330
1F
100
AcDbEntity
  8
0
100
AcDbLine
 10
2183.221165905369
 20
1542.463355004545
 30
0.0
 11
2174.064266518646
 21
1542.463355004545
 31
0.0
  0
LINE
  5
17F5
330
1F
100
AcDbEntity
  8
0
100
AcDbLine
 10
2174.064266518646
 20
1542.463355004545
 30
0.0
 11
2174.064266518646
 21
1531.377543394471
 31
0.0
  0
LINE
  5
17F6
330
1F
100
AcDbEntity
  8
0
100
AcDbLine
 10
2174.064266518646
 20
1531.377543394471
 30
0.0
 11
2192.896604070375
 21
1531.377543394471
 31
0.0
  0
LINE
  5
17F7
330
1F
100
AcDbEntity
  8
0
100
AcDbLine
 10
2192.896604070375
 20
1531.377543394471
 30
0.0
 11
2192.896604070375
 21
1542.463355004545
 31
0.0
  0
LINE
  5
17F8
330
1F
100
AcDbEntity
  8
0
100
AcDbLine
 10
2192.896604070375
 20
1542.463355004545
 30
0.0
 11
2174.064266518646
 21
1531.377543394471
 31
0.0
  0
TEXT
  5
17F9
330
1F
100
AcDbEntity
  8
0
100
AcDbText
 10
2187.878545267298
 20
1573.818203546625
 30
0.0
 40
3.824124202378143
  1
Dispositivo de Proteção
  7
arial
100
AcDbText
  0
TEXT
  5
17FA
330
1F
100
AcDbEntity
  8
0
100
AcDbText
 10
2177.566070391189
 20
1538.635344897294
 30
0.0
 40
2.583746615091109
  1
CA
  7
arial
100
AcDbText
  0
TEXT
  5
17FB
330
1F
100
AcDbEntity
  8
0
100
AcDbText
 10
2186.317463728468
 20
1533.795708930739
 30
0.0
 40
2.583746615091109
  1
CC
  7
arial
100
AcDbText
  0
LINE
  5
17FC
330
1F
100
AcDbEntity
  8
0
100
AcDbLine
 10
2183.221165905369
 20
1542.463355004545
 30
0.0
 11
2192.896604070375
 21
1542.463355004545
 31
0.0
  0
HATCH
  5
17FE
330
1F
100
AcDbEntity
  8
0
 62
     7
 48
0.1
100
AcDbHatch
 10
0.0
 20
0.0
 30
0.0
210
0.0
220
0.0
230
1.0
  2
ANSI31
 70
     0
 71
     1
 91
        1
 92
        1
 93
        4
 72
     1
 10
2180.608596784018
 20
1579.580469415837
 11
2185.973450742683
 21
1579.580469415837
 72
     1
 10
2185.973450742683
 20
1579.580469415837
 11
2185.973450742683
 21
1569.377963493495
 72
     1
 10
2185.973450742683
 20
1569.377963493495
 11
2180.608596784018
 21
1569.377963493495
 72
     1
 10
2180.608596784018
 20
1569.377963493495
 11
2180.608596784018
 21
1579.580469415837
 97
        1
330
17FF
 75
     0
 76
     1
 52
0.0
 41
0.6555481899416448
 77
     0
 78
     1
 53
44.99999999999999
 43
-7708.194798025566
 44
2243.334993320115
 45
-1.471747661344814
 46
1.471747661344814
 79
     0
 98
        1
 10
-7708.194798025566
 20
2243.334993320115
1001
ACAD
1010
0.0
1020
0.0
1030
0.0
  0
LWPOLYLINE
  5
17FF
102
{ACAD_REACTORS
330
17FE
102
}
330
1F
100
AcDbEntity
  8
0
 62
     7
 48
0.1
100
AcDbPolyline
 90
        4
 70
     1
 43
0.0
 10
2180.608596784018
 20
1579.580469415837
 10
2185.973450742683
 20
1579.580469415837
 10
2185.973450742683
 20
1569.377963493495
 10
2180.608596784018
 20
1569.377963493495
  0
TEXT
  5
181C
330
1F
100
AcDbEntity
  8
0
100
AcDbText
 10
2195.22778683802
 20
1538.033824269866
 30
0.0
 40
3.702598536138874
  1
Marca
  7
arial
100
AcDbText
  0
TEXT
  5
181D
330
1F
100
AcDbEntity
  8
0
100
AcDbText
 10
2195.054969343271
 20
1532.778039280627
 30
0.0
 40
3.702598536138874
  1
Modelo
  7
arial
100
AcDbText
  0
TEXT
  5
181E
330
1F
100
AcDbEntity
  8
0
100
AcDbText
 10
2195.054969343271
 20
1527.777908480371
 30
0.0
 40
3.702598536138874
  1
Quantidade
  7
arial
100
AcDbText
  0
TEXT
  5
181F
330
1F
100
AcDbEntity
  8
0
 62
     5
 48
0.1
100
AcDbText
 10
2213.090883989932
 20
1532.374686518093
 30
0.0
 40
3.702598536138874
  1
CSI-7KS2203A-E
  7
arial
100
AcDbText
  0
TEXT
  5
1820
330
1F
100
AcDbEntity
  8
0
 62
     5
 48
0.1
100
AcDbText
 10
2222.432610767458
 20
1527.352249406334
 30
0.0
 40
3.702598536138874
  1
01
  7
arial
100
AcDbText
  0
TEXT
  5
1821
330
1F
100
AcDbEntity
  8
0
 62
     5
 48
0.1
100
AcDbText
 10
2210.74234433648
 20
1537.699396695736
 30
0.0
 40
3.702598536138874
  1
CANADIAN SOLAR
  7
arial
100
AcDbText
  0
TEXT
  5
1822
330
1F
100
AcDbEntity
  8
0
100
AcDbText
 10
2195.400604332773
 20
1543.258405313725
 30
0.0
 40
3.702598536138874
  1
Inversor 
  7
arial
100
AcDbText
  0
TEXT
  5
1829
330
1F
100
AcDbEntity
  8
0
100
AcDbText
 10
2182.159434233052
 20
1550.306040646579
 30
0.0
 40
1.726421599941519
  1
2#10(10)MM²
 50
90.0
  7
arial
100
AcDbText
  0
TEXT
  5
182B
330
1F
100
AcDbEntity
  8
0
100
AcDbText
 10
2188.892472408955
 20
1568.220387912366
 30
0.0
 40
3.824124202378143
  1
40 A
  7
arial
100
AcDbText
  0
LINE
  5
182D
330
1F
100
AcDbEntity
  8
0
100
AcDbLine
 10
2183.352797736962
 20
1531.377543394471
 30
0.0
 11
2183.478497123317
 21
1508.535727642813
 31
0.0
  0
CIRCLE
  5
1834
330
1F
100
AcDbEntity
  8
0
100
AcDbCircle
 10
2182.971892533531
 20
1500.570374418709
 30
0.0
 40
8.184401836190341
  0
TEXT
  5
1835
330
1F
100
AcDbEntity
  8
0
100
AcDbText
 10
2181.623370558417
 20
1498.946402165968
 30
0.0
 40
2.990134677329302
  1
G
  7
arial
100
AcDbText
  0
TEXT
  5
1836
330
1F
100
AcDbEntity
  8
0
100
AcDbText
 10
2194.564651024937
 20
1504.683072235202
 30
0.0
 40
3.506496543437626
  1
Marca
  7
arial
100
AcDbText
  0
TEXT
  5
1837
330
1F
100
AcDbEntity
  8
0
100
AcDbText
 10
2194.564651024937
 20
1500.180292138987
 30
0.0
 40
3.506496543437626
  1
Modelo
  7
arial
100
AcDbText
  0
TEXT
  5
1838
330
1F
100
AcDbEntity
  8
0
100
AcDbText
 10
2194.564651024937
 20
1494.666115819791
 30
0.0
 40
3.506496543437626
  1
Quantidade
  7
arial
100
AcDbText
  0
TEXT
  5
1839
330
1F
100
AcDbEntity
  8
0
 62
     5
 48
0.1
100
AcDbText
 10
2209.720301779562
 20
1504.127875829624
 30
0.0
 40
3.506496543437626
  1
CANADIAN SOLAR
  7
arial
100
AcDbText
  0
TEXT
  5
183A
330
1F
100
AcDbEntity
  8
0
 62
     5
 48
0.1
100
AcDbText
 10
2211.645323355185
 20
1499.798302286775
 30
0.0
 40
3.506496543437626
  1
MONOFACIAL N-TYPE 585 WP
  7
arial
100
AcDbText
  0
TEXT
  5
183B
330
1F
100
AcDbEntity
  8
0
 62
     5
 48
0.1
100
AcDbText
 10
2221.005516193061
 20
1494.433868989911
 30
0.0
 40
3.506496543437626
  1
17
  7
arial
100
AcDbText
  0
TEXT
  5
183C
330
1F
100
AcDbEntity
  8
0
100
AcDbText
 10
2194.564651024937
 20
1509.185852331419
 30
0.0
 40
3.506496543437626
  1
Gerador
  7
arial
100
AcDbText
  0
TEXT
  5
183D
330
1F
100
AcDbEntity
  8
0
100
AcDbText
 10
2194.564651024937
 20
1489.72460649138
 30
0.0
 40
3.506496543437626
  1
2x4mm²
  7
arial
100
AcDbText
  0
TEXT
  5
1846
330
1F
100
AcDbEntity
  8
0
 62
     5
100
AcDbText
 10
2690.245516737511
 20
1600.660944246817
 30
0.0
 40
2.381737179884648
  1
CSI-7KS2203A-E
  7
arial
100
AcDbText
1001
ACAD
1000
ACAD_MTEXT_DEFINED_HEIGHT_BEGIN
1070
    46
1040
0.0
1000
ACAD_MTEXT_DEFINED_HEIGHT_END
  0
TEXT
  5
1961
330
1F
100
AcDbEntity
  8
0
100
AcDbText
 10
2704.570026666659
 20
1338.011119481375
 30
0.0
 40
1.22051600564905
  1
0820250220581
  7
arial
100
AcDbText
  0
TEXT
  5
1962
330
1F
100
AcDbEntity
  8
0
100
AcDbText
 10
2704.570029445182
 20
1335.583968105632
 30
0.0
 40
1.22051600564905
  1
0820250220585
  7
arial
100
AcDbText
  0
LINE
  5
1A26
330
1F
100
AcDbEntity
  8
0
100
AcDbLine
 10
2278.196800447569
 20
1438.512519874649
 30
0.0
 11
2296.94394545222
 21
1438.512519874649
 31
0.0
  0
LINE
  5
1A27
330
1F
100
AcDbEntity
  8
0
100
AcDbLine
 10
2287.656556747574
 20
1463.206130656136
 30
0.0
 11
2287.570372949895
 21
1438.512519874649
 31
0.0
  0
TEXT
  5
1A56
330
1F
100
AcDbEntity
  8
0
100
AcDbText
 10
2683.058213480961
 20
1394.835568452775
 30
0.0
 40
2.012108564875366
  1
 (Escola Izaura de Almeida Silva), Cep: 29845-000.
  7
arial
100
AcDbText
  0
LINE
  5
1AFD
330
1F
100
AcDbEntity
  8
0
100
AcDbLine
 10
2183.291023763351
 20
1581.044861418492
 30
0.0
 11
2296.550134269848
 21
1581.044861418492
 31
0.0
  0
LINE
  5
1AFE
330
1F
100
AcDbEntity
  8
0
100
AcDbLine
 10
2296.550134269848
 20
1581.044861418492
 30
0.0
 11
2296.550134269848
 21
1578.63016553777
 31
0.0
  0
LINE
  5
1AFF
330
1F
100
AcDbEntity
  8
0
100
AcDbLine
 10
2296.480276411864
 20
1568.427659615428
 30
0.0
 11
2296.480276411865
 21
1541.513051126478
 31
0.0
  0
LINE
  5
1B00
330
1F
100
AcDbEntity
  8
0
100
AcDbLine
 10
2296.480276411865
 20
1541.513051126478
 30
0.0
 11
2287.323377025143
 21
1541.513051126478
 31
0.0
  0
LINE
  5
1B01
330
1F
100
AcDbEntity
  8
0
100
AcDbLine
 10
2287.323377025143
 20
1541.513051126478
 30
0.0
 11
2287.323377025143
 21
1530.427239516404
 31
0.0
  0
LINE
  5
1B02
330
1F
100
AcDbEntity
  8
0
100
AcDbLine
 10
2287.323377025143
 20
1530.427239516404
 30
0.0
 11
2306.155714576871
 21
1530.427239516404
 31
0.0
  0
LINE
  5
1B03
330
1F
100
AcDbEntity
  8
0
100
AcDbLine
 10
2306.155714576871
 20
1530.427239516404
 30
0.0
 11
2306.155714576871
 21
1541.513051126478
 31
0.0
  0
LINE
  5
1B04
330
1F
100
AcDbEntity
  8
0
100
AcDbLine
 10
2306.155714576871
 20
1541.513051126478
 30
0.0
 11
2287.323377025143
 21
1530.427239516404
 31
0.0
  0
TEXT
  5
1B05
330
1F
100
AcDbEntity
  8
0
100
AcDbText
 10
2301.137655773795
 20
1572.867899668558
 30
0.0
 40
3.824124202378143
  1
Dispositivo de Proteção
  7
arial
100
AcDbText
  0
TEXT
  5
1B06
330
1F
100
AcDbEntity
  8
0
100
AcDbText
 10
2290.825180897686
 20
1537.685041019227
 30
0.0
 40
2.583746615091109
  1
CA
  7
arial
100
AcDbText
  0
TEXT
  5
1B07
330
1F
100
AcDbEntity
  8
0
100
AcDbText
 10
2299.576574234965
 20
1532.845405052673
 30
0.0
 40
2.583746615091109
  1
CC
  7
arial
100
AcDbText
  0
LINE
  5
1B08
330
1F
100
AcDbEntity
  8
0
100
AcDbLine
 10
2296.480276411865
 20
1541.513051126478
 30
0.0
 11
2306.155714576871
 21
1541.513051126478
 31
0.0
  0
HATCH
  5
1B09
330
1F
100
AcDbEntity
  8
0
 62
     7
 48
0.1
100
AcDbHatch
 10
0.0
 20
0.0
 30
0.0
210
0.0
220
0.0
230
1.0
  2
ANSI31
 70
     0
 71
     1
 91
        1
 92
        1
 93
        4
 72
     1
 10
2293.867707290516
 20
1578.63016553777
 11
2299.23256124918
 21
1578.63016553777
 72
     1
 10
2299.23256124918
 20
1578.63016553777
 11
2299.23256124918
 21
1568.427659615428
 72
     1
 10
2299.23256124918
 20
1568.427659615428
 11
2293.867707290516
 21
1568.427659615428
 72
     1
 10
2293.867707290516
 20
1568.427659615428
 11
2293.867707290516
 21
1578.63016553777
 97
        1
330
1B0A
 75
     0
 76
     1
 52
0.0
 41
0.6555481899416448
 77
     0
 78
     1
 53
44.99999999999999
 43
-7594.93568751907
 44
2242.384689442049
 45
-1.471747661344814
 46
1.471747661344814
 79
     0
 98
        1
 10
-7594.93568751907
 20
2242.384689442049
1001
ACAD
1010
0.0
1020
0.0
1030
0.0
  0
LWPOLYLINE
  5
1B0A
102
{ACAD_REACTORS
330
1B09
102
}
330
1F
100
AcDbEntity
  8
0
 62
     7
 48
0.1
100
AcDbPolyline
 90
        4
 70
     1
 43
0.0
 10
2293.867707290516
 20
1578.63016553777
 10
2299.23256124918
 20
1578.63016553777
 10
2299.23256124918
 20
1568.427659615428
 10
2293.867707290516
 20
1568.427659615428
  0
TEXT
  5
1B0B
330
1F
100
AcDbEntity
  8
0
100
AcDbText
 10
2307.672877680785
 20
1537.083520391799
 30
0.0
 40
3.702598536138874
  1
Marca
  7
arial
100
AcDbText
  0
TEXT
  5
1B0C
330
1F
100
AcDbEntity
  8
0
100
AcDbText
 10
2307.500060186035
 20
1531.827735402561
 30
0.0
 40
3.702598536138874
  1
Modelo
  7
arial
100
AcDbText
  0
TEXT
  5
1B0D
330
1F
100
AcDbEntity
  8
0
100
AcDbText
 10
2307.500060186035
 20
1526.827604602304
 30
0.0
 40
3.702598536138874
  1
Quantidade
  7
arial
100
AcDbText
  0
TEXT
  5
1B0E
330
1F
100
AcDbEntity
  8
0
 62
     1
 48
0.1
100
AcDbText
 10
2325.535974832697
 20
1531.424382640026
 30
0.0
 40
3.702598536138874
  1
50kW-S6-GC50K-LV (220V)
  7
arial
100
AcDbText
  0
TEXT
  5
1B0F
330
1F
100
AcDbEntity
  8
0
 62
     1
 48
0.1
100
AcDbText
 10
2334.877701610222
 20
1526.401945528267
 30
0.0
 40
3.702598536138874
  1
01
  7
arial
100
AcDbText
  0
TEXT
  5
1B10
330
1F
100
AcDbEntity
  8
0
 62
     1
 48
0.1
100
AcDbText
 10
2323.187435179244
 20
1536.74909281767
 30
0.0
 40
3.702598536138874
  1
SOLIS
  7
arial
100
AcDbText
  0
TEXT
  5
1B11
330
1F
100
AcDbEntity
  8
0
100
AcDbText
 10
2307.845695175537
 20
1542.308101435658
 30
0.0
 40
3.702598536138874
  1
Inversor 
  7
arial
100
AcDbText
  0
TEXT
  5
1B12
330
1F
100
AcDbEntity
  8
0
100
AcDbText
 10
2295.418544739549
 20
1549.355736768512
 30
0.0
 40
1.726421599941519
  1
2#25(25)MM²
 50
90.0
  7
arial
100
AcDbText
  0
TEXT
  5
1B13
330
1F
100
AcDbEntity
  8
0
100
AcDbText
 10
2302.151582915452
 20
1567.270084034299
 30
0.0
 40
3.824124202378143
  1
200 A
  7
arial
100
AcDbText
  0
LINE
  5
1B14
330
1F
100
AcDbEntity
  8
0
100
AcDbLine
 10
2296.579835209799
 20
1530.427239516404
 30
0.0
 11
2296.701307978996
 21
1508.353475329512
 31
0.0
  0
CIRCLE
  5
1B15
330
1F
100
AcDbEntity
  8
0
100
AcDbCircle
 10
2296.211737868961
 20
1500.655955541865
 30
0.0
 40
7.909202933208949
  0
TEXT
  5
1B16
330
1F
100
AcDbEntity
  8
0
100
AcDbText
 10
2294.908559680189
 20
1499.086589036907
 30
0.0
 40
2.889591986557575
  1
G
  7
arial
100
AcDbText
  0
TEXT
  5
1B17
330
1F
100
AcDbEntity
  8
0
100
AcDbText
 10
2306.204842830414
 20
1504.403764249858
 30
0.0
 40
3.537767787340292
  1
Marca
  7
arial
100
AcDbText
  0
TEXT
  5
1B18
330
1F
100
AcDbEntity
  8
0
100
AcDbText
 10
2306.204842830414
 20
1499.860827965583
 30
0.0
 40
3.537767787340292
  1
Modelo
  7
arial
100
AcDbText
  0
TEXT
  5
1B19
330
1F
100
AcDbEntity
  8
0
100
AcDbText
 10
2306.204842830414
 20
1494.947901866757
 30
0.0
 40
3.537767787340292
  1
Quantidade
  7
arial
100
AcDbText
  0
TEXT
  5
1B1A
330
1F
100
AcDbEntity
  8
0
 62
     1
 48
0.1
100
AcDbText
 10
2321.49565300852
 20
1503.843616554012
 30
0.0
 40
3.537767787340292
  1
ZNShine
  7
arial
100
AcDbText
  0
TEXT
  5
1B1B
330
1F
100
AcDbEntity
  8
0
 62
     1
 48
0.1
100
AcDbText
 10
2323.437842095493
 20
1499.475431494346
 30
0.0
 40
3.537767787340292
  1
ZXI8-GPLDD132-700 - Bifacial HTJ - 700Wp
  7
arial
100
AcDbText
  0
TEXT
  5
1B1C
330
1F
100
AcDbEntity
  8
0
 62
     1
 48
0.1
100
AcDbText
 10
2332.881509954544
 20
1494.713583839266
 30
0.0
 40
3.537767787340292
  1
100
  7
arial
100
AcDbText
  0
TEXT
  5
1B1D
330
1F
100
AcDbEntity
  8
0
100
AcDbText
 10
2306.204842830414
 20
1508.946700534134
 30
0.0
 40
3.537767787340292
  1
Gerador
  7
arial
100
AcDbText
  0
TEXT
  5
1B1E
330
1F
100
AcDbEntity
  8
0
100
AcDbText
 10
2306.204842830414
 20
1489.962323724492
 30
0.0
 40
3.537767787340292
  1
2x4mm²
  7
arial
100
AcDbText
  0
LINE
  5
1B20
330
1F
100
AcDbEntity
  8
0
100
AcDbLine
 10
2295.769804247016
 20
1427.476857563614
 30
0.0
 11
2295.769804247016
 21
1423.792222714539
 31
0.0
  0
LINE
  5
1B21
330
1F
100
AcDbEntity
  8
0
100
AcDbLine
 10
2295.769804247016
 20
1423.792222714539
 30
0.0
 11
2312.724939133028
 21
1423.792222714539
 31
0.0
  0
LINE
  5
1B22
330
1F
100
AcDbEntity
  8
0
100
AcDbLine
 10
2183.291023763351
 20
1579.580469415837
 30
0.0
 11
2183.291023763351
 21
1581.044861418492
 31
0.0
  0
LINE
  5
1B25
330
1F
100
AcDbEntity
  8
0
100
AcDbLine
 10
2534.356051917778
 20
1439.163993584465
 30
0.0
 11
2534.356051917778
 21
1428.12833127343
 31
0.0
  0
LINE
  5
1B26
330
1F
100
AcDbEntity
  8
0
100
AcDbLine
 10
2553.10319692243
 20
1428.12833127343
 30
0.0
 11
2553.10319692243
 21
1439.163993584465
 31
0.0
  0
LINE
  5
1B27
330
1F
100
AcDbEntity
  8
0
100
AcDbLine
 10
2553.10319692243
 20
1439.163993584465
 30
0.0
 11
2534.356051917778
 21
1428.12833127343
 31
0.0
  0
TEXT
  5
1B28
330
1F
100
AcDbEntity
  8
0
100
AcDbText
 10
2537.842014549664
 20
1435.353300389171
 30
0.0
 40
2.57205842425826
  1
CA
  7
arial
100
AcDbText
  0
TEXT
  5
1B29
330
1F
100
AcDbEntity
  8
0
100
AcDbText
 10
2546.553818882833
 20
1430.535557664159
 30
0.0
 40
2.57205842425826
  1
CC
  7
arial
100
AcDbText
  0
TEXT
  5
1B2A
330
1F
100
AcDbEntity
  8
0
100
AcDbText
 10
2555.59981338793
 20
1432.165599646357
 30
0.0
 40
3.806824869237329
  1
Marca
  7
arial
100
AcDbText
  0
TEXT
  5
1B2B
330
1F
100
AcDbEntity
  8
0
100
AcDbText
 10
2555.422131165445
 20
1426.761866887022
 30
0.0
 40
3.806824869237329
  1
Modelo
  7
arial
100
AcDbText
  0
TEXT
  5
1B2C
330
1F
100
AcDbEntity
  8
0
 62
     1
 48
0.1
100
AcDbText
 10
2573.965747964888
 20
1426.332379723484
 30
0.0
 40
3.806824869237329
  1
50kW-S6-GC50K-LV (220V)
  7
arial
100
AcDbText
  0
TEXT
  5
1B2D
330
1F
100
AcDbEntity
  8
0
 62
     1
 48
0.1
100
AcDbText
 10
2572.067864716405
 20
1431.806977881479
 30
0.0
 40
3.806824869237329
  1
SOLIS
  7
arial
100
AcDbText
  0
TEXT
  5
1B2E
330
1F
100
AcDbEntity
  8
0
100
AcDbText
 10
2555.777495610412
 20
1437.569332405689
 30
0.0
 40
3.806824869237329
  1
Inversor 
  7
arial
100
AcDbText
  0
TEXT
  5
1B2F
330
1F
100
AcDbEntity
  8
0
100
AcDbText
 10
2547.494391281913
 20
1467.193567447314
 30
0.0
 40
3.806824869237329
  1
DISJUNTOR 200A
  7
arial
100
AcDbText
  0
HATCH
  5
1B30
330
1F
100
AcDbEntity
  8
0
 62
     7
 48
0.1
100
AcDbHatch
 10
0.0
 20
0.0
 30
0.0
210
0.0
220
0.0
230
1.0
  2
ANSI31
 70
     0
 71
     1
 91
        1
 92
        1
 93
        4
 72
     1
 10
2541.145515833326
 20
1474.01395683211
 11
2546.486100602242
 21
1474.01395683211
 72
     1
 10
2546.486100602242
 20
1474.01395683211
 11
2546.486100602242
 21
1463.857604365952
 72
     1
 10
2546.486100602242
 20
1463.857604365952
 11
2541.145515833326
 21
1463.857604365952
 72
     1
 10
2541.145515833326
 20
1463.857604365952
 11
2541.145515833326
 21
1474.01395683211
 97
        1
330
1B31
 75
     0
 76
     1
 52
0.0
 41
0.6525826621691407
 77
     0
 78
     1
 53
44.99999999999998
 43
-7302.923530603258
 44
2134.765829665164
 45
-1.465089861612006
 46
1.465089861612006
 79
     0
 98
        1
 10
-7302.923530603258
 20
2134.765829665164
1001
ACAD
1010
0.0
1020
0.0
1030
0.0
  0
LWPOLYLINE
  5
1B31
102
{ACAD_REACTORS
330
1B30
102
}
330
1F
100
AcDbEntity
  8
0
 62
     7
 48
0.1
100
AcDbPolyline
 90
        4
 70
     1
 43
0.0
 10
2541.145515833326
 20
1474.01395683211
 10
2546.486100602242
 20
1474.01395683211
 10
2546.486100602242
 20
1463.857604365952
 10
2541.145515833326
 20
1463.857604365952
  0
LINE
  5
1B32
330
1F
100
AcDbEntity
  8
0
100
AcDbLine
 10
2534.356051917778
 20
1428.12833127343
 30
0.0
 11
2553.10319692243
 21
1428.12833127343
 31
0.0
  0
TEXT
  5
1B70
330
1F
100
AcDbEntity
  8
0
100
AcDbText
 10
2542.287474825086
 20
1442.42576732119
 30
0.0
 40
2.407579989428224
  1
3#95(95)MM²
 50
90.0
  7
arial
100
AcDbText
  0
LINE
  5
1B71
330
1F
100
AcDbEntity
  8
0
 62
     3
100
AcDbLine
 10
2533.3056789496
 20
1428.12833127343
 30
0.0
 11
2533.3056789496
 21
1426.417581498099
 31
0.0
  0
LINE
  5
1B72
330
1F
100
AcDbEntity
  8
0
 62
     3
100
AcDbLine
 10
2532.010658012965
 20
1426.417581498099
 30
0.0
 11
2534.600699886235
 21
1426.417581498099
 31
0.0
  0
LINE
  5
1B73
330
1F
100
AcDbEntity
  8
0
 62
     3
100
AcDbLine
 10
2532.546756149751
 20
1426.04422317655
 30
0.0
 11
2534.113797452492
 21
1426.04422317655
 31
0.0
  0
LINE
  5
1B74
330
1F
100
AcDbEntity
  8
0
 62
     3
100
AcDbLine
 10
2533.005572842642
 20
1425.657423763272
 30
0.0
 11
2533.695074910721
 21
1425.657423763272
 31
0.0
  0
LINE
  5
1B75
330
1F
100
AcDbEntity
  8
0
 62
     3
100
AcDbLine
 10
2533.208695905465
 20
1425.261695594919
 30
0.0
 11
2533.459422270474
 21
1425.261695594919
 31
0.0
  0
LINE
  5
1B76
330
1F
100
AcDbEntity
  8
0
 62
     3
100
AcDbLine
 10
2534.356051917778
 20
1428.12833127343
 30
0.0
 11
2533.3056789496
 21
1428.12833127343
 31
0.0
  0
LINE
  5
1BA7
330
1F
100
AcDbEntity
  8
0
100
AcDbLine
 10
2543.815808217784
 20
1463.857604365952
 30
0.0
 11
2543.729624420104
 21
1439.163993584465
 31
0.0
  0
LINE
  5
1BB0
330
1F
100
AcDbEntity
  8
0
100
AcDbLine
 10
2553.10319692243
 20
1439.163993584465
 30
0.0
 11
2534.356051917778
 21
1439.163993584465
 31
0.0
  0
LINE
  5
1BB1
330
1F
100
AcDbEntity
  8
0
100
AcDbLine
 10
2543.815808217784
 20
1474.01395683211
 30
0.0
 11
2543.815808217784
 21
1476.499128425078
 31
0.0
  0
LINE
  5
1BB2
330
1F
100
AcDbEntity
  8
0
100
AcDbLine
 10
2543.815808217784
 20
1476.499128425078
 30
0.0
 11
2287.739665204505
 21
1476.499128425075
 31
0.0
  0
LINE
  5
1CF3
330
1F
100
AcDbEntity
  8
0
100
AcDbLine
 10
2243.71603760059
 20
1626.773319465777
 30
0.0
 11
2243.71603760059
 21
1594.160052808457
 31
0.0
  0
LINE
  5
1CF4
330
1F
100
AcDbEntity
  8
0
100
AcDbLine
 10
2243.71603760059
 20
1596.534356059345
 30
0.0
 11
2304.998661578627
 21
1596.534356059345
 31
0.0
  0
LINE
  5
1CF5
330
1F
100
AcDbEntity
  8
0
100
AcDbLine
 10
2304.998661578627
 20
1596.534356059345
 30
0.0
 11
2304.998661578627
 21
1591.517112843972
 31
0.0
  0
LINE
  5
1D00
330
1F
100
AcDbEntity
  8
0
100
AcDbLine
 10
2304.998661578627
 20
1590.711564635596
 30
0.0
 11
2308.880487081868
 21
1592.952737634847
 31
0.0
  0
LINE
  5
1D01
330
1F
100
AcDbEntity
  8
0
100
AcDbLine
 10
2304.998661578627
 20
1590.711564635596
 30
0.0
 11
2301.116836075368
 21
1592.952737634847
 31
0.0
  0
LINE
  5
1D15
330
1F
100
AcDbEntity
  8
0
100
AcDbLine
 10
2243.71603760059
 20
1594.160052808457
 30
0.0
 11
2243.71603760059
 21
1581.727918044135
 31
0.0
  0
LINE
  5
1D5C
330
1F
100
AcDbEntity
  8
ARQ-FOLHA
 62
     7
 48
0.1
100
AcDbLine
 10
2681.291308917938
 20
1581.281493036584
 30
0.0
 11
2681.291308917933
 21
1560.308445424873
 31
0.0
  0
LINE
  5
1D5D
330
1F
100
AcDbEntity
  8
ARQ-FOLHA
 62
     7
 48
0.1
100
AcDbLine
 10
2650.541959654355
 20
1570.892447939671
 30
0.0
 11
2684.070213039829
 21
1570.892447939671
 31
0.0
  0
LINE
  5
1D5E
330
1F
100
AcDbEntity
  8
ARQ-FOLHA
 62
     7
 48
0.1
100
AcDbLine
 10
2730.949418108767
 20
1586.520282628064
 30
0.0
 11
2650.541959654355
 21
1586.520282628064
 31
0.0
  0
LINE
  5
1D5F
330
1F
100
AcDbEntity
  8
ARQ-FOLHA
 62
     7
 48
0.1
100
AcDbLine
 10
2730.949418108767
 20
1581.281493036585
 30
0.0
 11
2650.541959654355
 21
1581.281493036584
 31
0.0
  0
LINE
  5
1D60
330
1F
100
AcDbEntity
  8
ARQ-FOLHA
 62
     7
 48
0.1
100
AcDbLine
 10
2730.949418108767
 20
1576.042703445104
 30
0.0
 11
2650.541959654355
 21
1576.042703445104
 31
0.0
  0
TEXT
  5
1D61
330
1F
100
AcDbEntity
  8
0
100
AcDbText
 10
2683.382100121887
 20
1583.241051018909
 30
0.0
 40
2.381737179884648
  1
INVERSOR 02
  7
arial
100
AcDbText
1001
ACAD
1000
ACAD_MTEXT_DEFINED_HEIGHT_BEGIN
1070
    46
1040
0.0
1000
ACAD_MTEXT_DEFINED_HEIGHT_END
  0
TEXT
  5
1D62
330
1F
100
AcDbEntity
  8
0
100
AcDbText
 10
2653.172843620231
 20
1577.532384395022
 30
0.0
 40
2.381737179884648
  1
Fabricante
  7
arial
100
AcDbText
1001
ACAD
1000
ACAD_MTEXT_DEFINED_HEIGHT_BEGIN
1070
    46
1040
0.0
1000
ACAD_MTEXT_DEFINED_HEIGHT_END
  0
TEXT
  5
1D63
330
1F
100
AcDbEntity
  8
0
100
AcDbText
 10
2653.172843620231
 20
1572.405893506411
 30
0.0
 40
2.381737179884648
  1
Modelo
  7
arial
100
AcDbText
1001
ACAD
1000
ACAD_MTEXT_DEFINED_HEIGHT_BEGIN
1070
    46
1040
0.0
1000
ACAD_MTEXT_DEFINED_HEIGHT_END
  0
TEXT
  5
1D64
330
1F
100
AcDbEntity
  8
0
100
AcDbText
 10
2653.172843620231
 20
1567.21402284042
 30
0.0
 40
2.381737179884648
  1
Potência Nominal
  7
arial
100
AcDbText
1001
ACAD
1000
ACAD_MTEXT_DEFINED_HEIGHT_BEGIN
1070
    46
1040
0.0
1000
ACAD_MTEXT_DEFINED_HEIGHT_END
  0
LINE
  5
1D65
330
1F
100
AcDbEntity
  8
ARQ-FOLHA
 62
     7
 48
0.1
100
AcDbLine
 10
2730.949418108767
 20
1570.892447939671
 30
0.0
 11
2650.541959654355
 21
1570.892447939671
 31
0.0
  0
LINE
  5
1D66
330
1F
100
AcDbEntity
  8
ARQ-FOLHA
 62
     7
 48
0.1
100
AcDbLine
 10
2730.949418108767
 20
1565.653658348191
 30
0.0
 11
2650.541959654355
 21
1565.653658348191
 31
0.0
  0
LINE
  5
1D67
330
1F
100
AcDbEntity
  8
ARQ-FOLHA
 62
     7
 48
0.1
100
AcDbLine
 10
2730.949418108767
 20
1560.308445424873
 30
0.0
 11
2650.541959654355
 21
1560.308445424873
 31
0.0
  0
TEXT
  5
1D68
330
1F
100
AcDbEntity
  8
0
100
AcDbText
 10
2652.894718296849
 20
1562.058905308506
 30
0.0
 40
2.381737179884648
  1
Quantidade
  7
arial
100
AcDbText
1001
ACAD
1000
ACAD_MTEXT_DEFINED_HEIGHT_BEGIN
1070
    46
1040
0.0
1000
ACAD_MTEXT_DEFINED_HEIGHT_END
  0
TEXT
  5
1D69
330
1F
100
AcDbEntity
  8
0
100
AcDbText
 10
2701.526589494671
 20
1577.888066746764
 30
0.0
 40
2.381737179884648
  1
SOLIS
  7
arial
100
AcDbText
1001
ACAD
1000
ACAD_MTEXT_DEFINED_HEIGHT_BEGIN
1070
    46
1040
0.0
1000
ACAD_MTEXT_DEFINED_HEIGHT_END
  0
TEXT
  5
1D6A
330
1F
100
AcDbEntity
  8
0
100
AcDbText
 10
2698.546831453648
 20
1566.965243388923
 30
0.0
 40
2.381737179884648
  1
50000W
  7
arial
100
AcDbText
1001
ACAD
1000
ACAD_MTEXT_DEFINED_HEIGHT_BEGIN
1070
    46
1040
0.0
1000
ACAD_MTEXT_DEFINED_HEIGHT_END
  0
TEXT
  5
1D6B
330
1F
100
AcDbEntity
  8
0
100
AcDbText
 10
2705.849695593385
 20
1561.317583677882
 30
0.0
 40
2.381737179884648
  1
01
  7
arial
100
AcDbText
1001
ACAD
1000
ACAD_MTEXT_DEFINED_HEIGHT_BEGIN
1070
    46
1040
0.0
1000
ACAD_MTEXT_DEFINED_HEIGHT_END
  0
TEXT
  5
1D6C
330
1F
100
AcDbEntity
  8
0
100
AcDbText
 10
2686.240731134699
 20
1572.126225170624
 30
0.0
 40
2.381737179884648
  1
50kW-S6-GC50K-LV (220V)
  7
arial
100
AcDbText
1001
ACAD
1000
ACAD_MTEXT_DEFINED_HEIGHT_BEGIN
1070
    46
1040
0.0
1000
ACAD_MTEXT_DEFINED_HEIGHT_END
  0
LINE
  5
1D73
330
1F
100
AcDbEntity
  8
0
100
AcDbLine
 10
2650.541959654355
 20
1560.308445424873
 30
0.0
 11
2650.541959654355
 21
1586.520282628064
 31
0.0
  0
LINE
  5
1D74
330
1F
100
AcDbEntity
  8
0
100
AcDbLine
 10
2730.953887963771
 20
1586.520282628064
 30
0.0
 11
2730.953887963771
 21
1560.308445424873
 31
0.0
  0
LINE
  5
1DAD
330
1F
100
AcDbEntity
  8
ARQ-FOLHA
 62
     7
 48
0.1
100
AcDbLine
 10
2637.899635380517
 20
1655.556151426265
 30
0.0
 11
2637.899635380517
 21
1633.944252223902
 31
0.0
  0
LINE
  5
1DAE
330
1F
100
AcDbEntity
  8
ARQ-FOLHA
 62
     7
 48
0.1
100
AcDbLine
 10
2668.156294263827
 20
1650.153176625675
 30
0.0
 11
2668.156294263827
 21
1623.13830262272
 31
0.0
  0
LINE
  5
1DAF
330
1F
100
AcDbEntity
  8
ARQ-FOLHA
 62
     7
 48
0.1
100
AcDbLine
 10
2637.899635380517
 20
1633.944252223902
 30
0.0
 11
2672.478674104299
 21
1633.944252223902
 31
0.0
  0
LINE
  5
1DB0
330
1F
100
AcDbEntity
  8
ARQ-FOLHA
 62
     7
 48
0.1
100
AcDbLine
 10
2735.036990113422
 20
1623.13830262272
 30
0.0
 11
2735.036990113422
 21
1655.556151426265
 31
0.0
  0
LINE
  5
1DB1
330
1F
100
AcDbEntity
  8
ARQ-FOLHA
 62
     7
 48
0.1
100
AcDbLine
 10
2735.036990113422
 20
1655.556151426265
 30
0.0
 11
2637.899635380517
 21
1655.556151426265
 31
0.0
  0
LINE
  5
1DB2
330
1F
100
AcDbEntity
  8
ARQ-FOLHA
 62
     7
 48
0.1
100
AcDbLine
 10
2735.036990113422
 20
1650.153176625674
 30
0.0
 11
2637.899635380517
 21
1650.153176625675
 31
0.0
  0
LINE
  5
1DB3
330
1F
100
AcDbEntity
  8
ARQ-FOLHA
 62
     7
 48
0.1
100
AcDbLine
 10
2735.036990113422
 20
1644.750201825082
 30
0.0
 11
2637.899635380517
 21
1644.750201825084
 31
0.0
  0
LINE
  5
1DB4
330
1F
100
AcDbEntity
  8
ARQ-FOLHA
 62
     7
 48
0.1
100
AcDbLine
 10
2735.036990113422
 20
1639.347227024493
 30
0.0
 11
2637.899635380517
 21
1639.347227024493
 31
0.0
  0
TEXT
  5
1DB5
330
1F
100
AcDbEntity
  8
0
100
AcDbText
 10
2677.842454822784
 20
1652.174147732439
 30
0.0
 40
2.456381524746728
  1
MÓDULOS 
  7
arial
100
AcDbText
1001
ACAD
1000
ACAD_MTEXT_DEFINED_HEIGHT_BEGIN
1070
    46
1040
0.0
1000
ACAD_MTEXT_DEFINED_HEIGHT_END
  0
TEXT
  5
1DB6
330
1F
100
AcDbEntity
  8
0
100
AcDbText
 10
2640.612972024925
 20
1646.286569814823
 30
0.0
 40
2.456381524746728
  1
Fabricante
  7
arial
100
AcDbText
1001
ACAD
1000
ACAD_MTEXT_DEFINED_HEIGHT_BEGIN
1070
    46
1040
0.0
1000
ACAD_MTEXT_DEFINED_HEIGHT_END
  0
TEXT
  5
1DB7
330
1F
100
AcDbEntity
  8
0
100
AcDbText
 10
2640.612972024925
 20
1641.008068180321
 30
0.0
 40
2.456381524746728
  1
Modelo
  7
arial
100
AcDbText
1001
ACAD
1000
ACAD_MTEXT_DEFINED_HEIGHT_BEGIN
1070
    46
1040
0.0
1000
ACAD_MTEXT_DEFINED_HEIGHT_END
  0
TEXT
  5
1DB8
330
1F
100
AcDbEntity
  8
0
100
AcDbText
 10
2640.612972024925
 20
1635.628013960513
 30
0.0
 40
2.456381524746728
  1
Potência Nominal
  7
arial
100
AcDbText
1001
ACAD
1000
ACAD_MTEXT_DEFINED_HEIGHT_BEGIN
1070
    46
1040
0.0
1000
ACAD_MTEXT_DEFINED_HEIGHT_END
  0
LINE
  5
1DB9
330
1F
100
AcDbEntity
  8
ARQ-FOLHA
 62
     7
 48
0.1
100
AcDbLine
 10
2637.899635380517
 20
1633.944252223902
 30
0.0
 11
2637.899635380517
 21
1623.13830262272
 31
0.0
  0
LINE
  5
1DBA
330
1F
100
AcDbEntity
  8
ARQ-FOLHA
 62
     7
 48
0.1
100
AcDbLine
 10
2735.036990113422
 20
1633.944252223901
 30
0.0
 11
2637.899635380517
 21
1633.944252223902
 31
0.0
  0
LINE
  5
1DBB
330
1F
100
AcDbEntity
  8
ARQ-FOLHA
 62
     7
 48
0.1
100
AcDbLine
 10
2735.036990113422
 20
1628.541277423311
 30
0.0
 11
2637.899635380517
 21
1628.541277423311
 31
0.0
  0
LINE
  5
1DBC
330
1F
100
AcDbEntity
  8
ARQ-FOLHA
 62
     7
 48
0.1
100
AcDbLine
 10
2735.036990113422
 20
1623.13830262272
 30
0.0
 11
2637.899635380517
 21
1623.13830262272
 31
0.0
  0
TEXT
  5
1DBD
330
1F
100
AcDbEntity
  8
0
100
AcDbText
 10
2640.612972024925
 20
1624.674670612459
 30
0.0
 40
2.456381524746728
  1
Potência Total
  7
arial
100
AcDbText
1001
ACAD
1000
ACAD_MTEXT_DEFINED_HEIGHT_BEGIN
1070
    46
1040
0.0
1000
ACAD_MTEXT_DEFINED_HEIGHT_END
  0
TEXT
  5
1DBE
330
1F
100
AcDbEntity
  8
0
100
AcDbText
 10
2640.612972024925
 20
1630.18548117723
 30
0.0
 40
2.456381524746728
  1
Quantidade
  7
arial
100
AcDbText
1001
ACAD
1000
ACAD_MTEXT_DEFINED_HEIGHT_BEGIN
1070
    46
1040
0.0
1000
ACAD_MTEXT_DEFINED_HEIGHT_END
  0
TEXT
  5
1DBF
330
1F
100
AcDbEntity
  8
0
100
AcDbText
 10
2693.732621124957
 20
1646.65339935625
 30
0.0
 40
2.456381524746728
  1
ZNShine
  7
arial
100
AcDbText
1001
ACAD
1000
ACAD_MTEXT_DEFINED_HEIGHT_BEGIN
1070
    46
1040
0.0
1000
ACAD_MTEXT_DEFINED_HEIGHT_END
  0
TEXT
  5
1DC0
330
1F
100
AcDbEntity
  8
0
100
AcDbText
 10
2673.348924232036
 20
1641.642496894172
 30
0.0
 40
2.118968070729471
  1
ZXI8-GPLDD132-700 - Bifacial HTJ - 700Wp
  7
arial
100
AcDbText
1001
ACAD
1000
ACAD_MTEXT_DEFINED_HEIGHT_BEGIN
1070
    46
1040
0.0
1000
ACAD_MTEXT_DEFINED_HEIGHT_END
  0
TEXT
  5
1DC1
330
1F
100
AcDbEntity
  8
0
100
AcDbText
 10
2694.32311866734
 20
1635.930313283702
 30
0.0
 40
2.456381524746728
  1
700 WP
  7
arial
100
AcDbText
1001
ACAD
1000
ACAD_MTEXT_DEFINED_HEIGHT_BEGIN
1070
    46
1040
0.0
1000
ACAD_MTEXT_DEFINED_HEIGHT_END
  0
TEXT
  5
1DC2
330
1F
100
AcDbEntity
  8
0
100
AcDbText
 10
2697.376680122406
 20
1630.273293182957
 30
0.0
 40
2.456381524746728
  1
100
  7
arial
100
AcDbText
1001
ACAD
1000
ACAD_MTEXT_DEFINED_HEIGHT_BEGIN
1070
    46
1040
0.0
1000
ACAD_MTEXT_DEFINED_HEIGHT_END
  0
TEXT
  5
1DC3
330
1F
100
AcDbEntity
  8
0
100
AcDbText
 10
2694.346042540944
 20
1624.668253301493
 30
0.0
 40
2.456381524746728
  1
70,00 KWP
  7
arial
100
AcDbText
1001
ACAD
1000
ACAD_MTEXT_DEFINED_HEIGHT_BEGIN
1070
    46
1040
0.0
1000
ACAD_MTEXT_DEFINED_HEIGHT_END
  0
TEXT
  5
1DCB
330
1F
100
AcDbEntity
  8
0
 62
     1
 48
0.1
100
AcDbText
 10
2319.783036220413
 20
1436.353630018762
 30
0.0
 40
3.702598536138874
  1
01
  7
arial
100
AcDbText
  0
TEXT
  5
1DD3
330
1F
100
AcDbEntity
  8
0
 62
     1
 48
0.1
100
AcDbText
 10
2577.204372569898
 20
1437.055615147599
 30
0.0
 40
3.702598536138874
  1
02
  7
arial
100
AcDbText
  0
TEXT
  5
1DE2
330
1F
100
AcDbEntity
  8
0
100
AcDbText
 10
2291.473861398189
 20
1345.069560376743
 30
0.0
 40
1.469287106792914
  1
Gerador: P2 
  7
arial
100
AcDbText
  0
TEXT
  5
1DE3
330
1F
100
AcDbEntity
  8
0
100
AcDbText
 10
2294.47149662878
 20
1359.097857878984
 30
0.0
 40
1.469287106792914
  1
Marca
  7
arial
100
AcDbText
  0
TEXT
  5
1DE4
330
1F
100
AcDbEntity
  8
0
100
AcDbText
 10
2293.872441994299
 20
1354.718224453017
 30
0.0
 40
1.469287106792914
  1
Modelo
  7
arial
100
AcDbText
  0
TEXT
  5
1DE5
330
1F
100
AcDbEntity
  8
0
100
AcDbText
 10
2292.075288090601
 20
1349.690991559616
 30
0.0
 40
1.469287106792914
  1
Quantidade
  7
arial
100
AcDbText
  0
TEXT
  5
1DE6
330
1F
100
AcDbEntity
  8
0
 62
     1
 48
0.1
100
AcDbText
 10
2288.568507026925
 20
1356.970627664285
 30
0.0
 40
1.469287106792914
  1
CANADIAN SOLAR
  7
arial
100
AcDbText
  0
TEXT
  5
1DE7
330
1F
100
AcDbEntity
  8
0
 62
     1
 48
0.1
100
AcDbText
 10
2284.071034717577
 20
1352.174892842304
 30
0.0
 40
1.469287106792914
  1
MONOFACIAL N-TYPE 585 WP
  7
arial
100
AcDbText
  0
TEXT
  5
1DE8
330
1F
100
AcDbEntity
  8
0
 62
     1
 48
0.1
100
AcDbText
 10
2303.154501146345
 20
1349.593675829083
 30
0.0
 40
1.469287106792914
  1
05
  7
arial
100
AcDbText
  0
TEXT
  5
1DE9
330
1F
100
AcDbEntity
  8
0
100
AcDbText
 10
2292.075288090601
 20
1347.980174726963
 30
0.0
 40
1.469287106792914
  1
2x4mm²
  7
arial
100
AcDbText
  0
MTEXT
  5
1ED2
330
1F
100
AcDbEntity
  8
0
100
AcDbMText
 10
2699.312710723241
 20
1385.515495260673
 30
0.0
 40
2.231612322943582
 41
46.98693235365015
 46
0.0
 71
     1
 72
     1
  1
(Escola Izaura de Almeida Silva)
 73
     1
 44
1.0
  0
LINE
  5
1F53
330
1F
100
AcDbEntity
  8
0
100
AcDbLine
 10
2445.058882813921
 20
1491.970744376852
 30
0.0
 11
2445.058882813921
 21
1476.499128425076
 31
0.0
  0
LINE
  5
20CD
330
1F
100
AcDbEntity
  8
0
100
AcDbLine
 10
2389.65713135079
 20
1422.784642060929
 30
0.0
 11
2534.851081673201
 21
1422.784642060929
 31
0.0
  0
LINE
  5
20CE
330
1F
100
AcDbEntity
  8
0
100
AcDbLine
 10
2534.851081673201
 20
1422.784642060929
 30
0.0
 11
2534.851081673202
 21
1428.12833127343
 31
0.0
  0
LINE
  5
20CF
330
1F
100
AcDbEntity
  8
0
100
AcDbLine
 10
2376.830559921494
 20
1410.432489501168
 30
0.0
 11
2376.830559921494
 21
1385.725424915289
 31
0.0
  0
LINE
  5
20D0
330
1F
100
AcDbEntity
  8
0
100
AcDbLine
 10
2376.830559921494
 20
1381.972663417179
 30
0.0
 11
2376.830559921494
 21
1368.989808475869
 31
0.0
  0
LINE
  5
20D1
330
1F
100
AcDbEntity
  8
0
100
AcDbLine
 10
2380.31910278071
 20
1401.74079811768
 30
0.0
 11
2373.342017062277
 21
1401.74079811768
 31
0.0
  0
LINE
  5
20D2
330
1F
100
AcDbEntity
  8
0
100
AcDbLine
 10
2380.31910278071
 20
1400.039087766579
 30
0.0
 11
2373.342017062277
 21
1400.039087766579
 31
0.0
  0
LWPOLYLINE
  5
20D3
330
1F
100
AcDbEntity
  8
0
100
AcDbPolyline
 90
        4
 70
     1
 43
0.0
 10
2366.798639391077
 20
1390.500032697195
 10
2374.904103520017
 20
1390.500032697195
 10
2374.904103520017
 20
1394.862597464366
 10
2366.798639391077
 20
1394.862597464366
  0
LINE
  5
20D4
330
1F
100
AcDbEntity
  8
0
100
AcDbLine
 10
2366.798639391077
 20
1394.862597464366
 30
0.0
 11
2374.904103520017
 21
1390.500032697195
 31
0.0
  0
LINE
  5
20D5
330
1F
100
AcDbEntity
  8
0
100
AcDbLine
 10
2374.904103520017
 20
1392.681315080781
 30
0.0
 11
2376.830559921494
 21
1392.681315080781
 31
0.0
  0
LWPOLYLINE
  5
20D6
330
1F
100
AcDbEntity
  8
0
100
AcDbPolyline
 90
        4
 70
     1
 43
0.0
 10
2374.649277537908
 20
1368.989808475869
 10
2374.649277537908
 20
1360.884344346928
 10
2379.01184230508
 20
1360.884344346928
 10
2379.01184230508
 20
1368.989808475869
  0
LINE
  5
20D7
330
1F
100
AcDbEntity
  8
0
100
AcDbLine
 10
2379.01184230508
 20
1360.884344346928
 30
0.0
 11
2376.830559921494
 21
1363.723217531648
 31
0.0
  0
LINE
  5
20D8
330
1F
100
AcDbEntity
  8
0
100
AcDbLine
 10
2376.830559921494
 20
1363.723217531648
 30
0.0
 11
2374.649277537908
 21
1360.884344346928
 31
0.0
  0
LINE
  5
20D9
330
1F
100
AcDbEntity
  8
0
100
AcDbLine
 10
2375.927003912336
 20
1385.725424915289
 30
0.0
 11
2377.728485655237
 21
1385.725424915289
 31
0.0
  0
LWPOLYLINE
  5
20DA
330
1F
100
AcDbEntity
  8
0
100
AcDbPolyline
 90
        4
 70
     1
 43
0.0
 10
2376.464688352843
 20
1385.725424915289
 10
2377.190801214731
 20
1385.725424915289
 10
2377.190801214731
 20
1384.21936291105
 10
2376.464688352843
 20
1384.21936291105
  0
LINE
  5
20DB
330
1F
100
AcDbEntity
  8
0
100
AcDbLine
 10
2374.904275142391
 20
1385.162889078402
 30
0.0
 11
2376.830559921494
 21
1381.972663417179
 31
0.0
  0
LWPOLYLINE
  5
20DC
330
1F
100
AcDbEntity
  8
0
100
AcDbPolyline
 90
        4
 70
     1
 43
0.0
 10
2375.006439089493
 20
1384.226937437999
 10
2375.703327816883
 20
1384.647724645819
 10
2377.02764852667
 20
1382.454444629343
 10
2376.330759799279
 20
1382.033657421523
  0
TEXT
  5
20DD
330
1F
100
AcDbEntity
  8
0
100
AcDbText
 10
2374.418705002898
 20
1412.676923515346
 30
0.0
 40
2.520940859336198
  1
MPPT 1
  7
arial
100
AcDbText
  0
LINE
  5
20DE
330
1F
100
AcDbEntity
  8
0
100
AcDbLine
 10
2389.65713135079
 20
1422.784642060929
 30
0.0
 11
2389.657131350791
 21
1410.432489501168
 31
0.0
  0
LINE
  5
20DF
330
1F
100
AcDbEntity
  8
0
 62
     3
100
AcDbLine
 10
2379.01184230508
 20
1368.989808475869
 30
0.0
 11
2381.683060397435
 21
1368.989808475869
 31
0.0
  0
LINE
  5
20E0
330
1F
100
AcDbEntity
  8
0
 62
     3
100
AcDbLine
 10
2381.683060397435
 20
1366.967722367309
 30
0.0
 11
2381.683060397435
 21
1371.011894584429
 31
0.0
  0
LINE
  5
20E1
330
1F
100
AcDbEntity
  8
0
 62
     3
100
AcDbLine
 10
2382.266033733357
 20
1367.804802729915
 30
0.0
 11
2382.266033733357
 21
1370.251629927971
 31
0.0
  0
LINE
  5
20E2
330
1F
100
AcDbEntity
  8
0
 62
     3
100
AcDbLine
 10
2382.869994409407
 20
1368.521213434039
 30
0.0
 11
2382.869994409407
 21
1369.59782348276
 31
0.0
  0
LINE
  5
20E3
330
1F
100
AcDbEntity
  8
0
 62
     3
100
AcDbLine
 10
2383.487896722299
 20
1368.838376123879
 30
0.0
 11
2383.487896722299
 21
1369.229868095469
 31
0.0
  0
TEXT
  5
20E4
330
1F
100
AcDbEntity
  8
0
 62
     1
 48
0.1
100
AcDbText
 10
2378.799108050246
 20
1387.33635302681
 30
0.0
 40
1.538468469531426
  1
2P-15A
 50
270.0
  7
arial
100
AcDbText
  0
LWPOLYLINE
  5
20E5
330
1F
100
AcDbEntity
  8
0
  6
ACAD_ISO02W100
 62
   251
420
  6513766
100
AcDbPolyline
 90
        4
 70
     1
 43
0.0
 10
2361.939487266035
 20
1407.348190632602
 10
2668.379021182171
 20
1407.348190632602
 10
2668.379021182171
 20
1377.154409176986
 10
2361.939487266035
 20
1377.154409176986
  0
TEXT
  5
20E6
330
1F
100
AcDbEntity
  8
0
 62
   251
420
  6513766
100
AcDbText
 10
2665.373606617418
 20
1399.716233047359
 30
0.0
 40
1.538468469531426
  1
PROTEÇÃO
 50
270.0
  7
arial
100
AcDbText
  0
TEXT
  5
20E7
330
1F
100
AcDbEntity
  8
0
100
AcDbText
 10
2380.780884251524
 20
1401.105303229391
 30
0.0
 40
1.35414964868273
  1
+
  7
arial
100
AcDbText
  0
TEXT
  5
20E8
330
1F
100
AcDbEntity
  8
0
100
AcDbText
 10
2380.84031519963
 20
1400.381758986158
 30
0.0
 40
1.35414964868273
  1
-
 50
270.0
  7
arial
100
AcDbText
  0
LINE
  5
20E9
330
1F
100
AcDbEntity
  8
0
100
AcDbLine
 10
2658.441964379038
 20
1410.432489501168
 30
0.0
 11
2658.441964379038
 21
1385.725424915289
 31
0.0
  0
LINE
  5
20EA
330
1F
100
AcDbEntity
  8
0
100
AcDbLine
 10
2658.441964379039
 20
1381.972663417179
 30
0.0
 11
2658.441964379038
 21
1368.989808475869
 31
0.0
  0
LINE
  5
20EB
330
1F
100
AcDbEntity
  8
0
100
AcDbLine
 10
2661.930507238255
 20
1401.740798117681
 30
0.0
 11
2654.953421519822
 21
1401.740798117681
 31
0.0
  0
LINE
  5
20EC
330
1F
100
AcDbEntity
  8
0
100
AcDbLine
 10
2661.930507238255
 20
1400.039087766579
 30
0.0
 11
2654.953421519822
 21
1400.039087766579
 31
0.0
  0
LWPOLYLINE
  5
20ED
330
1F
100
AcDbEntity
  8
0
100
AcDbPolyline
 90
        4
 70
     1
 43
0.0
 10
2648.410043848621
 20
1390.500032697195
 10
2656.515507977561
 20
1390.500032697195
 10
2656.515507977561
 20
1394.862597464366
 10
2648.410043848621
 20
1394.862597464366
  0
LINE
  5
20EE
330
1F
100
AcDbEntity
  8
0
100
AcDbLine
 10
2648.410043848621
 20
1394.862597464366
 30
0.0
 11
2656.515507977561
 21
1390.500032697195
 31
0.0
  0
LINE
  5
20EF
330
1F
100
AcDbEntity
  8
0
100
AcDbLine
 10
2646.920004010878
 20
1392.681315080781
 30
0.0
 11
2648.410043848621
 21
1392.681315080781
 31
0.0
  0
LINE
  5
20F0
330
1F
100
AcDbEntity
  8
0
100
AcDbLine
 10
2656.515507977561
 20
1392.681315080781
 30
0.0
 11
2658.441964379038
 21
1392.681315080781
 31
0.0
  0
LINE
  5
20F1
330
1F
100
AcDbEntity
  8
0
100
AcDbLine
 10
2646.920004010878
 20
1393.915865879251
 30
0.0
 11
2646.920004010878
 21
1391.446764282311
 31
0.0
  0
LINE
  5
20F2
330
1F
100
AcDbEntity
  8
0
100
AcDbLine
 10
2646.920004010878
 20
1393.915865879251
 30
0.0
 11
2645.685453212408
 21
1392.681315080781
 31
0.0
  0
LINE
  5
20F3
330
1F
100
AcDbEntity
  8
0
100
AcDbLine
 10
2645.685453212408
 20
1392.681315080781
 30
0.0
 11
2646.920004010878
 21
1391.446764282311
 31
0.0
  0
LWPOLYLINE
  5
20F4
330
1F
100
AcDbEntity
  8
0
100
AcDbPolyline
 90
        4
 70
     1
 43
0.0
 10
2656.260681995452
 20
1368.989808475869
 10
2656.260681995452
 20
1360.884344346928
 10
2660.623246762624
 20
1360.884344346928
 10
2660.623246762624
 20
1368.989808475869
  0
LINE
  5
20F5
330
1F
100
AcDbEntity
  8
0
100
AcDbLine
 10
2660.623246762624
 20
1360.884344346928
 30
0.0
 11
2658.441964379038
 21
1363.723217531649
 31
0.0
  0
LINE
  5
20F6
330
1F
100
AcDbEntity
  8
0
100
AcDbLine
 10
2658.441964379038
 20
1363.723217531649
 30
0.0
 11
2656.260681995452
 21
1360.884344346928
 31
0.0
  0
LINE
  5
20F7
330
1F
100
AcDbEntity
  8
0
100
AcDbLine
 10
2657.538408369881
 20
1385.725424915289
 30
0.0
 11
2659.339890112781
 21
1385.725424915289
 31
0.0
  0
LWPOLYLINE
  5
20F8
330
1F
100
AcDbEntity
  8
0
100
AcDbPolyline
 90
        4
 70
     1
 43
0.0
 10
2658.076092810387
 20
1385.725424915289
 10
2658.802205672275
 20
1385.725424915289
 10
2658.802205672275
 20
1384.21936291105
 10
2658.076092810387
 20
1384.21936291105
  0
LINE
  5
20F9
330
1F
100
AcDbEntity
  8
0
100
AcDbLine
 10
2656.515679599935
 20
1385.162889078402
 30
0.0
 11
2658.441964379039
 21
1381.972663417179
 31
0.0
  0
LWPOLYLINE
  5
20FA
330
1F
100
AcDbEntity
  8
0
100
AcDbPolyline
 90
        4
 70
     1
 43
0.0
 10
2656.617843547037
 20
1384.226937437999
 10
2657.314732274428
 20
1384.647724645819
 10
2658.639052984214
 20
1382.454444629343
 10
2657.942164256823
 20
1382.033657421523
  0
TEXT
  5
20FB
330
1F
100
AcDbEntity
  8
0
100
AcDbText
 10
2631.201265520823
 20
1411.93587421225
 30
0.0
 40
2.520940859336198
  1
MPPT 6
  7
arial
100
AcDbText
  0
LINE
  5
20FC
330
1F
100
AcDbEntity
  8
0
 62
     3
100
AcDbLine
 10
2660.623246762624
 20
1368.989808475869
 30
0.0
 11
2663.294464854979
 21
1368.989808475869
 31
0.0
  0
LINE
  5
20FD
330
1F
100
AcDbEntity
  8
0
 62
     3
100
AcDbLine
 10
2663.294464854979
 20
1366.967722367309
 30
0.0
 11
2663.294464854979
 21
1371.011894584429
 31
0.0
  0
LINE
  5
20FE
330
1F
100
AcDbEntity
  8
0
 62
     3
100
AcDbLine
 10
2663.877438190902
 20
1367.804802729915
 30
0.0
 11
2663.877438190902
 21
1370.251629927971
 31
0.0
  0
LINE
  5
20FF
330
1F
100
AcDbEntity
  8
0
 62
     3
100
AcDbLine
 10
2664.481398866951
 20
1368.521213434039
 30
0.0
 11
2664.481398866951
 21
1369.597823482761
 31
0.0
  0
LINE
  5
2100
330
1F
100
AcDbEntity
  8
0
 62
     3
100
AcDbLine
 10
2665.099301179843
 20
1368.838376123879
 30
0.0
 11
2665.099301179843
 21
1369.22986809547
 31
0.0
  0
TEXT
  5
2101
330
1F
100
AcDbEntity
  8
0
 62
     1
 48
0.1
100
AcDbText
 10
2660.146111518436
 20
1387.33635302681
 30
0.0
 40
1.538468469531426
  1
2P-15A
 50
270.0
  7
arial
100
AcDbText
  0
TEXT
  5
2102
330
1F
100
AcDbEntity
  8
0
100
AcDbText
 10
2662.371249572018
 20
1401.105303229391
 30
0.0
 40
1.35414964868273
  1
+
  7
arial
100
AcDbText
  0
TEXT
  5
2103
330
1F
100
AcDbEntity
  8
0
100
AcDbText
 10
2662.430680520124
 20
1400.381758986158
 30
0.0
 40
1.35414964868273
  1
-
 50
270.0
  7
arial
100
AcDbText
  0
LINE
  5
2104
330
1F
100
AcDbEntity
  8
0
100
AcDbLine
 10
2645.758886002692
 20
1410.432489501168
 30
0.0
 11
2645.758886002692
 21
1423.180846002504
 31
0.0
  0
TEXT
  5
2105
330
1F
100
AcDbEntity
  8
0
100
AcDbText
 10
2651.06781428621
 20
1339.05268473258
 30
0.0
 40
1.538468469531426
  1
Gerador: P12
  7
arial
100
AcDbText
  0
TEXT
  5
2106
330
1F
100
AcDbEntity
  8
0
100
AcDbText
 10
2654.33306924627
 20
1355.715159477263
 30
0.0
 40
1.538468469531426
  1
Marca
  7
arial
100
AcDbText
  0
TEXT
  5
2107
330
1F
100
AcDbEntity
  8
0
100
AcDbText
 10
2653.705808132758
 20
1351.129311073093
 30
0.0
 40
1.538468469531426
  1
Modelo
  7
arial
100
AcDbText
  0
TEXT
  5
2108
330
1F
100
AcDbEntity
  8
0
100
AcDbText
 10
2651.824035262805
 20
1343.891715937638
 30
0.0
 40
1.538468469531426
  1
Quantidade
  7
arial
100
AcDbText
  0
TEXT
  5
2109
330
1F
100
AcDbEntity
  8
0
 62
     1
 48
0.1
100
AcDbText
 10
2663.424912909304
 20
1343.789818097302
 30
0.0
 40
1.538468469531426
  1
08
  7
arial
100
AcDbText
  0
TEXT
  5
210A
330
1F
100
AcDbEntity
  8
0
100
AcDbText
 10
2651.824035262805
 20
1342.100345318504
 30
0.0
 40
1.538468469531426
  1
2x4mm²
  7
arial
100
AcDbText
  0
TEXT
  5
210B
330
1F
100
AcDbEntity
  8
0
 62
     1
 48
0.1
100
AcDbText
 10
2652.831503581911
 20
1353.383018834088
 30
0.0
 40
1.538468469531426
  1
ZNShine
  7
arial
100
AcDbText
  0
TEXT
  5
210C
330
1F
100
AcDbEntity
  8
0
 62
     1
 48
0.1
100
AcDbText
 10
2648.020244541806
 20
1348.977914288689
 30
0.0
 40
1.538468469531426
  1
ZXI8-GPLDD132-700
  7
arial
100
AcDbText
  0
TEXT
  5
210D
330
1F
100
AcDbEntity
  8
0
 62
     1
 48
0.1
100
AcDbText
 10
2646.014394752301
 20
1346.374166675146
 30
0.0
 40
1.538468469531426
  1
 - Bifacial HTJ - 700Wp
  7
arial
100
AcDbText
  0
LINE
  5
210E
330
1F
100
AcDbEntity
  8
0
100
AcDbLine
 10
2552.167420144066
 20
1428.12833127343
 30
0.0
 11
2552.167420144066
 21
1423.180846002504
 31
0.0
  0
LINE
  5
210F
330
1F
100
AcDbEntity
  8
0
100
AcDbLine
 10
2552.167420144066
 20
1423.180846002504
 30
0.0
 11
2645.758886002692
 21
1423.180846002504
 31
0.0
  0
TEXT
  5
2110
330
1F
100
AcDbEntity
  8
0
100
AcDbText
 10
2370.477979868107
 20
1339.840812398295
 30
0.0
 40
1.538468469531426
  1
Gerador: P1
  7
arial
100
AcDbText
  0
TEXT
  5
2111
330
1F
100
AcDbEntity
  8
0
100
AcDbText
 10
2373.743234828168
 20
1356.503287142979
 30
0.0
 40
1.538468469531426
  1
Marca
  7
arial
100
AcDbText
  0
TEXT
  5
2112
330
1F
100
AcDbEntity
  8
0
100
AcDbText
 10
2373.115973714656
 20
1351.917438738808
 30
0.0
 40
1.538468469531426
  1
Modelo
  7
arial
100
AcDbText
  0
TEXT
  5
2113
330
1F
100
AcDbEntity
  8
0
100
AcDbText
 10
2371.234200844703
 20
1344.679843603353
 30
0.0
 40
1.538468469531426
  1
Quantidade
  7
arial
100
AcDbText
  0
TEXT
  5
2114
330
1F
100
AcDbEntity
  8
0
 62
     1
 48
0.1
100
AcDbText
 10
2382.835078491202
 20
1344.577945763018
 30
0.0
 40
1.538468469531426
  1
09
  7
arial
100
AcDbText
  0
TEXT
  5
2115
330
1F
100
AcDbEntity
  8
0
100
AcDbText
 10
2371.234200844703
 20
1342.88847298422
 30
0.0
 40
1.538468469531426
  1
2x4mm²
  7
arial
100
AcDbText
  0
TEXT
  5
2116
330
1F
100
AcDbEntity
  8
0
 62
     1
 48
0.1
100
AcDbText
 10
2372.241669163809
 20
1354.171146499804
 30
0.0
 40
1.538468469531426
  1
ZNShine
  7
arial
100
AcDbText
  0
TEXT
  5
2117
330
1F
100
AcDbEntity
  8
0
 62
     1
 48
0.1
100
AcDbText
 10
2367.430410123704
 20
1349.766041954404
 30
0.0
 40
1.538468469531426
  1
ZXI8-GPLDD132-700
  7
arial
100
AcDbText
  0
TEXT
  5
2118
330
1F
100
AcDbEntity
  8
0
 62
     1
 48
0.1
100
AcDbText
 10
2365.424560334199
 20
1347.162294340862
 30
0.0
 40
1.538468469531426
  1
 - Bifacial HTJ - 700Wp
  7
arial
100
AcDbText
  0
LINE
  5
2119
330
1F
100
AcDbEntity
  8
0
100
AcDbLine
 10
2431.875840316356
 20
1410.364599690771
 30
0.0
 11
2431.875840316356
 21
1385.657535104892
 31
0.0
  0
LINE
  5
211A
330
1F
100
AcDbEntity
  8
0
100
AcDbLine
 10
2431.875840316357
 20
1381.904773606782
 30
0.0
 11
2431.875840316356
 21
1368.921918665471
 31
0.0
  0
LINE
  5
211B
330
1F
100
AcDbEntity
  8
0
100
AcDbLine
 10
2435.364383175573
 20
1401.672908307283
 30
0.0
 11
2428.38729745714
 21
1401.672908307283
 31
0.0
  0
LINE
  5
211C
330
1F
100
AcDbEntity
  8
0
100
AcDbLine
 10
2435.364383175573
 20
1399.971197956182
 30
0.0
 11
2428.38729745714
 21
1399.971197956182
 31
0.0
  0
LWPOLYLINE
  5
211D
330
1F
100
AcDbEntity
  8
0
100
AcDbPolyline
 90
        4
 70
     1
 43
0.0
 10
2421.843919785939
 20
1390.432142886797
 10
2429.949383914879
 20
1390.432142886797
 10
2429.949383914879
 20
1394.794707653969
 10
2421.843919785939
 20
1394.794707653969
  0
LINE
  5
211E
330
1F
100
AcDbEntity
  8
0
100
AcDbLine
 10
2421.843919785939
 20
1394.794707653969
 30
0.0
 11
2429.949383914879
 21
1390.432142886797
 31
0.0
  0
LINE
  5
211F
330
1F
100
AcDbEntity
  8
0
100
AcDbLine
 10
2420.353879948196
 20
1392.613425270383
 30
0.0
 11
2421.843919785939
 21
1392.613425270383
 31
0.0
  0
LINE
  5
2120
330
1F
100
AcDbEntity
  8
0
100
AcDbLine
 10
2429.949383914879
 20
1392.613425270383
 30
0.0
 11
2431.875840316356
 21
1392.613425270383
 31
0.0
  0
LINE
  5
2121
330
1F
100
AcDbEntity
  8
0
100
AcDbLine
 10
2420.353879948196
 20
1393.847976068853
 30
0.0
 11
2420.353879948196
 21
1391.378874471913
 31
0.0
  0
LINE
  5
2122
330
1F
100
AcDbEntity
  8
0
100
AcDbLine
 10
2420.353879948196
 20
1393.847976068853
 30
0.0
 11
2419.119329149726
 21
1392.613425270383
 31
0.0
  0
LINE
  5
2123
330
1F
100
AcDbEntity
  8
0
100
AcDbLine
 10
2419.119329149726
 20
1392.613425270383
 30
0.0
 11
2420.353879948196
 21
1391.378874471913
 31
0.0
  0
LWPOLYLINE
  5
2124
330
1F
100
AcDbEntity
  8
0
100
AcDbPolyline
 90
        4
 70
     1
 43
0.0
 10
2429.694557932771
 20
1368.921918665471
 10
2429.694557932771
 20
1360.816454536531
 10
2434.057122699942
 20
1360.816454536531
 10
2434.057122699942
 20
1368.921918665471
  0
LINE
  5
2125
330
1F
100
AcDbEntity
  8
0
100
AcDbLine
 10
2434.057122699942
 20
1360.816454536531
 30
0.0
 11
2431.875840316356
 21
1363.655327721251
 31
0.0
  0
LINE
  5
2126
330
1F
100
AcDbEntity
  8
0
100
AcDbLine
 10
2431.875840316356
 20
1363.655327721251
 30
0.0
 11
2429.694557932771
 21
1360.816454536531
 31
0.0
  0
LINE
  5
2127
330
1F
100
AcDbEntity
  8
0
100
AcDbLine
 10
2430.972284307199
 20
1385.657535104892
 30
0.0
 11
2432.773766050099
 21
1385.657535104892
 31
0.0
  0
LWPOLYLINE
  5
2128
330
1F
100
AcDbEntity
  8
0
100
AcDbPolyline
 90
        4
 70
     1
 43
0.0
 10
2431.509968747705
 20
1385.657535104892
 10
2432.236081609593
 20
1385.657535104892
 10
2432.236081609593
 20
1384.151473100653
 10
2431.509968747705
 20
1384.151473100653
  0
LINE
  5
2129
330
1F
100
AcDbEntity
  8
0
100
AcDbLine
 10
2429.949555537254
 20
1385.094999268005
 30
0.0
 11
2431.875840316357
 21
1381.904773606782
 31
0.0
  0
LWPOLYLINE
  5
212A
330
1F
100
AcDbEntity
  8
0
100
AcDbPolyline
 90
        4
 70
     1
 43
0.0
 10
2430.051719484355
 20
1384.159047627602
 10
2430.748608211746
 20
1384.579834835421
 10
2432.072928921533
 20
1382.386554818946
 10
2431.376040194142
 20
1381.965767611126
  0
TEXT
  5
212B
330
1F
100
AcDbEntity
  8
0
100
AcDbText
 10
2427.381480112723
 20
1411.867984401852
 30
0.0
 40
2.520940859336198
  1
MPPT 2
  7
arial
100
AcDbText
  0
LINE
  5
212C
330
1F
100
AcDbEntity
  8
0
 62
     3
100
AcDbLine
 10
2434.057122699942
 20
1368.921918665471
 30
0.0
 11
2436.728340792297
 21
1368.921918665471
 31
0.0
  0
LINE
  5
212D
330
1F
100
AcDbEntity
  8
0
 62
     3
100
AcDbLine
 10
2436.728340792297
 20
1366.899832556911
 30
0.0
 11
2436.728340792297
 21
1370.944004774031
 31
0.0
  0
LINE
  5
212E
330
1F
100
AcDbEntity
  8
0
 62
     3
100
AcDbLine
 10
2437.31131412822
 20
1367.736912919518
 30
0.0
 11
2437.31131412822
 21
1370.183740117574
 31
0.0
  0
LINE
  5
212F
330
1F
100
AcDbEntity
  8
0
 62
     3
100
AcDbLine
 10
2437.915274804269
 20
1368.453323623641
 30
0.0
 11
2437.915274804269
 21
1369.529933672363
 31
0.0
  0
LINE
  5
2130
330
1F
100
AcDbEntity
  8
0
 62
     3
100
AcDbLine
 10
2438.533177117161
 20
1368.770486313482
 30
0.0
 11
2438.533177117161
 21
1369.161978285072
 31
0.0
  0
TEXT
  5
2131
330
1F
100
AcDbEntity
  8
0
 62
     1
 48
0.1
100
AcDbText
 10
2433.579987455754
 20
1387.268463216413
 30
0.0
 40
1.538468469531426
  1
2P-15A
 50
270.0
  7
arial
100
AcDbText
  0
TEXT
  5
2132
330
1F
100
AcDbEntity
  8
0
100
AcDbText
 10
2435.805125509336
 20
1401.037413418993
 30
0.0
 40
1.35414964868273
  1
+
  7
arial
100
AcDbText
  0
TEXT
  5
2133
330
1F
100
AcDbEntity
  8
0
100
AcDbText
 10
2435.864556457442
 20
1400.313869175761
 30
0.0
 40
1.35414964868273
  1
-
 50
270.0
  7
arial
100
AcDbText
  0
LINE
  5
2134
330
1F
100
AcDbEntity
  8
0
100
AcDbLine
 10
2444.637409349452
 20
1410.364599690771
 30
0.0
 11
2444.637409349452
 21
1416.57462087585
 31
0.0
  0
TEXT
  5
2135
330
1F
100
AcDbEntity
  8
0
100
AcDbText
 10
2424.501690223528
 20
1338.984794922182
 30
0.0
 40
1.538468469531426
  1
Gerador: P3
  7
arial
100
AcDbText
  0
TEXT
  5
2136
330
1F
100
AcDbEntity
  8
0
100
AcDbText
 10
2427.766945183588
 20
1355.647269666865
 30
0.0
 40
1.538468469531426
  1
Marca
  7
arial
100
AcDbText
  0
TEXT
  5
2137
330
1F
100
AcDbEntity
  8
0
100
AcDbText
 10
2427.139684070076
 20
1351.061421262695
 30
0.0
 40
1.538468469531426
  1
Modelo
  7
arial
100
AcDbText
  0
TEXT
  5
2138
330
1F
100
AcDbEntity
  8
0
100
AcDbText
 10
2425.257911200124
 20
1343.82382612724
 30
0.0
 40
1.538468469531426
  1
Quantidade
  7
arial
100
AcDbText
  0
TEXT
  5
2139
330
1F
100
AcDbEntity
  8
0
 62
     1
 48
0.1
100
AcDbText
 10
2436.858788846622
 20
1343.721928286904
 30
0.0
 40
1.538468469531426
  1
09
  7
arial
100
AcDbText
  0
TEXT
  5
213A
330
1F
100
AcDbEntity
  8
0
100
AcDbText
 10
2425.257911200124
 20
1342.032455508106
 30
0.0
 40
1.538468469531426
  1
2x4mm²
  7
arial
100
AcDbText
  0
TEXT
  5
213B
330
1F
100
AcDbEntity
  8
0
 62
     1
 48
0.1
100
AcDbText
 10
2426.265379519229
 20
1353.315129023691
 30
0.0
 40
1.538468469531426
  1
ZNShine
  7
arial
100
AcDbText
  0
TEXT
  5
213C
330
1F
100
AcDbEntity
  8
0
 62
     1
 48
0.1
100
AcDbText
 10
2421.454120479124
 20
1348.910024478291
 30
0.0
 40
1.538468469531426
  1
ZXI8-GPLDD132-700
  7
arial
100
AcDbText
  0
TEXT
  5
213D
330
1F
100
AcDbEntity
  8
0
 62
     1
 48
0.1
100
AcDbText
 10
2419.448270689619
 20
1346.306276864749
 30
0.0
 40
1.538468469531426
  1
 - Bifacial HTJ - 700Wp
  7
arial
100
AcDbText
  0
LINE
  5
213E
330
1F
100
AcDbEntity
  8
0
100
AcDbLine
 10
2606.738774599316
 20
1410.364599690771
 30
0.0
 11
2606.738774599316
 21
1385.657535104892
 31
0.0
  0
LINE
  5
213F
330
1F
100
AcDbEntity
  8
0
100
AcDbLine
 10
2606.738774599317
 20
1381.904773606782
 30
0.0
 11
2606.738774599316
 21
1368.921918665471
 31
0.0
  0
LINE
  5
2140
330
1F
100
AcDbEntity
  8
0
100
AcDbLine
 10
2610.227317458533
 20
1401.672908307283
 30
0.0
 11
2603.2502317401
 21
1401.672908307283
 31
0.0
  0
LINE
  5
2141
330
1F
100
AcDbEntity
  8
0
100
AcDbLine
 10
2610.227317458533
 20
1399.971197956182
 30
0.0
 11
2603.2502317401
 21
1399.971197956182
 31
0.0
  0
LWPOLYLINE
  5
2142
330
1F
100
AcDbEntity
  8
0
100
AcDbPolyline
 90
        4
 70
     1
 43
0.0
 10
2596.706854068899
 20
1390.432142886797
 10
2604.812318197839
 20
1390.432142886797
 10
2604.812318197839
 20
1394.794707653969
 10
2596.706854068899
 20
1394.794707653969
  0
LINE
  5
2143
330
1F
100
AcDbEntity
  8
0
100
AcDbLine
 10
2596.706854068899
 20
1394.794707653969
 30
0.0
 11
2604.812318197839
 21
1390.432142886797
 31
0.0
  0
LINE
  5
2144
330
1F
100
AcDbEntity
  8
0
100
AcDbLine
 10
2595.216814231156
 20
1392.613425270383
 30
0.0
 11
2596.706854068899
 21
1392.613425270383
 31
0.0
  0
LINE
  5
2145
330
1F
100
AcDbEntity
  8
0
100
AcDbLine
 10
2604.812318197839
 20
1392.613425270383
 30
0.0
 11
2606.738774599316
 21
1392.613425270383
 31
0.0
  0
LINE
  5
2146
330
1F
100
AcDbEntity
  8
0
100
AcDbLine
 10
2595.216814231156
 20
1393.847976068853
 30
0.0
 11
2595.216814231156
 21
1391.378874471913
 31
0.0
  0
LINE
  5
2147
330
1F
100
AcDbEntity
  8
0
100
AcDbLine
 10
2595.216814231156
 20
1393.847976068853
 30
0.0
 11
2593.982263432686
 21
1392.613425270383
 31
0.0
  0
LINE
  5
2148
330
1F
100
AcDbEntity
  8
0
100
AcDbLine
 10
2593.982263432686
 20
1392.613425270383
 30
0.0
 11
2595.216814231156
 21
1391.378874471913
 31
0.0
  0
LWPOLYLINE
  5
2149
330
1F
100
AcDbEntity
  8
0
100
AcDbPolyline
 90
        4
 70
     1
 43
0.0
 10
2604.557492215731
 20
1368.921918665471
 10
2604.557492215731
 20
1360.816454536531
 10
2608.920056982902
 20
1360.816454536531
 10
2608.920056982902
 20
1368.921918665471
  0
LINE
  5
214A
330
1F
100
AcDbEntity
  8
0
100
AcDbLine
 10
2608.920056982902
 20
1360.816454536531
 30
0.0
 11
2606.738774599316
 21
1363.655327721251
 31
0.0
  0
LINE
  5
214B
330
1F
100
AcDbEntity
  8
0
100
AcDbLine
 10
2606.738774599316
 20
1363.655327721251
 30
0.0
 11
2604.557492215731
 21
1360.816454536531
 31
0.0
  0
LINE
  5
214C
330
1F
100
AcDbEntity
  8
0
100
AcDbLine
 10
2605.835218590159
 20
1385.657535104892
 30
0.0
 11
2607.636700333059
 21
1385.657535104892
 31
0.0
  0
LWPOLYLINE
  5
214D
330
1F
100
AcDbEntity
  8
0
100
AcDbPolyline
 90
        4
 70
     1
 43
0.0
 10
2606.372903030666
 20
1385.657535104892
 10
2607.099015892554
 20
1385.657535104892
 10
2607.099015892554
 20
1384.151473100653
 10
2606.372903030666
 20
1384.151473100653
  0
LINE
  5
214E
330
1F
100
AcDbEntity
  8
0
100
AcDbLine
 10
2604.812489820214
 20
1385.094999268005
 30
0.0
 11
2606.738774599317
 21
1381.904773606782
 31
0.0
  0
LWPOLYLINE
  5
214F
330
1F
100
AcDbEntity
  8
0
100
AcDbPolyline
 90
        4
 70
     1
 43
0.0
 10
2604.914653767316
 20
1384.159047627602
 10
2605.611542494707
 20
1384.579834835421
 10
2606.935863204493
 20
1382.386554818946
 10
2606.238974477102
 20
1381.965767611126
  0
TEXT
  5
2150
330
1F
100
AcDbEntity
  8
0
100
AcDbText
 10
2579.163786192013
 20
1411.867984401852
 30
0.0
 40
2.520940859336198
  1
MPPT 5
  7
arial
100
AcDbText
  0
LINE
  5
2151
330
1F
100
AcDbEntity
  8
0
 62
     3
100
AcDbLine
 10
2608.920056982902
 20
1368.921918665471
 30
0.0
 11
2611.591275075257
 21
1368.921918665471
 31
0.0
  0
LINE
  5
2152
330
1F
100
AcDbEntity
  8
0
 62
     3
100
AcDbLine
 10
2611.591275075257
 20
1366.899832556911
 30
0.0
 11
2611.591275075257
 21
1370.944004774031
 31
0.0
  0
LINE
  5
2153
330
1F
100
AcDbEntity
  8
0
 62
     3
100
AcDbLine
 10
2612.17424841118
 20
1367.736912919518
 30
0.0
 11
2612.17424841118
 21
1370.183740117574
 31
0.0
  0
LINE
  5
2154
330
1F
100
AcDbEntity
  8
0
 62
     3
100
AcDbLine
 10
2612.77820908723
 20
1368.453323623641
 30
0.0
 11
2612.77820908723
 21
1369.529933672363
 31
0.0
  0
LINE
  5
2155
330
1F
100
AcDbEntity
  8
0
 62
     3
100
AcDbLine
 10
2613.396111400122
 20
1368.770486313482
 30
0.0
 11
2613.396111400122
 21
1369.161978285072
 31
0.0
  0
TEXT
  5
2156
330
1F
100
AcDbEntity
  8
0
 62
     1
 48
0.1
100
AcDbText
 10
2608.442921738715
 20
1387.268463216413
 30
0.0
 40
1.538468469531426
  1
2P-15A
 50
270.0
  7
arial
100
AcDbText
  0
TEXT
  5
2157
330
1F
100
AcDbEntity
  8
0
100
AcDbText
 10
2610.668059792296
 20
1401.037413418993
 30
0.0
 40
1.35414964868273
  1
+
  7
arial
100
AcDbText
  0
TEXT
  5
2158
330
1F
100
AcDbEntity
  8
0
100
AcDbText
 10
2610.727490740402
 20
1400.313869175761
 30
0.0
 40
1.35414964868273
  1
-
 50
270.0
  7
arial
100
AcDbText
  0
LINE
  5
2159
330
1F
100
AcDbEntity
  8
0
100
AcDbLine
 10
2593.721406673882
 20
1410.364599690771
 30
0.0
 11
2593.721406673882
 21
1416.738777941439
 31
0.0
  0
TEXT
  5
215A
330
1F
100
AcDbEntity
  8
0
100
AcDbText
 10
2599.364624506489
 20
1338.984794922182
 30
0.0
 40
1.538468469531426
  1
Gerador: P10
  7
arial
100
AcDbText
  0
TEXT
  5
215B
330
1F
100
AcDbEntity
  8
0
100
AcDbText
 10
2602.629879466549
 20
1355.647269666865
 30
0.0
 40
1.538468469531426
  1
Marca
  7
arial
100
AcDbText
  0
TEXT
  5
215C
330
1F
100
AcDbEntity
  8
0
100
AcDbText
 10
2602.002618353037
 20
1351.061421262695
 30
0.0
 40
1.538468469531426
  1
Modelo
  7
arial
100
AcDbText
  0
TEXT
  5
215D
330
1F
100
AcDbEntity
  8
0
100
AcDbText
 10
2600.120845483083
 20
1343.82382612724
 30
0.0
 40
1.538468469531426
  1
Quantidade
  7
arial
100
AcDbText
  0
TEXT
  5
215E
330
1F
100
AcDbEntity
  8
0
 62
     1
 48
0.1
100
AcDbText
 10
2611.721723129582
 20
1343.721928286904
 30
0.0
 40
1.538468469531426
  1
08
  7
arial
100
AcDbText
  0
TEXT
  5
215F
330
1F
100
AcDbEntity
  8
0
100
AcDbText
 10
2600.120845483083
 20
1342.032455508106
 30
0.0
 40
1.538468469531426
  1
2x4mm²
  7
arial
100
AcDbText
  0
TEXT
  5
2160
330
1F
100
AcDbEntity
  8
0
 62
     1
 48
0.1
100
AcDbText
 10
2601.12831380219
 20
1353.315129023691
 30
0.0
 40
1.538468469531426
  1
ZNShine
  7
arial
100
AcDbText
  0
TEXT
  5
2161
330
1F
100
AcDbEntity
  8
0
 62
     1
 48
0.1
100
AcDbText
 10
2596.317054762085
 20
1348.910024478291
 30
0.0
 40
1.538468469531426
  1
ZXI8-GPLDD132-700
  7
arial
100
AcDbText
  0
TEXT
  5
2162
330
1F
100
AcDbEntity
  8
0
 62
     1
 48
0.1
100
AcDbText
 10
2594.311204972579
 20
1346.306276864749
 30
0.0
 40
1.538468469531426
  1
 - Bifacial HTJ - 700Wp
  7
arial
100
AcDbText
  0
LINE
  5
2163
330
1F
100
AcDbEntity
  8
0
100
AcDbLine
 10
2481.848939367826
 20
1410.074396501854
 30
0.0
 11
2481.848939367826
 21
1385.367331915974
 31
0.0
  0
LINE
  5
2164
330
1F
100
AcDbEntity
  8
0
100
AcDbLine
 10
2481.848939367827
 20
1381.614570417865
 30
0.0
 11
2481.848939367826
 21
1368.631715476554
 31
0.0
  0
LINE
  5
2165
330
1F
100
AcDbEntity
  8
0
100
AcDbLine
 10
2485.337482227043
 20
1401.382705118366
 30
0.0
 11
2478.360396508609
 21
1401.382705118366
 31
0.0
  0
LINE
  5
2166
330
1F
100
AcDbEntity
  8
0
100
AcDbLine
 10
2485.337482227043
 20
1399.680994767264
 30
0.0
 11
2478.360396508609
 21
1399.680994767264
 31
0.0
  0
LWPOLYLINE
  5
2167
330
1F
100
AcDbEntity
  8
0
100
AcDbPolyline
 90
        4
 70
     1
 43
0.0
 10
2471.817018837409
 20
1390.14193969788
 10
2479.922482966349
 20
1390.14193969788
 10
2479.922482966349
 20
1394.504504465051
 10
2471.817018837409
 20
1394.504504465051
  0
LINE
  5
2168
330
1F
100
AcDbEntity
  8
0
100
AcDbLine
 10
2471.817018837409
 20
1394.504504465051
 30
0.0
 11
2479.922482966349
 21
1390.14193969788
 31
0.0
  0
LINE
  5
2169
330
1F
100
AcDbEntity
  8
0
100
AcDbLine
 10
2470.326978999666
 20
1392.323222081466
 30
0.0
 11
2471.817018837409
 21
1392.323222081466
 31
0.0
  0
LINE
  5
216A
330
1F
100
AcDbEntity
  8
0
100
AcDbLine
 10
2479.922482966349
 20
1392.323222081466
 30
0.0
 11
2481.848939367826
 21
1392.323222081466
 31
0.0
  0
LINE
  5
216B
330
1F
100
AcDbEntity
  8
0
100
AcDbLine
 10
2470.326978999666
 20
1393.557772879936
 30
0.0
 11
2470.326978999666
 21
1391.088671282996
 31
0.0
  0
LINE
  5
216C
330
1F
100
AcDbEntity
  8
0
100
AcDbLine
 10
2470.326978999666
 20
1393.557772879936
 30
0.0
 11
2469.092428201196
 21
1392.323222081466
 31
0.0
  0
LINE
  5
216D
330
1F
100
AcDbEntity
  8
0
100
AcDbLine
 10
2469.092428201196
 20
1392.323222081466
 30
0.0
 11
2470.326978999666
 21
1391.088671282996
 31
0.0
  0
LWPOLYLINE
  5
216E
330
1F
100
AcDbEntity
  8
0
100
AcDbPolyline
 90
        4
 70
     1
 43
0.0
 10
2479.66765698424
 20
1368.631715476554
 10
2479.66765698424
 20
1360.526251347613
 10
2484.030221751412
 20
1360.526251347613
 10
2484.030221751412
 20
1368.631715476554
  0
LINE
  5
216F
330
1F
100
AcDbEntity
  8
0
100
AcDbLine
 10
2484.030221751412
 20
1360.526251347613
 30
0.0
 11
2481.848939367826
 21
1363.365124532333
 31
0.0
  0
LINE
  5
2170
330
1F
100
AcDbEntity
  8
0
100
AcDbLine
 10
2481.848939367826
 20
1363.365124532333
 30
0.0
 11
2479.66765698424
 21
1360.526251347613
 31
0.0
  0
LINE
  5
2171
330
1F
100
AcDbEntity
  8
0
100
AcDbLine
 10
2480.945383358669
 20
1385.367331915974
 30
0.0
 11
2482.746865101569
 21
1385.367331915974
 31
0.0
  0
LWPOLYLINE
  5
2172
330
1F
100
AcDbEntity
  8
0
100
AcDbPolyline
 90
        4
 70
     1
 43
0.0
 10
2481.483067799175
 20
1385.367331915974
 10
2482.209180661063
 20
1385.367331915974
 10
2482.209180661063
 20
1383.861269911735
 10
2481.483067799175
 20
1383.861269911735
  0
LINE
  5
2173
330
1F
100
AcDbEntity
  8
0
100
AcDbLine
 10
2479.922654588723
 20
1384.804796079087
 30
0.0
 11
2481.848939367827
 21
1381.614570417865
 31
0.0
  0
LWPOLYLINE
  5
2174
330
1F
100
AcDbEntity
  8
0
100
AcDbPolyline
 90
        4
 70
     1
 43
0.0
 10
2480.024818535825
 20
1383.868844438685
 10
2480.721707263216
 20
1384.289631646504
 10
2482.046027973002
 20
1382.096351630028
 10
2481.349139245612
 20
1381.675564422208
  0
TEXT
  5
2175
330
1F
100
AcDbEntity
  8
0
100
AcDbText
 10
2479.849251376731
 20
1411.577781212935
 30
0.0
 40
2.520940859336198
  1
MPPT 3
  7
arial
100
AcDbText
  0
LINE
  5
2176
330
1F
100
AcDbEntity
  8
0
 62
     3
100
AcDbLine
 10
2484.030221751412
 20
1368.631715476554
 30
0.0
 11
2486.701439843767
 21
1368.631715476554
 31
0.0
  0
LINE
  5
2177
330
1F
100
AcDbEntity
  8
0
 62
     3
100
AcDbLine
 10
2486.701439843767
 20
1366.609629367994
 30
0.0
 11
2486.701439843767
 21
1370.653801585114
 31
0.0
  0
LINE
  5
2178
330
1F
100
AcDbEntity
  8
0
 62
     3
100
AcDbLine
 10
2487.284413179689
 20
1367.4467097306
 30
0.0
 11
2487.284413179689
 21
1369.893536928656
 31
0.0
  0
LINE
  5
2179
330
1F
100
AcDbEntity
  8
0
 62
     3
100
AcDbLine
 10
2487.888373855739
 20
1368.163120434724
 30
0.0
 11
2487.888373855739
 21
1369.239730483445
 31
0.0
  0
LINE
  5
217A
330
1F
100
AcDbEntity
  8
0
 62
     3
100
AcDbLine
 10
2488.506276168632
 20
1368.480283124564
 30
0.0
 11
2488.506276168632
 21
1368.871775096154
 31
0.0
  0
TEXT
  5
217B
330
1F
100
AcDbEntity
  8
0
 62
     1
 48
0.1
100
AcDbText
 10
2483.553086507225
 20
1386.978260027495
 30
0.0
 40
1.538468469531426
  1
2P-15A
 50
270.0
  7
arial
100
AcDbText
  0
TEXT
  5
217C
330
1F
100
AcDbEntity
  8
0
100
AcDbText
 10
2485.778224560806
 20
1400.747210230076
 30
0.0
 40
1.35414964868273
  1
+
  7
arial
100
AcDbText
  0
TEXT
  5
217D
330
1F
100
AcDbEntity
  8
0
100
AcDbText
 10
2485.837655508912
 20
1400.023665986844
 30
0.0
 40
1.35414964868273
  1
-
 50
270.0
  7
arial
100
AcDbText
  0
LINE
  5
217E
330
1F
100
AcDbEntity
  8
0
100
AcDbLine
 10
2541.7293204915
 20
1414.755068719296
 30
0.0
 11
2541.729320491501
 21
1428.12833127343
 31
0.0
  0
TEXT
  5
217F
330
1F
100
AcDbEntity
  8
0
100
AcDbText
 10
2474.474789274998
 20
1338.694591733265
 30
0.0
 40
1.538468469531426
  1
Gerador: P5
  7
arial
100
AcDbText
  0
TEXT
  5
2180
330
1F
100
AcDbEntity
  8
0
100
AcDbText
 10
2477.740044235059
 20
1355.357066477948
 30
0.0
 40
1.538468469531426
  1
Marca
  7
arial
100
AcDbText
  0
TEXT
  5
2181
330
1F
100
AcDbEntity
  8
0
100
AcDbText
 10
2477.112783121546
 20
1350.771218073777
 30
0.0
 40
1.538468469531426
  1
Modelo
  7
arial
100
AcDbText
  0
TEXT
  5
2182
330
1F
100
AcDbEntity
  8
0
100
AcDbText
 10
2475.231010251593
 20
1343.533622938323
 30
0.0
 40
1.538468469531426
  1
Quantidade
  7
arial
100
AcDbText
  0
TEXT
  5
2183
330
1F
100
AcDbEntity
  8
0
 62
     1
 48
0.1
100
AcDbText
 10
2486.831887898092
 20
1343.431725097987
 30
0.0
 40
1.538468469531426
  1
08
  7
arial
100
AcDbText
  0
TEXT
  5
2184
330
1F
100
AcDbEntity
  8
0
100
AcDbText
 10
2475.231010251593
 20
1341.742252319189
 30
0.0
 40
1.538468469531426
  1
2x4mm²
  7
arial
100
AcDbText
  0
TEXT
  5
2185
330
1F
100
AcDbEntity
  8
0
 62
     1
 48
0.1
100
AcDbText
 10
2476.238478570699
 20
1353.024925834773
 30
0.0
 40
1.538468469531426
  1
ZNShine
  7
arial
100
AcDbText
  0
TEXT
  5
2186
330
1F
100
AcDbEntity
  8
0
 62
     1
 48
0.1
100
AcDbText
 10
2471.427219530594
 20
1348.619821289374
 30
0.0
 40
1.538468469531426
  1
ZXI8-GPLDD132-700
  7
arial
100
AcDbText
  0
TEXT
  5
2187
330
1F
100
AcDbEntity
  8
0
 62
     1
 48
0.1
100
AcDbText
 10
2469.421369741089
 20
1346.016073675831
 30
0.0
 40
1.538468469531426
  1
 - Bifacial HTJ - 700Wp
  7
arial
100
AcDbText
  0
LINE
  5
2188
330
1F
100
AcDbEntity
  8
0
100
AcDbLine
 10
2402.53447687101
 20
1410.432489501168
 30
0.0
 11
2402.53447687101
 21
1385.725424915289
 31
0.0
  0
LINE
  5
2189
330
1F
100
AcDbEntity
  8
0
100
AcDbLine
 10
2402.534476871011
 20
1381.972663417179
 30
0.0
 11
2402.53447687101
 21
1368.989808475869
 31
0.0
  0
LINE
  5
218A
330
1F
100
AcDbEntity
  8
0
100
AcDbLine
 10
2406.023019730227
 20
1401.74079811768
 30
0.0
 11
2399.045934011794
 21
1401.74079811768
 31
0.0
  0
LINE
  5
218B
330
1F
100
AcDbEntity
  8
0
100
AcDbLine
 10
2406.023019730227
 20
1400.039087766579
 30
0.0
 11
2399.045934011794
 21
1400.039087766579
 31
0.0
  0
LWPOLYLINE
  5
218C
330
1F
100
AcDbEntity
  8
0
100
AcDbPolyline
 90
        4
 70
     1
 43
0.0
 10
2392.502556340593
 20
1390.500032697195
 10
2400.608020469534
 20
1390.500032697195
 10
2400.608020469534
 20
1394.862597464366
 10
2392.502556340593
 20
1394.862597464366
  0
LINE
  5
218D
330
1F
100
AcDbEntity
  8
0
100
AcDbLine
 10
2392.502556340593
 20
1394.862597464366
 30
0.0
 11
2400.608020469534
 21
1390.500032697195
 31
0.0
  0
LINE
  5
218E
330
1F
100
AcDbEntity
  8
0
100
AcDbLine
 10
2391.012516502851
 20
1392.681315080781
 30
0.0
 11
2392.502556340593
 21
1392.681315080781
 31
0.0
  0
LINE
  5
218F
330
1F
100
AcDbEntity
  8
0
100
AcDbLine
 10
2400.608020469534
 20
1392.681315080781
 30
0.0
 11
2402.53447687101
 21
1392.681315080781
 31
0.0
  0
LINE
  5
2190
330
1F
100
AcDbEntity
  8
0
100
AcDbLine
 10
2391.012516502851
 20
1393.915865879251
 30
0.0
 11
2391.012516502851
 21
1391.446764282311
 31
0.0
  0
LINE
  5
2191
330
1F
100
AcDbEntity
  8
0
100
AcDbLine
 10
2391.012516502851
 20
1393.915865879251
 30
0.0
 11
2389.77796570438
 21
1392.681315080781
 31
0.0
  0
LINE
  5
2192
330
1F
100
AcDbEntity
  8
0
100
AcDbLine
 10
2389.77796570438
 20
1392.681315080781
 30
0.0
 11
2391.012516502851
 21
1391.446764282311
 31
0.0
  0
LWPOLYLINE
  5
2193
330
1F
100
AcDbEntity
  8
0
100
AcDbPolyline
 90
        4
 70
     1
 43
0.0
 10
2400.353194487425
 20
1368.989808475869
 10
2400.353194487425
 20
1360.884344346928
 10
2404.715759254596
 20
1360.884344346928
 10
2404.715759254596
 20
1368.989808475869
  0
LINE
  5
2194
330
1F
100
AcDbEntity
  8
0
100
AcDbLine
 10
2404.715759254596
 20
1360.884344346928
 30
0.0
 11
2402.53447687101
 21
1363.723217531648
 31
0.0
  0
LINE
  5
2195
330
1F
100
AcDbEntity
  8
0
100
AcDbLine
 10
2402.53447687101
 20
1363.723217531648
 30
0.0
 11
2400.353194487425
 21
1360.884344346928
 31
0.0
  0
LINE
  5
2196
330
1F
100
AcDbEntity
  8
0
100
AcDbLine
 10
2401.630920861853
 20
1385.725424915289
 30
0.0
 11
2403.432402604753
 21
1385.725424915289
 31
0.0
  0
LWPOLYLINE
  5
2197
330
1F
100
AcDbEntity
  8
0
100
AcDbPolyline
 90
        4
 70
     1
 43
0.0
 10
2402.16860530236
 20
1385.725424915289
 10
2402.894718164248
 20
1385.725424915289
 10
2402.894718164248
 20
1384.21936291105
 10
2402.16860530236
 20
1384.21936291105
  0
LINE
  5
2198
330
1F
100
AcDbEntity
  8
0
100
AcDbLine
 10
2400.608192091908
 20
1385.162889078402
 30
0.0
 11
2402.534476871011
 21
1381.972663417179
 31
0.0
  0
LWPOLYLINE
  5
2199
330
1F
100
AcDbEntity
  8
0
100
AcDbPolyline
 90
        4
 70
     1
 43
0.0
 10
2400.71035603901
 20
1384.226937437999
 10
2401.4072447664
 20
1384.647724645819
 10
2402.731565476187
 20
1382.454444629343
 10
2402.034676748797
 20
1382.033657421523
  0
LINE
  5
219A
330
1F
100
AcDbEntity
  8
0
 62
     3
100
AcDbLine
 10
2404.715759254596
 20
1368.989808475869
 30
0.0
 11
2407.386977346952
 21
1368.989808475869
 31
0.0
  0
LINE
  5
219B
330
1F
100
AcDbEntity
  8
0
 62
     3
100
AcDbLine
 10
2407.386977346952
 20
1366.967722367309
 30
0.0
 11
2407.386977346952
 21
1371.011894584429
 31
0.0
  0
LINE
  5
219C
330
1F
100
AcDbEntity
  8
0
 62
     3
100
AcDbLine
 10
2407.969950682874
 20
1367.804802729915
 30
0.0
 11
2407.969950682874
 21
1370.251629927971
 31
0.0
  0
LINE
  5
219D
330
1F
100
AcDbEntity
  8
0
 62
     3
100
AcDbLine
 10
2408.573911358923
 20
1368.521213434039
 30
0.0
 11
2408.573911358923
 21
1369.59782348276
 31
0.0
  0
LINE
  5
219E
330
1F
100
AcDbEntity
  8
0
 62
     3
100
AcDbLine
 10
2409.191813671816
 20
1368.838376123879
 30
0.0
 11
2409.191813671816
 21
1369.229868095469
 31
0.0
  0
TEXT
  5
219F
330
1F
100
AcDbEntity
  8
0
 62
     1
 48
0.1
100
AcDbText
 10
2404.503024999764
 20
1387.33635302681
 30
0.0
 40
1.538468469531426
  1
2P-15A
 50
270.0
  7
arial
100
AcDbText
  0
TEXT
  5
21A0
330
1F
100
AcDbEntity
  8
0
100
AcDbText
 10
2406.484801201041
 20
1401.105303229391
 30
0.0
 40
1.35414964868273
  1
+
  7
arial
100
AcDbText
  0
TEXT
  5
21A1
330
1F
100
AcDbEntity
  8
0
100
AcDbText
 10
2406.544232149146
 20
1400.381758986158
 30
0.0
 40
1.35414964868273
  1
-
 50
270.0
  7
arial
100
AcDbText
  0
TEXT
  5
21A2
330
1F
100
AcDbEntity
  8
0
100
AcDbText
 10
2396.181896817624
 20
1339.840812398295
 30
0.0
 40
1.538468469531426
  1
Gerador: P2
  7
arial
100
AcDbText
  0
TEXT
  5
21A3
330
1F
100
AcDbEntity
  8
0
100
AcDbText
 10
2399.447151777685
 20
1356.503287142979
 30
0.0
 40
1.538468469531426
  1
Marca
  7
arial
100
AcDbText
  0
TEXT
  5
21A4
330
1F
100
AcDbEntity
  8
0
100
AcDbText
 10
2398.819890664173
 20
1351.917438738808
 30
0.0
 40
1.538468469531426
  1
Modelo
  7
arial
100
AcDbText
  0
TEXT
  5
21A5
330
1F
100
AcDbEntity
  8
0
100
AcDbText
 10
2396.93811779422
 20
1344.679843603353
 30
0.0
 40
1.538468469531426
  1
Quantidade
  7
arial
100
AcDbText
  0
TEXT
  5
21A6
330
1F
100
AcDbEntity
  8
0
 62
     1
 48
0.1
100
AcDbText
 10
2408.538995440718
 20
1344.577945763018
 30
0.0
 40
1.538468469531426
  1
09
  7
arial
100
AcDbText
  0
TEXT
  5
21A7
330
1F
100
AcDbEntity
  8
0
100
AcDbText
 10
2396.93811779422
 20
1342.88847298422
 30
0.0
 40
1.538468469531426
  1
2x4mm²
  7
arial
100
AcDbText
  0
TEXT
  5
21A8
330
1F
100
AcDbEntity
  8
0
 62
     1
 48
0.1
100
AcDbText
 10
2397.945586113326
 20
1354.171146499804
 30
0.0
 40
1.538468469531426
  1
ZNShine
  7
arial
100
AcDbText
  0
TEXT
  5
21A9
330
1F
100
AcDbEntity
  8
0
 62
     1
 48
0.1
100
AcDbText
 10
2393.134327073221
 20
1349.766041954404
 30
0.0
 40
1.538468469531426
  1
ZXI8-GPLDD132-700
  7
arial
100
AcDbText
  0
TEXT
  5
21AA
330
1F
100
AcDbEntity
  8
0
 62
     1
 48
0.1
100
AcDbText
 10
2391.128477283715
 20
1347.162294340862
 30
0.0
 40
1.538468469531426
  1
 - Bifacial HTJ - 700Wp
  7
arial
100
AcDbText
  0
LINE
  5
21AB
330
1F
100
AcDbEntity
  8
0
100
AcDbLine
 10
2402.53447687101
 20
1410.432489501168
 30
0.0
 11
2376.830559921494
 21
1410.432489501168
 31
0.0
  0
LINE
  5
21AC
330
1F
100
AcDbEntity
  8
0
100
AcDbLine
 10
2457.398978382548
 20
1410.364599690771
 30
0.0
 11
2457.398978382548
 21
1385.657535104892
 31
0.0
  0
LINE
  5
21AD
330
1F
100
AcDbEntity
  8
0
100
AcDbLine
 10
2457.398978382549
 20
1381.904773606782
 30
0.0
 11
2457.398978382548
 21
1368.921918665471
 31
0.0
  0
LINE
  5
21AE
330
1F
100
AcDbEntity
  8
0
100
AcDbLine
 10
2460.887521241765
 20
1401.672908307283
 30
0.0
 11
2453.910435523332
 21
1401.672908307283
 31
0.0
  0
LINE
  5
21AF
330
1F
100
AcDbEntity
  8
0
100
AcDbLine
 10
2460.887521241765
 20
1399.971197956182
 30
0.0
 11
2453.910435523332
 21
1399.971197956182
 31
0.0
  0
LWPOLYLINE
  5
21B0
330
1F
100
AcDbEntity
  8
0
100
AcDbPolyline
 90
        4
 70
     1
 43
0.0
 10
2447.367057852131
 20
1390.432142886797
 10
2455.472521981072
 20
1390.432142886797
 10
2455.472521981072
 20
1394.794707653969
 10
2447.367057852131
 20
1394.794707653969
  0
LINE
  5
21B1
330
1F
100
AcDbEntity
  8
0
100
AcDbLine
 10
2447.367057852131
 20
1394.794707653969
 30
0.0
 11
2455.472521981072
 21
1390.432142886797
 31
0.0
  0
LINE
  5
21B2
330
1F
100
AcDbEntity
  8
0
100
AcDbLine
 10
2445.877018014388
 20
1392.613425270383
 30
0.0
 11
2447.367057852131
 21
1392.613425270383
 31
0.0
  0
LINE
  5
21B3
330
1F
100
AcDbEntity
  8
0
100
AcDbLine
 10
2455.472521981072
 20
1392.613425270383
 30
0.0
 11
2457.398978382548
 21
1392.613425270383
 31
0.0
  0
LINE
  5
21B4
330
1F
100
AcDbEntity
  8
0
100
AcDbLine
 10
2445.877018014388
 20
1393.847976068853
 30
0.0
 11
2445.877018014388
 21
1391.378874471913
 31
0.0
  0
LINE
  5
21B5
330
1F
100
AcDbEntity
  8
0
100
AcDbLine
 10
2445.877018014388
 20
1393.847976068853
 30
0.0
 11
2444.642467215918
 21
1392.613425270383
 31
0.0
  0
LINE
  5
21B6
330
1F
100
AcDbEntity
  8
0
100
AcDbLine
 10
2444.642467215918
 20
1392.613425270383
 30
0.0
 11
2445.877018014388
 21
1391.378874471913
 31
0.0
  0
LWPOLYLINE
  5
21B7
330
1F
100
AcDbEntity
  8
0
100
AcDbPolyline
 90
        4
 70
     1
 43
0.0
 10
2455.217695998963
 20
1368.921918665471
 10
2455.217695998963
 20
1360.816454536531
 10
2459.580260766134
 20
1360.816454536531
 10
2459.580260766134
 20
1368.921918665471
  0
LINE
  5
21B8
330
1F
100
AcDbEntity
  8
0
100
AcDbLine
 10
2459.580260766134
 20
1360.816454536531
 30
0.0
 11
2457.398978382548
 21
1363.655327721251
 31
0.0
  0
LINE
  5
21B9
330
1F
100
AcDbEntity
  8
0
100
AcDbLine
 10
2457.398978382548
 20
1363.655327721251
 30
0.0
 11
2455.217695998963
 21
1360.816454536531
 31
0.0
  0
LINE
  5
21BA
330
1F
100
AcDbEntity
  8
0
100
AcDbLine
 10
2456.495422373391
 20
1385.657535104892
 30
0.0
 11
2458.296904116291
 21
1385.657535104892
 31
0.0
  0
LWPOLYLINE
  5
21BB
330
1F
100
AcDbEntity
  8
0
100
AcDbPolyline
 90
        4
 70
     1
 43
0.0
 10
2457.033106813897
 20
1385.657535104892
 10
2457.759219675786
 20
1385.657535104892
 10
2457.759219675786
 20
1384.151473100653
 10
2457.033106813897
 20
1384.151473100653
  0
LINE
  5
21BC
330
1F
100
AcDbEntity
  8
0
100
AcDbLine
 10
2455.472693603446
 20
1385.094999268005
 30
0.0
 11
2457.398978382549
 21
1381.904773606782
 31
0.0
  0
LWPOLYLINE
  5
21BD
330
1F
100
AcDbEntity
  8
0
100
AcDbPolyline
 90
        4
 70
     1
 43
0.0
 10
2455.574857550547
 20
1384.159047627602
 10
2456.271746277938
 20
1384.579834835421
 10
2457.596066987725
 20
1382.386554818946
 10
2456.899178260334
 20
1381.965767611126
  0
LINE
  5
21BE
330
1F
100
AcDbEntity
  8
0
 62
     3
100
AcDbLine
 10
2459.580260766134
 20
1368.921918665471
 30
0.0
 11
2462.251478858489
 21
1368.921918665471
 31
0.0
  0
LINE
  5
21BF
330
1F
100
AcDbEntity
  8
0
 62
     3
100
AcDbLine
 10
2462.251478858489
 20
1366.899832556911
 30
0.0
 11
2462.251478858489
 21
1370.944004774031
 31
0.0
  0
LINE
  5
21C0
330
1F
100
AcDbEntity
  8
0
 62
     3
100
AcDbLine
 10
2462.834452194412
 20
1367.736912919518
 30
0.0
 11
2462.834452194412
 21
1370.183740117574
 31
0.0
  0
LINE
  5
21C1
330
1F
100
AcDbEntity
  8
0
 62
     3
100
AcDbLine
 10
2463.438412870461
 20
1368.453323623641
 30
0.0
 11
2463.438412870461
 21
1369.529933672363
 31
0.0
  0
LINE
  5
21C2
330
1F
100
AcDbEntity
  8
0
 62
     3
100
AcDbLine
 10
2464.056315183354
 20
1368.770486313482
 30
0.0
 11
2464.056315183354
 21
1369.161978285072
 31
0.0
  0
TEXT
  5
21C3
330
1F
100
AcDbEntity
  8
0
 62
     1
 48
0.1
100
AcDbText
 10
2459.103125521946
 20
1387.268463216413
 30
0.0
 40
1.538468469531426
  1
2P-15A
 50
270.0
  7
arial
100
AcDbText
  0
TEXT
  5
21C4
330
1F
100
AcDbEntity
  8
0
100
AcDbText
 10
2461.328263575528
 20
1401.037413418993
 30
0.0
 40
1.35414964868273
  1
+
  7
arial
100
AcDbText
  0
TEXT
  5
21C5
330
1F
100
AcDbEntity
  8
0
100
AcDbText
 10
2461.387694523634
 20
1400.313869175761
 30
0.0
 40
1.35414964868273
  1
-
 50
270.0
  7
arial
100
AcDbText
  0
TEXT
  5
21C6
330
1F
100
AcDbEntity
  8
0
100
AcDbText
 10
2450.02482828972
 20
1338.984794922182
 30
0.0
 40
1.538468469531426
  1
Gerador: P4
  7
arial
100
AcDbText
  0
TEXT
  5
21C7
330
1F
100
AcDbEntity
  8
0
100
AcDbText
 10
2453.29008324978
 20
1355.647269666865
 30
0.0
 40
1.538468469531426
  1
Marca
  7
arial
100
AcDbText
  0
TEXT
  5
21C8
330
1F
100
AcDbEntity
  8
0
100
AcDbText
 10
2452.662822136268
 20
1351.061421262695
 30
0.0
 40
1.538468469531426
  1
Modelo
  7
arial
100
AcDbText
  0
TEXT
  5
21C9
330
1F
100
AcDbEntity
  8
0
100
AcDbText
 10
2450.781049266316
 20
1343.82382612724
 30
0.0
 40
1.538468469531426
  1
Quantidade
  7
arial
100
AcDbText
  0
TEXT
  5
21CA
330
1F
100
AcDbEntity
  8
0
 62
     1
 48
0.1
100
AcDbText
 10
2462.381926912814
 20
1343.721928286904
 30
0.0
 40
1.538468469531426
  1
09
  7
arial
100
AcDbText
  0
TEXT
  5
21CB
330
1F
100
AcDbEntity
  8
0
100
AcDbText
 10
2450.781049266316
 20
1342.032455508106
 30
0.0
 40
1.538468469531426
  1
2x4mm²
  7
arial
100
AcDbText
  0
TEXT
  5
21CC
330
1F
100
AcDbEntity
  8
0
 62
     1
 48
0.1
100
AcDbText
 10
2451.788517585422
 20
1353.315129023691
 30
0.0
 40
1.538468469531426
  1
ZNShine
  7
arial
100
AcDbText
  0
TEXT
  5
21CD
330
1F
100
AcDbEntity
  8
0
 62
     1
 48
0.1
100
AcDbText
 10
2446.977258545316
 20
1348.910024478291
 30
0.0
 40
1.538468469531426
  1
ZXI8-GPLDD132-700
  7
arial
100
AcDbText
  0
TEXT
  5
21CE
330
1F
100
AcDbEntity
  8
0
 62
     1
 48
0.1
100
AcDbText
 10
2444.971408755811
 20
1346.306276864749
 30
0.0
 40
1.538468469531426
  1
 - Bifacial HTJ - 700Wp
  7
arial
100
AcDbText
  0
LINE
  5
21CF
330
1F
100
AcDbEntity
  8
0
100
AcDbLine
 10
2457.398978382548
 20
1410.364599690771
 30
0.0
 11
2431.875840316356
 21
1410.364599690771
 31
0.0
  0
LINE
  5
21D0
330
1F
100
AcDbEntity
  8
0
100
AcDbLine
 10
2633.075807626347
 20
1410.432489501168
 30
0.0
 11
2633.075807626347
 21
1385.725424915289
 31
0.0
  0
LINE
  5
21D1
330
1F
100
AcDbEntity
  8
0
100
AcDbLine
 10
2633.075807626348
 20
1381.972663417179
 30
0.0
 11
2633.075807626347
 21
1368.989808475869
 31
0.0
  0
LINE
  5
21D2
330
1F
100
AcDbEntity
  8
0
100
AcDbLine
 10
2636.564350485564
 20
1401.740798117681
 30
0.0
 11
2629.587264767131
 21
1401.740798117681
 31
0.0
  0
LINE
  5
21D3
330
1F
100
AcDbEntity
  8
0
100
AcDbLine
 10
2636.564350485564
 20
1400.039087766579
 30
0.0
 11
2629.587264767131
 21
1400.039087766579
 31
0.0
  0
LWPOLYLINE
  5
21D4
330
1F
100
AcDbEntity
  8
0
100
AcDbPolyline
 90
        4
 70
     1
 43
0.0
 10
2623.04388709593
 20
1390.500032697195
 10
2631.14935122487
 20
1390.500032697195
 10
2631.14935122487
 20
1394.862597464366
 10
2623.04388709593
 20
1394.862597464366
  0
LINE
  5
21D5
330
1F
100
AcDbEntity
  8
0
100
AcDbLine
 10
2623.04388709593
 20
1394.862597464366
 30
0.0
 11
2631.14935122487
 21
1390.500032697195
 31
0.0
  0
LINE
  5
21D6
330
1F
100
AcDbEntity
  8
0
100
AcDbLine
 10
2621.553847258187
 20
1392.681315080781
 30
0.0
 11
2623.04388709593
 21
1392.681315080781
 31
0.0
  0
LINE
  5
21D7
330
1F
100
AcDbEntity
  8
0
100
AcDbLine
 10
2631.14935122487
 20
1392.681315080781
 30
0.0
 11
2633.075807626347
 21
1392.681315080781
 31
0.0
  0
LINE
  5
21D8
330
1F
100
AcDbEntity
  8
0
100
AcDbLine
 10
2621.553847258187
 20
1393.915865879251
 30
0.0
 11
2621.553847258187
 21
1391.446764282311
 31
0.0
  0
LINE
  5
21D9
330
1F
100
AcDbEntity
  8
0
100
AcDbLine
 10
2621.553847258187
 20
1393.915865879251
 30
0.0
 11
2620.319296459717
 21
1392.681315080781
 31
0.0
  0
LINE
  5
21DA
330
1F
100
AcDbEntity
  8
0
100
AcDbLine
 10
2620.319296459717
 20
1392.681315080781
 30
0.0
 11
2621.553847258187
 21
1391.446764282311
 31
0.0
  0
LWPOLYLINE
  5
21DB
330
1F
100
AcDbEntity
  8
0
100
AcDbPolyline
 90
        4
 70
     1
 43
0.0
 10
2630.894525242762
 20
1368.989808475869
 10
2630.894525242762
 20
1360.884344346928
 10
2635.257090009933
 20
1360.884344346928
 10
2635.257090009933
 20
1368.989808475869
  0
LINE
  5
21DC
330
1F
100
AcDbEntity
  8
0
100
AcDbLine
 10
2635.257090009933
 20
1360.884344346928
 30
0.0
 11
2633.075807626347
 21
1363.723217531649
 31
0.0
  0
LINE
  5
21DD
330
1F
100
AcDbEntity
  8
0
100
AcDbLine
 10
2633.075807626347
 20
1363.723217531649
 30
0.0
 11
2630.894525242762
 21
1360.884344346928
 31
0.0
  0
LINE
  5
21DE
330
1F
100
AcDbEntity
  8
0
100
AcDbLine
 10
2632.17225161719
 20
1385.725424915289
 30
0.0
 11
2633.97373336009
 21
1385.725424915289
 31
0.0
  0
LWPOLYLINE
  5
21DF
330
1F
100
AcDbEntity
  8
0
100
AcDbPolyline
 90
        4
 70
     1
 43
0.0
 10
2632.709936057696
 20
1385.725424915289
 10
2633.436048919585
 20
1385.725424915289
 10
2633.436048919585
 20
1384.21936291105
 10
2632.709936057696
 20
1384.21936291105
  0
LINE
  5
21E0
330
1F
100
AcDbEntity
  8
0
100
AcDbLine
 10
2631.149522847245
 20
1385.162889078402
 30
0.0
 11
2633.075807626348
 21
1381.972663417179
 31
0.0
  0
LWPOLYLINE
  5
21E1
330
1F
100
AcDbEntity
  8
0
100
AcDbPolyline
 90
        4
 70
     1
 43
0.0
 10
2631.251686794346
 20
1384.226937437999
 10
2631.948575521737
 20
1384.647724645819
 10
2633.272896231524
 20
1382.454444629343
 10
2632.576007504133
 20
1382.033657421523
  0
LINE
  5
21E2
330
1F
100
AcDbEntity
  8
0
 62
     3
100
AcDbLine
 10
2635.257090009933
 20
1368.989808475869
 30
0.0
 11
2637.928308102289
 21
1368.989808475869
 31
0.0
  0
LINE
  5
21E3
330
1F
100
AcDbEntity
  8
0
 62
     3
100
AcDbLine
 10
2637.928308102289
 20
1366.967722367309
 30
0.0
 11
2637.928308102289
 21
1371.011894584429
 31
0.0
  0
LINE
  5
21E4
330
1F
100
AcDbEntity
  8
0
 62
     3
100
AcDbLine
 10
2638.511281438211
 20
1367.804802729915
 30
0.0
 11
2638.511281438211
 21
1370.251629927971
 31
0.0
  0
LINE
  5
21E5
330
1F
100
AcDbEntity
  8
0
 62
     3
100
AcDbLine
 10
2639.11524211426
 20
1368.521213434039
 30
0.0
 11
2639.11524211426
 21
1369.597823482761
 31
0.0
  0
LINE
  5
21E6
330
1F
100
AcDbEntity
  8
0
 62
     3
100
AcDbLine
 10
2639.733144427153
 20
1368.838376123879
 30
0.0
 11
2639.733144427153
 21
1369.22986809547
 31
0.0
  0
TEXT
  5
21E7
330
1F
100
AcDbEntity
  8
0
 62
     1
 48
0.1
100
AcDbText
 10
2634.779954765746
 20
1387.33635302681
 30
0.0
 40
1.538468469531426
  1
2P-15A
 50
270.0
  7
arial
100
AcDbText
  0
TEXT
  5
21E8
330
1F
100
AcDbEntity
  8
0
100
AcDbText
 10
2637.005092819328
 20
1401.105303229391
 30
0.0
 40
1.35414964868273
  1
+
  7
arial
100
AcDbText
  0
TEXT
  5
21E9
330
1F
100
AcDbEntity
  8
0
100
AcDbText
 10
2637.064523767433
 20
1400.381758986158
 30
0.0
 40
1.35414964868273
  1
-
 50
270.0
  7
arial
100
AcDbText
  0
TEXT
  5
21EA
330
1F
100
AcDbEntity
  8
0
100
AcDbText
 10
2625.701657533519
 20
1339.05268473258
 30
0.0
 40
1.538468469531426
  1
Gerador: P11
  7
arial
100
AcDbText
  0
TEXT
  5
21EB
330
1F
100
AcDbEntity
  8
0
100
AcDbText
 10
2628.966912493579
 20
1355.715159477263
 30
0.0
 40
1.538468469531426
  1
Marca
  7
arial
100
AcDbText
  0
TEXT
  5
21EC
330
1F
100
AcDbEntity
  8
0
100
AcDbText
 10
2628.339651380068
 20
1351.129311073093
 30
0.0
 40
1.538468469531426
  1
Modelo
  7
arial
100
AcDbText
  0
TEXT
  5
21ED
330
1F
100
AcDbEntity
  8
0
100
AcDbText
 10
2626.457878510115
 20
1343.891715937638
 30
0.0
 40
1.538468469531426
  1
Quantidade
  7
arial
100
AcDbText
  0
TEXT
  5
21EE
330
1F
100
AcDbEntity
  8
0
 62
     1
 48
0.1
100
AcDbText
 10
2638.058756156613
 20
1343.789818097302
 30
0.0
 40
1.538468469531426
  1
08
  7
arial
100
AcDbText
  0
TEXT
  5
21EF
330
1F
100
AcDbEntity
  8
0
100
AcDbText
 10
2626.457878510115
 20
1342.100345318504
 30
0.0
 40
1.538468469531426
  1
2x4mm²
  7
arial
100
AcDbText
  0
TEXT
  5
21F0
330
1F
100
AcDbEntity
  8
0
 62
     1
 48
0.1
100
AcDbText
 10
2627.46534682922
 20
1353.383018834088
 30
0.0
 40
1.538468469531426
  1
ZNShine
  7
arial
100
AcDbText
  0
TEXT
  5
21F1
330
1F
100
AcDbEntity
  8
0
 62
     1
 48
0.1
100
AcDbText
 10
2622.654087789115
 20
1348.977914288689
 30
0.0
 40
1.538468469531426
  1
ZXI8-GPLDD132-700
  7
arial
100
AcDbText
  0
TEXT
  5
21F2
330
1F
100
AcDbEntity
  8
0
 62
     1
 48
0.1
100
AcDbText
 10
2620.64823799961
 20
1346.374166675146
 30
0.0
 40
1.538468469531426
  1
 - Bifacial HTJ - 700Wp
  7
arial
100
AcDbText
  0
LINE
  5
21F3
330
1F
100
AcDbEntity
  8
0
100
AcDbLine
 10
2506.658512259008
 20
1410.074396501854
 30
0.0
 11
2506.658512259008
 21
1385.367331915974
 31
0.0
  0
LINE
  5
21F4
330
1F
100
AcDbEntity
  8
0
100
AcDbLine
 10
2506.658512259009
 20
1381.614570417865
 30
0.0
 11
2506.658512259008
 21
1368.631715476554
 31
0.0
  0
LINE
  5
21F5
330
1F
100
AcDbEntity
  8
0
100
AcDbLine
 10
2510.147055118225
 20
1401.382705118366
 30
0.0
 11
2503.169969399792
 21
1401.382705118366
 31
0.0
  0
LINE
  5
21F6
330
1F
100
AcDbEntity
  8
0
100
AcDbLine
 10
2510.147055118225
 20
1399.680994767264
 30
0.0
 11
2503.169969399792
 21
1399.680994767264
 31
0.0
  0
LWPOLYLINE
  5
21F7
330
1F
100
AcDbEntity
  8
0
100
AcDbPolyline
 90
        4
 70
     1
 43
0.0
 10
2496.626591728591
 20
1390.14193969788
 10
2504.732055857532
 20
1390.14193969788
 10
2504.732055857532
 20
1394.504504465051
 10
2496.626591728591
 20
1394.504504465051
  0
LINE
  5
21F8
330
1F
100
AcDbEntity
  8
0
100
AcDbLine
 10
2496.626591728591
 20
1394.504504465051
 30
0.0
 11
2504.732055857532
 21
1390.14193969788
 31
0.0
  0
LINE
  5
21F9
330
1F
100
AcDbEntity
  8
0
100
AcDbLine
 10
2495.136551890849
 20
1392.323222081466
 30
0.0
 11
2496.626591728591
 21
1392.323222081466
 31
0.0
  0
LINE
  5
21FA
330
1F
100
AcDbEntity
  8
0
100
AcDbLine
 10
2504.732055857532
 20
1392.323222081466
 30
0.0
 11
2506.658512259008
 21
1392.323222081466
 31
0.0
  0
LINE
  5
21FB
330
1F
100
AcDbEntity
  8
0
100
AcDbLine
 10
2495.136551890849
 20
1393.557772879936
 30
0.0
 11
2495.136551890849
 21
1391.088671282996
 31
0.0
  0
LINE
  5
21FC
330
1F
100
AcDbEntity
  8
0
100
AcDbLine
 10
2495.136551890849
 20
1393.557772879936
 30
0.0
 11
2493.902001092378
 21
1392.323222081466
 31
0.0
  0
LINE
  5
21FD
330
1F
100
AcDbEntity
  8
0
100
AcDbLine
 10
2493.902001092378
 20
1392.323222081466
 30
0.0
 11
2495.136551890849
 21
1391.088671282996
 31
0.0
  0
LWPOLYLINE
  5
21FE
330
1F
100
AcDbEntity
  8
0
100
AcDbPolyline
 90
        4
 70
     1
 43
0.0
 10
2504.477229875423
 20
1368.631715476554
 10
2504.477229875423
 20
1360.526251347613
 10
2508.839794642594
 20
1360.526251347613
 10
2508.839794642594
 20
1368.631715476554
  0
LINE
  5
21FF
330
1F
100
AcDbEntity
  8
0
100
AcDbLine
 10
2508.839794642594
 20
1360.526251347613
 30
0.0
 11
2506.658512259008
 21
1363.365124532333
 31
0.0
  0
LINE
  5
2200
330
1F
100
AcDbEntity
  8
0
100
AcDbLine
 10
2506.658512259008
 20
1363.365124532333
 30
0.0
 11
2504.477229875423
 21
1360.526251347613
 31
0.0
  0
LINE
  5
2201
330
1F
100
AcDbEntity
  8
0
100
AcDbLine
 10
2505.754956249851
 20
1385.367331915974
 30
0.0
 11
2507.556437992751
 21
1385.367331915974
 31
0.0
  0
LWPOLYLINE
  5
2202
330
1F
100
AcDbEntity
  8
0
100
AcDbPolyline
 90
        4
 70
     1
 43
0.0
 10
2506.292640690358
 20
1385.367331915974
 10
2507.018753552246
 20
1385.367331915974
 10
2507.018753552246
 20
1383.861269911735
 10
2506.292640690358
 20
1383.861269911735
  0
LINE
  5
2203
330
1F
100
AcDbEntity
  8
0
100
AcDbLine
 10
2504.732227479906
 20
1384.804796079087
 30
0.0
 11
2506.658512259009
 21
1381.614570417865
 31
0.0
  0
LWPOLYLINE
  5
2204
330
1F
100
AcDbEntity
  8
0
100
AcDbPolyline
 90
        4
 70
     1
 43
0.0
 10
2504.834391427008
 20
1383.868844438685
 10
2505.531280154399
 20
1384.289631646504
 10
2506.855600864185
 20
1382.096351630028
 10
2506.158712136794
 20
1381.675564422208
  0
LINE
  5
2205
330
1F
100
AcDbEntity
  8
0
 62
     3
100
AcDbLine
 10
2508.839794642594
 20
1368.631715476554
 30
0.0
 11
2511.51101273495
 21
1368.631715476554
 31
0.0
  0
LINE
  5
2206
330
1F
100
AcDbEntity
  8
0
 62
     3
100
AcDbLine
 10
2511.51101273495
 20
1366.609629367994
 30
0.0
 11
2511.51101273495
 21
1370.653801585114
 31
0.0
  0
LINE
  5
2207
330
1F
100
AcDbEntity
  8
0
 62
     3
100
AcDbLine
 10
2512.093986070872
 20
1367.4467097306
 30
0.0
 11
2512.093986070872
 21
1369.893536928656
 31
0.0
  0
LINE
  5
2208
330
1F
100
AcDbEntity
  8
0
 62
     3
100
AcDbLine
 10
2512.697946746922
 20
1368.163120434724
 30
0.0
 11
2512.697946746922
 21
1369.239730483445
 31
0.0
  0
LINE
  5
2209
330
1F
100
AcDbEntity
  8
0
 62
     3
100
AcDbLine
 10
2513.315849059814
 20
1368.480283124564
 30
0.0
 11
2513.315849059814
 21
1368.871775096154
 31
0.0
  0
TEXT
  5
220A
330
1F
100
AcDbEntity
  8
0
 62
     1
 48
0.1
100
AcDbText
 10
2508.362659398407
 20
1386.978260027495
 30
0.0
 40
1.538468469531426
  1
2P-15A
 50
270.0
  7
arial
100
AcDbText
  0
TEXT
  5
220B
330
1F
100
AcDbEntity
  8
0
100
AcDbText
 10
2510.587797451989
 20
1400.747210230076
 30
0.0
 40
1.35414964868273
  1
+
  7
arial
100
AcDbText
  0
TEXT
  5
220C
330
1F
100
AcDbEntity
  8
0
100
AcDbText
 10
2510.647228400094
 20
1400.023665986844
 30
0.0
 40
1.35414964868273
  1
-
 50
270.0
  7
arial
100
AcDbText
  0
TEXT
  5
220D
330
1F
100
AcDbEntity
  8
0
100
AcDbText
 10
2499.284362166181
 20
1338.694591733265
 30
0.0
 40
1.538468469531426
  1
Gerador: P6
  7
arial
100
AcDbText
  0
TEXT
  5
220E
330
1F
100
AcDbEntity
  8
0
100
AcDbText
 10
2502.549617126241
 20
1355.357066477948
 30
0.0
 40
1.538468469531426
  1
Marca
  7
arial
100
AcDbText
  0
TEXT
  5
220F
330
1F
100
AcDbEntity
  8
0
100
AcDbText
 10
2501.922356012729
 20
1350.771218073777
 30
0.0
 40
1.538468469531426
  1
Modelo
  7
arial
100
AcDbText
  0
TEXT
  5
2210
330
1F
100
AcDbEntity
  8
0
100
AcDbText
 10
2500.040583142776
 20
1343.533622938323
 30
0.0
 40
1.538468469531426
  1
Quantidade
  7
arial
100
AcDbText
  0
TEXT
  5
2211
330
1F
100
AcDbEntity
  8
0
 62
     1
 48
0.1
100
AcDbText
 10
2511.641460789274
 20
1343.431725097987
 30
0.0
 40
1.538468469531426
  1
08
  7
arial
100
AcDbText
  0
TEXT
  5
2212
330
1F
100
AcDbEntity
  8
0
100
AcDbText
 10
2500.040583142776
 20
1341.742252319189
 30
0.0
 40
1.538468469531426
  1
2x4mm²
  7
arial
100
AcDbText
  0
TEXT
  5
2213
330
1F
100
AcDbEntity
  8
0
 62
     1
 48
0.1
100
AcDbText
 10
2501.048051461882
 20
1353.024925834773
 30
0.0
 40
1.538468469531426
  1
ZNShine
  7
arial
100
AcDbText
  0
TEXT
  5
2214
330
1F
100
AcDbEntity
  8
0
 62
     1
 48
0.1
100
AcDbText
 10
2496.236792421777
 20
1348.619821289374
 30
0.0
 40
1.538468469531426
  1
ZXI8-GPLDD132-700
  7
arial
100
AcDbText
  0
TEXT
  5
2215
330
1F
100
AcDbEntity
  8
0
 62
     1
 48
0.1
100
AcDbText
 10
2494.230942632271
 20
1346.016073675831
 30
0.0
 40
1.538468469531426
  1
 - Bifacial HTJ - 700Wp
  7
arial
100
AcDbText
  0
LINE
  5
2216
330
1F
100
AcDbEntity
  8
0
100
AcDbLine
 10
2580.70403874845
 20
1410.364599690771
 30
0.0
 11
2580.70403874845
 21
1385.657535104892
 31
0.0
  0
LINE
  5
2217
330
1F
100
AcDbEntity
  8
0
100
AcDbLine
 10
2580.704038748451
 20
1381.904773606782
 30
0.0
 11
2580.70403874845
 21
1368.921918665471
 31
0.0
  0
LINE
  5
2218
330
1F
100
AcDbEntity
  8
0
100
AcDbLine
 10
2584.192581607667
 20
1401.672908307283
 30
0.0
 11
2577.215495889233
 21
1401.672908307283
 31
0.0
  0
LINE
  5
2219
330
1F
100
AcDbEntity
  8
0
100
AcDbLine
 10
2584.192581607667
 20
1399.971197956182
 30
0.0
 11
2577.215495889233
 21
1399.971197956182
 31
0.0
  0
LWPOLYLINE
  5
221A
330
1F
100
AcDbEntity
  8
0
100
AcDbPolyline
 90
        4
 70
     1
 43
0.0
 10
2570.672118218033
 20
1390.432142886797
 10
2578.777582346973
 20
1390.432142886797
 10
2578.777582346973
 20
1394.794707653969
 10
2570.672118218033
 20
1394.794707653969
  0
LINE
  5
221B
330
1F
100
AcDbEntity
  8
0
100
AcDbLine
 10
2570.672118218033
 20
1394.794707653969
 30
0.0
 11
2578.777582346973
 21
1390.432142886797
 31
0.0
  0
LINE
  5
221C
330
1F
100
AcDbEntity
  8
0
100
AcDbLine
 10
2569.18207838029
 20
1392.613425270383
 30
0.0
 11
2570.672118218033
 21
1392.613425270383
 31
0.0
  0
LINE
  5
221D
330
1F
100
AcDbEntity
  8
0
100
AcDbLine
 10
2578.777582346973
 20
1392.613425270383
 30
0.0
 11
2580.70403874845
 21
1392.613425270383
 31
0.0
  0
LINE
  5
221E
330
1F
100
AcDbEntity
  8
0
100
AcDbLine
 10
2569.18207838029
 20
1393.847976068853
 30
0.0
 11
2569.18207838029
 21
1391.378874471913
 31
0.0
  0
LINE
  5
221F
330
1F
100
AcDbEntity
  8
0
100
AcDbLine
 10
2569.18207838029
 20
1393.847976068853
 30
0.0
 11
2567.94752758182
 21
1392.613425270383
 31
0.0
  0
LINE
  5
2220
330
1F
100
AcDbEntity
  8
0
100
AcDbLine
 10
2567.94752758182
 20
1392.613425270383
 30
0.0
 11
2569.18207838029
 21
1391.378874471913
 31
0.0
  0
LWPOLYLINE
  5
2221
330
1F
100
AcDbEntity
  8
0
100
AcDbPolyline
 90
        4
 70
     1
 43
0.0
 10
2578.522756364864
 20
1368.921918665471
 10
2578.522756364864
 20
1360.816454536531
 10
2582.885321132036
 20
1360.816454536531
 10
2582.885321132036
 20
1368.921918665471
  0
LINE
  5
2222
330
1F
100
AcDbEntity
  8
0
100
AcDbLine
 10
2582.885321132036
 20
1360.816454536531
 30
0.0
 11
2580.70403874845
 21
1363.655327721251
 31
0.0
  0
LINE
  5
2223
330
1F
100
AcDbEntity
  8
0
100
AcDbLine
 10
2580.70403874845
 20
1363.655327721251
 30
0.0
 11
2578.522756364864
 21
1360.816454536531
 31
0.0
  0
LINE
  5
2224
330
1F
100
AcDbEntity
  8
0
100
AcDbLine
 10
2579.800482739293
 20
1385.657535104892
 30
0.0
 11
2581.601964482193
 21
1385.657535104892
 31
0.0
  0
LWPOLYLINE
  5
2225
330
1F
100
AcDbEntity
  8
0
100
AcDbPolyline
 90
        4
 70
     1
 43
0.0
 10
2580.338167179799
 20
1385.657535104892
 10
2581.064280041687
 20
1385.657535104892
 10
2581.064280041687
 20
1384.151473100653
 10
2580.338167179799
 20
1384.151473100653
  0
LINE
  5
2226
330
1F
100
AcDbEntity
  8
0
100
AcDbLine
 10
2578.777753969347
 20
1385.094999268005
 30
0.0
 11
2580.704038748451
 21
1381.904773606782
 31
0.0
  0
LWPOLYLINE
  5
2227
330
1F
100
AcDbEntity
  8
0
100
AcDbPolyline
 90
        4
 70
     1
 43
0.0
 10
2578.879917916449
 20
1384.159047627602
 10
2579.57680664384
 20
1384.579834835421
 10
2580.901127353627
 20
1382.386554818946
 10
2580.204238626236
 20
1381.965767611126
  0
LINE
  5
2228
330
1F
100
AcDbEntity
  8
0
 62
     3
100
AcDbLine
 10
2582.885321132036
 20
1368.921918665471
 30
0.0
 11
2585.556539224391
 21
1368.921918665471
 31
0.0
  0
LINE
  5
2229
330
1F
100
AcDbEntity
  8
0
 62
     3
100
AcDbLine
 10
2585.556539224391
 20
1366.899832556911
 30
0.0
 11
2585.556539224391
 21
1370.944004774031
 31
0.0
  0
LINE
  5
222A
330
1F
100
AcDbEntity
  8
0
 62
     3
100
AcDbLine
 10
2586.139512560313
 20
1367.736912919518
 30
0.0
 11
2586.139512560313
 21
1370.183740117574
 31
0.0
  0
LINE
  5
222B
330
1F
100
AcDbEntity
  8
0
 62
     3
100
AcDbLine
 10
2586.743473236363
 20
1368.453323623641
 30
0.0
 11
2586.743473236363
 21
1369.529933672363
 31
0.0
  0
LINE
  5
222C
330
1F
100
AcDbEntity
  8
0
 62
     3
100
AcDbLine
 10
2587.361375549255
 20
1368.770486313482
 30
0.0
 11
2587.361375549255
 21
1369.161978285072
 31
0.0
  0
TEXT
  5
222D
330
1F
100
AcDbEntity
  8
0
 62
     1
 48
0.1
100
AcDbText
 10
2582.408185887848
 20
1387.268463216413
 30
0.0
 40
1.538468469531426
  1
2P-15A
 50
270.0
  7
arial
100
AcDbText
  0
TEXT
  5
222E
330
1F
100
AcDbEntity
  8
0
100
AcDbText
 10
2584.63332394143
 20
1401.037413418993
 30
0.0
 40
1.35414964868273
  1
+
  7
arial
100
AcDbText
  0
TEXT
  5
222F
330
1F
100
AcDbEntity
  8
0
100
AcDbText
 10
2584.692754889536
 20
1400.313869175761
 30
0.0
 40
1.35414964868273
  1
-
 50
270.0
  7
arial
100
AcDbText
  0
TEXT
  5
2230
330
1F
100
AcDbEntity
  8
0
100
AcDbText
 10
2573.329888655622
 20
1338.984794922182
 30
0.0
 40
1.538468469531426
  1
Gerador: P9
  7
arial
100
AcDbText
  0
TEXT
  5
2231
330
1F
100
AcDbEntity
  8
0
100
AcDbText
 10
2576.595143615682
 20
1355.647269666865
 30
0.0
 40
1.538468469531426
  1
Marca
  7
arial
100
AcDbText
  0
TEXT
  5
2232
330
1F
100
AcDbEntity
  8
0
100
AcDbText
 10
2575.96788250217
 20
1351.061421262695
 30
0.0
 40
1.538468469531426
  1
Modelo
  7
arial
100
AcDbText
  0
TEXT
  5
2233
330
1F
100
AcDbEntity
  8
0
100
AcDbText
 10
2574.086109632217
 20
1343.82382612724
 30
0.0
 40
1.538468469531426
  1
Quantidade
  7
arial
100
AcDbText
  0
TEXT
  5
2234
330
1F
100
AcDbEntity
  8
0
 62
     1
 48
0.1
100
AcDbText
 10
2585.686987278716
 20
1343.721928286904
 30
0.0
 40
1.538468469531426
  1
08
  7
arial
100
AcDbText
  0
TEXT
  5
2235
330
1F
100
AcDbEntity
  8
0
100
AcDbText
 10
2574.086109632217
 20
1342.032455508106
 30
0.0
 40
1.538468469531426
  1
2x4mm²
  7
arial
100
AcDbText
  0
TEXT
  5
2236
330
1F
100
AcDbEntity
  8
0
 62
     1
 48
0.1
100
AcDbText
 10
2575.093577951323
 20
1353.315129023691
 30
0.0
 40
1.538468469531426
  1
ZNShine
  7
arial
100
AcDbText
  0
TEXT
  5
2237
330
1F
100
AcDbEntity
  8
0
 62
     1
 48
0.1
100
AcDbText
 10
2570.282318911218
 20
1348.910024478291
 30
0.0
 40
1.538468469531426
  1
ZXI8-GPLDD132-700
  7
arial
100
AcDbText
  0
TEXT
  5
2238
330
1F
100
AcDbEntity
  8
0
 62
     1
 48
0.1
100
AcDbText
 10
2568.276469121713
 20
1346.306276864749
 30
0.0
 40
1.538468469531426
  1
 - Bifacial HTJ - 700Wp
  7
arial
100
AcDbText
  0
LINE
  5
2239
330
1F
100
AcDbEntity
  8
0
100
AcDbLine
 10
2506.658512259008
 20
1410.074396501854
 30
0.0
 11
2481.848939367826
 21
1410.074396501854
 31
0.0
  0
LINE
  5
223A
330
1F
100
AcDbEntity
  8
0
100
AcDbLine
 10
2606.738774599316
 20
1410.364599690771
 30
0.0
 11
2580.70403874845
 21
1410.364599690771
 31
0.0
  0
LINE
  5
223B
330
1F
100
AcDbEntity
  8
0
100
AcDbLine
 10
2633.075807626347
 20
1410.432489501168
 30
0.0
 11
2658.441964379038
 21
1410.432489501168
 31
0.0
  0
LINE
  5
223C
330
1F
100
AcDbEntity
  8
0
100
AcDbLine
 10
2444.637409349452
 20
1416.57462087585
 30
0.0
 11
2538.945139188205
 21
1416.57462087585
 31
0.0
  0
LINE
  5
223D
330
1F
100
AcDbEntity
  8
0
100
AcDbLine
 10
2538.945139188205
 20
1416.57462087585
 30
0.0
 11
2538.945139188206
 21
1428.12833127343
 31
0.0
  0
LINE
  5
223E
330
1F
100
AcDbEntity
  8
0
100
AcDbLine
 10
2593.721406673882
 20
1416.738777941439
 30
0.0
 11
2547.782172682868
 21
1416.738777941439
 31
0.0
  0
LINE
  5
223F
330
1F
100
AcDbEntity
  8
0
100
AcDbLine
 10
2547.782172682868
 20
1416.738777941439
 30
0.0
 11
2547.782172682868
 21
1428.12833127343
 31
0.0
  0
LWPOLYLINE
  5
2240
330
1F
100
AcDbEntity
  8
0
  6
ACAD_ISO02W100
 62
   251
420
  6513766
100
AcDbPolyline
 90
        4
 70
     1
 43
0.0
 10
2239.088351033346
 20
1407.348190632602
 10
2351.213250558004
 20
1407.348190632602
 10
2351.213250558004
 20
1377.154409176986
 10
2239.088351033346
 20
1377.154409176986
  0
TEXT
  5
2241
330
1F
100
AcDbEntity
  8
0
 62
   251
420
  6513766
100
AcDbText
 10
2347.995543789805
 20
1399.716233047359
 30
0.0
 40
1.538468469531426
  1
PROTEÇÃO
 50
270.0
  7
arial
100
AcDbText
  0
LINE
  5
2243
330
1F
100
AcDbEntity
  8
0
100
AcDbLine
 10
2328.371381464896
 20
1411.617130269572
 30
0.0
 11
2328.371381464896
 21
1388.02108513659
 31
0.0
  0
LINE
  5
2244
330
1F
100
AcDbEntity
  8
0
100
AcDbLine
 10
2328.371381464897
 20
1384.437076628622
 30
0.0
 11
2328.371381464896
 21
1372.038030595238
 31
0.0
  0
LINE
  5
2245
330
1F
100
AcDbEntity
  8
0
100
AcDbLine
 10
2331.703052634019
 20
1403.316284110618
 30
0.0
 11
2325.039710295774
 21
1403.316284110618
 31
0.0
  0
LINE
  5
2246
330
1F
100
AcDbEntity
  8
0
100
AcDbLine
 10
2331.703052634019
 20
1401.691095731469
 30
0.0
 11
2325.039710295774
 21
1401.691095731469
 31
0.0
  0
LWPOLYLINE
  5
2247
330
1F
100
AcDbEntity
  8
0
100
AcDbPolyline
 90
        4
 70
     1
 43
0.0
 10
2318.790573158697
 20
1392.580989868394
 10
2326.531553344564
 20
1392.580989868394
 10
2326.531553344564
 20
1396.747380205211
 10
2318.790573158697
 20
1396.747380205211
  0
LINE
  5
2248
330
1F
100
AcDbEntity
  8
0
100
AcDbLine
 10
2318.790573158697
 20
1396.747380205211
 30
0.0
 11
2326.531553344564
 21
1392.580989868394
 31
0.0
  0
LINE
  5
2249
330
1F
100
AcDbEntity
  8
0
100
AcDbLine
 10
2317.36753696032
 20
1394.664185036803
 30
0.0
 11
2318.790573158697
 21
1394.664185036803
 31
0.0
  0
LINE
  5
224A
330
1F
100
AcDbEntity
  8
0
100
AcDbLine
 10
2326.531553344564
 20
1394.664185036803
 30
0.0
 11
2328.371381464896
 21
1394.664185036803
 31
0.0
  0
LINE
  5
224B
330
1F
100
AcDbEntity
  8
0
100
AcDbLine
 10
2317.36753696032
 20
1395.843220946083
 30
0.0
 11
2317.36753696032
 21
1393.485149127523
 31
0.0
  0
LINE
  5
224C
330
1F
100
AcDbEntity
  8
0
100
AcDbLine
 10
2317.36753696032
 20
1395.843220946083
 30
0.0
 11
2316.18850105104
 21
1394.664185036803
 31
0.0
  0
LINE
  5
224D
330
1F
100
AcDbEntity
  8
0
100
AcDbLine
 10
2316.18850105104
 20
1394.664185036803
 30
0.0
 11
2317.36753696032
 21
1393.485149127523
 31
0.0
  0
LWPOLYLINE
  5
224E
330
1F
100
AcDbEntity
  8
0
100
AcDbPolyline
 90
        4
 70
     1
 43
0.0
 10
2326.288186296487
 20
1372.038030595238
 10
2326.288186296487
 20
1364.29705040937
 10
2330.454576633305
 20
1364.29705040937
 10
2330.454576633305
 20
1372.038030595238
  0
LINE
  5
224F
330
1F
100
AcDbEntity
  8
0
100
AcDbLine
 10
2330.454576633305
 20
1364.29705040937
 30
0.0
 11
2328.371381464896
 21
1367.008266044098
 31
0.0
  0
LINE
  5
2250
330
1F
100
AcDbEntity
  8
0
100
AcDbLine
 10
2328.371381464896
 20
1367.008266044098
 30
0.0
 11
2326.288186296487
 21
1364.29705040937
 31
0.0
  0
LINE
  5
2251
330
1F
100
AcDbEntity
  8
0
100
AcDbLine
 10
2327.508456276104
 20
1388.021085136591
 30
0.0
 11
2329.228929558714
 21
1388.021085136591
 31
0.0
  0
LWPOLYLINE
  5
2252
330
1F
100
AcDbEntity
  8
0
100
AcDbPolyline
 90
        4
 70
     1
 43
0.0
 10
2328.021962293033
 20
1388.021085136591
 10
2328.715423541787
 20
1388.021085136591
 10
2328.715423541787
 20
1386.582747251425
 10
2328.021962293033
 20
1386.582747251425
  0
LINE
  5
2253
330
1F
100
AcDbEntity
  8
0
100
AcDbLine
 10
2326.531717249478
 20
1387.483845233
 30
0.0
 11
2328.371381464897
 21
1384.437076628622
 31
0.0
  0
LWPOLYLINE
  5
2254
330
1F
100
AcDbEntity
  8
0
100
AcDbPolyline
 90
        4
 70
     1
 43
0.0
 10
2326.629287120573
 20
1386.589981169446
 10
2327.29483837645
 20
1386.991846551413
 10
2328.559607452114
 20
1384.897193255869
 10
2327.894056196237
 20
1384.495327873902
  0
LINE
  5
2255
330
1F
100
AcDbEntity
  8
0
 62
     3
100
AcDbLine
 10
2330.454576633305
 20
1372.038030595238
 30
0.0
 11
2333.005676236747
 21
1372.038030595238
 31
0.0
  0
LINE
  5
2256
330
1F
100
AcDbEntity
  8
0
 62
     3
100
AcDbLine
 10
2333.005676236747
 20
1370.106873014194
 30
0.0
 11
2333.005676236747
 21
1373.969188176282
 31
0.0
  0
LINE
  5
2257
330
1F
100
AcDbEntity
  8
0
 62
     3
100
AcDbLine
 10
2333.56243461239
 20
1370.906311812249
 30
0.0
 11
2333.56243461239
 21
1373.243110860038
 31
0.0
  0
LINE
  5
2258
330
1F
100
AcDbEntity
  8
0
 62
     3
100
AcDbLine
 10
2334.139236576099
 20
1371.590507186794
 30
0.0
 11
2334.139236576099
 21
1372.618704575924
 31
0.0
  0
LINE
  5
2259
330
1F
100
AcDbEntity
  8
0
 62
     3
100
AcDbLine
 10
2334.729353253541
 20
1371.893407805278
 30
0.0
 11
2334.729353253541
 21
1372.267295289917
 31
0.0
  0
TEXT
  5
225A
330
1F
100
AcDbEntity
  8
0
 62
     1
 48
0.1
100
AcDbText
 10
2329.998897055618
 20
1389.559573543148
 30
0.0
 40
1.469287106792914
  1
2P-15A
 50
270.0
  7
arial
100
AcDbText
  0
TEXT
  5
225B
330
1F
100
AcDbEntity
  8
0
100
AcDbText
 10
2332.123975806148
 20
1402.709365955135
 30
0.0
 40
1.293256676286434
  1
+
  7
arial
100
AcDbText
  0
TEXT
  5
225C
330
1F
100
AcDbEntity
  8
0
100
AcDbText
 10
2332.180734282208
 20
1402.018357820207
 30
0.0
 40
1.293256676286434
  1
-
 50
270.0
  7
arial
100
AcDbText
  0
TEXT
  5
225D
330
1F
100
AcDbEntity
  8
0
100
AcDbText
 10
2322.766746061924
 20
1345.069560376743
 30
0.0
 40
1.469287106792914
  1
Gerador: P3 
  7
arial
100
AcDbText
  0
TEXT
  5
225E
330
1F
100
AcDbEntity
  8
0
100
AcDbText
 10
2325.764381292515
 20
1359.097857878984
 30
0.0
 40
1.469287106792914
  1
Marca
  7
arial
100
AcDbText
  0
TEXT
  5
225F
330
1F
100
AcDbEntity
  8
0
100
AcDbText
 10
2325.165326658034
 20
1354.718224453017
 30
0.0
 40
1.469287106792914
  1
Modelo
  7
arial
100
AcDbText
  0
TEXT
  5
2260
330
1F
100
AcDbEntity
  8
0
100
AcDbText
 10
2323.368172754336
 20
1349.690991559616
 30
0.0
 40
1.469287106792914
  1
Quantidade
  7
arial
100
AcDbText
  0
TEXT
  5
2261
330
1F
100
AcDbEntity
  8
0
 62
     1
 48
0.1
100
AcDbText
 10
2319.86139169066
 20
1356.970627664285
 30
0.0
 40
1.469287106792914
  1
CANADIAN SOLAR
  7
arial
100
AcDbText
  0
TEXT
  5
2262
330
1F
100
AcDbEntity
  8
0
 62
     1
 48
0.1
100
AcDbText
 10
2315.363919381312
 20
1352.174892842304
 30
0.0
 40
1.469287106792914
  1
MONOFACIAL N-TYPE 585 WP
  7
arial
100
AcDbText
  0
TEXT
  5
2263
330
1F
100
AcDbEntity
  8
0
 62
     1
 48
0.1
100
AcDbText
 10
2334.447385810079
 20
1349.593675829083
 30
0.0
 40
1.469287106792914
  1
05
  7
arial
100
AcDbText
  0
TEXT
  5
2264
330
1F
100
AcDbEntity
  8
0
100
AcDbText
 10
2323.368172754336
 20
1347.980174726963
 30
0.0
 40
1.469287106792914
  1
2x4mm²
  7
arial
100
AcDbText
  0
LINE
  5
2265
330
1F
100
AcDbEntity
  8
0
100
AcDbLine
 10
2297.078496801161
 20
1411.617130269572
 30
0.0
 11
2328.371381464896
 21
1411.617130269572
 31
0.0
  0
TEXT
  5
2B6C
330
1F
100
AcDbEntity
  8
0
 62
     7
100
AcDbText
 10
2267.402190626385
 20
1608.986848132406
 30
0.0
 40
3.824124202378143
  1
Dispositivo de Seccionamento Visível
  7
arial
100
AcDbText
  0
LINE
  5
2B6D
330
1F
100
AcDbEntity
  8
0
 62
     7
 48
0.1
100
AcDbLine
 10
2357.579184366362
 20
1607.076913849368
 30
0.0
 11
2266.094870196337
 21
1607.076913849368
 31
0.0
  0
LINE
  5
2B6E
330
1F
100
AcDbEntity
  8
0
 62
     7
 48
0.1
100
AcDbLine
 10
2249.242514653769
 20
1623.929269391936
 30
0.0
 11
2266.094870196333
 21
1607.076913849368
 31
0.0
  0
HATCH
  5
2B6F
330
1F
100
AcDbEntity
  8
0
 62
     7
 48
0.1
100
AcDbHatch
 10
0.0
 20
0.0
 30
0.0
210
0.0
220
0.0
230
1.0
  2
SOLID
 70
     1
 71
     0
 91
        1
 92
        7
 72
     0
 73
     1
 93
        3
 10
2247.543426827292
 20
1622.230181565464
 10
2250.941602480228
 20
1625.628357218403
 10
2246.398464579922
 20
1626.773319465781
 97
        0
 75
     0
 76
     1
 47
0.0132666009269585
 98
        1
 10
2247.930591167479
 20
1624.79491165591
450
        0
451
        0
460
0.0
461
0.0
452
        1
462
1.0
453
        2
463
0.0
 63
     5
421
      255
463
1.0
 63
     7
421
 16777215
470
LINEAR
1001
ACAD
1010
0.0
1020
0.0
1030
0.0
  0
LINE
  5
2B70
330
1F
100
AcDbEntity
  8
0
 62
     7
 48
0.1
100
AcDbLine
 10
2246.398464579929
 20
1626.773319465777
 30
0.0
 11
2247.543426827292
 21
1622.230181565464
 31
0.0
  0
LINE
  5
2B71
330
1F
100
AcDbEntity
  8
0
 62
     7
 48
0.1
100
AcDbLine
 10
2247.543426827292
 20
1622.230181565464
 30
0.0
 11
2250.941602480228
 21
1625.628357218403
 31
0.0
  0
LINE
  5
2B72
330
1F
100
AcDbEntity
  8
0
 62
     7
 48
0.1
100
AcDbLine
 10
2246.398464579929
 20
1626.773319465781
 30
0.0
 11
2250.941602480239
 21
1625.628357218401
 31
0.0
  0
TEXT
  5
2B73
330
1F
100
AcDbEntity
  8
0
100
AcDbText
 10
2180.269747862375
 20
1626.365381278448
 30
0.0
 40
3.824124202378143
  1
Padrão de Entrada
  7
arial
100
AcDbText
  0
TEXT
  5
2B74
330
1F
100
AcDbEntity
  8
0
 62
     7
100
AcDbText
 10
2247.143605025683
 20
1633.322416820504
 30
0.0
 40
3.824124202378143
  1
Dispositivo de Proteção 300A
  7
arial
100
AcDbText
  0
HATCH
  5
2B75
330
1F
100
AcDbEntity
  8
0
 62
     1
 48
0.1
100
AcDbHatch
 10
0.0
 20
0.0
 30
0.0
210
0.0
220
0.0
230
1.0
  2
ANSI31
 70
     0
 71
     1
 91
        1
 92
        1
 93
        4
 72
     1
 10
2241.033610621264
 20
1636.975825388118
 11
2246.398464579929
 21
1636.975825388118
 72
     1
 10
2246.398464579929
 20
1636.975825388118
 11
2246.398464579929
 21
1626.773319465777
 72
     1
 10
2246.398464579929
 20
1626.773319465777
 11
2241.033610621264
 21
1626.773319465777
 72
     1
 10
2241.033610621264
 20
1626.773319465777
 11
2241.033610621264
 21
1636.975825388118
 97
        1
330
2B76
 75
     0
 76
     1
 52
0.0
 41
0.6555481899416448
 77
     0
 78
     1
 53
44.99999999999999
 43
-7647.769784188323
 44
2300.730349292396
 45
-1.471747661344814
 46
1.471747661344814
 79
     0
 98
        1
 10
-7647.769784188323
 20
2300.730349292396
1001
ACAD
1010
0.0
1020
0.0
1030
0.0
  0
LWPOLYLINE
  5
2B76
102
{ACAD_REACTORS
330
2B75
102
}
330
1F
100
AcDbEntity
  8
0
 62
     1
 48
0.1
100
AcDbPolyline
 90
        4
 70
     1
 43
0.0
 10
2241.033610621264
 20
1636.975825388118
 10
2246.398464579929
 20
1636.975825388118
 10
2246.398464579929
 20
1626.773319465777
 10
2241.033610621264
 20
1626.773319465777
  0
TEXT
  5
2B77
330
1F
100
AcDbEntity
  8
0
 62
     7
100
AcDbText
 10
2247.143605025683
 20
1627.772814741413
 30
0.0
 40
3.824124202378143
  1
Padrão EDP
  7
arial
100
AcDbText
  0
TEXT
  5
2B78
330
1F
100
AcDbEntity
  8
0
100
AcDbText
 10
2199.465039821523
 20
1648.096676876731
 30
0.0
 40
3.824124202378143
  1
3X120MM²(120)
  7
arial
100
AcDbText
  0
TEXT
  5
2B79
330
1F
100
AcDbEntity
  8
0
100
AcDbText
 10
2239.356263655674
 20
1582.3598325375
 30
0.0
 40
3.824124202378143
  1
3X120(120)MM²
 50
90.0
  7
arial
100
AcDbText
  0
LINE
  5
2B7A
330
1F
100
AcDbEntity
  8
0
100
AcDbLine
 10
2216.145880900935
 20
1740.56288835778
 30
0.0
 11
2314.39886221838
 21
1740.56288835778
 31
0.0
  0
TEXT
  5
2B7B
330
1F
100
AcDbEntity
  8
0
100
AcDbText
 10
2214.512611885277
 20
1743.78574370948
 30
0.0
 40
4.166395453488764
  1
Rede Primária (MT) da Consessionária
  7
arial
100
AcDbText
  0
LINE
  5
2B7C
330
1F
100
AcDbEntity
  8
0
100
AcDbLine
 10
2243.770824843991
 20
1664.391074112574
 30
0.0
 11
2243.770824843991
 21
1665.783305845321
 31
0.0
  0
LINE
  5
2B7D
330
1F
100
AcDbEntity
  8
0
100
AcDbLine
 10
2243.791970682441
 20
1687.050573422706
 30
0.0
 11
2243.791970682441
 21
1714.000299964162
 31
0.0
  0
LINE
  5
2B7E
330
1F
100
AcDbEntity
  8
0
100
AcDbLine
 10
2243.791970682444
 20
1725.751217932704
 30
0.0
 11
2243.791970682444
 21
1740.56288835778
 31
0.0
  0
LINE
  5
2B7F
330
1F
100
AcDbEntity
  8
0
100
AcDbLine
 10
2243.772750934894
 20
1646.366015299645
 30
0.0
 11
2270.323307989443
 21
1646.366015299645
 31
0.0
  0
LINE
  5
2B80
330
1F
100
AcDbEntity
  8
0
100
AcDbLine
 10
2270.323307989443
 20
1646.366015299645
 30
0.0
 11
2270.323307989443
 21
1650.893650056528
 31
0.0
  0
LINE
  5
2B81
330
1F
100
AcDbEntity
  8
0
100
AcDbLine
 10
2270.026467207368
 20
1657.915955007841
 30
0.0
 11
2270.026467207368
 21
1663.0035195722
 31
0.0
  0
LINE
  5
2B82
330
1F
100
AcDbEntity
  8
0
100
AcDbLine
 10
2270.026467207368
 20
1663.0035195722
 30
0.0
 11
2255.681493183977
 21
1663.0035195722
 31
0.0
  0
LINE
  5
2B83
330
1F
100
AcDbEntity
  8
0
100
AcDbLine
 10
2251.94812606632
 20
1663.0035195722
 30
0.0
 11
2243.772750934894
 21
1663.0035195722
 31
0.0
  0
ARC
  5
2B84
330
1F
100
AcDbEntity
  8
0
100
AcDbCircle
 10
2256.404243409571
 20
1661.286481687098
 30
0.0
 40
1.862951150047921
100
AcDbArc
 50
112.8276139624
 51
266.2217969957481
  0
ARC
  5
2B85
330
1F
100
AcDbEntity
  8
0
100
AcDbCircle
 10
2251.374674251384
 20
1664.679939784135
 30
0.0
 40
1.771787716141969
100
AcDbArc
 50
288.8842404552548
 51
91.38904943003343
  0
ARC
  5
2B86
330
1F
100
AcDbEntity
  8
0
100
AcDbCircle
 10
2251.331724148219
 20
1661.370843012416
 30
0.0
 40
1.745160185633442
100
AcDbArc
 50
269.9041824564945
 51
69.3164352227905
  0
ARC
  5
2B87
330
1F
100
AcDbEntity
  8
0
100
AcDbCircle
 10
2256.273294859913
 20
1664.666117260561
 30
0.0
 40
1.764783356958886
100
AcDbArc
 50
89.73407884030555
 51
250.4068122177771
  0
TEXT
  5
2B88
330
1F
100
AcDbEntity
  8
0
100
AcDbText
 10
2261.497503503004
 20
1652.932975993775
 30
0.0
 40
3.333116362791011
  1
Medição
  7
arial
100
AcDbText
  0
LINE
  5
2B89
330
1F
100
AcDbEntity
  8
0
100
AcDbLine
 10
2243.771029601556
 20
1636.975825388118
 30
0.0
 11
2243.772610360994
 21
1667.169882982067
 31
0.0
  0
LWPOLYLINE
  5
2B8A
330
1F
100
AcDbEntity
  8
0
100
AcDbPolyline
 90
        2
 70
     0
 43
0.0
 10
2243.791970682444
 20
1687.050573422706
 10
2243.791970682444
 20
1714.000299964162
  0
LWPOLYLINE
  5
2B8B
330
1F
100
AcDbEntity
  8
0
100
AcDbPolyline
 90
        2
 70
     0
 43
0.0
 10
2243.791970682444
 20
1725.751217932704
 10
2243.791970682444
 20
1731.61545244165
  0
ARC
  5
2B8C
330
1F
100
AcDbEntity
  8
0
100
AcDbCircle
 10
2244.495501160489
 20
1644.648977414544
 30
0.0
 40
1.862951150047921
100
AcDbArc
 50
112.8276139624
 51
266.2217969957481
  0
ARC
  5
2B8D
330
1F
100
AcDbEntity
  8
0
100
AcDbCircle
 10
2244.364552610832
 20
1648.028612988008
 30
0.0
 40
1.764783356958886
100
AcDbArc
 50
89.73407884030555
 51
250.4068122177771
  0
LWPOLYLINE
  5
2B8E
330
1F
100
AcDbEntity
  8
0
 62
     7
 48
0.1
100
AcDbPolyline
 90
        4
 70
     1
 43
0.0
 10
2260.940202976791
 20
1657.915955007841
 10
2279.706413002097
 20
1657.915955007841
 10
2279.706413002097
 20
1650.893650056528
 10
2260.940202976791
 20
1650.893650056528
  0
CIRCLE
  5
2B8F
330
1F
100
AcDbEntity
  8
0
100
AcDbCircle
 10
2243.808409683488
 20
1714.946219294563
 30
0.0
 40
0.9460621651790408
  0
CIRCLE
  5
2B90
330
1F
100
AcDbEntity
  8
0
100
AcDbCircle
 10
2243.808409683488
 20
1724.805298602301
 30
0.0
 40
0.9460621651790408
  0
LINE
  5
2B91
330
1F
100
AcDbEntity
  8
0
100
AcDbLine
 10
2243.808409683488
 20
1715.892281459742
 30
0.0
 11
2238.487648361346
 21
1723.519556138859
 31
0.0
  0
TEXT
  5
2B92
330
1F
100
AcDbEntity
  8
0
100
AcDbText
 10
2247.684638475933
 20
1720.419901339673
 30
0.0
 40
3.333116362791011
  1
Chave
  7
arial
100
AcDbText
  0
TEXT
  5
2B93
330
1F
100
AcDbEntity
  8
0
100
AcDbText
 10
2247.684638475933
 20
1715.582854079207
 30
0.0
 40
3.333116362791011
  1
Padrão EDP
  7
arial
100
AcDbText
  0
LINE
  5
2B94
330
1F
100
AcDbEntity
  8
0
100
AcDbLine
 10
2246.031640898144
 20
1730.622135961082
 30
0.0
 11
2294.714983487277
 21
1730.622135961082
 31
0.0
  0
TEXT
  5
2B95
330
1F
100
AcDbEntity
  8
0
100
AcDbText
 10
2245.693918231089
 20
1731.64403771427
 30
0.0
 40
3.333116362791011
  1
Derivação Padrão EDP
  7
arial
100
AcDbText
  0
LINE
  5
2B96
330
1F
100
AcDbEntity
  8
0
100
AcDbLine
 10
2246.031640898145
 20
1704.635036650869
 30
0.0
 11
2295.457480477329
 21
1704.635036650869
 31
0.0
  0
TEXT
  5
2B97
330
1F
100
AcDbEntity
  8
0
100
AcDbText
 10
2246.436415221142
 20
1705.656938404055
 30
0.0
 40
3.333116362791011
  1
Ramal de Ligação EDP
  7
arial
100
AcDbText
  0
LINE
  5
2B98
330
1F
100
AcDbEntity
  8
0
 62
     7
 48
0.1
100
AcDbLine
 10
2246.031640898145
 20
1704.635036650868
 30
0.0
 11
2243.791970682444
 21
1706.874706866567
 31
0.0
  0
LINE
  5
2B99
330
1F
100
AcDbEntity
  8
0
 62
     7
 48
0.1
100
AcDbLine
 10
2246.031640898145
 20
1730.622135961082
 30
0.0
 11
2243.791970682444
 21
1732.861806176782
 31
0.0
  0
LINE
  5
2B9A
330
1F
100
AcDbEntity
  8
0
 62
     7
 48
0.1
100
AcDbLine
 10
2243.791970682443
 20
1699.723126647847
 30
0.0
 11
2238.535895913976
 21
1699.723126647847
 31
0.0
  0
LWPOLYLINE
  5
2B9B
330
1F
100
AcDbEntity
  8
0
 62
     7
 48
0.1
100
AcDbPolyline
 90
        4
 70
     1
 43
0.0
 10
2238.535895913976
 20
1703.187920888735
 10
2237.243438549985
 20
1703.187920888735
 10
2237.243438549985
 20
1696.258332406959
 10
2238.535895913976
 20
1696.258332406959
  0
LWPOLYLINE
  5
2B9C
330
1F
100
AcDbEntity
  8
0
 62
     7
 48
0.1
100
AcDbPolyline
 90
        4
 70
     1
 43
0.0
 10
2235.937014015688
 20
1703.187920888735
 10
2234.644556651699
 20
1703.187920888735
 10
2234.644556651699
 20
1696.258332406959
 10
2235.937014015688
 20
1696.258332406959
  0
LINE
  5
2B9D
330
1F
100
AcDbEntity
  8
0
 62
     7
 48
0.1
100
AcDbLine
 10
2232.553912164658
 20
1703.187920888735
 30
0.0
 11
2232.553912164655
 21
1696.258332406959
 31
0.0
  0
LINE
  5
2B9E
330
1F
100
AcDbEntity
  8
0
 62
     7
 48
0.1
100
AcDbLine
 10
2231.188394705071
 20
1702.778493140158
 30
0.0
 11
2231.188394705067
 21
1696.667760155544
 31
0.0
  0
LINE
  5
2B9F
330
1F
100
AcDbEntity
  8
0
 62
     7
 48
0.1
100
AcDbLine
 10
2229.82287724549
 20
1702.369065391574
 30
0.0
 11
2229.822877245487
 21
1697.077187904128
 31
0.0
  0
LINE
  5
2BA0
330
1F
100
AcDbEntity
  8
0
 62
     7
 48
0.1
100
AcDbLine
 10
2228.457359785902
 20
1701.959637642989
 30
0.0
 11
2228.457359785899
 21
1697.486615652713
 31
0.0
  0
LINE
  5
2BA1
330
1F
100
AcDbEntity
  8
0
 62
     7
 48
0.1
100
AcDbLine
 10
2227.091842326318
 20
1701.550209894405
 30
0.0
 11
2227.091842326315
 21
1697.896043401298
 31
0.0
  0
LINE
  5
2BA2
330
1F
100
AcDbEntity
  8
0
 62
     7
 48
0.1
100
AcDbLine
 10
2225.726324866734
 20
1701.140782145819
 30
0.0
 11
2225.72632486673
 21
1698.305471149883
 31
0.0
  0
LINE
  5
2BA3
330
1F
100
AcDbEntity
  8
0
 62
     7
 48
0.1
100
AcDbLine
 10
2224.360807407146
 20
1700.731354397233
 30
0.0
 11
2224.360807407145
 21
1698.714898898467
 31
0.0
  0
LWPOLYLINE
  5
2BA4
330
1F
100
AcDbEntity
  8
0
 62
     7
 48
0.1
100
AcDbPolyline
 90
        2
 70
     1
 43
0.9246756153788886
 10
2243.329632874752
 20
1699.723126647846
 42
1.0
 10
2244.254308490134
 20
1699.723126647846
 42
1.0
  0
TEXT
  5
2BA5
330
1F
100
AcDbEntity
  8
0
100
AcDbText
 10
2193.791020622894
 20
1706.670443243701
 30
0.0
 40
3.333116362791011
  1
Sistema Aterrado
  7
arial
100
AcDbText
  0
TEXT
  5
2BA6
330
1F
100
AcDbEntity
  8
0
100
AcDbText
 10
2194.30771484381
 20
1711.263675231695
 30
0.0
 40
3.333116362791011
  1
Para-raio para
  7
arial
100
AcDbText
  0
LINE
  5
2BA7
330
1F
100
AcDbEntity
  8
0
 62
     7
 48
0.1
100
AcDbLine
 10
2193.545267646598
 20
1705.427591104433
 30
0.0
 11
2230.314241948958
 21
1705.427591104433
 31
0.0
  0
LINE
  5
2BA8
330
1F
100
AcDbEntity
  8
0
 62
     7
 48
0.1
100
AcDbLine
 10
2232.553912164658
 20
1703.187920888735
 30
0.0
 11
2230.314241948958
 21
1705.427591104433
 31
0.0
  0
LINE
  5
2BA9
330
1F
100
AcDbEntity
  8
0
100
AcDbLine
 10
2246.031640898145
 20
1690.899653588562
 30
0.0
 11
2304.382848407025
 21
1690.899653588562
 31
0.0
  0
TEXT
  5
2BAA
330
1F
100
AcDbEntity
  8
0
100
AcDbText
 10
2246.436415221142
 20
1691.92155534175
 30
0.0
 40
3.333116362791011
  1
Interligação em fio de cobre
  7
arial
100
AcDbText
  0
LINE
  5
2BAB
330
1F
100
AcDbEntity
  8
0
 62
     7
 48
0.1
100
AcDbLine
 10
2246.031640898145
 20
1690.899653588562
 30
0.0
 11
2243.791970682444
 21
1693.139323804261
 31
0.0
  0
CIRCLE
  5
2BAC
330
1F
100
AcDbEntity
  8
0
 62
     7
 48
0.1
100
AcDbCircle
 10
2243.791970682444
 20
1681.401220970559
 30
0.0
 40
5.649352452147901
  0
CIRCLE
  5
2BAD
330
1F
100
AcDbEntity
  8
0
 62
     7
 48
0.1
100
AcDbCircle
 10
2243.791970682444
 20
1672.819202260223
 30
0.0
 40
5.649352452147901
  0
LINE
  5
2BAE
330
1F
100
AcDbEntity
  8
0
 62
     7
 48
0.1
100
AcDbLine
 10
2243.791970682441
 20
1684.6733439852
 30
0.0
 11
2241.210993841675
 21
1680.104380348552
 31
0.0
  0
LINE
  5
2BAF
330
1F
100
AcDbEntity
  8
0
 62
     7
 48
0.1
100
AcDbLine
 10
2243.791970682441
 20
1684.6733439852
 30
0.0
 11
2246.372947523207
 21
1680.104380348552
 31
0.0
  0
LINE
  5
2BB0
330
1F
100
AcDbEntity
  8
0
 62
     7
 48
0.1
100
AcDbLine
 10
2246.372947523207
 20
1680.104380348552
 30
0.0
 11
2241.210993841675
 21
1680.104380348552
 31
0.0
  0
LINE
  5
2BB1
330
1F
100
AcDbEntity
  8
0
 62
     7
 48
0.1
100
AcDbLine
 10
2241.491217510587
 20
1674.934187647477
 30
0.0
 11
2243.79197068244
 21
1672.400998206041
 31
0.0
  0
LINE
  5
2BB2
330
1F
100
AcDbEntity
  8
0
 62
     7
 48
0.1
100
AcDbLine
 10
2246.092723854294
 20
1674.934187647477
 30
0.0
 11
2243.79197068244
 21
1672.400998206041
 31
0.0
  0
LINE
  5
2BB3
330
1F
100
AcDbEntity
  8
0
 62
     7
 48
0.1
100
AcDbLine
 10
2243.79197068244
 20
1672.400998206041
 30
0.0
 11
2243.79197068244
 21
1669.346582864443
 31
0.0
  0
LINE
  5
2BB4
330
1F
100
AcDbEntity
  8
0
 62
     7
 48
0.1
100
AcDbLine
 10
2243.79197068244
 20
1672.400998206041
 30
0.0
 11
2233.989939470291
 21
1672.400998206041
 31
0.0
  0
LINE
  5
2BB5
330
1F
100
AcDbEntity
  8
0
 62
     7
 48
0.1
100
AcDbLine
 10
2233.989939470291
 20
1672.400998206041
 30
0.0
 11
2233.989939470291
 21
1668.420386890529
 31
0.0
  0
LINE
  5
2BB6
330
1F
100
AcDbEntity
  8
0
 62
     7
 48
0.1
100
AcDbLine
 10
2232.011392113031
 20
1668.420386890529
 30
0.0
 11
2235.96848682755
 21
1668.420386890529
 31
0.0
  0
LINE
  5
2BB7
330
1F
100
AcDbEntity
  8
0
 62
     7
 48
0.1
100
AcDbLine
 10
2232.242409049142
 20
1667.897485577571
 30
0.0
 11
2235.737469891438
 21
1667.897485577571
 31
0.0
  0
LINE
  5
2BB8
330
1F
100
AcDbEntity
  8
0
 62
     7
 48
0.1
100
AcDbLine
 10
2232.473425985256
 20
1667.374584264611
 30
0.0
 11
2235.506452955327
 21
1667.374584264611
 31
0.0
  0
LINE
  5
2BB9
330
1F
100
AcDbEntity
  8
0
 62
     7
 48
0.1
100
AcDbLine
 10
2232.704442921365
 20
1666.851682951652
 30
0.0
 11
2235.275436019215
 21
1666.851682951652
 31
0.0
  0
LINE
  5
2BBA
330
1F
100
AcDbEntity
  8
0
 62
     7
 48
0.1
100
AcDbLine
 10
2232.935459857477
 20
1666.328781638693
 30
0.0
 11
2235.044419083102
 21
1666.328781638693
 31
0.0
  0
LINE
  5
2BBB
330
1F
100
AcDbEntity
  8
0
 62
     7
 48
0.1
100
AcDbLine
 10
2233.16647679359
 20
1665.805880325734
 30
0.0
 11
2234.813402146992
 21
1665.805880325734
 31
0.0
  0
LINE
  5
2BBC
330
1F
100
AcDbEntity
  8
0
 62
     7
 48
0.1
100
AcDbLine
 10
2233.397493729702
 20
1665.282979012775
 30
0.0
 11
2234.582385210879
 21
1665.282979012775
 31
0.0
  0
TEXT
  5
2BBD
330
1F
100
AcDbEntity
  8
0
100
AcDbText
 10
2253.449281053113
 20
1675.832488569565
 30
0.0
 40
3.333116362791011
  1
Transformador 112,5 KVA - 220/127V
  7
arial
100
AcDbText
  0
LINE
  5
2BBE
330
1F
100
AcDbEntity
  8
0
100
AcDbLine
 10
2365.308599553333
 20
1392.68131508078
 30
0.0
 11
2366.798639391077
 21
1392.68131508078
 31
0.0
  0
LINE
  5
2BBF
330
1F
100
AcDbEntity
  8
0
100
AcDbLine
 10
2365.308599553333
 20
1393.91586587925
 30
0.0
 11
2365.308599553333
 21
1391.44676428231
 31
0.0
  0
LINE
  5
2BC0
330
1F
100
AcDbEntity
  8
0
100
AcDbLine
 10
2365.308599553333
 20
1393.91586587925
 30
0.0
 11
2364.074048754863
 21
1392.68131508078
 31
0.0
  0
LINE
  5
2BC1
330
1F
100
AcDbEntity
  8
0
100
AcDbLine
 10
2364.074048754863
 20
1392.68131508078
 30
0.0
 11
2365.308599553333
 21
1391.44676428231
 31
0.0
  0
LINE
  5
2BC2
330
1F
100
AcDbEntity
  8
0
100
AcDbLine
 10
2556.652340398827
 20
1410.364599690771
 30
0.0
 11
2556.652340398827
 21
1385.657535104892
 31
0.0
  0
LINE
  5
2BC3
330
1F
100
AcDbEntity
  8
0
100
AcDbLine
 10
2556.652340398827
 20
1381.904773606782
 30
0.0
 11
2556.652340398827
 21
1368.921918665471
 31
0.0
  0
LINE
  5
2BC4
330
1F
100
AcDbEntity
  8
0
100
AcDbLine
 10
2560.140883258043
 20
1401.672908307283
 30
0.0
 11
2553.16379753961
 21
1401.672908307283
 31
0.0
  0
LINE
  5
2BC5
330
1F
100
AcDbEntity
  8
0
100
AcDbLine
 10
2560.140883258043
 20
1399.971197956182
 30
0.0
 11
2553.16379753961
 21
1399.971197956182
 31
0.0
  0
LWPOLYLINE
  5
2BC6
330
1F
100
AcDbEntity
  8
0
100
AcDbPolyline
 90
        4
 70
     1
 43
0.0
 10
2546.62041986841
 20
1390.432142886797
 10
2554.72588399735
 20
1390.432142886797
 10
2554.72588399735
 20
1394.794707653969
 10
2546.62041986841
 20
1394.794707653969
  0
LINE
  5
2BC7
330
1F
100
AcDbEntity
  8
0
100
AcDbLine
 10
2546.62041986841
 20
1394.794707653969
 30
0.0
 11
2554.72588399735
 21
1390.432142886797
 31
0.0
  0
LINE
  5
2BC8
330
1F
100
AcDbEntity
  8
0
100
AcDbLine
 10
2545.130380030667
 20
1392.613425270383
 30
0.0
 11
2546.62041986841
 21
1392.613425270383
 31
0.0
  0
LINE
  5
2BC9
330
1F
100
AcDbEntity
  8
0
100
AcDbLine
 10
2554.72588399735
 20
1392.613425270383
 30
0.0
 11
2556.652340398827
 21
1392.613425270383
 31
0.0
  0
LINE
  5
2BCA
330
1F
100
AcDbEntity
  8
0
100
AcDbLine
 10
2545.130380030667
 20
1393.847976068853
 30
0.0
 11
2545.130380030667
 21
1391.378874471913
 31
0.0
  0
LINE
  5
2BCB
330
1F
100
AcDbEntity
  8
0
100
AcDbLine
 10
2545.130380030667
 20
1393.847976068853
 30
0.0
 11
2543.895829232197
 21
1392.613425270383
 31
0.0
  0
LINE
  5
2BCC
330
1F
100
AcDbEntity
  8
0
100
AcDbLine
 10
2543.895829232197
 20
1392.613425270383
 30
0.0
 11
2545.130380030667
 21
1391.378874471913
 31
0.0
  0
LWPOLYLINE
  5
2BCD
330
1F
100
AcDbEntity
  8
0
100
AcDbPolyline
 90
        4
 70
     1
 43
0.0
 10
2554.471058015241
 20
1368.921918665471
 10
2554.471058015241
 20
1360.816454536531
 10
2558.833622782413
 20
1360.816454536531
 10
2558.833622782413
 20
1368.921918665471
  0
LINE
  5
2BCE
330
1F
100
AcDbEntity
  8
0
100
AcDbLine
 10
2558.833622782413
 20
1360.816454536531
 30
0.0
 11
2556.652340398827
 21
1363.655327721251
 31
0.0
  0
LINE
  5
2BCF
330
1F
100
AcDbEntity
  8
0
100
AcDbLine
 10
2556.652340398827
 20
1363.655327721251
 30
0.0
 11
2554.471058015241
 21
1360.816454536531
 31
0.0
  0
LINE
  5
2BD0
330
1F
100
AcDbEntity
  8
0
100
AcDbLine
 10
2555.74878438967
 20
1385.657535104892
 30
0.0
 11
2557.55026613257
 21
1385.657535104892
 31
0.0
  0
LWPOLYLINE
  5
2BD1
330
1F
100
AcDbEntity
  8
0
100
AcDbPolyline
 90
        4
 70
     1
 43
0.0
 10
2556.286468830176
 20
1385.657535104892
 10
2557.012581692064
 20
1385.657535104892
 10
2557.012581692064
 20
1384.151473100653
 10
2556.286468830176
 20
1384.151473100653
  0
LINE
  5
2BD2
330
1F
100
AcDbEntity
  8
0
100
AcDbLine
 10
2554.726055619724
 20
1385.094999268005
 30
0.0
 11
2556.652340398827
 21
1381.904773606782
 31
0.0
  0
LWPOLYLINE
  5
2BD3
330
1F
100
AcDbEntity
  8
0
100
AcDbPolyline
 90
        4
 70
     1
 43
0.0
 10
2554.828219566826
 20
1384.159047627602
 10
2555.525108294216
 20
1384.579834835421
 10
2556.849429004004
 20
1382.386554818946
 10
2556.152540276613
 20
1381.965767611126
  0
TEXT
  5
2BD4
330
1F
100
AcDbEntity
  8
0
100
AcDbText
 10
2529.077351991523
 20
1411.867984401852
 30
0.0
 40
2.520940859336198
  1
MPPT 4
  7
arial
100
AcDbText
  0
LINE
  5
2BD5
330
1F
100
AcDbEntity
  8
0
 62
     3
100
AcDbLine
 10
2558.833622782413
 20
1368.921918665471
 30
0.0
 11
2561.504840874768
 21
1368.921918665471
 31
0.0
  0
LINE
  5
2BD6
330
1F
100
AcDbEntity
  8
0
 62
     3
100
AcDbLine
 10
2561.504840874768
 20
1366.899832556911
 30
0.0
 11
2561.504840874768
 21
1370.944004774031
 31
0.0
  0
LINE
  5
2BD7
330
1F
100
AcDbEntity
  8
0
 62
     3
100
AcDbLine
 10
2562.08781421069
 20
1367.736912919518
 30
0.0
 11
2562.08781421069
 21
1370.183740117574
 31
0.0
  0
LINE
  5
2BD8
330
1F
100
AcDbEntity
  8
0
 62
     3
100
AcDbLine
 10
2562.69177488674
 20
1368.453323623641
 30
0.0
 11
2562.69177488674
 21
1369.529933672363
 31
0.0
  0
LINE
  5
2BD9
330
1F
100
AcDbEntity
  8
0
 62
     3
100
AcDbLine
 10
2563.309677199632
 20
1368.770486313482
 30
0.0
 11
2563.309677199632
 21
1369.161978285072
 31
0.0
  0
TEXT
  5
2BDA
330
1F
100
AcDbEntity
  8
0
 62
     1
 48
0.1
100
AcDbText
 10
2558.356487538225
 20
1387.268463216413
 30
0.0
 40
1.538468469531426
  1
2P-15A
 50
270.0
  7
arial
100
AcDbText
  0
TEXT
  5
2BDB
330
1F
100
AcDbEntity
  8
0
100
AcDbText
 10
2560.581625591807
 20
1401.037413418993
 30
0.0
 40
1.35414964868273
  1
+
  7
arial
100
AcDbText
  0
TEXT
  5
2BDC
330
1F
100
AcDbEntity
  8
0
100
AcDbText
 10
2560.641056539913
 20
1400.313869175761
 30
0.0
 40
1.35414964868273
  1
-
 50
270.0
  7
arial
100
AcDbText
  0
LINE
  5
2BDD
330
1F
100
AcDbEntity
  8
0
100
AcDbLine
 10
2543.634972473393
 20
1410.364599690771
 30
0.0
 11
2543.634972473393
 21
1428.12833127343
 31
0.0
  0
TEXT
  5
2BDE
330
1F
100
AcDbEntity
  8
0
100
AcDbText
 10
2549.278190305999
 20
1338.984794922182
 30
0.0
 40
1.538468469531426
  1
Gerador: P8
  7
arial
100
AcDbText
  0
TEXT
  5
2BDF
330
1F
100
AcDbEntity
  8
0
100
AcDbText
 10
2552.543445266059
 20
1355.647269666865
 30
0.0
 40
1.538468469531426
  1
Marca
  7
arial
100
AcDbText
  0
TEXT
  5
2BE0
330
1F
100
AcDbEntity
  8
0
100
AcDbText
 10
2551.916184152547
 20
1351.061421262695
 30
0.0
 40
1.538468469531426
  1
Modelo
  7
arial
100
AcDbText
  0
TEXT
  5
2BE1
330
1F
100
AcDbEntity
  8
0
100
AcDbText
 10
2550.034411282594
 20
1343.82382612724
 30
0.0
 40
1.538468469531426
  1
Quantidade
  7
arial
100
AcDbText
  0
TEXT
  5
2BE2
330
1F
100
AcDbEntity
  8
0
 62
     1
 48
0.1
100
AcDbText
 10
2561.635288929093
 20
1343.721928286904
 30
0.0
 40
1.538468469531426
  1
08
  7
arial
100
AcDbText
  0
TEXT
  5
2BE3
330
1F
100
AcDbEntity
  8
0
100
AcDbText
 10
2550.034411282594
 20
1342.032455508106
 30
0.0
 40
1.538468469531426
  1
2x4mm²
  7
arial
100
AcDbText
  0
TEXT
  5
2BE4
330
1F
100
AcDbEntity
  8
0
 62
     1
 48
0.1
100
AcDbText
 10
2551.0418796017
 20
1353.315129023691
 30
0.0
 40
1.538468469531426
  1
ZNShine
  7
arial
100
AcDbText
  0
TEXT
  5
2BE5
330
1F
100
AcDbEntity
  8
0
 62
     1
 48
0.1
100
AcDbText
 10
2546.230620561594
 20
1348.910024478291
 30
0.0
 40
1.538468469531426
  1
ZXI8-GPLDD132-700
  7
arial
100
AcDbText
  0
TEXT
  5
2BE6
330
1F
100
AcDbEntity
  8
0
 62
     1
 48
0.1
100
AcDbText
 10
2544.224770772089
 20
1346.306276864749
 30
0.0
 40
1.538468469531426
  1
 - Bifacial HTJ - 700Wp
  7
arial
100
AcDbText
  0
LINE
  5
2BE7
330
1F
100
AcDbEntity
  8
0
100
AcDbLine
 10
2530.61760454796
 20
1410.364599690771
 30
0.0
 11
2530.61760454796
 21
1385.657535104892
 31
0.0
  0
LINE
  5
2BE8
330
1F
100
AcDbEntity
  8
0
100
AcDbLine
 10
2530.617604547961
 20
1381.904773606782
 30
0.0
 11
2530.61760454796
 21
1368.921918665471
 31
0.0
  0
LINE
  5
2BE9
330
1F
100
AcDbEntity
  8
0
100
AcDbLine
 10
2534.106147407177
 20
1401.672908307283
 30
0.0
 11
2527.129061688744
 21
1401.672908307283
 31
0.0
  0
LINE
  5
2BEA
330
1F
100
AcDbEntity
  8
0
100
AcDbLine
 10
2534.106147407177
 20
1399.971197956182
 30
0.0
 11
2527.129061688744
 21
1399.971197956182
 31
0.0
  0
LWPOLYLINE
  5
2BEB
330
1F
100
AcDbEntity
  8
0
100
AcDbPolyline
 90
        4
 70
     1
 43
0.0
 10
2520.585684017543
 20
1390.432142886797
 10
2528.691148146483
 20
1390.432142886797
 10
2528.691148146483
 20
1394.794707653969
 10
2520.585684017543
 20
1394.794707653969
  0
LINE
  5
2BEC
330
1F
100
AcDbEntity
  8
0
100
AcDbLine
 10
2520.585684017543
 20
1394.794707653969
 30
0.0
 11
2528.691148146483
 21
1390.432142886797
 31
0.0
  0
LINE
  5
2BED
330
1F
100
AcDbEntity
  8
0
100
AcDbLine
 10
2519.0956441798
 20
1392.613425270383
 30
0.0
 11
2520.585684017543
 21
1392.613425270383
 31
0.0
  0
LINE
  5
2BEE
330
1F
100
AcDbEntity
  8
0
100
AcDbLine
 10
2528.691148146483
 20
1392.613425270383
 30
0.0
 11
2530.61760454796
 21
1392.613425270383
 31
0.0
  0
LINE
  5
2BEF
330
1F
100
AcDbEntity
  8
0
100
AcDbLine
 10
2519.0956441798
 20
1393.847976068853
 30
0.0
 11
2519.0956441798
 21
1391.378874471913
 31
0.0
  0
LINE
  5
2BF0
330
1F
100
AcDbEntity
  8
0
100
AcDbLine
 10
2519.0956441798
 20
1393.847976068853
 30
0.0
 11
2517.86109338133
 21
1392.613425270383
 31
0.0
  0
LINE
  5
2BF1
330
1F
100
AcDbEntity
  8
0
100
AcDbLine
 10
2517.86109338133
 20
1392.613425270383
 30
0.0
 11
2519.0956441798
 21
1391.378874471913
 31
0.0
  0
LWPOLYLINE
  5
2BF2
330
1F
100
AcDbEntity
  8
0
100
AcDbPolyline
 90
        4
 70
     1
 43
0.0
 10
2528.436322164374
 20
1368.921918665471
 10
2528.436322164374
 20
1360.816454536531
 10
2532.798886931546
 20
1360.816454536531
 10
2532.798886931546
 20
1368.921918665471
  0
LINE
  5
2BF3
330
1F
100
AcDbEntity
  8
0
100
AcDbLine
 10
2532.798886931546
 20
1360.816454536531
 30
0.0
 11
2530.61760454796
 21
1363.655327721251
 31
0.0
  0
LINE
  5
2BF4
330
1F
100
AcDbEntity
  8
0
100
AcDbLine
 10
2530.61760454796
 20
1363.655327721251
 30
0.0
 11
2528.436322164374
 21
1360.816454536531
 31
0.0
  0
LINE
  5
2BF5
330
1F
100
AcDbEntity
  8
0
100
AcDbLine
 10
2529.714048538803
 20
1385.657535104892
 30
0.0
 11
2531.515530281703
 21
1385.657535104892
 31
0.0
  0
LWPOLYLINE
  5
2BF6
330
1F
100
AcDbEntity
  8
0
100
AcDbPolyline
 90
        4
 70
     1
 43
0.0
 10
2530.251732979309
 20
1385.657535104892
 10
2530.977845841198
 20
1385.657535104892
 10
2530.977845841198
 20
1384.151473100653
 10
2530.251732979309
 20
1384.151473100653
  0
LINE
  5
2BF7
330
1F
100
AcDbEntity
  8
0
100
AcDbLine
 10
2528.691319768857
 20
1385.094999268005
 30
0.0
 11
2530.617604547961
 21
1381.904773606782
 31
0.0
  0
LWPOLYLINE
  5
2BF8
330
1F
100
AcDbEntity
  8
0
100
AcDbPolyline
 90
        4
 70
     1
 43
0.0
 10
2528.79348371596
 20
1384.159047627602
 10
2529.49037244335
 20
1384.579834835421
 10
2530.814693153137
 20
1382.386554818946
 10
2530.117804425746
 20
1381.965767611126
  0
LINE
  5
2BF9
330
1F
100
AcDbEntity
  8
0
 62
     3
100
AcDbLine
 10
2532.798886931546
 20
1368.921918665471
 30
0.0
 11
2535.470105023901
 21
1368.921918665471
 31
0.0
  0
LINE
  5
2BFA
330
1F
100
AcDbEntity
  8
0
 62
     3
100
AcDbLine
 10
2535.470105023901
 20
1366.899832556911
 30
0.0
 11
2535.470105023901
 21
1370.944004774031
 31
0.0
  0
LINE
  5
2BFB
330
1F
100
AcDbEntity
  8
0
 62
     3
100
AcDbLine
 10
2536.053078359823
 20
1367.736912919518
 30
0.0
 11
2536.053078359823
 21
1370.183740117574
 31
0.0
  0
LINE
  5
2BFC
330
1F
100
AcDbEntity
  8
0
 62
     3
100
AcDbLine
 10
2536.657039035873
 20
1368.453323623641
 30
0.0
 11
2536.657039035873
 21
1369.529933672363
 31
0.0
  0
LINE
  5
2BFD
330
1F
100
AcDbEntity
  8
0
 62
     3
100
AcDbLine
 10
2537.274941348766
 20
1368.770486313482
 30
0.0
 11
2537.274941348766
 21
1369.161978285072
 31
0.0
  0
TEXT
  5
2BFE
330
1F
100
AcDbEntity
  8
0
 62
     1
 48
0.1
100
AcDbText
 10
2532.321751687359
 20
1387.268463216413
 30
0.0
 40
1.538468469531426
  1
2P-15A
 50
270.0
  7
arial
100
AcDbText
  0
TEXT
  5
2BFF
330
1F
100
AcDbEntity
  8
0
100
AcDbText
 10
2534.54688974094
 20
1401.037413418993
 30
0.0
 40
1.35414964868273
  1
+
  7
arial
100
AcDbText
  0
TEXT
  5
2C00
330
1F
100
AcDbEntity
  8
0
100
AcDbText
 10
2534.606320689046
 20
1400.313869175761
 30
0.0
 40
1.35414964868273
  1
-
 50
270.0
  7
arial
100
AcDbText
  0
TEXT
  5
2C01
330
1F
100
AcDbEntity
  8
0
100
AcDbText
 10
2523.243454455132
 20
1338.984794922182
 30
0.0
 40
1.538468469531426
  1
Gerador: P7
  7
arial
100
AcDbText
  0
TEXT
  5
2C02
330
1F
100
AcDbEntity
  8
0
100
AcDbText
 10
2526.508709415193
 20
1355.647269666865
 30
0.0
 40
1.538468469531426
  1
Marca
  7
arial
100
AcDbText
  0
TEXT
  5
2C03
330
1F
100
AcDbEntity
  8
0
100
AcDbText
 10
2525.881448301681
 20
1351.061421262695
 30
0.0
 40
1.538468469531426
  1
Modelo
  7
arial
100
AcDbText
  0
TEXT
  5
2C04
330
1F
100
AcDbEntity
  8
0
100
AcDbText
 10
2523.999675431727
 20
1343.82382612724
 30
0.0
 40
1.538468469531426
  1
Quantidade
  7
arial
100
AcDbText
  0
TEXT
  5
2C05
330
1F
100
AcDbEntity
  8
0
 62
     1
 48
0.1
100
AcDbText
 10
2535.600553078226
 20
1343.721928286904
 30
0.0
 40
1.538468469531426
  1
08
  7
arial
100
AcDbText
  0
TEXT
  5
2C06
330
1F
100
AcDbEntity
  8
0
100
AcDbText
 10
2523.999675431727
 20
1342.032455508106
 30
0.0
 40
1.538468469531426
  1
2x4mm²
  7
arial
100
AcDbText
  0
TEXT
  5
2C07
330
1F
100
AcDbEntity
  8
0
 62
     1
 48
0.1
100
AcDbText
 10
2525.007143750833
 20
1353.315129023691
 30
0.0
 40
1.538468469531426
  1
ZNShine
  7
arial
100
AcDbText
  0
TEXT
  5
2C08
330
1F
100
AcDbEntity
  8
0
 62
     1
 48
0.1
100
AcDbText
 10
2520.195884710728
 20
1348.910024478291
 30
0.0
 40
1.538468469531426
  1
ZXI8-GPLDD132-700
  7
arial
100
AcDbText
  0
TEXT
  5
2C09
330
1F
100
AcDbEntity
  8
0
 62
     1
 48
0.1
100
AcDbText
 10
2518.190034921223
 20
1346.306276864749
 30
0.0
 40
1.538468469531426
  1
 - Bifacial HTJ - 700Wp
  7
arial
100
AcDbText
  0
LINE
  5
2C0A
330
1F
100
AcDbEntity
  8
0
100
AcDbLine
 10
2556.652340398827
 20
1410.364599690771
 30
0.0
 11
2530.61760454796
 21
1410.364599690771
 31
0.0
  0
LINE
  5
2C0B
330
1F
100
AcDbEntity
  8
0
100
AcDbLine
 10
2494.253725813417
 20
1410.074396501854
 30
0.0
 11
2494.253725813417
 21
1414.755068719296
 31
0.0
  0
LINE
  5
2C0C
330
1F
100
AcDbEntity
  8
0
100
AcDbLine
 10
2494.253725813417
 20
1414.755068719296
 30
0.0
 11
2541.729320491501
 21
1414.755068719296
 31
0.0
  0
LWPOLYLINE
  5
2D39
330
1F
100
AcDbEntity
  8
0
  6
HIDDEN2
 62
     5
100
AcDbPolyline
 90
        4
 70
     1
 43
0.0
 10
2165.567497459924
 20
1579.784071185479
 10
2283.49305351487
 20
1579.784071185479
 10
2283.49305351487
 20
1487.048048987734
 10
2165.567497459924
 20
1487.048048987734
  0
TEXT
  5
2D3A
330
1F
100
AcDbEntity
  8
0
 62
     5
 48
0.1
100
AcDbText
 10
2204.049008120432
 20
1558.501748791703
 30
0.0
 40
3.702598536138874
  1
MMGD EXISTENTE EM BT
  7
arial
100
AcDbText
  0
ENDSEC
  0
SECTION
  2
OBJECTS
  0
DICTIONARY
  5
C
330
0
100
AcDbDictionary
281
     1
  3
ACAD_CIP_PREVIOUS_PRODUCT_INFO
350
216
  3
ACAD_COLOR
350
6B
  3
ACAD_DETAILVIEWSTYLE
350
21B
  3
ACAD_GROUP
350
D
  3
ACAD_IMAGE_DICT
350
762
  3
ACAD_IMAGE_VARS
350
764
  3
ACAD_LAST_SAVED_VERSION_INFO
350
1D2F
  3
ACAD_LAYOUT
350
1A
  3
ACAD_MATERIAL
350
6A
  3
ACAD_MLEADERSTYLE
350
12D
  3
ACAD_MLINESTYLE
350
17
  3
ACAD_PLOTSETTINGS
350
19
  3
ACAD_PLOTSTYLENAME
350
E
  3
ACAD_SCALELIST
350
10C
  3
ACAD_SECTIONVIEWSTYLE
350
219
  3
ACAD_TABLESTYLE
350
7E
  3
ACAD_VISUALSTYLE
350
EF
  3
ACDB_RECOMPOSE_DATA
350
2DD4
  3
AcDbVariableDictionary
350
5E
  0
DICTIONARY
  5
595
330
8
100
AcDbDictionary
280
     1
281
     1
  0
DICTIONARY
  5
1FF
330
2
100
AcDbDictionary
280
     1
281
     1
  3
ACAD_LAYERSTATES
360
200
  0
DICTIONARY
  5
13C
330
10
100
AcDbDictionary
280
     1
281
     1
  0
DICTIONARY
  5
250
330
24F
100
AcDbDictionary
280
     1
281
     1
  0
DICTIONARY
  5
254
330
253
100
AcDbDictionary
280
     1
281
     1
  0
DICTIONARY
  5
256
330
255
100
AcDbDictionary
280
     1
281
     1
  0
DICTIONARY
  5
1CE
330
1F
100
AcDbDictionary
280
     1
281
     1
  3
ACAD_SORTENTS
360
770
  0
DICTIONARY
  5
236
330
235
100
AcDbDictionary
280
     1
281
     1
  0
DICTIONARY
  5
1D8C
330
1D75
100
AcDbDictionary
280
     1
281
     1
  3
ACAD_SORTENTS
360
1D8D
  0
DICTIONARY
  5
178B
330
178A
100
AcDbDictionary
280
     1
281
     1
  0
DICTIONARY
  5
178D
330
178C
100
AcDbDictionary
280
     1
281
     1
  0
XRECORD
  5
216
102
{ACAD_REACTORS
330
C
102
}
330
C
100
AcDbXrecord
280
     1
300
ACD
300
2025
300
ACD_F_S
  0
DICTIONARY
  5
6B
102
{ACAD_REACTORS
330
C
102
}
330
C
100
AcDbDictionary
281
     1
  0
DICTIONARY
  5
21B
102
{ACAD_REACTORS
330
C
102
}
330
C
100
AcDbDictionary
281
     1
  3
Metric50
350
21C
  0
DICTIONARY
  5
D
102
{ACAD_REACTORS
330
C
102
}
330
C
100
AcDbDictionary
281
     1
  0
DICTIONARY
  5
762
102
{ACAD_REACTORS
330
C
102
}
330
C
100
AcDbDictionary
281
     1
  3
Celestrini
350
763
  0
RASTERVARIABLES
  5
764
102
{ACAD_REACTORS
330
C
102
}
330
C
100
AcDbRasterVariables
 90
        0
 70
     1
 71
     1
 72
     1
  0
XRECORD
  5
1D2F
102
{ACAD_REACTORS
330
C
102
}
330
C
100
AcDbXrecord
280
     1
300
{B2BDE64B-ED6A-B84D-8DFF-41827D73A331}
301
{64779754-119B-9E4F-BDF8-700AC2116E83}
302
{B2BDE64B-ED6A-B84D-8DFF-41827D73A331}
303
C:\Luan\Github\Solar-2.0\Escola Izaura de Almeida Silva - DIAGRAMA, PROJETO.dxf
  0
DICTIONARY
  5
1A
102
{ACAD_REACTORS
330
C
102
}
330
C
100
AcDbDictionary
281
     1
  3
Layout1
350
D3
  3
Layout2
350
D7
  3
Model
350
22
  0
DICTIONARY
  5
6A
102
{ACAD_REACTORS
330
C
102
}
330
C
100
AcDbDictionary
281
     1
  3
ByBlock
350
ED
  3
ByLayer
350
EC
  3
Global
350
EE
  0
DICTIONARY
  5
12D
102
{ACAD_REACTORS
330
C
102
}
330
C
100
AcDbDictionary
281
     1
  3
Annotative
350
13B
  3
Standard
350
12E
  0
DICTIONARY
  5
17
102
{ACAD_REACTORS
330
C
102
}
330
C
100
AcDbDictionary
281
     1
  3
Standard
350
18
  0
DICTIONARY
  5
19
102
{ACAD_REACTORS
330
C
102
}
330
C
100
AcDbDictionary
281
     1
  0
ACDBDICTIONARYWDFLT
  5
E
102
{ACAD_REACTORS
330
C
102
}
330
C
100
AcDbDictionary
281
     1
  3
Normal
350
F
100
AcDbDictionaryWithDefault
340
F
  0
DICTIONARY
  5
10C
102
{ACAD_REACTORS
330
C
102
}
330
C
100
AcDbDictionary
281
     1
  3
A0
350
10D
  3
A1
350
1BE
  3
A2
350
1BF
  3
A3
350
1C0
  3
A4
350
1C1
  3
A5
350
1C2
  3
A6
350
1C3
  3
A7
350
1C4
  3
A8
350
1C5
  3
A9
350
1C6
  3
B0
350
1C7
  3
B1
350
1C8
  3
B2
350
1C9
  3
B3
350
1CA
  3
B4
350
1CB
  3
B5
350
1CC
  3
B6
350
1CD
  0
DICTIONARY
  5
219
102
{ACAD_REACTORS
330
C
102
}
330
C
100
AcDbDictionary
281
     1
  3
Metric50
350
21A
  0
DICTIONARY
  5
7E
102
{ACAD_REACTORS
330
C
102
}
330
C
100
AcDbDictionary
281
     1
  3
Standard
350
7F
  0
DICTIONARY
  5
EF
102
{ACAD_REACTORS
330
C
102
}
330
C
100
AcDbDictionary
281
     1
  3
2dWireframe
350
F5
  3
3dWireframe
350
264
  3
Basic
350
F4
  3
Brighten
350
FB
  3
ColorChange
350
FF
  3
Conceptual
350
F8
  3
Dim
350
FA
  3
EdgeColorOff
350
1E6
  3
Facepattern
350
FE
  3
Flat
350
F0
  3
FlatWithEdges
350
F1
  3
Gouraud
350
F2
  3
GouraudWithEdges
350
F3
  3
Hidden
350
F7
  3
JitterOff
350
1E4
  3
Linepattern
350
FD
  3
OverhangOff
350
1E5
  3
Realistic
350
F9
  3
Shaded
350
1F3
  3
Shaded with edges
350
1F2
  3
Shades of Gray
350
1EF
  3
Sketchy
350
1F0
  3
Thicken
350
FC
  3
Wireframe
350
F6
  3
X-Ray
350
1F1
  0
XRECORD
  5
2DD4
102
{ACAD_REACTORS
330
C
102
}
330
C
100
AcDbXrecord
280
     1
 90
        1
330
7F
  0
DICTIONARY
  5
5E
102
{ACAD_REACTORS
330
C
102
}
330
C
100
AcDbDictionary
281
     1
  3
CANNOSCALE
350
146
  3
CMLEADERSTYLE
350
145
  3
CTABLESTYLE
350
84
  3
CVIEWDETAILSTYLE
350
227
  3
CVIEWSECTIONSTYLE
350
228
  3
DIMASSOC
350
5F
  3
HIDETEXT
350
63
  3
HPCOLOR
350
7CB
  3
HPTRANSPARENCY
350
7CA
  3
LAYEREVAL
350
1AE
  3
LAYERNOTIFY
350
1AF
  3
LIGHTINGUNITS
350
5E5
  3
MSLTSCALE
350
5E4
  0
DICTIONARY
  5
200
102
{ACAD_REACTORS
330
1FF
102
}
330
1FF
100
AcDbDictionary
281
     1
  0
SORTENTSTABLE
  5
770
102
{ACAD_REACTORS
330
1CE
102
}
330
1CE
100
AcDbSortentsTable
330
1F
  0
SORTENTSTABLE
  5
1D8D
102
{ACAD_REACTORS
330
1D8C
102
}
330
1D8C
100
AcDbSortentsTable
330
1D75
  0
ACDBDETAILVIEWSTYLE
  5
21C
102
{ACAD_REACTORS
330
21B
102
}
330
21B
100
AcDbModelDocViewStyle
 70
     0
  3
Metric50
290
     0
300
Metric50
 90
        0
100
AcDbDetailViewStyle
 70
     0
 71
     0
 90
        3
 71
     1
340
11
 62
   256
 40
5.0
340
0
 62
   256
 40
5.0
300

 40
0.0
280
     1
 71
     2
340
16
 90
       25
 62
   256
 71
     3
340
11
 62
   256
 40
5.0
 90
        0
 40
15.0
 90
        1
300
%<\AcVar ViewDetailId>% (%<\AcVar ViewScale \f "%sn">%)
 71
     4
340
16
 90
       25
 62
   256
340
16
 90
       25
 62
   256
280
     0
  0
IMAGEDEF
  5
763
102
{ACAD_REACTORS
330
762
102
}
330
762
100
AcDbRasterImageDef
 90
        0
  1
C:\Users\diego\Desktop\Celestrini.png
 10
957.0
 20
653.0
 11
0.2646202699126753
 21
0.2646202699126753
280
     1
281
     2
  0
LAYOUT
  5
D3
102
{ACAD_REACTORS
330
1A
102
}
330
1A
100
AcDbPlotSettings
  1

  2
C:\Documents and Settings\basas\Application Data\Autodesk\AutoCAD 2005\R16.1\enu\plotters\Default Windows System Printer.pc3
  4

  6

 40
0.0
 41
0.0
 42
0.0
 43
0.0
 44
0.0
 45
0.0
 46
0.0
 47
0.0
 48
0.0
 49
0.0
140
0.0
141
0.0
142
1.0
143
1.0
 70
   688
 72
     0
 73
     0
 74
     5
  7

 75
    16
147
1.0
 76
     0
 77
     2
 78
   300
148
0.0
149
0.0
100
AcDbLayout
  1
Layout1
 70
     1
 71
     1
 10
0.0
 20
0.0
 11
12.0
 21
9.0
 12
0.0
 22
0.0
 32
0.0
 14
0.0
 24
0.0
 34
0.0
 15
0.0
 25
0.0
 35
0.0
146
0.0
 13
0.0
 23
0.0
 33
0.0
 16
1.0
 26
0.0
 36
0.0
 17
0.0
 27
1.0
 37
0.0
 76
     0
330
D2
  0
LAYOUT
  5
D7
102
{ACAD_REACTORS
330
1A
102
}
330
1A
100
AcDbPlotSettings
  1

  2
C:\Documents and Settings\basas\Application Data\Autodesk\AutoCAD 2005\R16.1\enu\plotters\Default Windows System Printer.pc3
  4

  6

 40
0.0
 41
0.0
 42
0.0
 43
0.0
 44
0.0
 45
0.0
 46
0.0
 47
0.0
 48
0.0
 49
0.0
140
0.0
141
0.0
142
1.0
143
1.0
 70
   688
 72
     0
 73
     0
 74
     5
  7

 75
    16
147
1.0
 76
     0
 77
     2
 78
   300
148
0.0
149
0.0
100
AcDbLayout
  1
Layout2
 70
     1
 71
     2
 10
0.0
 20
0.0
 11
12.0
 21
9.0
 12
0.0
 22
0.0
 32
0.0
 14
0.0
 24
0.0
 34
0.0
 15
0.0
 25
0.0
 35
0.0
146
0.0
 13
0.0
 23
0.0
 33
0.0
 16
1.0
 26
0.0
 36
0.0
 17
0.0
 27
1.0
 37
0.0
 76
     0
330
D6
  0
LAYOUT
  5
22
102
{ACAD_XDICTIONARY
360
205
102
}
102
{ACAD_REACTORS
330
1A
102
}
330
1A
100
AcDbPlotSettings
  1

  2
none_device
  4
ISO_A4_(210.00_x_297.00_MM)
  6

 40
7.5
 41
20.0
 42
7.5
 43
20.0
 44
210.0
 45
297.0
 46
11.54999923706054
 47
-13.65000009536743
 48
0.0
 49
0.0
140
0.0
141
0.0
142
1.0
143
8.704084754739808
 70
 11952
 72
     1
 73
     0
 74
     0
  7

 75
     0
147
0.1148885871608098
 76
     0
 77
     2
 78
   300
148
0.0
149
0.0
100
AcDbLayout
  1
Model
 70
     1
 71
     0
 10
0.0
 20
0.0
 11
12.0
 21
9.0
 12
0.0
 22
0.0
 32
0.0
 14
0.0
 24
0.0
 34
0.0
 15
0.0
 25
0.0
 35
0.0
146
0.0
 13
0.0
 23
0.0
 33
0.0
 16
1.0
 26
0.0
 36
0.0
 17
0.0
 27
1.0
 37
0.0
 76
     0
330
1F
331
EA
1001
ACAD_PSEXT
1000
None
1000
None
1000
Not applicable
1000
The layout will not be plotted unless a new plotter configuration name is selected.
1070
     0
  0
MATERIAL
  5
ED
102
{ACAD_XDICTIONARY
360
1F9
102
}
102
{ACAD_REACTORS
330
6A
102
}
330
6A
100
AcDbMaterial
  1
ByBlock
 94
       63
  0
MATERIAL
  5
EC
102
{ACAD_XDICTIONARY
360
1F7
102
}
102
{ACAD_REACTORS
330
6A
102
}
330
6A
100
AcDbMaterial
  1
ByLayer
 94
       63
  0
MATERIAL
  5
EE
102
{ACAD_XDICTIONARY
360
173
102
}
102
{ACAD_REACTORS
330
6A
102
}
330
6A
100
AcDbMaterial
  1
Global
 43
0.0007999999797903
 43
0.0
 43
0.0
 43
0.0
 43
0.0
 43
0.0007999999797903
 43
0.0
 43
0.0
 43
0.0
 43
0.0
 43
1.0
 43
0.0
 43
0.0
 43
0.0
 43
0.0
 43
1.0
 49
0.0007999999797903
 49
0.0
 49
0.0
 49
0.0
 49
0.0
 49
0.0007999999797903
 49
0.0
 49
0.0
 49
0.0
 49
0.0
 49
1.0
 49
0.0
 49
0.0
 49
0.0
 49
0.0
 49
1.0
142
0.0007999999797903
142
0.0
142
0.0
142
0.0
142
0.0
142
0.0007999999797903
142
0.0
142
0.0
142
0.0
142
0.0
142
1.0
142
0.0
142
0.0
142
0.0
142
0.0
142
1.0
144
0.0007999999797903
144
0.0
144
0.0
144
0.0
144
0.0
144
0.0007999999797903
144
0.0
144
0.0
144
0.0
144
0.0
144
1.0
144
0.0
144
0.0
144
0.0
144
0.0
144
1.0
 94
       63
1001
ACAD
1070
    -1
1070
     3
1070
     0
1000

1071
        0
1070
     0
  0
MLEADERSTYLE
  5
13B
102
{ACAD_REACTORS
330
12D
102
}
330
12D
100
AcDbMLeaderStyle
179
     2
170
     2
171
     1
172
     0
 90
        2
 40
0.0
 41
0.0
173
     1
 91
-1056964608
340
14
 92
       -2
290
     1
 42
2.0
291
     1
 43
8.0
  3
Standard
 44
4.0
300

342
11
174
     1
178
     1
175
     1
176
     0
 93
-1056964608
 45
4.0
292
     0
297
     0
 46
4.0
 94
-1056964608
 47
1.0
 49
1.0
140
1.0
293
     1
141
0.0
294
     1
177
     0
142
1.0
295
     0
296
     1
143
3.75
271
     0
272
     9
273
     9
298
     0
  0
MLEADERSTYLE
  5
12E
102
{ACAD_REACTORS
330
12D
102
}
330
12D
100
AcDbMLeaderStyle
179
     2
170
     2
171
     1
172
     0
 90
        2
 40
0.0
 41
0.0
173
     1
 91
-1056964608
340
14
 92
       -2
290
     1
 42
2.0
291
     1
 43
8.0
  3
Standard
 44
4.0
300

342
11
174
     1
178
     1
175
     1
176
     0
 93
-1056964608
 45
4.0
292
     0
297
     0
 46
4.0
 94
-1056964608
 47
1.0
 49
1.0
140
1.0
293
     1
141
0.0
294
     1
177
     0
142
1.0
295
     0
296
     0
143
3.75
271
     0
272
     9
273
     9
298
     0
  0
MLINESTYLE
  5
18
102
{ACAD_REACTORS
330
17
102
}
330
17
100
AcDbMlineStyle
  2
STANDARD
 70
     0
  3

 62
   256
 51
90.0
 52
90.0
 71
     2
 49
0.5
 62
   256
  6
BYLAYER
 49
-0.5
 62
   256
  6
BYLAYER
  0
ACDBPLACEHOLDER
  5
F
102
{ACAD_REACTORS
330
E
102
}
330
E
  0
SCALE
  5
10D
102
{ACAD_REACTORS
330
10C
102
}
330
10C
100
AcDbScale
 70
     0
300
1:1
140
1.0
141
1.0
290
     1
  0
SCALE
  5
1BE
102
{ACAD_REACTORS
330
10C
102
}
330
10C
100
AcDbScale
 70
     0
300
1:2
140
1.0
141
2.0
290
     0
  0
SCALE
  5
1BF
102
{ACAD_REACTORS
330
10C
102
}
330
10C
100
AcDbScale
 70
     0
300
1:4
140
1.0
141
4.0
290
     0
  0
SCALE
  5
1C0
102
{ACAD_REACTORS
330
10C
102
}
330
10C
100
AcDbScale
 70
     0
300
1:5
140
1.0
141
5.0
290
     0
  0
SCALE
  5
1C1
102
{ACAD_REACTORS
330
10C
102
}
330
10C
100
AcDbScale
 70
     0
300
1:8
140
1.0
141
8.0
290
     0
  0
SCALE
  5
1C2
102
{ACAD_REACTORS
330
10C
102
}
330
10C
100
AcDbScale
 70
     0
300
1:10
140
1.0
141
10.0
290
     0
  0
SCALE
  5
1C3
102
{ACAD_REACTORS
330
10C
102
}
330
10C
100
AcDbScale
 70
     0
300
1:16
140
1.0
141
16.0
290
     0
  0
SCALE
  5
1C4
102
{ACAD_REACTORS
330
10C
102
}
330
10C
100
AcDbScale
 70
     0
300
1:20
140
1.0
141
20.0
290
     0
  0
SCALE
  5
1C5
102
{ACAD_REACTORS
330
10C
102
}
330
10C
100
AcDbScale
 70
     0
300
1:30
140
1.0
141
30.0
290
     0
  0
SCALE
  5
1C6
102
{ACAD_REACTORS
330
10C
102
}
330
10C
100
AcDbScale
 70
     0
300
1:40
140
1.0
141
40.0
290
     0
  0
SCALE
  5
1C7
102
{ACAD_REACTORS
330
10C
102
}
330
10C
100
AcDbScale
 70
     0
300
1:50
140
1.0
141
50.0
290
     0
  0
SCALE
  5
1C8
102
{ACAD_REACTORS
330
10C
102
}
330
10C
100
AcDbScale
 70
     0
300
1:100
140
1.0
141
100.0
290
     0
  0
SCALE
  5
1C9
102
{ACAD_REACTORS
330
10C
102
}
330
10C
100
AcDbScale
 70
     0
300
2:1
140
2.0
141
1.0
290
     0
  0
SCALE
  5
1CA
102
{ACAD_REACTORS
330
10C
102
}
330
10C
100
AcDbScale
 70
     0
300
4:1
140
4.0
141
1.0
290
     0
  0
SCALE
  5
1CB
102
{ACAD_REACTORS
330
10C
102
}
330
10C
100
AcDbScale
 70
     0
300
8:1
140
8.0
141
1.0
290
     0
  0
SCALE
  5
1CC
102
{ACAD_REACTORS
330
10C
102
}
330
10C
100
AcDbScale
 70
     0
300
10:1
140
10.0
141
1.0
290
     0
  0
SCALE
  5
1CD
102
{ACAD_REACTORS
330
10C
102
}
330
10C
100
AcDbScale
 70
     0
300
100:1
140
100.0
141
1.0
290
     0
  0
ACDBSECTIONVIEWSTYLE
  5
21A
102
{ACAD_REACTORS
330
219
102
}
330
219
100
AcDbModelDocViewStyle
 70
     0
  3
Metric50
290
     0
300
Metric50
 90
        0
100
AcDbSectionViewStyle
 70
     0
 71
     0
 90
      102
 71
     1
340
11
 62
   256
 40
5.0
340
0
340
0
 62
   256
 40
5.0
300
I, O, Q, S, X, Z
 40
10.0
 90
        0
 40
2.5
 90
        0
 71
     2
340
16
 90
       25
 62
   256
340
16
 90
       50
 62
   256
 40
5.0
 40
2.5
 40
5.0
 71
     3
340
11
 62
   256
 40
5.0
 90
        0
 40
15.0
 90
        1
300
%<\AcVar ViewSectionStartId>%-%<\AcVar ViewSectionEndId>% (%<\AcVar ViewScale \f "%sn">%)
 71
     4
 62
   256
 62
   257
300
ANSI31
 40
1.0
 90
        0
290
     0
290
     0
 90
        6
 40
0.0
 40
1.570796326794896
 40
0.2617993877991494
 40
1.308996938995747
 40
-0.2617993877991494
 40
1.832595714594046
  0
TABLESTYLE
  5
7F
102
{ACAD_XDICTIONARY
360
162
102
}
102
{ACAD_REACTORS
330
7E
102
}
330
7E
100
AcDbTableStyle
280
     0
  3
Standard
 70
     0
 71
     0
 40
1.5
 41
1.5
280
     0
281
     0
  7
Standard
140
4.5
170
     2
 62
     0
 63
     7
283
     0
 90
      512
 91
        0
  1

274
    -2
284
     1
 64
     0
275
    -2
285
     1
 65
     0
276
    -2
286
     1
 66
     0
277
    -2
287
     1
 67
     0
278
    -2
288
     1
 68
     0
279
    -2
289
     1
 69
     0
  7
Standard
140
6.0
170
     5
 62
     0
 63
     7
283
     0
 90
      512
 91
        0
  1

274
    -2
284
     1
 64
     0
275
    -2
285
     1
 65
     0
276
    -2
286
     1
 66
     0
277
    -2
287
     1
 67
     0
278
    -2
288
     1
 68
     0
279
    -2
289
     1
 69
     0
  7
Standard
140
4.5
170
     5
 62
     0
 63
     7
283
     0
 90
      512
 91
        0
  1

274
    -2
284
     1
 64
     0
275
    -2
285
     1
 65
     0
276
    -2
286
     1
 66
     0
277
    -2
287
     1
 67
     0
278
    -2
288
     1
 68
     0
279
    -2
289
     1
 69
     0
  0
VISUALSTYLE
  5
F5
102
{ACAD_REACTORS
330
EF
102
}
330
EF
100
AcDbVisualStyle
  2
2dWireframe
 70
     4
177
     3
291
     0
 70
    58
 90
        0
176
     1
 90
        2
176
     1
 90
        1
176
     1
 90
        0
176
     1
 40
0.6
176
     1
 40
30.0
176
     1
 62
     7
420
 16777215
176
     1
 90
        1
176
     1
 90
        4
176
     1
 62
     7
176
     1
 62
   257
176
     1
 90
        1
176
     1
 90
        1
176
     1
 40
1.0
176
     1
 90
        0
176
     1
 62
   257
176
     1
 40
1.0
176
     1
 90
        1
176
     1
 90
        6
176
     1
 90
        2
176
     1
 62
     7
176
     1
 90
        5
176
     1
 90
        0
176
     1
 90
        0
176
     1
290
     0
176
     1
 90
        1
176
     1
 40
0.0
176
     1
 90
        0
176
     1
290
     1
176
     1
290
     1
176
     1
290
     0
176
     1
290
     0
176
     1
290
     0
176
     1
290
     0
176
     1
290
     0
176
     1
290
     0
176
     1
290
     0
176
     1
 90
       50
176
     1
 40
0.0
176
     1
 40
1.0
176
     1
 90
        0
176
     1
 62
    18
420
        0
176
     1
 90
       50
176
     1
 90
        3
176
     1
 62
     5
420
      255
176
     1
290
     0
176
     1
 90
       50
176
     1
 90
       50
176
     1
 90
       50
176
     1
290
     0
176
     1
 90
       50
176
     1
 62
   256
176
     0
 40
1.0
176
     0
 90
        2
176
     1
  1
strokes_ogs.tif
176
     1
290
     0
176
     1
 40
1.0
176
     1
 40
1.0
176
     1
  0
VISUALSTYLE
  5
264
102
{ACAD_REACTORS
330
EF
102
}
330
EF
100
AcDbVisualStyle
  2
3dWireframe
 70
     5
177
     3
291
     0
 70
    58
 90
        0
176
     1
 90
        2
176
     1
 90
        1
176
     1
 90
        0
176
     1
 40
0.6
176
     1
 40
30.0
176
     1
 62
     7
176
     1
 90
        1
176
     1
 90
        4
176
     1
 62
     7
176
     1
 62
   257
176
     1
 90
        1
176
     1
 90
        1
176
     1
 40
1.0
176
     1
 90
        0
176
     1
 62
   257
176
     1
 40
1.0
176
     1
 90
        1
176
     1
 90
        6
176
     1
 90
        2
176
     1
 62
     7
176
     1
 90
        5
176
     1
 90
        0
176
     1
 90
        0
176
     1
290
     0
176
     1
 90
        1
176
     1
 40
0.0
176
     1
 90
        0
176
     1
290
     0
176
     1
290
     1
176
     1
290
     1
176
     1
290
     0
176
     1
290
     0
176
     1
290
     0
176
     1
290
     0
176
     1
290
     0
176
     1
290
     0
176
     1
 90
       50
176
     1
 40
0.0
176
     1
 40
1.0
176
     1
 90
        0
176
     1
 62
    18
420
        0
176
     1
 90
       50
176
     1
 90
        3
176
     1
 62
     5
420
      255
176
     1
290
     0
176
     1
 90
       50
176
     1
 90
       50
176
     1
 90
       50
176
     1
290
     0
176
     1
 90
       50
176
     1
 62
   256
176
     0
 40
1.0
176
     0
 90
        2
176
     1
  1
strokes_ogs.tif
176
     1
290
     0
176
     1
 40
1.0
176
     1
 40
1.0
176
     1
  0
VISUALSTYLE
  5
F4
102
{ACAD_REACTORS
330
EF
102
}
330
EF
100
AcDbVisualStyle
  2
Basic
 70
     7
177
     3
291
     1
 70
    58
 90
        1
176
     1
 90
        0
176
     1
 90
        1
176
     1
 90
        0
176
     1
 40
0.6
176
     1
 40
30.0
176
     1
 62
     7
420
 16777215
176
     1
 90
        0
176
     1
 90
        4
176
     1
 62
     7
176
     1
 62
   257
176
     1
 90
        1
176
     1
 90
        1
176
     1
 40
1.0
176
     1
 90
        8
176
     1
 62
     7
176
     1
 40
1.0
176
     1
 90
        1
176
     1
 90
        6
176
     1
 90
        2
176
     1
 62
     7
176
     1
 90
        5
176
     1
 90
        0
176
     1
 90
        0
176
     1
290
     0
176
     1
 90
        1
176
     1
 40
0.0
176
     1
 90
        0
176
     1
290
     0
176
     1
290
     1
176
     1
290
     1
176
     1
290
     0
176
     1
290
     0
176
     1
290
     0
176
     1
290
     0
176
     1
290
     0
176
     1
290
     0
176
     1
 90
       50
176
     1
 40
0.0
176
     1
 40
1.0
176
     1
 90
        0
176
     1
 62
    18
420
        0
176
     1
 90
       50
176
     1
 90
        3
176
     1
 62
     5
420
      255
176
     1
290
     0
176
     1
 90
       50
176
     1
 90
       50
176
     1
 90
       50
176
     1
290
     0
176
     1
 90
       50
176
     1
 62
   256
176
     0
 40
1.0
176
     0
 90
        2
176
     1
  1
strokes_ogs.tif
176
     1
290
     0
176
     1
 40
1.0
176
     1
 40
1.0
176
     1
  0
VISUALSTYLE
  5
FB
102
{ACAD_REACTORS
330
EF
102
}
330
EF
100
AcDbVisualStyle
  2
Brighten
 70
    12
177
     3
291
     1
 70
    58
 90
        2
176
     1
 90
        2
176
     1
 90
        1
176
     1
 90
        0
176
     1
 40
0.6
176
     1
 40
30.0
176
     1
 62
     7
420
 16777215
176
     1
 90
        1
176
     1
 90
        4
176
     1
 62
     7
176
     1
 62
   257
176
     1
 90
        1
176
     1
 90
        1
176
     1
 40
1.0
176
     1
 90
        8
176
     1
 62
     7
176
     1
 40
1.0
176
     1
 90
        1
176
     1
 90
        6
176
     1
 90
        2
176
     1
 62
     7
176
     1
 90
        5
176
     1
 90
        0
176
     1
 90
        0
176
     1
290
     0
176
     1
 90
        1
176
     1
 40
50.0
176
     1
 90
        0
176
     1
290
     0
176
     1
290
     1
176
     1
290
     1
176
     1
290
     0
176
     1
290
     0
176
     1
290
     0
176
     1
290
     0
176
     1
290
     0
176
     1
290
     0
176
     1
 90
       50
176
     1
 40
0.0
176
     1
 40
1.0
176
     1
 90
        0
176
     1
 62
    18
420
        0
176
     1
 90
       50
176
     1
 90
        3
176
     1
 62
     5
420
      255
176
     1
290
     0
176
     1
 90
       50
176
     1
 90
       50
176
     1
 90
       50
176
     1
290
     0
176
     1
 90
       50
176
     1
 62
   256
176
     0
 40
1.0
176
     0
 90
        2
176
     1
  1
strokes_ogs.tif
176
     1
290
     0
176
     1
 40
1.0
176
     1
 40
1.0
176
     1
  0
VISUALSTYLE
  5
FF
102
{ACAD_REACTORS
330
EF
102
}
330
EF
100
AcDbVisualStyle
  2
ColorChange
 70
    16
177
     3
291
     1
 70
    58
 90
        2
176
     1
 90
        2
176
     1
 90
        3
176
     1
 90
        0
176
     1
 40
0.6
176
     1
 40
30.0
176
     1
 62
     8
420
  8421504
176
     1
 90
        1
176
     1
 90
        4
176
     1
 62
     7
176
     1
 62
   257
176
     1
 90
        1
176
     1
 90
        1
176
     1
 40
1.0
176
     1
 90
        8
176
     1
 62
     8
420
  8421504
176
     1
 40
1.0
176
     1
 90
        1
176
     1
 90
        6
176
     1
 90
        2
176
     1
 62
     7
176
     1
 90
        5
176
     1
 90
        0
176
     1
 90
        0
176
     1
290
     0
176
     1
 90
        1
176
     1
 40
0.0
176
     1
 90
        0
176
     1
290
     0
176
     1
290
     1
176
     1
290
     1
176
     1
290
     0
176
     1
290
     0
176
     1
290
     0
176
     1
290
     0
176
     1
290
     0
176
     1
290
     0
176
     1
 90
       50
176
     1
 40
0.0
176
     1
 40
1.0
176
     1
 90
        0
176
     1
 62
    18
420
        0
176
     1
 90
       50
176
     1
 90
        3
176
     1
 62
     5
420
      255
176
     1
290
     0
176
     1
 90
       50
176
     1
 90
       50
176
     1
 90
       50
176
     1
290
     0
176
     1
 90
       50
176
     1
 62
   256
176
     0
 40
1.0
176
     0
 90
        2
176
     1
  1
strokes_ogs.tif
176
     1
290
     0
176
     1
 40
1.0
176
     1
 40
1.0
176
     1
  0
VISUALSTYLE
  5
F8
102
{ACAD_REACTORS
330
EF
102
}
330
EF
100
AcDbVisualStyle
  2
Conceptual
 70
     9
177
     3
291
     0
 70
    58
 90
        3
176
     1
 90
        2
176
     1
 90
        1
176
     1
 90
        0
176
     1
 40
0.6
176
     1
 40
30.0
176
     1
 62
     7
420
 16777215
176
     1
 90
        2
176
     1
 90
        2
176
     1
 62
     7
176
     1
 62
   257
176
     1
 90
        1
176
     1
 90
        1
176
     1
 40
40.0
176
     1
 90
        8
176
     1
 62
     7
176
     1
 40
1.0
176
     1
 90
        1
176
     1
 90
        6
176
     1
 90
        2
176
     1
 62
     7
176
     1
 90
        3
176
     1
 90
        0
176
     1
 90
        0
176
     1
290
     0
176
     1
 90
        1
176
     1
 40
0.0
176
     1
 90
        0
176
     1
290
     0
176
     1
290
     1
176
     1
290
     1
176
     1
290
     0
176
     1
290
     0
176
     1
290
     0
176
     1
290
     0
176
     1
290
     0
176
     1
290
     0
176
     1
 90
       50
176
     1
 40
0.0
176
     1
 40
1.0
176
     1
 90
        0
176
     1
 62
    18
420
        0
176
     1
 90
       50
176
     1
 90
        3
176
     1
 62
     5
420
      255
176
     1
290
     0
176
     1
 90
       50
176
     1
 90
       50
176
     1
 90
       50
176
     1
290
     0
176
     1
 90
       50
176
     1
 62
   256
176
     0
 40
1.0
176
     0
 90
        2
176
     1
  1
strokes_ogs.tif
176
     1
290
     0
176
     1
 40
1.0
176
     1
 40
1.0
176
     1
  0
VISUALSTYLE
  5
FA
102
{ACAD_REACTORS
330
EF
102
}
330
EF
100
AcDbVisualStyle
  2
Dim
 70
    11
177
     3
291
     1
 70
    58
 90
        2
176
     1
 90
        2
176
     1
 90
        1
176
     1
 90
        0
176
     1
 40
0.6
176
     1
 40
30.0
176
     1
 62
     7
420
 16777215
176
     1
 90
        1
176
     1
 90
        4
176
     1
 62
     7
176
     1
 62
   257
176
     1
 90
        1
176
     1
 90
        1
176
     1
 40
1.0
176
     1
 90
        8
176
     1
 62
     7
176
     1
 40
1.0
176
     1
 90
        1
176
     1
 90
        6
176
     1
 90
        2
176
     1
 62
     7
176
     1
 90
        5
176
     1
 90
        0
176
     1
 90
        0
176
     1
290
     0
176
     1
 90
        1
176
     1
 40
-50.0
176
     1
 90
        0
176
     1
290
     0
176
     1
290
     1
176
     1
290
     1
176
     1
290
     0
176
     1
290
     0
176
     1
290
     0
176
     1
290
     0
176
     1
290
     0
176
     1
290
     0
176
     1
 90
       50
176
     1
 40
0.0
176
     1
 40
1.0
176
     1
 90
        0
176
     1
 62
    18
420
        0
176
     1
 90
       50
176
     1
 90
        3
176
     1
 62
     5
420
      255
176
     1
290
     0
176
     1
 90
       50
176
     1
 90
       50
176
     1
 90
       50
176
     1
290
     0
176
     1
 90
       50
176
     1
 62
   256
176
     0
 40
1.0
176
     0
 90
        2
176
     1
  1
strokes_ogs.tif
176
     1
290
     0
176
     1
 40
1.0
176
     1
 40
1.0
176
     1
  0
VISUALSTYLE
  5
1E6
102
{ACAD_REACTORS
330
EF
102
}
330
EF
100
AcDbVisualStyle
  2
EdgeColorOff
 70
    22
177
     3
291
     1
 70
    58
 90
        2
176
     0
 90
        2
176
     0
 90
        0
176
     0
 90
        0
176
     0
 40
0.6
176
     0
 40
30.0
176
     0
 62
     7
420
 16777215
176
     0
 90
        1
176
     0
 90
        4
176
     0
 62
     7
176
     0
 62
   257
176
     0
 90
        1
176
     0
 90
        1
176
     0
 40
1.0
176
     0
 90
        8
176
     2
 62
     7
176
     0
 40
1.0
176
     0
 90
        1
176
     0
 90
        6
176
     0
 90
        2
176
     0
 62
     7
176
     0
 90
        5
176
     0
 90
        0
176
     0
 90
        0
176
     0
290
     0
176
     0
 90
        1
176
     0
 40
0.0
176
     0
 90
        0
176
     0
290
     0
176
     1
290
     1
176
     1
290
     1
176
     1
290
     0
176
     1
290
     0
176
     1
290
     0
176
     1
290
     0
176
     1
290
     0
176
     1
290
     0
176
     1
 90
       50
176
     1
 40
0.0
176
     1
 40
1.0
176
     1
 90
        0
176
     1
 62
    18
420
        0
176
     1
 90
       50
176
     1
 90
        3
176
     1
 62
     5
420
      255
176
     1
290
     0
176
     1
 90
       50
176
     1
 90
       50
176
     1
 90
       50
176
     1
290
     0
176
     1
 90
       50
176
     1
 62
   256
176
     0
 40
1.0
176
     0
 90
        2
176
     1
  1
strokes_ogs.tif
176
     1
290
     0
176
     1
 40
1.0
176
     1
 40
1.0
176
     1
  0
VISUALSTYLE
  5
FE
102
{ACAD_REACTORS
330
EF
102
}
330
EF
100
AcDbVisualStyle
  2
Facepattern
 70
    15
177
     3
291
     1
 70
    58
 90
        2
176
     1
 90
        2
176
     1
 90
        1
176
     1
 90
        0
176
     1
 40
0.6
176
     1
 40
30.0
176
     1
 62
     7
420
 16777215
176
     1
 90
        1
176
     1
 90
        4
176
     1
 62
     7
176
     1
 62
   257
176
     1
 90
        1
176
     1
 90
        1
176
     1
 40
1.0
176
     1
 90
        8
176
     1
 62
     7
176
     1
 40
1.0
176
     1
 90
        1
176
     1
 90
        6
176
     1
 90
        2
176
     1
 62
     7
176
     1
 90
        5
176
     1
 90
        0
176
     1
 90
        0
176
     1
290
     0
176
     1
 90
        1
176
     1
 40
0.0
176
     1
 90
        0
176
     1
290
     0
176
     1
290
     1
176
     1
290
     1
176
     1
290
     0
176
     1
290
     0
176
     1
290
     0
176
     1
290
     0
176
     1
290
     0
176
     1
290
     0
176
     1
 90
       50
176
     1
 40
0.0
176
     1
 40
1.0
176
     1
 90
        0
176
     1
 62
    18
420
        0
176
     1
 90
       50
176
     1
 90
        3
176
     1
 62
     5
420
      255
176
     1
290
     0
176
     1
 90
       50
176
     1
 90
       50
176
     1
 90
       50
176
     1
290
     0
176
     1
 90
       50
176
     1
 62
   256
176
     0
 40
1.0
176
     0
 90
        2
176
     1
  1
strokes_ogs.tif
176
     1
290
     0
176
     1
 40
1.0
176
     1
 40
1.0
176
     1
  0
VISUALSTYLE
  5
F0
102
{ACAD_REACTORS
330
EF
102
}
330
EF
100
AcDbVisualStyle
  2
Flat
 70
     0
177
     3
291
     1
 70
    58
 90
        2
176
     1
 90
        1
176
     1
 90
        1
176
     1
 90
        2
176
     1
 40
0.6
176
     1
 40
30.0
176
     1
 62
     7
420
 16777215
176
     1
 90
        0
176
     1
 90
        0
176
     1
 62
     7
176
     1
 62
   257
176
     1
 90
        1
176
     1
 90
        1
176
     1
 40
1.0
176
     1
 90
        8
176
     1
 62
     7
176
     1
 40
1.0
176
     1
 90
        1
176
     1
 90
        6
176
     1
 90
        2
176
     1
 62
     7
176
     1
 90
        5
176
     1
 90
        0
176
     1
 90
        0
176
     1
290
     0
176
     1
 90
       13
176
     1
 40
0.0
176
     1
 90
        0
176
     1
290
     0
176
     1
290
     1
176
     1
290
     1
176
     1
290
     0
176
     1
290
     0
176
     1
290
     0
176
     1
290
     0
176
     1
290
     0
176
     1
290
     0
176
     1
 90
       50
176
     1
 40
0.0
176
     1
 40
1.0
176
     1
 90
        0
176
     1
 62
    18
420
        0
176
     1
 90
       50
176
     1
 90
        3
176
     1
 62
     5
420
      255
176
     1
290
     0
176
     1
 90
       50
176
     1
 90
       50
176
     1
 90
       50
176
     1
290
     0
176
     1
 90
       50
176
     1
 62
   256
176
     0
 40
1.0
176
     0
 90
        2
176
     1
  1
strokes_ogs.tif
176
     1
290
     0
176
     1
 40
1.0
176
     1
 40
1.0
176
     1
  0
VISUALSTYLE
  5
F1
102
{ACAD_REACTORS
330
EF
102
}
330
EF
100
AcDbVisualStyle
  2
FlatWithEdges
 70
     1
177
     3
291
     1
 70
    58
 90
        2
176
     1
 90
        1
176
     1
 90
        1
176
     1
 90
        2
176
     1
 40
0.6
176
     1
 40
30.0
176
     1
 62
     7
420
 16777215
176
     1
 90
        1
176
     1
 90
        0
176
     1
 62
     7
176
     1
 62
   257
176
     1
 90
        1
176
     1
 90
        1
176
     1
 40
1.0
176
     1
 90
        0
176
     1
 62
   257
176
     1
 40
1.0
176
     1
 90
        1
176
     1
 90
        6
176
     1
 90
        2
176
     1
 62
     7
176
     1
 90
        5
176
     1
 90
        0
176
     1
 90
        0
176
     1
290
     0
176
     1
 90
       13
176
     1
 40
0.0
176
     1
 90
        0
176
     1
290
     0
176
     1
290
     1
176
     1
290
     1
176
     1
290
     0
176
     1
290
     0
176
     1
290
     0
176
     1
290
     0
176
     1
290
     0
176
     1
290
     0
176
     1
 90
       50
176
     1
 40
0.0
176
     1
 40
1.0
176
     1
 90
        0
176
     1
 62
    18
420
        0
176
     1
 90
       50
176
     1
 90
        3
176
     1
 62
     5
420
      255
176
     1
290
     0
176
     1
 90
       50
176
     1
 90
       50
176
     1
 90
       50
176
     1
290
     0
176
     1
 90
       50
176
     1
 62
   256
176
     0
 40
1.0
176
     0
 90
        2
176
     1
  1
strokes_ogs.tif
176
     1
290
     0
176
     1
 40
1.0
176
     1
 40
1.0
176
     1
  0
VISUALSTYLE
  5
F2
102
{ACAD_REACTORS
330
EF
102
}
330
EF
100
AcDbVisualStyle
  2
Gouraud
 70
     2
177
     3
291
     1
 70
    58
 90
        2
176
     1
 90
        2
176
     1
 90
        1
176
     1
 90
        2
176
     1
 40
0.6
176
     1
 40
30.0
176
     1
 62
     7
420
 16777215
176
     1
 90
        0
176
     1
 90
        0
176
     1
 62
     7
176
     1
 62
   257
176
     1
 90
        1
176
     1
 90
        1
176
     1
 40
1.0
176
     1
 90
        0
176
     1
 62
     7
176
     1
 40
1.0
176
     1
 90
        1
176
     1
 90
        6
176
     1
 90
        2
176
     1
 62
     7
176
     1
 90
        5
176
     1
 90
        0
176
     1
 90
        0
176
     1
290
     0
176
     1
 90
       13
176
     1
 40
0.0
176
     1
 90
        0
176
     1
290
     0
176
     1
290
     1
176
     1
290
     1
176
     1
290
     0
176
     1
290
     0
176
     1
290
     0
176
     1
290
     0
176
     1
290
     0
176
     1
290
     0
176
     1
 90
       50
176
     1
 40
0.0
176
     1
 40
1.0
176
     1
 90
        0
176
     1
 62
    18
420
        0
176
     1
 90
       50
176
     1
 90
        3
176
     1
 62
     5
420
      255
176
     1
290
     0
176
     1
 90
       50
176
     1
 90
       50
176
     1
 90
       50
176
     1
290
     0
176
     1
 90
       50
176
     1
 62
   256
176
     0
 40
1.0
176
     0
 90
        2
176
     1
  1
strokes_ogs.tif
176
     1
290
     0
176
     1
 40
1.0
176
     1
 40
1.0
176
     1
  0
VISUALSTYLE
  5
F3
102
{ACAD_REACTORS
330
EF
102
}
330
EF
100
AcDbVisualStyle
  2
GouraudWithEdges
 70
     3
177
     3
291
     1
 70
    58
 90
        2
176
     1
 90
        2
176
     1
 90
        1
176
     1
 90
        2
176
     1
 40
0.6
176
     1
 40
30.0
176
     1
 62
     7
420
 16777215
176
     1
 90
        1
176
     1
 90
        0
176
     1
 62
     7
176
     1
 62
   257
176
     1
 90
        1
176
     1
 90
        1
176
     1
 40
1.0
176
     1
 90
        0
176
     1
 62
   257
176
     1
 40
1.0
176
     1
 90
        1
176
     1
 90
        6
176
     1
 90
        2
176
     1
 62
     7
176
     1
 90
        5
176
     1
 90
        0
176
     1
 90
        0
176
     1
290
     0
176
     1
 90
       13
176
     1
 40
0.0
176
     1
 90
        0
176
     1
290
     0
176
     1
290
     1
176
     1
290
     1
176
     1
290
     0
176
     1
290
     0
176
     1
290
     0
176
     1
290
     0
176
     1
290
     0
176
     1
290
     0
176
     1
 90
       50
176
     1
 40
0.0
176
     1
 40
1.0
176
     1
 90
        0
176
     1
 62
    18
420
        0
176
     1
 90
       50
176
     1
 90
        3
176
     1
 62
     5
420
      255
176
     1
290
     0
176
     1
 90
       50
176
     1
 90
       50
176
     1
 90
       50
176
     1
290
     0
176
     1
 90
       50
176
     1
 62
   256
176
     0
 40
1.0
176
     0
 90
        2
176
     1
  1
strokes_ogs.tif
176
     1
290
     0
176
     1
 40
1.0
176
     1
 40
1.0
176
     1
  0
VISUALSTYLE
  5
F7
102
{ACAD_REACTORS
330
EF
102
}
330
EF
100
AcDbVisualStyle
  2
Hidden
 70
     6
177
     3
291
     0
 70
    58
 90
        1
176
     1
 90
        2
176
     1
 90
        2
176
     1
 90
        0
176
     1
 40
0.6
176
     1
 40
30.0
176
     1
 62
     7
420
 16777215
176
     1
 90
        2
176
     1
 90
        2
176
     1
 62
     7
176
     1
 62
   257
176
     1
 90
        2
176
     1
 90
        1
176
     1
 40
40.0
176
     1
 90
        0
176
     1
 62
   257
176
     1
 40
1.0
176
     1
 90
        1
176
     1
 90
        6
176
     1
 90
        2
176
     1
 62
     7
176
     1
 90
        3
176
     1
 90
        0
176
     1
 90
        0
176
     1
290
     0
176
     1
 90
        1
176
     1
 40
0.0
176
     1
 90
        0
176
     1
290
     0
176
     1
290
     1
176
     1
290
     1
176
     1
290
     0
176
     1
290
     0
176
     1
290
     0
176
     1
290
     0
176
     1
290
     0
176
     1
290
     0
176
     1
 90
       50
176
     1
 40
0.0
176
     1
 40
1.0
176
     1
 90
        0
176
     1
 62
    18
420
        0
176
     1
 90
       50
176
     1
 90
        3
176
     1
 62
     5
420
      255
176
     1
290
     0
176
     1
 90
       50
176
     1
 90
       50
176
     1
 90
       50
176
     1
290
     0
176
     1
 90
       50
176
     1
 62
   256
176
     0
 40
1.0
176
     0
 90
        2
176
     1
  1
strokes_ogs.tif
176
     1
290
     0
176
     1
 40
1.0
176
     1
 40
1.0
176
     1
  0
VISUALSTYLE
  5
1E4
102
{ACAD_REACTORS
330
EF
102
}
330
EF
100
AcDbVisualStyle
  2
JitterOff
 70
    20
177
     3
291
     1
 70
    58
 90
        2
176
     0
 90
        2
176
     0
 90
        0
176
     0
 90
        0
176
     0
 40
0.6
176
     0
 40
30.0
176
     0
 62
     7
420
 16777215
176
     0
 90
        1
176
     0
 90
        4
176
     0
 62
     7
176
     0
 62
   257
176
     0
 90
        1
176
     0
 90
        1
176
     0
 40
1.0
176
     0
 90
       10
176
     2
 62
     7
176
     0
 40
1.0
176
     0
 90
        1
176
     0
 90
        6
176
     0
 90
        2
176
     0
 62
     7
176
     0
 90
        5
176
     0
 90
        0
176
     0
 90
        0
176
     0
290
     0
176
     0
 90
        1
176
     0
 40
0.0
176
     0
 90
        0
176
     0
290
     0
176
     1
290
     1
176
     1
290
     1
176
     1
290
     0
176
     1
290
     0
176
     1
290
     0
176
     1
290
     0
176
     1
290
     0
176
     1
290
     0
176
     1
 90
       50
176
     1
 40
0.0
176
     1
 40
1.0
176
     1
 90
        0
176
     1
 62
    18
420
        0
176
     1
 90
       50
176
     1
 90
        3
176
     1
 62
     5
420
      255
176
     1
290
     0
176
     1
 90
       50
176
     1
 90
       50
176
     1
 90
       50
176
     1
290
     0
176
     1
 90
       50
176
     1
 62
   256
176
     0
 40
1.0
176
     0
 90
        2
176
     1
  1
strokes_ogs.tif
176
     1
290
     0
176
     1
 40
1.0
176
     1
 40
1.0
176
     1
  0
VISUALSTYLE
  5
FD
102
{ACAD_REACTORS
330
EF
102
}
330
EF
100
AcDbVisualStyle
  2
Linepattern
 70
    14
177
     3
291
     1
 70
    58
 90
        2
176
     1
 90
        2
176
     1
 90
        1
176
     1
 90
        0
176
     1
 40
0.6
176
     1
 40
30.0
176
     1
 62
     7
420
 16777215
176
     1
 90
        1
176
     1
 90
        4
176
     1
 62
     7
176
     1
 62
   257
176
     1
 90
        7
176
     1
 90
        7
176
     1
 40
1.0
176
     1
 90
        8
176
     1
 62
     7
176
     1
 40
1.0
176
     1
 90
        1
176
     1
 90
        6
176
     1
 90
        2
176
     1
 62
     7
176
     1
 90
        5
176
     1
 90
        0
176
     1
 90
        0
176
     1
290
     0
176
     1
 90
        1
176
     1
 40
0.0
176
     1
 90
        0
176
     1
290
     0
176
     1
290
     1
176
     1
290
     1
176
     1
290
     0
176
     1
290
     0
176
     1
290
     0
176
     1
290
     0
176
     1
290
     0
176
     1
290
     0
176
     1
 90
       50
176
     1
 40
0.0
176
     1
 40
1.0
176
     1
 90
        0
176
     1
 62
    18
420
        0
176
     1
 90
       50
176
     1
 90
        3
176
     1
 62
     5
420
      255
176
     1
290
     0
176
     1
 90
       50
176
     1
 90
       50
176
     1
 90
       50
176
     1
290
     0
176
     1
 90
       50
176
     1
 62
   256
176
     0
 40
1.0
176
     0
 90
        2
176
     1
  1
strokes_ogs.tif
176
     1
290
     0
176
     1
 40
1.0
176
     1
 40
1.0
176
     1
  0
VISUALSTYLE
  5
1E5
102
{ACAD_REACTORS
330
EF
102
}
330
EF
100
AcDbVisualStyle
  2
OverhangOff
 70
    21
177
     3
291
     1
 70
    58
 90
        2
176
     0
 90
        2
176
     0
 90
        0
176
     0
 90
        0
176
     0
 40
0.6
176
     0
 40
30.0
176
     0
 62
     7
420
 16777215
176
     0
 90
        1
176
     0
 90
        4
176
     0
 62
     7
176
     0
 62
   257
176
     0
 90
        1
176
     0
 90
        1
176
     0
 40
1.0
176
     0
 90
        9
176
     2
 62
     7
176
     0
 40
1.0
176
     0
 90
        1
176
     0
 90
        6
176
     0
 90
        2
176
     0
 62
     7
176
     0
 90
        5
176
     0
 90
        0
176
     0
 90
        0
176
     0
290
     0
176
     0
 90
        1
176
     0
 40
0.0
176
     0
 90
        0
176
     0
290
     0
176
     1
290
     1
176
     1
290
     1
176
     1
290
     0
176
     1
290
     0
176
     1
290
     0
176
     1
290
     0
176
     1
290
     0
176
     1
290
     0
176
     1
 90
       50
176
     1
 40
0.0
176
     1
 40
1.0
176
     1
 90
        0
176
     1
 62
    18
420
        0
176
     1
 90
       50
176
     1
 90
        3
176
     1
 62
     5
420
      255
176
     1
290
     0
176
     1
 90
       50
176
     1
 90
       50
176
     1
 90
       50
176
     1
290
     0
176
     1
 90
       50
176
     1
 62
   256
176
     0
 40
1.0
176
     0
 90
        2
176
     1
  1
strokes_ogs.tif
176
     1
290
     0
176
     1
 40
1.0
176
     1
 40
1.0
176
     1
  0
VISUALSTYLE
  5
F9
102
{ACAD_REACTORS
330
EF
102
}
330
EF
100
AcDbVisualStyle
  2
Realistic
 70
     8
177
     3
291
     0
 70
    58
 90
        2
176
     1
 90
        2
176
     1
 90
        0
176
     1
 90
        2
176
     1
 40
0.6
176
     1
 40
30.0
176
     1
 62
     7
420
 16777215
176
     1
 90
        0
176
     1
 90
        0
176
     1
 62
     7
176
     1
 62
   257
176
     1
 90
        1
176
     1
 90
        1
176
     1
 40
1.0
176
     1
 90
        8
176
     1
 62
   257
176
     1
 40
1.0
176
     1
 90
        1
176
     1
 90
        6
176
     1
 90
        2
176
     1
 62
     7
176
     1
 90
        3
176
     1
 90
        0
176
     1
 90
        0
176
     1
290
     0
176
     1
 90
       13
176
     1
 40
0.0
176
     1
 90
        0
176
     1
290
     0
176
     1
290
     1
176
     1
290
     1
176
     1
290
     0
176
     1
290
     0
176
     1
290
     0
176
     1
290
     0
176
     1
290
     0
176
     1
290
     0
176
     1
 90
       50
176
     1
 40
0.0
176
     1
 40
1.0
176
     1
 90
        0
176
     1
 62
    18
420
        0
176
     1
 90
       50
176
     1
 90
        3
176
     1
 62
     5
420
      255
176
     1
290
     0
176
     1
 90
       50
176
     1
 90
       50
176
     1
 90
       50
176
     1
290
     0
176
     1
 90
       50
176
     1
 62
   256
176
     0
 40
1.0
176
     0
 90
        2
176
     1
  1
strokes_ogs.tif
176
     1
290
     0
176
     1
 40
1.0
176
     1
 40
1.0
176
     1
  0
VISUALSTYLE
  5
1F3
102
{ACAD_REACTORS
330
EF
102
}
330
EF
100
AcDbVisualStyle
  2
Shaded
 70
    27
177
     3
291
     0
 70
    58
 90
        2
176
     1
 90
        2
176
     1
 90
        1
176
     1
 90
        2
176
     1
 40
0.6
176
     1
 40
30.0
176
     1
 62
     7
420
 16777215
176
     1
 90
        0
176
     1
 90
        4
176
     1
 62
     7
176
     1
 62
   257
176
     1
 90
        1
176
     1
 90
        1
176
     1
 40
1.0
176
     1
 90
        8
176
     1
 62
   257
176
     1
 40
1.0
176
     1
 90
        1
176
     1
 90
        6
176
     1
 90
        2
176
     1
 62
     8
420
  7895160
176
     1
 90
        3
176
     1
 90
        0
176
     1
 90
        0
176
     1
290
     0
176
     1
 90
        5
176
     1
 40
0.0
176
     1
 90
        0
176
     1
290
     0
176
     1
290
     1
176
     1
290
     1
176
     1
290
     0
176
     1
290
     0
176
     1
290
     0
176
     1
290
     0
176
     1
290
     0
176
     1
290
     0
176
     1
 90
       50
176
     1
 40
0.0
176
     1
 40
1.0
176
     1
 90
        0
176
     1
 62
    18
420
        0
176
     1
 90
       50
176
     1
 90
        3
176
     1
 62
     5
420
      255
176
     1
290
     0
176
     1
 90
       50
176
     1
 90
       50
176
     1
 90
       50
176
     1
290
     0
176
     1
 90
       50
176
     1
 62
   256
176
     0
 40
1.0
176
     0
 90
        2
176
     1
  1
strokes_ogs.tif
176
     1
290
     0
176
     1
 40
1.0
176
     1
 40
1.0
176
     1
  0
VISUALSTYLE
  5
1F2
102
{ACAD_REACTORS
330
EF
102
}
330
EF
100
AcDbVisualStyle
  2
Shaded with edges
 70
    26
177
     3
291
     0
 70
    58
 90
        2
176
     1
 90
        2
176
     1
 90
        1
176
     1
 90
        2
176
     1
 40
0.6
176
     1
 40
30.0
176
     1
 62
     7
420
 16777215
176
     1
 90
        1
176
     1
 90
        2
176
     1
 62
     7
176
     1
 62
   257
176
     1
 90
        2
176
     1
 90
        1
176
     1
 40
1.0
176
     1
 90
        8
176
     1
 62
   257
176
     1
 40
1.0
176
     1
 90
        1
176
     1
 90
        6
176
     1
 90
        2
176
     1
 62
     7
176
     1
 90
        3
176
     1
 90
        0
176
     1
 90
        0
176
     1
290
     0
176
     1
 90
        5
176
     1
 40
0.0
176
     1
 90
        0
176
     1
290
     0
176
     1
290
     1
176
     1
290
     1
176
     1
290
     0
176
     1
290
     0
176
     1
290
     0
176
     1
290
     0
176
     1
290
     0
176
     1
290
     0
176
     1
 90
       50
176
     1
 40
0.0
176
     1
 40
1.0
176
     1
 90
        0
176
     1
 62
    18
420
        0
176
     1
 90
       50
176
     1
 90
        3
176
     1
 62
     5
420
      255
176
     1
290
     0
176
     1
 90
       50
176
     1
 90
       50
176
     1
 90
       50
176
     1
290
     0
176
     1
 90
       50
176
     1
 62
   256
176
     0
 40
1.0
176
     0
 90
        2
176
     1
  1
strokes_ogs.tif
176
     1
290
     0
176
     1
 40
1.0
176
     1
 40
1.0
176
     1
  0
VISUALSTYLE
  5
1EF
102
{ACAD_REACTORS
330
EF
102
}
330
EF
100
AcDbVisualStyle
  2
Shades of Gray
 70
    23
177
     3
291
     0
 70
    58
 90
        2
176
     1
 90
        2
176
     1
 90
        3
176
     1
 90
        0
176
     1
 40
0.6
176
     1
 40
30.0
176
     1
 62
     7
420
 16777215
176
     1
 90
        2
176
     1
 90
        2
176
     1
 62
     7
176
     1
 62
     7
176
     1
 90
        1
176
     1
 90
        1
176
     1
 40
40.0
176
     1
 90
        8
176
     1
 62
     7
176
     1
 40
1.0
176
     1
 90
        1
176
     1
 90
        6
176
     1
 90
        2
176
     1
 62
     7
176
     1
 90
        3
176
     1
 90
        0
176
     1
 90
        0
176
     1
290
     0
176
     1
 90
        1
176
     1
 40
0.0
176
     1
 90
        0
176
     1
290
     0
176
     1
290
     1
176
     1
290
     1
176
     1
290
     0
176
     1
290
     0
176
     1
290
     0
176
     1
290
     0
176
     1
290
     0
176
     1
290
     0
176
     1
 90
       50
176
     1
 40
0.0
176
     1
 40
1.0
176
     1
 90
        0
176
     1
 62
    18
420
        0
176
     1
 90
       50
176
     1
 90
        3
176
     1
 62
     5
420
      255
176
     1
290
     0
176
     1
 90
       50
176
     1
 90
       50
176
     1
 90
       50
176
     1
290
     0
176
     1
 90
       50
176
     1
 62
   256
176
     0
 40
1.0
176
     0
 90
        2
176
     1
  1
strokes_ogs.tif
176
     1
290
     0
176
     1
 40
1.0
176
     1
 40
1.0
176
     1
  0
VISUALSTYLE
  5
1F0
102
{ACAD_REACTORS
330
EF
102
}
330
EF
100
AcDbVisualStyle
  2
Sketchy
 70
    24
177
     3
291
     0
 70
    58
 90
        1
176
     1
 90
        2
176
     1
 90
        2
176
     1
 90
        0
176
     1
 40
0.6
176
     1
 40
30.0
176
     1
 62
     7
420
 16777215
176
     1
 90
        2
176
     1
 90
        2
176
     1
 62
     7
176
     1
 62
     7
176
     1
 90
        1
176
     1
 90
        1
176
     1
 40
40.0
176
     1
 90
       11
176
     1
 62
     7
176
     1
 40
1.0
176
     1
 90
        1
176
     1
 90
        6
176
     1
 90
        2
176
     1
 62
     7
176
     1
 90
        6
176
     1
 90
        0
176
     1
 90
        0
176
     1
290
     0
176
     1
 90
        1
176
     1
 40
0.0
176
     1
 90
        0
176
     1
290
     0
176
     1
290
     1
176
     1
290
     1
176
     1
290
     0
176
     1
290
     0
176
     1
290
     0
176
     1
290
     0
176
     1
290
     0
176
     1
290
     0
176
     1
 90
       50
176
     1
 40
0.0
176
     1
 40
1.0
176
     1
 90
        0
176
     1
 62
    18
420
        0
176
     1
 90
       50
176
     1
 90
        3
176
     1
 62
     5
420
      255
176
     1
290
     0
176
     1
 90
       50
176
     1
 90
       50
176
     1
 90
       50
176
     1
290
     0
176
     1
 90
       50
176
     1
 62
   256
176
     0
 40
1.0
176
     0
 90
        2
176
     1
  1
strokes_ogs.tif
176
     1
290
     0
176
     1
 40
1.0
176
     1
 40
1.0
176
     1
  0
VISUALSTYLE
  5
FC
102
{ACAD_REACTORS
330
EF
102
}
330
EF
100
AcDbVisualStyle
  2
Thicken
 70
    13
177
     3
291
     1
 70
    58
 90
        2
176
     1
 90
        2
176
     1
 90
        1
176
     1
 90
        0
176
     1
 40
0.6
176
     1
 40
30.0
176
     1
 62
     7
420
 16777215
176
     1
 90
        1
176
     1
 90
        4
176
     1
 62
     7
176
     1
 62
   257
176
     1
 90
        1
176
     1
 90
        1
176
     1
 40
1.0
176
     1
 90
       12
176
     1
 62
     7
176
     1
 40
1.0
176
     1
 90
        1
176
     1
 90
        6
176
     1
 90
        2
176
     1
 62
     7
176
     1
 90
        5
176
     1
 90
        0
176
     1
 90
        0
176
     1
290
     0
176
     1
 90
        1
176
     1
 40
0.0
176
     1
 90
        0
176
     1
290
     0
176
     1
290
     1
176
     1
290
     1
176
     1
290
     0
176
     1
290
     0
176
     1
290
     0
176
     1
290
     0
176
     1
290
     0
176
     1
290
     0
176
     1
 90
       50
176
     1
 40
0.0
176
     1
 40
1.0
176
     1
 90
        0
176
     1
 62
    18
420
        0
176
     1
 90
       50
176
     1
 90
        3
176
     1
 62
     5
420
      255
176
     1
290
     0
176
     1
 90
       50
176
     1
 90
       50
176
     1
 90
       50
176
     1
290
     0
176
     1
 90
       50
176
     1
 62
   256
176
     0
 40
1.0
176
     0
 90
        2
176
     1
  1
strokes_ogs.tif
176
     1
290
     0
176
     1
 40
1.0
176
     1
 40
1.0
176
     1
  0
VISUALSTYLE
  5
F6
102
{ACAD_REACTORS
330
EF
102
}
330
EF
100
AcDbVisualStyle
  2
Wireframe
 70
     5
177
     3
291
     0
 70
    58
 90
        0
176
     1
 90
        2
176
     1
 90
        0
176
     1
 90
        0
176
     1
 40
0.6
176
     1
 40
30.0
176
     1
 62
     7
420
 16777215
176
     1
 90
        1
176
     1
 90
        4
176
     1
 62
     7
176
     1
 62
   257
176
     1
 90
        1
176
     1
 90
        1
176
     1
 40
1.0
176
     1
 90
        0
176
     1
 62
   257
176
     1
 40
1.0
176
     1
 90
        1
176
     1
 90
        6
176
     1
 90
        2
176
     1
 62
     7
176
     1
 90
        3
176
     1
 90
        0
176
     1
 90
        0
176
     1
290
     0
176
     1
 90
        1
176
     1
 40
0.0
176
     1
 90
        0
176
     1
290
     0
176
     1
290
     1
176
     1
290
     1
176
     1
290
     0
176
     1
290
     0
176
     1
290
     0
176
     1
290
     0
176
     1
290
     0
176
     1
290
     0
176
     1
 90
       50
176
     1
 40
0.0
176
     1
 40
1.0
176
     1
 90
        0
176
     1
 62
    18
420
        0
176
     1
 90
       50
176
     1
 90
        3
176
     1
 62
     5
420
      255
176
     1
290
     0
176
     1
 90
       50
176
     1
 90
       50
176
     1
 90
       50
176
     1
290
     0
176
     1
 90
       50
176
     1
 62
   256
176
     0
 40
1.0
176
     0
 90
        2
176
     1
  1
strokes_ogs.tif
176
     1
290
     0
176
     1
 40
1.0
176
     1
 40
1.0
176
     1
  0
VISUALSTYLE
  5
1F1
102
{ACAD_REACTORS
330
EF
102
}
330
EF
100
AcDbVisualStyle
  2
X-Ray
 70
    25
177
     3
291
     0
 70
    58
 90
        2
176
     1
 90
        2
176
     1
 90
        1
176
     1
 90
        1
176
     1
 40
0.5
176
     1
 40
30.0
176
     1
 62
     7
420
 16777215
176
     1
 90
        1
176
     1
 90
        0
176
     1
 62
     7
176
     1
 62
   257
176
     1
 90
        1
176
     1
 90
        1
176
     1
 40
1.0
176
     1
 90
        8
176
     1
 62
     7
176
     1
 40
1.0
176
     1
 90
        1
176
     1
 90
        6
176
     1
 90
        2
176
     1
 62
     7
176
     1
 90
        3
176
     1
 90
        0
176
     1
 90
        0
176
     1
290
     0
176
     1
 90
       13
176
     1
 40
0.0
176
     1
 90
        0
176
     1
290
     0
176
     1
290
     1
176
     1
290
     1
176
     1
290
     0
176
     1
290
     0
176
     1
290
     0
176
     1
290
     0
176
     1
290
     0
176
     1
290
     0
176
     1
 90
       50
176
     1
 40
0.0
176
     1
 40
1.0
176
     1
 90
        0
176
     1
 62
    18
420
        0
176
     1
 90
       50
176
     1
 90
        3
176
     1
 62
     5
420
      255
176
     1
290
     0
176
     1
 90
       50
176
     1
 90
       50
176
     1
 90
       50
176
     1
290
     0
176
     1
 90
       50
176
     1
 62
   256
176
     0
 40
1.0
176
     0
 90
        2
176
     1
  1
strokes_ogs.tif
176
     1
290
     0
176
     1
 40
1.0
176
     1
 40
1.0
176
     1
  0
DICTIONARYVAR
  5
146
102
{ACAD_REACTORS
330
5E
102
}
330
5E
100
DictionaryVariables
280
     0
  1
1:1
  0
DICTIONARYVAR
  5
145
102
{ACAD_REACTORS
330
5E
102
}
330
5E
100
DictionaryVariables
280
     0
  1
STANDARD
  0
DICTIONARYVAR
  5
84
102
{ACAD_REACTORS
330
5E
102
}
330
5E
100
DictionaryVariables
280
     0
  1
STANDARD
  0
DICTIONARYVAR
  5
227
102
{ACAD_REACTORS
330
5E
102
}
330
5E
100
DictionaryVariables
280
     0
  1
Metric50
  0
DICTIONARYVAR
  5
228
102
{ACAD_REACTORS
330
5E
102
}
330
5E
100
DictionaryVariables
280
     0
  1
Metric50
  0
DICTIONARYVAR
  5
5F
102
{ACAD_REACTORS
330
5E
102
}
330
5E
100
DictionaryVariables
280
     0
  1
2
  0
DICTIONARYVAR
  5
63
102
{ACAD_REACTORS
330
5E
102
}
330
5E
100
DictionaryVariables
280
     0
  1
1
  0
DICTIONARYVAR
  5
7CB
102
{ACAD_REACTORS
330
5E
102
}
330
5E
100
DictionaryVariables
280
     0
  1
RGB:147,149,152
  0
DICTIONARYVAR
  5
7CA
102
{ACAD_REACTORS
330
5E
102
}
330
5E
100
DictionaryVariables
280
     0
  1
ByLayer
  0
DICTIONARYVAR
  5
1AE
102
{ACAD_REACTORS
330
5E
102
}
330
5E
100
DictionaryVariables
280
     0
  1
0
  0
DICTIONARYVAR
  5
1AF
102
{ACAD_REACTORS
330
5E
102
}
330
5E
100
DictionaryVariables
280
     0
  1
0
  0
DICTIONARYVAR
  5
5E5
102
{ACAD_REACTORS
330
5E
102
}
330
5E
100
DictionaryVariables
280
     0
  1
2
  0
DICTIONARYVAR
  5
5E4
102
{ACAD_REACTORS
330
5E
102
}
330
5E
100
DictionaryVariables
280
     0
  1
1
  0
DICTIONARY
  5
205
330
22
100
AcDbDictionary
280
     1
281
     1
  0
DICTIONARY
  5
1F9
330
ED
100
AcDbDictionary
280
     1
281
     1
  3
FBXASSET
360
1FA
  0
DICTIONARY
  5
1F7
330
EC
100
AcDbDictionary
280
     1
281
     1
  3
FBXASSET
360
1F8
  0
DICTIONARY
  5
173
330
EE
100
AcDbDictionary
280
     1
281
     1
  3
BUMPTILE
360
175
  3
DIFFUSETILE
360
174
  3
FBXASSET
360
1FB
  3
OPACITYTILE
360
176
  3
REFLECTIONTILE
360
177
  0
DICTIONARY
  5
162
330
7F
100
AcDbDictionary
280
     1
281
     1
  3
ACAD_ROUNDTRIP_2008_TABLESTYLE_CELLSTYLEMAP
360
2DD3
  0
XRECORD
  5
1FA
102
{ACAD_REACTORS
330
1F9
102
}
330
1F9
100
AcDbXrecord
280
     1
 70
     1
 90
429727718
  1
D62C5603-E3A1-4AEA-B7FB-FE5D8D0755AF
310
504B03040A0000080000CC70623B3DEE336E79000000790000001B0000006175746F6465736B2D64657369676E2D7061636B6167652E786D6C3C3F786D6C2076657273696F6E3D22312E302220656E636F64696E673D227574662D3822203F3E3C666F726D6174733E3C666F726D61743E687474703A2F2F736368656D612E
310
6175746F6465736B2E636F6D2F64657369676E2D7061636B6167652F323030393C2F666F726D61743E3C2F666F726D6174733E504B0304140006080800CC70623BD486FD9CA0000000F4000000130000005B436F6E74656E745F54797065735D2E786D6C7D8EC10E82300C865F65E91D8A1E8C310C0EEA1BF002731658846E
310
D98AC1B77784ABF1D8FE5FBFBF75BBCE937A534CCEB38643598122B6FEE978D0B0485F9C41B54DDD7D022595594E1A469170414C76A4D9A4D207E29CF43ECE46F218070CC6BECC4078ACAA135ACF422C856C0E68EA1BF5669944DDD7BCDE7B1F8E415D77AECB980613C2E4AC91FC167A2B244592486606FC29C8FD7F045B9A
310
EF7053A7E60B504B0304140006080800CC70623B853B8169EB0000007C01000008000000636F72652E786D6C8D90416EC3201045AF62CDB6C206821CC7C244919D9CA01740401C94182C03558F5F9C3852BBEB6A467FFE9B197D7EFC9E1EC5975982F5AE035262288C535E5B377690E21535501C055FBC8FBF6C503839990E
310
5619041F179FE64D52DE45E362569DD7661365082642A11EB9E920A89B99642953CC8E702F67A9EE7234257977194EC9EAE275C4EABCCF5EAD5940D4AC6F0E35A568B8F43562CD7046CD199FD07E60174276A7BE677B5EADB0E0D14EEFFB6A31321A0D82627C4084204C3F096B71DD52F6819B16635EADF63F509AF53FA164
310
5DDCD1EDDD17164090FCC8732078B56691CB33A85CD7DCC40F504B0304140006080800CC70623B55019EA25F0000007C00000007000000636E782E786D6C4DCB3B0E80201045D1AD90E915ED2CF8AC45050C11660C8261F98AB1B07AC9C97D42D718D865D3E909258CFD00CCE24AC6E326A164D74DC0B4128928FF32603847
310
2BA13128B1252AC747C6BAB984FC68F0B87FE8960A5C09FE86CFB69FBA01504B0304140006080800CC70623BDBABAAF470010000D40300000C0000006662782F636F72652E786D6CC553D16E823014FD95A6AF4B694182CC941A83FA05FB810A9511A125A5257EFE2E82712ECEB8A7F100CD39F7F69E734AF9FADC366850B6
310
AF8DCE7018308C942E4C59EB2AC3DE1D498AD15A706B8CFB56869196ADCAF00863C12B6B7C374385D14E6907A836A59A41D9F7CA615434B0C8705F7CAA5606D23BA8E84F41278B93AC54100640439DE0BDB320004D43C63716C7C399D30917DCFBBA9CD9BA8469F5B156168B24CED3F7248AC8769F27244EB73B92EED8862C
310
B7F13E0C179B3C8F979C8ECD82BBBABDAA2BAC924E9558448CBD9330242CFA08E3154B5651FCC6D215639C8EE5774DBE2B5F6CF2B5768B68963BB5F5588420E442FC700B1139D4CB01F450C1E918227C2E09DF070D8140C84E1E9AAB8F1340832A9CB13130A5F1376A908D57309505ECF2A0DF179C4E9D30F5B239B87E3823
310
7A79C6F31DE1A8A5AEC08474B03C7837EAE4938639B44E5932B833D2C6B6B279CDC613877FA26EE21F4A2A4C63EC7F29A2F301D1F9F7A0E37D145F504B0304140006080800CC70623B9C113CC27E0000009D0000000B0000006662782F636E782E786D6C4DCCDF0A83201C86E15B91DFB94BFB330DD428C8FB886521330DA7
310
6397BF1A1DECE883878F57749FCDA1B7892F1BBC047A23808C7F84D9FA55424E0BE6803A256208E9EF06C84F9B91703228B1C690F78B66B34CD9A5439DF5CF0BFBF65E35BCA1B8D6A5C6F540381E886698B5741C695F9503EBA150A2F8958E3DC3EA0B504B0304140006080800CC70623B7DF2F77C2A010000120200003100
310
00006662782F41393633353835312D344632462D344230382D423046372D3739314545314133324237412F636F72652E786D6C8D51DB8EC22014FC15C2939B0D2DB4B45643319AE817EC0F6041255A68B86CFCFC856D4D76DF7CE190393373060EDB3DC707F856CE6B6B7A480A0C81328395DA5C7B18C3057510EC3873D686
310
3F34088C18550F330C39BB3A1BA7051AAC09CA84841A2BD5020AEF55806078A44B0FFD7053A328440C89E1EFC52486BBB8AA8214A99D789CF9E05200300FC927E4FB4D5B375D43103D5527440FB843077C5AA3F5861C8F645F5787F59E95B390B318B55CE45AA638FAA2957BD7248B390B7A7CC51F9C124149C82B8C378810
310
84AB2F42B7B8DD56F413775B8C5999E9FF4471926F8AA236A1AE96B8B3CC434E5839373893369E1FAF30EA395917409EB7F26AF8801C171837A4A6AC9C89E9F9C9B1A58BA30FD6A5EF5DDDCF894B9AD9B6A59C957943A9FCAE2FD5BC4DFE03504B0304140006080800CC70623BAD7543B64E01000033030000300000006662
310
782F41393633353835312D344632462D344230382D423046372D3739314545314133324237412F636E782E786D6CD593CD6EC32010845F0571AD6CE3D48AD20813A9873E410FBD12D82434182C7EAAE6EDBB2424CD25871E7B41D6EC30B3FA84F9E67BB2E40B4234DE8DB46F1925E094D7C6ED479AD3AE5951B2113C789FEE
310
6C943839C1488B4C05DF079FE72A69D8C96C13AAD6B8631503449F83828872B949AC57D26200B826A308D316B4064D6E46FCDA41C05550DC9E483A00797BFD207EFB092A45DE9514C1BBD22178396BD39D891265658C238DEA00936C654E5E433CB65A26D9F6EDB5EBC14EBF49A45CB856E66048291F6939A9A81BB5C89177
310
38143CA680F4AA299D66A042CEB3354A2684DC9D8D178FE0D9B8B41CAAD720F880EE7EF93C0C18769E099ECC04D5A102C8049A8A05632F4DDF376CF1DE0F6BB65C2F8627B65A33C6BB62177CEBBDAD973006829F89F22E814B54F4BC2BE347F8AA8F681390B50FA73F804400B5F542E796F19FF974E7F78DB802FE05E20750
310
4B0304140006080800CC70623BE75B7789680500003C100000340000006662782F41393633353835312D344632462D344230382D423046372D3739314545314133324237412F6F626A656374732E786D6CAD575B8F9B3818FD2B887D06C22499CB8AA1CA655245D5B455A356FB305264C061D8018C6C3393D95FBFC7600890
310
A4CD5EF210B0B1BFEBF98E3F7B1FF6596ABC522E1296DF9BAE3D320D9A872C4AF2F8DE2CE5CEBA358D0FBEC719939D65A691938CDE9B6ADAF4BD98B3B2D05311DD91329583D9D5FC0F438434A7A611A644887B5384CF34233629258BA878B12322891DEFF6B66BD70BFB62634E8AE781D082709A4B588AF91C528CDA28B73F
310
1C998EEF39EABBEFA97FBD6A7C7E9553F9D3D79FE442923C3C523610337627CB87ABE99D359D4CC6D6E4FACAB5E6ABF9D2726FC6A3C5F56271377BB88362213924694B38DD99FE47C48627A1E7D49F5A8BB5E1A74C0A599ED3B0F21F1E56366B89112D681E218F0915D0D6F17AD41FBA2A369DCF6335D62ABBD39779D5DDD1
310
11D4D8DE3CBB96B2E04FB8202E41051754A1AA8E8F76B4C6DFE810B580B1547F4B84911149794252234D024EF8BBE963A95AE27B3D310A9D5C215C7960FAEE415ED75694C6AFB17BCACA5D99A60A9AA65F217B0BFC53292ACB92BF283FAD0D3621576592CB5BED907C2FA8E9DF794E35E97BEA31BED21FEB401ABB94C44839
310
DCACBF0E1C5DA8DA5B2F4DFFD32AD86F543D9E565E7056502E157C00AD2671CD534549AB752FCA9CDA00677A313F04E51B22FF19E57B300579E3C97EB29F682D92935CEC18CF901B7B54FD8C51F362B56FC72FE0B3C1EAE335EDCCBF5AEC39ADB17DC238973F804BA5E6F6BFE7AF1FB32E523BE9F3BD571418E3631DCA4D48
310
5250CF639223210A9446CA30052EDF057BD35F8329C1ECD84552BF0DC8D18BE7BCE23BFE6BD960AB4A7DE79923A103BEBD80F911CBAA2C60DB19B01CF164A5583B772EE6D3FFA56666CBCDA74DC97724A48F9A58967497E489C4D979006FD7A05E227A1EBDD0F737C623387A9C844D3709995625106D157315F8B8392CD4E0
310
A0B9A720C4BE9829CEF37EA1E13111214D53925356365ADA634861B52519DD27A00AEB808EAF0628E6F435519D446F45CF2C9CF5214F0A15B2F6D06B79DA3EE3CBF7F56780D2F4E7EF73A0F5E5B02A38D07DC852C6B7C1FBB6664213E0C39E3EBA7FF4E1AD23EA2829407C85E586727488B751B2DB9502BC7B228A3FD68B6E
310
A65A22397E690AA8D158D7E404EC8CDA235CC3B7D1898680131CEC2CDF2638C65196279577750F15884AEE19F94199155B92B13297978469D4F8D358DF0AEF7631E28DC8F0D9F437D5D39A83B2231A1D52D543813A824EF8D44BCFF2FA6A31BD1E8DAD87F1CCB526B3879935BF59CDADD5C37479BB1CDD4CA7B3556B516589
310
EF352754B706114D9C885EC9131DE6EFEB43D99AFE2391C2F958179413D7CFEF6B1B6DB1E7600F00DE6E5C67454A339A4BA2E0FBA85ED26F045D454F463DBFCE484C2F90F2E5E3666003662ED8F755951A7D1BECD5B30B550B2785C8E7320B7292A4838DDA71BBC863ED7613CAF659337A3354231D4FF4A182A54904C2898C
310
98B28C4AD0CE056CCF332A80986E571EE9DBC305BB5FEB7E509220A58D25CF042D712A806AC0AD0C657FDEF80D2D9CEAA2EE4D1C76F60BFE74219A06527D6F82DF6412526107381E55E353090704D085B52408A8913C4ED159D79BDA71BB4BC506F4831350EB6F975CD22D69BF7AC49B91A2C0A9DDA3D5CA36AD20FC478E37
310
E61844E2352865EBCB61A275A65283CAAA9DD27703B4102F5AF51EF5F573B75CBB5AD38BC845F7A49F82A0966A49C2E3EA5EA0ECD326CD965F1DB402C6FA8B51A4658C5C5E2EC9E214602E55810345408596591009A82E7E7FFACA19EEA299B14A0081A705CB3296EBC14CDF658DCD336EA6D1136881AAEB87B81AB9EE53D5
310
F5EB8BC8362082DA24122F98680A4E7930C01A0079749CEA14382A0783E5EBA5A10F8C098456A03D6A4AEB6BB881E2513747552A5DB22C7EDAF83BD5528081A365F7FF06504B0304140006080000CC70623B000000000000000000000000350000006662782F41393633353835312D344632462D344230382D423046372D37
310
39314545314133324237412F76657274696365732E62696E504B0304140006080800CC70623BF270F1330600000004000000360000006662782F41393633353835312D344632462D344230382D423046372D3739314545314133324237412F747269616E676C65732E62696E636660600000504B0304140006080000CC7062
310
3B000000000000000000000000370000006662782F41393633353835312D344632462D344230382D423046372D3739314545314133324237412F617474726962757465732E62696E504B0304140006080800CC70623B08DA0BD19000000041010000360000006662782F41393633353835312D344632462D344230382D4230
310
46372D3739314545314133324237412F6469726563746F72792E786D6C858F410AC3201045AF22B36F53E9A60B35CBEEBAE80D244E44489C6234F4F835464A48035D0DF398FF9F8AF63D0E6CC63039F212F8F9020C7D47C6792B21C5FE7403D62A1188E2E60C98D7234A5830286103A55745067B9D86B8A3CF9C7F90C11DE6
310
07FB144396D7B6A82D282E9A152AD114D5EF2CB866EEE831B8EEA07A7BB5A8D7D61A2BAAEB7FD5F70921FF497D00504B0304140006080800CC70623BEDD1DC58FD000000A00100003B0000006662782F41393633353835312D344632462D344230382D423046372D3739314545314133324237412F7265736F75726365732F
310
636F72652E786D6C8D504B6E833010BD0A9A6D65B00922041947112427E8052C33A156828DFCA97AFC9A40A576D7CDCCE87D344F8F9FBFE667F689CE6B6B3A6039850C8DB2A336530731DC4903D95970676DF82583CCC8193B5861107C72362E3BA4AC096842428D1D7107A5F7182053CF7474E0D507CE32973124857FE48B
310
540F3961CEF244279DE03EB81420DB9EAC1384436FA353E879B1B182C7A8C75DA3C7F453DF353A1075D537A7BA6464B8F535A99AE14A9A2BBD90E350DD183B5CFABE3AF262350B1EF4FC9351399401471025A527C218A1E53BAB5A5AB765F5469B96525EACF23FA6B88CFF34456DC2A1DCE36E360F82A5202F42F062ED2BAD
310
579969AFDD8A6F504B010214000A0000080000CC70623B3DEE336E79000000790000001B00000000000000000000000000000000006175746F6465736B2D64657369676E2D7061636B6167652E786D6C504B01021400140006080800CC70623BD486FD9CA0000000F40000001300000000000000000000000000B20000005B
310
436F6E74656E745F54797065735D2E786D6C504B01021400140006080800CC70623B853B8169EB0000007C010000080000000000000000000000000083010000636F72652E786D6C504B01021400140006080800CC70623B55019EA25F0000007C000000070000000000000000000000000094020000636E782E786D6C504B
310
01021400140006080800CC70623BDBABAAF470010000D40300000C00000000000000000000000000180300006662782F636F72652E786D6C504B01021400140006080800CC70623B9C113CC27E0000009D0000000B00000000000000000000000000B20400006662782F636E782E786D6C504B01021400140006080800CC70
310
623B7DF2F77C2A010000120200003100000000000000000000000000590500006662782F41393633353835312D344632462D344230382D423046372D3739314545314133324237412F636F72652E786D6C504B01021400140006080800CC70623BAD7543B64E010000330300003000000000000000000000000000D2060000
310
6662782F41393633353835312D344632462D344230382D423046372D3739314545314133324237412F636E782E786D6C504B01021400140006080800CC70623BE75B7789680500003C10000034000000000000000000000000006E0800006662782F41393633353835312D344632462D344230382D423046372D3739314545
310
314133324237412F6F626A656374732E786D6C504B01021400140006080000CC70623B0000000000000000000000003500000000000000000000000000280E00006662782F41393633353835312D344632462D344230382D423046372D3739314545314133324237412F76657274696365732E62696E504B01021400140006
310
080800CC70623BF270F133060000000400000036000000000000000000000000007B0E00006662782F41393633353835312D344632462D344230382D423046372D3739314545314133324237412F747269616E676C65732E62696E504B01021400140006080000CC70623B0000000000000000000000003700000000000000
310
000000000000D50E00006662782F41393633353835312D344632462D344230382D423046372D3739314545314133324237412F617474726962757465732E62696E504B01021400140006080800CC70623B08DA0BD1900000004101000036000000000000000000000000002A0F00006662782F41393633353835312D344632
310
462D344230382D423046372D3739314545314133324237412F6469726563746F72792E786D6C504B01021400140006080800CC70623BEDD1DC58FD000000A00100003B000000000000000000000000000E1000006662782F41393633353835312D344632462D344230382D423046372D3739314545314133324237412F7265
310
736F75726365732F636F72652E786D6C504B0506000000000E000E0080040000641100000000
  0
XRECORD
  5
1F8
102
{ACAD_REACTORS
330
1F7
102
}
330
1F7
100
AcDbXrecord
280
     1
 70
     1
 90
429727718
  1
30362254-06B7-45E0-A893-8CFA70E3D6BC
310
504B03040A0000080000CC70623B3DEE336E79000000790000001B0000006175746F6465736B2D64657369676E2D7061636B6167652E786D6C3C3F786D6C2076657273696F6E3D22312E302220656E636F64696E673D227574662D3822203F3E3C666F726D6174733E3C666F726D61743E687474703A2F2F736368656D612E
310
6175746F6465736B2E636F6D2F64657369676E2D7061636B6167652F323030393C2F666F726D61743E3C2F666F726D6174733E504B0304140006080800CC70623BD486FD9CA0000000F4000000130000005B436F6E74656E745F54797065735D2E786D6C7D8EC10E82300C865F65E91D8A1E8C310C0EEA1BF002731658846E
310
D98AC1B77784ABF1D8FE5FBFBF75BBCE937A534CCEB38643598122B6FEE978D0B0485F9C41B54DDD7D022595594E1A469170414C76A4D9A4D207E29CF43ECE46F218070CC6BECC4078ACAA135ACF422C856C0E68EA1BF5669944DDD7BCDE7B1F8E415D77AECB980613C2E4AC91FC167A2B244592486606FC29C8FD7F045B9A
310
EF7053A7E60B504B0304140006080800CC70623B1EC5D7A3EB0000007C01000008000000636F72652E786D6C8D90416EC3201045AF82665B6103C6756C6122AB4D4ED00B204C5C94182C03558F5F9C3852BBEB6A467FFE9B197D71FC9E6FE8CBACC17AD7032D0820E3B41FAD9B7A48F1820F808E52ACDEC75F36404ECDA687
310
4D0629A6D5A76597B477D1B89855E747B38B2A041301E95B6E7A08FAD3CCAA50296647B8168BD2573599823EBB0CA76447F43862C7BCCF5EAC59410E4DDD9C7973C2755553CCCFA4C603E3040F1565ED3B1FDE4E432BCA0D9622DAF9795FAF464533826484B498524CD807E51D79ED187F21878E10516EF63F505AC67F42C9
310
BA58B1FDDD071640D2FCC87D2045B96591CB3DA85CB7DCE40F504B0304140006080800CC70623B55019EA25F0000007C00000007000000636E782E786D6C4DCB3B0E80201045D1AD90E915ED2CF8AC45050C11660C8261F98AB1B07AC9C97D42D718D865D3E909258CFD00CCE24AC6E326A164D74DC0B4128928FF32603847
310
2BA13128B1252AC747C6BAB984FC68F0B87FE8960A5C09FE86CFB69FBA01504B0304140006080800CC70623B8C9102E971010000D40300000C0000006662782F636F72652E786D6CC5535B6E833010BC8AE5DF0A6C08340F1947A84D4ED00B38C6A128602363A31CBFCB234A53A551FA553EC09AD9F5CE8C31DB9E9B1AF5CA
310
7695D1198E428A91D2D214952E33ECDD315861B4E5CC1AE3BE9561A445A3323CC098B3D21ADFCE9034DA29ED00D5A6503328BA4E398C640D8B0C77F253352214DE4145770A5B214FA2546114020D759C75CE8200340D19DE981F0F6746269C33EFAB6266AB02A655C74A59CCF365BADC27CB5D902ED22848F6340DF238A141
310
BE88E2F57B92BFEDF23523433367AE6A2EEAA455C2A902F398D2751045018D3FA264435F3771F242571B4A1919CA6F9A7C5B3CD9E42BED16F12C776AEB308F40C848FC700B1139D4891EF410CEC810227CC6846F8386402064270EF5C5C709A05E49676C024C61FC95EA45ED154CA5211D1FF4FB8291A913A68E9B83EBBB33
310
E2A7673CDE118E5AE8124C0807CB8377834E366998436B950D7A7746DAD846D4CFD978E0F04FD455FC5D49D2D4C6FE9722321F10997F0F32DC47FE05504B0304140006080800CC70623BFFEA85907E0000009D0000000B0000006662782F636E782E786D6C4DCCD10A83201886E15B91FFDC95D95A811AB6F23E625948A6C3
310
E9D8E5AF46073BFAE0E1E365ED67B3E8ADC3CB78C7815C7240DA3DFC64DCC221C519D7805AC182F7F1EF06C88D9BE6703008B6049F9E274D7A1E938DBB5AE3D6131B2589BA0D3D965551E0B2EA732C9B9A624AAEB41E3A557677029960D9AFB4EF11165F504B0304140006080800CC70623B4FEEA4082C0100001202000031
310
0000006662782F39464131463745442D413632322D343644302D413938332D3331353338454246344243312F636F72652E786D6C8D515B6EC32010BC0AE2AB55850DD871ED0813254D72825EC00192A2C460F1A872FC42ED48ED5F7E00CDCECCCEB26C731F6FE05B39AFADE921293004CA082BB5B9F43086336A21D870E6AC
310
0D7F68109861543DCC30E4ECE26C9C164858139409093556AA051CBC570102714B8F1E7AF1A5C6A11862480C7F2DA6415C878B2A4891CA89C7990F2E050073937C42DE1DB7E4F87ED8A36D4329AA9B3D46DBAEAD504556557BD81DEBDD0761E52CE42C462D17B996298E3E6BE59E35C962CE821E1FF18553435012728A7187
310
0841987E927A8D9B35ADDF70BBC6989599FE4F1427F9A4286A132ABAC49D651EF234CD5CE04CDA78BA3DC2A8FB645D00B9DF8B57E215725C60BCA2A463E54C4CE327C7A65E1C7DB02E7DEFCBF594B864C5CA6CDBD49C957943E9FA5D5FBAF336F90F504B0304140006080800CC70623BAD7543B64E01000033030000300000
310
006662782F39464131463745442D413632322D343644302D413938332D3331353338454246344243312F636E782E786D6CD593CD6EC32010845F0571AD6CE3D48AD20813A9873E410FBD12D82434182C7EAAE6EDBB2424CD25871E7B41D6EC30B3FA84F9E67BB2E40B4234DE8DB46F1925E094D7C6ED479AD3AE5951B2113C
310
789FEE6C943839C1488B4C05DF079FE72A69D8C96C13AAD6B8631503449F83828872B949AC57D26200B826A308D316B4064D6E46FCDA41C05550DC9E483A00797BFD207EFB092A45DE9514C1BBD22178396BD39D891265658C238DEA00936C654E5E433CB65A26D9F6EDB5EBC14EBF49A45CB856E66048291F6939A9A81BB5
310
C8917738143CA680F4AA299D66A042CEB3354A2684DC9D8D178FE0D9B8B41CAAD720F880EE7EF93C0C18769E099ECC04D5A102C8049A8A05632F4DDF376CF1DE0F6BB65C2F8627B65A33C6BB62177CEBBDAD973006829F89F22E814B54F4BC2BE347F8AA8F681390B50FA73F804400B5F542E796F19FF974E7F78DB802FE05
310
E207504B0304140006080800CC70623B16AB87BA640500003C100000340000006662782F39464131463745442D413632322D343644302D413938332D3331353338454246344243312F6F626A656374732E786D6CAD575B6FA33818FD2B887DE6924B3BED8A326A92B68A663B534DD4D13E548A0C38942D60649B369D5FBFC7
310
600890A493BDE42160637FD7F31D7FF63E6FB3D478A55C242CBF3247B66B1A340F5994E4F19559CA8D75611A9F7D8F33263BCB4C232719BD32D5B4E97B316765A1A722BA21652A07B3B7B33F0D11D29C9A46981221AE4C113ED38CD8A4942CA2E2C58E882476BCD9DA23BB5ED8171B73523C0F841684D35CC252CCE79062D4
310
468DFA43D7747CCF51DF7D4FFDEB5593E3AB9CCA9FBEFE241792E4E19EB28198C968BAB8199F5D5A67D3E9C49A9E8F47D6EC76B6B0469F26EEFC7C3EBFBCBEB98462213924694B38DD98FE1D62C393D073EA4FADC5DAF04326852CCF6958F90F0F2B9BB5C48816348F90C7840A68EB78EDF68723159BCEE7891A6B95DDE9D3
310
BCEAEEE8086A6C6F9E5D4B59F0175C10A7A0820BAA5055C7473B5AE3CFDD452D602CD5DF12616444529E90D448938013FE6EFA58AA96F85E4F8C42275708571E98FE6827AF6B2B4AE3D7D83D64E5A64C53054DD3AF90BD06FEA9149565C94FCA0F6B834DC85599E4F2423B24DF0B6AFA979E534DFA9E7A4CC6FA631D486393
310
921829879BF5D781A373557BCB85E97FB90DB62B558F8795179C15944B051F40AB495CF35451D26A4727654E6D8033BD98EF82F21D91FF8AF2DD9982BCF1643BDD4EB516C9492E368C67C88DED563FC36D5EACF66DFF057C3658BDBFA69DF9578B3DA735B64F18C7F20770A9D45CFCF7FCF563D6456A277DBEF78A02637CA2
310
43B90A490AEAB94F72244481D24819A6C0E59B606BFA4B3025981DBB48EAB701D97BF19C577CC77F2D1B6C55A9EF3C732474C0B727303F625995056C3B02963D9EAC146BE78EC5FCEC7FA999EBC5EACBAAE41B12D27B4D2C0BBA49F244E2ECDC81B76B502F113D8F5EE8FB1BE3111CDD4FC2AA9B844CAB1288B68AB90A7CDC
310
1C166AB0D3DC5310625FCC14E779BFD0709F8890A629C9292B1B2DED31A4B0DA928CEE135085754027E3018A397D4D5427D15BD1330B677DC8934285AC3DF45A9EB68FF8F2B8FC0A509AFEECFD0FF2DE25CC6047F7214B195F07EFEB9A094D800F7BFAE8FED187B78EA8A3A400F115961BCAD1215E47C966530AF0EE8128FE
310
58CEBB996A8964FFA529A046635D9353B0336A8F700DDF46271A024E70B0B37C9DE01847591E54DED53D54202AB947E4076556AC49C6CA5C9E1226B7F1A7B1BE15DEED62C41B91E1B3E9AFAAA735036547343A925075041DF0A9979E893B391F8FCFA6967B3EFB644DCF6E5CEBFAE272625DCC6FAF3FB93793C5F90CE1EF57
310
407342756B10D1C489E8953CD1617E5CEECAD6F4EF8914CE5D5D504E5C3F1F9736DA62CFC11E00BCDDB8CC8A9466349744C1F75EBDA4DF09BA8A9E8C7A7E9991989E20E5DBDD6A6003664ED8F7A04A8DBE0DF6EAD9B9AA858342E47399053949D2C146EDB85DE4B176BB0965FBAC19BD19AA918E27FA50C1D22402E144464C
310
59462568E704B6E71915404CB72B8FF4EDE184DDAF753F284990D2C6926782963815403548A70C657FDEF80D2D9CEAA2AE4C1C76F60BFE74219A06527D6582DF6412526107381E55E353090704D085B52408D0933C4ED159D79BDA71BB4BC506F4831350EB6F979CD22D69BF7AC49B91A2C0A9DDA3D5CA36AD20FC478E37E6
310
1844E2352865EBCB6EA275A652E3836BE04EFB400BF1A2556F515F1FBB35B2AB35BD889C744FFA1004B5544B121E57F70215746DD2F5E2C1412B602CBF19455AC6C8E5E9922C4E01E65215385004546899059180EAFCF7A707CE7017CD8CDB0410789AB32C63B91E5CEBBBACB17AC6CD347A022D5075FD106377347AAABA7E
310
7D11590744509B44E205134DC1290F06580320F78E537D3D73540E06CB970B431F185308AD40BBD794D6D77003C5A36E8EAA54BA64597CD8F83BD552A080A365F7FF06504B0304140006080000CC70623B000000000000000000000000350000006662782F39464131463745442D413632322D343644302D413938332D3331
310
353338454246344243312F76657274696365732E62696E504B0304140006080800CC70623BF270F1330600000004000000360000006662782F39464131463745442D413632322D343644302D413938332D3331353338454246344243312F747269616E676C65732E62696E636660600000504B0304140006080000CC70623B
310
000000000000000000000000370000006662782F39464131463745442D413632322D343644302D413938332D3331353338454246344243312F617474726962757465732E62696E504B0304140006080800CC70623B08DA0BD19000000041010000360000006662782F39464131463745442D413632322D343644302D413938
310
332D3331353338454246344243312F6469726563746F72792E786D6C858F410AC3201045AF22B36F53E9A60B35CBEEBAE80D244E44489C6234F4F835464A48035D0DF398FF9F8AF63D0E6CC63039F212F8F9020C7D47C6792B21C5FE7403D62A1188E2E60C98D7234A5830286103A55745067B9D86B8A3CF9C7F90C11DE607
310
FB144396D7B6A82D282E9A152AD114D5EF2CB866EEE831B8EEA07A7BB5A8D7D61A2BAAEB7FD5F70921FF497D00504B0304140006080800CC70623B0D6EF93BFE000000A00100003B0000006662782F39464131463745442D413632322D343644302D413938332D3331353338454246344243312F7265736F75726365732F63
310
6F72652E786D6C8D50596E833010BD0A9ADFCA60B334011947A8694ED00B586642AC041B79A97AFC9A40A5F6AF3F33A3B7689E1E3F7DCD8FEC139DD7D6F4C0720A191A65476DA61E62B892236427C19DB5E1970C322367EC618541F0C9D9B8EC90B226A009093576C41D94DE63804C3DD2D18357379C652E63480A7FCF17A9
310
EE72C29CE5894E3AC17D702940B63D59270887DE46A7D0F36263058F518FBB468FE9A7BE6A7420864373B8D4873369AA8691FA421B3294352543C5CAF65C0F6FEF43CB8BD52C78D0F34F46E550061C419494B6843142CB0F5677F4B52BEB177AEC28E5C52AFF638ACBF84F53D42654E51E77B379102C05791282176B5F693D
310
CB4C7BED567C03504B010214000A0000080000CC70623B3DEE336E79000000790000001B00000000000000000000000000000000006175746F6465736B2D64657369676E2D7061636B6167652E786D6C504B01021400140006080800CC70623BD486FD9CA0000000F40000001300000000000000000000000000B20000005B
310
436F6E74656E745F54797065735D2E786D6C504B01021400140006080800CC70623B1EC5D7A3EB0000007C010000080000000000000000000000000083010000636F72652E786D6C504B01021400140006080800CC70623B55019EA25F0000007C000000070000000000000000000000000094020000636E782E786D6C504B
310
01021400140006080800CC70623B8C9102E971010000D40300000C00000000000000000000000000180300006662782F636F72652E786D6C504B01021400140006080800CC70623BFFEA85907E0000009D0000000B00000000000000000000000000B30400006662782F636E782E786D6C504B01021400140006080800CC70
310
623B4FEEA4082C0100001202000031000000000000000000000000005A0500006662782F39464131463745442D413632322D343644302D413938332D3331353338454246344243312F636F72652E786D6C504B01021400140006080800CC70623BAD7543B64E010000330300003000000000000000000000000000D5060000
310
6662782F39464131463745442D413632322D343644302D413938332D3331353338454246344243312F636E782E786D6C504B01021400140006080800CC70623B16AB87BA640500003C1000003400000000000000000000000000710800006662782F39464131463745442D413632322D343644302D413938332D3331353338
310
454246344243312F6F626A656374732E786D6C504B01021400140006080000CC70623B0000000000000000000000003500000000000000000000000000270E00006662782F39464131463745442D413632322D343644302D413938332D3331353338454246344243312F76657274696365732E62696E504B01021400140006
310
080800CC70623BF270F133060000000400000036000000000000000000000000007A0E00006662782F39464131463745442D413632322D343644302D413938332D3331353338454246344243312F747269616E676C65732E62696E504B01021400140006080000CC70623B0000000000000000000000003700000000000000
310
000000000000D40E00006662782F39464131463745442D413632322D343644302D413938332D3331353338454246344243312F617474726962757465732E62696E504B01021400140006080800CC70623B08DA0BD190000000410100003600000000000000000000000000290F00006662782F39464131463745442D413632
310
322D343644302D413938332D3331353338454246344243312F6469726563746F72792E786D6C504B01021400140006080800CC70623B0D6EF93BFE000000A00100003B000000000000000000000000000D1000006662782F39464131463745442D413632322D343644302D413938332D3331353338454246344243312F7265
310
736F75726365732F636F72652E786D6C504B0506000000000E000E0080040000641100000000
  0
XRECORD
  5
175
102
{ACAD_REACTORS
330
173
102
}
330
173
100
AcDbXrecord
280
     1
270
     1
271
     1
  0
XRECORD
  5
174
102
{ACAD_REACTORS
330
173
102
}
330
173
100
AcDbXrecord
280
     1
270
     1
271
     1
  0
XRECORD
  5
1FB
102
{ACAD_REACTORS
330
173
102
}
330
173
100
AcDbXrecord
280
     1
 70
     0
 90
1673772943
  1
ECE7A1D2-D628-4531-984C-D00F80459256
310
504B03040A0000080000CC70623B3DEE336E79000000790000001B0000006175746F6465736B2D64657369676E2D7061636B6167652E786D6C3C3F786D6C2076657273696F6E3D22312E302220656E636F64696E673D227574662D3822203F3E3C666F726D6174733E3C666F726D61743E687474703A2F2F736368656D612E
310
6175746F6465736B2E636F6D2F64657369676E2D7061636B6167652F323030393C2F666F726D61743E3C2F666F726D6174733E504B0304140006080800CC70623BD486FD9CA0000000F4000000130000005B436F6E74656E745F54797065735D2E786D6C7D8EC10E82300C865F65E91D8A1E8C310C0EEA1BF002731658846E
310
D98AC1B77784ABF1D8FE5FBFBF75BBCE937A534CCEB38643598122B6FEE978D0B0485F9C41B54DDD7D022595594E1A469170414C76A4D9A4D207E29CF43ECE46F218070CC6BECC4078ACAA135ACF422C856C0E68EA1BF5669944DDD7BCDE7B1F8E415D77AECB980613C2E4AC91FC167A2B244592486606FC29C8FD7F045B9A
310
EF7053A7E60B504B0304140006080800CC70623BD9DDAED0EC0000007C01000008000000636F72652E786D6C8D90416EC3201045AF82665B61836D9CD8C2444DD39CA01740405C94182C03558F5F9C3852BBEB6A467FFE9B197D7EF89E6EE8CB2CC17A37002D0820E394D7D68D03A478C17B4007C117EFE32F1B20272733C0
310
2A83E0E3E2D3BC49CABB685CCCAAF3DA6CA20CC14440EA969B0182FA34932C648AD911AEC52CD5558EA6A0CF2EC329598D1E47ACCEFBECC59A050463A7EA5833865FEBDD0E37353BE3EE8DBDE3F6786A48D375FBF6CC78B9C282473B3DEFABC5C86834888A900E538A49F5419B9EB47DD5BC907D4F082F57FB1F28CDFA9F50
310
B22ED6D5F6EE030B20687EE43E10BC5CB3C8E51E54AE6B6EE207504B0304140006080800CC70623B55019EA25F0000007C00000007000000636E782E786D6C4DCB3B0E80201045D1AD90E915ED2CF8AC45050C11660C8261F98AB1B07AC9C97D42D718D865D3E909258CFD00CCE24AC6E326A164D74DC0B4128928FF326038
310
472BA13128B1252AC747C6BAB984FC68F0B87FE8960A5C09FE86CFB69FBA01504B0304140006080800CC70623BA24EB22D72010000D40300000C0000006662782F636F72652E786D6CC5535B6E833010BC8AE5DF0A6C5E49888CA3A6694ED00B38E05014B091B1518EDFE511A5A9D228FD2A1F60CDEC7A67C6986DCE4D8D7A
310
69BA4AAB0C073EC548AA5C17952A33ECECD15B61B4E1CC686DBF9561A44423333CC098B3D268D7CE50AE9595CA02AA74216750749DB418E5352C32DCE59FB211BE70162ABA93DF8AFC244AE9073ED050C759670D0840D390E18DF9F1706664C23973AE2A66B62A605A75ACA4C13C4976E1364A12EF355A2EBD384AF65EFA96
310
BC7B8BED2EA6719AAE16FB8491A199335B351775B991C2CA02F390D2D40B028F861F41BCA68B7518BFD0D59A524686F29B26D7164F36B94AD9289CE54E6D1DE6010819891F6E21228B3AD1831EC219194284CF98F06DD01008846CC5A1BEF83801D4CBDC6A1303536877A57A513B0953A94FC707FDBE6064EA84A9E3E6E0FA
310
EE8CF0E9198F7784A316AA0413C2C2F2E0ECA0934D1AE6D05A69BCDE9E91D2A611F573361E38FC1375157F5752AE6B6DFE4B11990F88CCBF0719EE23FF02504B0304140006080800CC70623B408A7D3B7C0000009D0000000B0000006662782F636E782E786D6C4DCCD10A83201886E15B91FFDC552A92A0064DBC8F581632
310
D3703A76F9ABD1C18E3E78F878E5F0D9027ABBFCF2292AE86E2D20171F69F6715550CB827B40839639A5F2770314A7CD293819B45C73AAFB45B35BA61ACAA1C1C7E7855C58C15BC331339661262CC762340413D68D77DA5B42298546CBE6573AF60CEB2F504B0304140006080800CC70623B449FB9BD290100001202000031
310
0000006662782F36394639363044362D344446342D343946362D394244322D3234314243333846323333332F636F72652E786D6C8D515B6EC32010BC0AE22B55850D98B871848994463E412FE002495162B07854397EA176A4F62F3F2C9A9D991D587EB84F37F0AD7D30CEF6905418026DA553C65E7A98E219ED203808EE9D
310
8B7F6810D871D23D2C3014FCE25D9A57483A1BB58D19B54EE9151C43D0110279CB971E06F9A5A7B11A53CC8C70ADE6515EC78BAE4895DB992778883E0700CB907242D17643D7E2538BD869608875438BBAE38922CAC8F1BDD90DB4691A5E2F42C153326A951B95E398B3D1FE599322163C9AE9115F7A3D46ADA0A018778810
310
84E907617BDCEE297BC5BB3DC6BC2EF47FA234AB2745C9D8D8D035EE220B50105E2F0DC1954B9FB747187D9F9D8FA0CCDB042D5FA0C015C65B42DF78BD10F3F3B363CB56C7109DCFDFBBB97E662ED92EB62D13BC2E1BCAE5777DB9966D8A1F504B0304140006080800CC70623BAD7543B64E01000033030000300000006662
310
782F36394639363044362D344446342D343946362D394244322D3234314243333846323333332F636E782E786D6CD593CD6EC32010845F0571AD6CE3D48AD20813A9873E410FBD12D82434182C7EAAE6EDBB2424CD25871E7B41D6EC30B3FA84F9E67BB2E40B4234DE8DB46F1925E094D7C6ED479AD3AE5951B2113C789FEE
310
6C943839C1488B4C05DF079FE72A69D8C96C13AAD6B8631503449F83828872B949AC57D26200B826A308D316B4064D6E46FCDA41C05550DC9E483A00797BFD207EFB092A45DE9514C1BBD22178396BD39D891265658C238DEA00936C654E5E433CB65A26D9F6EDB5EBC14EBF49A45CB856E66048291F6939A9A81BB5C89177
310
38143CA680F4AA299D66A042CEB3354A2684DC9D8D178FE0D9B8B41CAAD720F880EE7EF93C0C18769E099ECC04D5A102C8049A8A05632F4DDF376CF1DE0F6BB65C2F8627B65A33C6BB62177CEBBDAD973006829F89F22E814B54F4BC2BE347F8AA8F681390B50FA73F804400B5F542E796F19FF974E7F78DB802FE05E20750
310
4B0304140006080800CC70623B8D05915C650500003B100000340000006662782F36394639363044362D344446342D343946362D394244322D3234314243333846323333332F6F626A656374732E786D6CAD575B6FA33814FE2B887D06429276DA1565D4266D158D3A339A6846FB502932E050B66023DB74D2FDF5FB190C01
310
9276B2973C046C8ECFF53B17071F77456EBD502133CEAE6CDF9DD81665314F32965ED995DA3A17B6F5310C04E7AA47665B8C14F4CAD6DB7618A48257A5D94AE89654B91AEDDEDDFC61C998326A5B714EA4BCB265FC440BE2924AF184CA6737218AB8E976E7FA6E4338649B0A523E8D98964450A6A029F619B8588D52FE7039
310
B1BD30F0F4F730D0FF866AF6369557DB33949F31A9088B0F848DD8CCFCF9F2767A76E99CCDE733677E3EF59D9BBB9BA5E37F984D16E78BC5E5F5ED25044B25C0C96822E8D60EEFE11B91C581D77CEA34368A1F5329E68CD1B8B61F16D63A1B8E092D294B10C78C4A48EB593D192E7DED9BDEE7995E1B91FDEDD3ACEA9FE831
310
6A756F9F7D4D79F4274C90A7A04248AA51D5F8C718DAE06FB2F75AC4796EBE65D22A88A22223B995679120E2D50E41AA49C260C046A35368846B0BECD0DFF3EBEB8AD4F835768F69B9ADF25C43D30E6B646F807FAA64AD59F61715C7A54127C4AACA98BA3006A9D792DAE165E0D59B61A01FB3A9F9D838D2DAE62445C86166
310
F37564E842E7DE6A69879FEEA2DD5AE7E371E1A5E025154AC307D06A03D73EB5978C58FFA4C8E9033066E0F3BD53BEC1F39F91BE7B55103791EDE6BBB991A2046172CB4581D8B893FA674DDA17A77B3B7C413D1B511FD2743BFF8A38F03A658705E3ADF8015C3A3417FF3D7E439FF591DA0B5F18BC20C1B8981957AE6392A3
310
F43C640C01D1A0B4728E2DD4F26DB4B3C3152A252A3B4E913CEC1C72F012782FF88EFF8637AA552DBEF76408E8A8DE9E50F9E1CB3A2DA0DB1B6039A893B56063DC5B3E3FFB5F72E67AB9FEB4AEC496C4F4C1149625DD662C53E89D7BF0F6151A046260D1337DFDC94502430F83B0EE07A130A224BCAD7DAE1D9FB6CD422FF6
310
920702629C4BB9AE79C12F243C6432A6794E18E5552BA56B431AAB5D91317302B2B071E86C3A42B1A02F999E24061403B5D0EB639195DA655DD3EBEAB4FB862DDF579F014AD0E73C22F99E28DA57FB98E75C6CA2D74D53086D600F4786E0FE3144B771A8A7B900F03594DB8A633CBC49B2EDB69228BB479CF863B5E807AAAB
310
23872F6DFEB4129B949CA33823F58830E86D65621E10047D9DB34D862E8EAC3C2ABC2F7B2C40D67CDFE01F5545B92105AF983AC54D93D69E56FB8E797F88913F898A9FEC705D3F9D1B54EC8426FB500D40A03BD0119B06E1B95DDC7EB8F6975367793EBD70E66733DFB9BC982F9CE564727731999F5D4ECFCE3B8D6A4DC2A0
310
6D50FD148437D110834A64C6CDDF57FBACB5C307A2A477DFE4939736CFEF2B175371E0E10CF0DD1D5C15654E0BCA14D1E87DD02FF93782A162C0A3D95F1524A52770F972BF1EE9809D13CE7DD599467F8ECE9ADD85CE85A34CD45355448C64F9E8A031DC2D596ACC6E5DD93D9B82DE2EF5CAF81363A8E47996A0DE24564A79
310
4115AACE09C55E14540231FDA13C319787134EBF34E3A022514E5B4D9E0826E25C02D5805B15ABE1BEF51B26383D445DD9E875EE33FE4C22DA16427D65A3BCA92CA6D28DD01DF5DC53330704308475351050232CCD31583787BA75774AFB06E5070DD0C8EF484E19968C5D83BA5B90B244D31E54D55A372320FE4786B7EA58
310
44E135AA5467CB7EA333A61683CC6A8C3257034C10CF46F40EF9F5BE59BE5BD30C3C72D235E95D10345C1D45445A5F0BB47E46A5EBE5570F9380B5FA629579952296A773720405982B9DE04011506178964401AA8BDF1FBF0A8EAB6861DD6580C0E38217056766716DAEB2D6FA0917D3E4116581EADB879C4E7CFFB11EFACD
310
3D641311495D92C8676CB409A72D18610D803CE8A626049E8EC1887CB5B44CC39883690DDA8399B4B9855B481E7D71D4A9D22F96E5BB73BF5793020C02137BF837504B0304140006080000CC70623B000000000000000000000000350000006662782F36394639363044362D344446342D343946362D394244322D32343142
310
43333846323333332F76657274696365732E62696E504B0304140006080800CC70623BF270F1330600000004000000360000006662782F36394639363044362D344446342D343946362D394244322D3234314243333846323333332F747269616E676C65732E62696E636660600000504B0304140006080000CC70623B0000
310
00000000000000000000370000006662782F36394639363044362D344446342D343946362D394244322D3234314243333846323333332F617474726962757465732E62696E504B0304140006080800CC70623B08DA0BD19000000041010000360000006662782F36394639363044362D344446342D343946362D394244322D
310
3234314243333846323333332F6469726563746F72792E786D6C858F410AC3201045AF22B36F53E9A60B35CBEEBAE80D244E44489C6234F4F835464A48035D0DF398FF9F8AF63D0E6CC63039F212F8F9020C7D47C6792B21C5FE7403D62A1188E2E60C98D7234A5830286103A55745067B9D86B8A3CF9C7F90C11DE607FB14
310
4396D7B6A82D282E9A152AD114D5EF2CB866EEE831B8EEA07A7BB5A8D7D61A2BAAEB7FD5F70921FF497D00504B0304140006080800CC70623BCA768048FE000000A00100003B0000006662782F36394639363044362D344446342D343946362D394244322D3234314243333846323333332F7265736F75726365732F636F72
310
652E786D6C8D50596E833010BD0A9ADFCA60D600328E9AA639412F609909B1126CE4A5EAF16B0295DABFFECC8CDEA2797AECF8353F924FB44E193D409E5248504B332A3D0D10FC95B4901C39B3C6F85F3248B49871801506CE266BC2B243D2688FDA47549B11775038871E12F988C7004EDE7016A9083E2ADC3D5D84BC8B09
310
D33C8D74D471E6BC8D0192EDC93A815B742658898E651BCB59086ADC356A8C3FD555A1055ED7E7E254D615792D0F075295F585746FF53B694EE78A565DD736979A65AB9933AFE69F8CD2A2F038022F28ED489E135A7CE4554F9BBEA85E68DB53CAB255FEC71496F19FA6A0B42F8B3DEE6673C0F318E4497096AD7DC5F52C33
310
EEB55BFE0D504B010214000A0000080000CC70623B3DEE336E79000000790000001B00000000000000000000000000000000006175746F6465736B2D64657369676E2D7061636B6167652E786D6C504B01021400140006080800CC70623BD486FD9CA0000000F40000001300000000000000000000000000B20000005B436F
310
6E74656E745F54797065735D2E786D6C504B01021400140006080800CC70623BD9DDAED0EC0000007C010000080000000000000000000000000083010000636F72652E786D6C504B01021400140006080800CC70623B55019EA25F0000007C000000070000000000000000000000000095020000636E782E786D6C504B0102
310
1400140006080800CC70623BA24EB22D72010000D40300000C00000000000000000000000000190300006662782F636F72652E786D6C504B01021400140006080800CC70623B408A7D3B7C0000009D0000000B00000000000000000000000000B50400006662782F636E782E786D6C504B01021400140006080800CC70623B
310
449FB9BD290100001202000031000000000000000000000000005A0500006662782F36394639363044362D344446342D343946362D394244322D3234314243333846323333332F636F72652E786D6C504B01021400140006080800CC70623BAD7543B64E010000330300003000000000000000000000000000D20600006662
310
782F36394639363044362D344446342D343946362D394244322D3234314243333846323333332F636E782E786D6C504B01021400140006080800CC70623B8D05915C650500003B10000034000000000000000000000000006E0800006662782F36394639363044362D344446342D343946362D394244322D32343142433338
310
46323333332F6F626A656374732E786D6C504B01021400140006080000CC70623B0000000000000000000000003500000000000000000000000000250E00006662782F36394639363044362D344446342D343946362D394244322D3234314243333846323333332F76657274696365732E62696E504B010214001400060808
310
00CC70623BF270F13306000000040000003600000000000000000000000000780E00006662782F36394639363044362D344446342D343946362D394244322D3234314243333846323333332F747269616E676C65732E62696E504B01021400140006080000CC70623B00000000000000000000000037000000000000000000
310
00000000D20E00006662782F36394639363044362D344446342D343946362D394244322D3234314243333846323333332F617474726962757465732E62696E504B01021400140006080800CC70623B08DA0BD190000000410100003600000000000000000000000000270F00006662782F36394639363044362D344446342D
310
343946362D394244322D3234314243333846323333332F6469726563746F72792E786D6C504B01021400140006080800CC70623BCA768048FE000000A00100003B000000000000000000000000000B1000006662782F36394639363044362D344446342D343946362D394244322D3234314243333846323333332F7265736F
310
75726365732F636F72652E786D6C504B0506000000000E000E0080040000621100000000
  0
XRECORD
  5
176
102
{ACAD_REACTORS
330
173
102
}
330
173
100
AcDbXrecord
280
     1
270
     1
271
     1
  0
XRECORD
  5
177
102
{ACAD_REACTORS
330
173
102
}
330
173
100
AcDbXrecord
280
     1
270
     1
271
     1
  0
CELLSTYLEMAP
  5
2DD3
102
{ACAD_REACTORS
330
162
102
}
330
162
100
AcDbCellStyleMap
 90
        3
300
CELLSTYLE
  1
TABLEFORMAT_BEGIN
 90
        5
170
     1
 91
        0
 92
    32768
 62
   257
 93
        1
300
CONTENTFORMAT
  1
CONTENTFORMAT_BEGIN
 90
        0
 91
        0
 92
      512
 93
        0
300

 40
0.0
140
1.0
 94
        5
 62
     0
340
11
144
6.0
309
CONTENTFORMAT_END
171
     1
301
MARGIN
  1
CELLMARGIN_BEGIN
 40
1.5
 40
1.5
 40
1.5
 40
1.5
 40
4.5
 40
4.5
309
CELLMARGIN_END
 94
        6
 95
        1
302
GRIDFORMAT
  1
GRIDFORMAT_BEGIN
 90
        0
 91
        1
 62
     0
 92
       -2
340
14
 93
        0
 40
1.125
309
GRIDFORMAT_END
 95
        2
302
GRIDFORMAT
  1
GRIDFORMAT_BEGIN
 90
        0
 91
        1
 62
     0
 92
       -2
340
14
 93
        0
 40
1.125
309
GRIDFORMAT_END
 95
        4
302
GRIDFORMAT
  1
GRIDFORMAT_BEGIN
 90
        0
 91
        1
 62
     0
 92
       -2
340
14
 93
        0
 40
1.125
309
GRIDFORMAT_END
 95
        8
302
GRIDFORMAT
  1
GRIDFORMAT_BEGIN
 90
        0
 91
        1
 62
     0
 92
       -2
340
14
 93
        0
 40
1.125
309
GRIDFORMAT_END
 95
       16
302
GRIDFORMAT
  1
GRIDFORMAT_BEGIN
 90
        0
 91
        1
 62
     0
 92
       -2
340
14
 93
        0
 40
1.125
309
GRIDFORMAT_END
 95
       32
302
GRIDFORMAT
  1
GRIDFORMAT_BEGIN
 90
        0
 91
        1
 62
     0
 92
       -2
340
14
 93
        0
 40
1.125
309
GRIDFORMAT_END
309
TABLEFORMAT_END
  1
CELLSTYLE_BEGIN
 90
        1
 91
        1
300
_TITLE
309
CELLSTYLE_END
300
CELLSTYLE
  1
TABLEFORMAT_BEGIN
 90
        5
170
     1
 91
        0
 92
        0
 62
   257
 93
        1
300
CONTENTFORMAT
  1
CONTENTFORMAT_BEGIN
 90
        0
 91
        0
 92
      512
 93
        0
300

 40
0.0
140
1.0
 94
        5
 62
     0
340
11
144
4.5
309
CONTENTFORMAT_END
171
     1
301
MARGIN
  1
CELLMARGIN_BEGIN
 40
1.5
 40
1.5
 40
1.5
 40
1.5
 40
4.5
 40
4.5
309
CELLMARGIN_END
 94
        6
 95
        1
302
GRIDFORMAT
  1
GRIDFORMAT_BEGIN
 90
        0
 91
        1
 62
     0
 92
       -2
340
14
 93
        0
 40
1.125
309
GRIDFORMAT_END
 95
        2
302
GRIDFORMAT
  1
GRIDFORMAT_BEGIN
 90
        0
 91
        1
 62
     0
 92
       -2
340
14
 93
        0
 40
1.125
309
GRIDFORMAT_END
 95
        4
302
GRIDFORMAT
  1
GRIDFORMAT_BEGIN
 90
        0
 91
        1
 62
     0
 92
       -2
340
14
 93
        0
 40
1.125
309
GRIDFORMAT_END
 95
        8
302
GRIDFORMAT
  1
GRIDFORMAT_BEGIN
 90
        0
 91
        1
 62
     0
 92
       -2
340
14
 93
        0
 40
1.125
309
GRIDFORMAT_END
 95
       16
302
GRIDFORMAT
  1
GRIDFORMAT_BEGIN
 90
        0
 91
        1
 62
     0
 92
       -2
340
14
 93
        0
 40
1.125
309
GRIDFORMAT_END
 95
       32
302
GRIDFORMAT
  1
GRIDFORMAT_BEGIN
 90
        0
 91
        1
 62
     0
 92
       -2
340
14
 93
        0
 40
1.125
309
GRIDFORMAT_END
309
TABLEFORMAT_END
  1
CELLSTYLE_BEGIN
 90
        2
 91
        1
300
_HEADER
309
CELLSTYLE_END
300
CELLSTYLE
  1
TABLEFORMAT_BEGIN
 90
        5
170
     1
 91
        0
 92
        0
 62
   257
 93
        1
300
CONTENTFORMAT
  1
CONTENTFORMAT_BEGIN
 90
        0
 91
        0
 92
      512
 93
        0
300

 40
0.0
140
1.0
 94
        2
 62
     0
340
11
144
4.5
309
CONTENTFORMAT_END
171
     1
301
MARGIN
  1
CELLMARGIN_BEGIN
 40
1.5
 40
1.5
 40
1.5
 40
1.5
 40
4.5
 40
4.5
309
CELLMARGIN_END
 94
        6
 95
        1
302
GRIDFORMAT
  1
GRIDFORMAT_BEGIN
 90
        0
 91
        1
 62
     0
 92
       -2
340
14
 93
        0
 40
1.125
309
GRIDFORMAT_END
 95
        2
302
GRIDFORMAT
  1
GRIDFORMAT_BEGIN
 90
        0
 91
        1
 62
     0
 92
       -2
340
14
 93
        0
 40
1.125
309
GRIDFORMAT_END
 95
        4
302
GRIDFORMAT
  1
GRIDFORMAT_BEGIN
 90
        0
 91
        1
 62
     0
 92
       -2
340
14
 93
        0
 40
1.125
309
GRIDFORMAT_END
 95
        8
302
GRIDFORMAT
  1
GRIDFORMAT_BEGIN
 90
        0
 91
        1
 62
     0
 92
       -2
340
14
 93
        0
 40
1.125
309
GRIDFORMAT_END
 95
       16
302
GRIDFORMAT
  1
GRIDFORMAT_BEGIN
 90
        0
 91
        1
 62
     0
 92
       -2
340
14
 93
        0
 40
1.125
309
GRIDFORMAT_END
 95
       32
302
GRIDFORMAT
  1
GRIDFORMAT_BEGIN
 90
        0
 91
        1
 62
     0
 92
       -2
340
14
 93
        0
 40
1.125
309
GRIDFORMAT_END
309
TABLEFORMAT_END
  1
CELLSTYLE_BEGIN
 90
        3
 91
        2
300
_DATA
309
CELLSTYLE_END
  0
ENDSEC
  0
SECTION
  2
ACDSDATA
 70
     2
 71
     8
  0
ACDSSCHEMA
 90
        0
  1
AcDb_Thumbnail_Schema
  2
AcDbDs::ID
280
    10
 91
        8
  2
Thumbnail_Data
280
    15
 91
        0
101
ACDSRECORD
 95
        0
 90
        1
  2
AcDbDs::TreatedAsObjectData
280
     1
291
     1
101
ACDSRECORD
 95
        0
 90
        2
  2
AcDbDs::Legacy
280
     1
291
     1
101
ACDSRECORD
  1
AcDbDs::ID
 90
        3
  2
AcDs:Indexable
280
     1
291
     1
101
ACDSRECORD
  1
AcDbDs::ID
 90
        4
  2
AcDbDs::HandleAttribute
280
     7
282
     1
  0
ACDSSCHEMA
 90
        1
  1
AcDbDs::TreatedAsObjectDataSchema
  2
AcDbDs::TreatedAsObjectData
280
     1
 91
        0
  0
ACDSSCHEMA
 90
        2
  1
AcDbDs::LegacySchema
  2
AcDbDs::Legacy
280
     1
 91
        0
  0
ACDSSCHEMA
 90
        3
  1
AcDbDs::IndexedPropertySchema
  2
AcDs:Indexable
280
     1
 91
        0
  0
ACDSSCHEMA
 90
        4
  1
AcDbDs::HandleAttributeSchema
  2
AcDbDs::HandleAttribute
280
     7
 91
        1
284
     1
  0
ACDSRECORD
 90
        0
  2
AcDbDs::ID
280
    10
320
22
  2
Thumbnail_Data
280
    15
 94
     1587
310
89504E470D0A1A0A0000000D494844520000010000000062080300000088E7FDB100000300504C5445000000FFFFFF0000000000000000000000000000000000000000000000000000000000330000660000990000CC0000FF0033000033330033660033990033CC0033FF0066000066330066660066990066CC0066FF0099
310
000099330099660099990099CC0099FF00CC0000CC3300CC6600CC9900CCCC00CCFF00FF0000FF3300FF6600FF9900FFCC00FFFF3300003300333300663300993300CC3300FF3333003333333333663333993333CC3333FF3366003366333366663366993366CC3366FF3399003399333399663399993399CC3399FF33CC00
310
33CC3333CC6633CC9933CCCC33CCFF33FF0033FF3333FF6633FF9933FFCC33FFFF6600006600336600666600996600CC6600FF6633006633336633666633996633CC6633FF6666006666336666666666996666CC6666FF6699006699336699666699996699CC6699FF66CC0066CC3366CC6666CC9966CCCC66CCFF66FF0066
310
FF3366FF6666FF9966FFCC66FFFF9900009900339900669900999900CC9900FF9933009933339933669933999933CC9933FF9966009966339966669966999966CC9966FF9999009999339999669999999999CC9999FF99CC0099CC3399CC6699CC9999CCCC99CCFF99FF0099FF3399FF6699FF9999FFCC99FFFFCC0000CC00
310
33CC0066CC0099CC00CCCC00FFCC3300CC3333CC3366CC3399CC33CCCC33FFCC6600CC6633CC6666CC6699CC66CCCC66FFCC9900CC9933CC9966CC9999CC99CCCC99FFCCCC00CCCC33CCCC66CCCC99CCCCCCCCCCFFCCFF00CCFF33CCFF66CCFF99CCFFCCCCFFFFFF0000FF0033FF0066FF0099FF00CCFF00FFFF3300FF3333
310
FF3366FF3399FF33CCFF33FFFF6600FF6633FF6666FF6699FF66CCFF66FFFF9900FF9933FF9966FF9999FF99CCFF99FFFFCC00FFCC33FFCC66FFCC99FFCCCCFFCCFFFFFF00FFFF33FFFF66FFFF99FFFFCCFFFFFF0000000D0D0D1A1A1A2828283535354343435050505D5D5D6B6B6B787878868686939393A1A1A1AEAEAEBB
310
BBBBC9C9C9D6D6D6E4E4E4F1F1F1FFFFFF0000000000000000000000000000000000000000000000000000000000003AE5ACE9000002EE4944415478DAED9C5B6E84300C45BD83D906FB5F00CBA9C457BFFC5F1E81388993C008A45EE3AB0686472B71E257423A442E97CBE572B95CAEAFC49A1CC08B343EADFF0F20EBFDB1
310
B2D70FFBC700001EF530078003E091500867017727023400B76740440B783D805B11C000D83DFFDD31E0812A18CC054E2741BDC2FDA4C28C01277F8B8D0238EB037ACD840FA0550A725D762CA0E5FDDC3F301103AA081C80EE051280760D06403703660028544D660074D3206B064016008C9558AF5800C5AEA7F0D3013062
310
5880E8B1A60B5C07001804EB2EB05E14BBFD6E633180AF038833E026C6029532AF0520FC292300BEB0004B005A59203C764AC49E0B544CA100403108B2EA3E30003EA59464C0DA28C008002A06F6C4EDC15072D20680746A47991CE5FA8C402CA45001E4DDAB5B406DA2C08405C8005E05A04F054900877E66810138610166
310
011489FFA3CD09D65E1FCB1870E877161A0051BE6C67D29132576BE4B26410E1110E80B0004A16FAB4B2402D63327216C817F8E83342D49C2F676369F0BA7000A486FC51DE937EF5F83069708964490CA02208527D860FDF026416D830842C90AD78BC3EC5893A1ADC6CA2BCF9F21232A8F900BE49279CE69F02388CFDBB87
310
D5C6CD001620CA96636EEFAC855B03B0AD751616D007A00E1A6001CC6D18AA3D7BD200C0016C04DE0C80C801D0D9FF75D06F330060E05808760114F7C003601E2896C2D74AA4F2664400654F768B45791F3880A41BC5538B73F9628A6C0FED029314F3BCA1F8B9D2B2436C0B9868EFE3B09901F0B126466DD9E1046E012580
310
FDE11A0F9D01C0B680759D43DC4C2B8250F3EC6FC8E32289BC050B88B1113A064C3206EC9BD096DD181A270D3F0DAEA381B899CF0F5B5B8EF968DB6571EAF86CA20E90EBDF0E003CAC55D20E20340E2D7E969501E660A81CF370EEFF5C8484F819DB02E276EFC6316BE1619732796DF9E56459052800B90A7C1910284D4E98
310
270322B4F7027D1790D7A5A953A5C1B9C0DBBF40E1E55FA1E172B95C2E97CBE572B95C2E97CBE57281E90FF35193CFEF04B75D0000000049454E44AE426082
  0
ENDSEC
  0
EOF
