  0
SECTION
  2
HEADER
  9
$ACADVER
  1
AC1032
  9
$ACADMAINTVER
 90
      329
  9
$DWGCODEPAGE
  3
ANSI_1252
  9
$LASTSAVEDBY
  1
lilip
  9
$REQUIREDVERSIONS
160
                 0
  9
$INSBASE
 10
0.0
 20
0.0
 30
0.0
  9
$EXTMIN
 10
2931.696618223322
 20
1740.868362151957
 30
0.0
  9
$EXTMAX
 10
3050.596618552723
 20
1824.968363786689
 30
0.0
  9
$LIMMIN
 10
0.0
 20
0.0
  9
$LIMMAX
 10
420.0
 20
297.0
  9
$ORTHOMODE
 70
     1
  9
$REGENMODE
 70
     1
  9
$FILLMODE
 70
     1
  9
$QTEXTMODE
 70
     0
  9
$MIRRTEXT
 70
     0
  9
$LTSCALE
 40
1.0
  9
$ATTMODE
 70
     1
  9
$TEXTSIZE
 40
2.5
  9
$TRACEWID
 40
1.0
  9
$TEXTSTYLE
  7
Standard
  9
$CLAYER
  8
0
  9
$CELTYPE
  6
ByLayer
  9
$CECOLOR
 62
   256
  9
$CELTSCALE
 40
1.0
  9
$DISPSILH
 70
     0
  9
$DIMSCALE
 40
1.0
  9
$DIMASZ
 40
2.5
  9
$DIMEXO
 40
0.625
  9
$DIMDLI
 40
3.75
  9
$DIMRND
 40
0.0
  9
$DIMDLE
 40
0.0
  9
$DIMEXE
 40
1.25
  9
$DIMTP
 40
0.0
  9
$DIMTM
 40
0.0
  9
$DIMTXT
 40
2.5
  9
$DIMCEN
 40
2.5
  9
$DIMTSZ
 40
0.0
  9
$DIMTOL
 70
     0
  9
$DIMLIM
 70
     0
  9
$DIMTIH
 70
     0
  9
$DIMTOH
 70
     0
  9
$DIMSE1
 70
     0
  9
$DIMSE2
 70
     0
  9
$DIMTAD
 70
     1
  9
$DIMZIN
 70
     8
  9
$DIMBLK
  1

  9
$DIMASO
 70
     1
  9
$DIMSHO
 70
     1
  9
$DIMPOST
  1

  9
$DIMAPOST
  1

  9
$DIMALT
 70
     0
  9
$DIMALTD
 70
     3
  9
$DIMALTF
 40
0.03937007874016
  9
$DIMLFAC
 40
1.0
  9
$DIMTOFL
 70
     1
  9
$DIMTVP
 40
0.0
  9
$DIMTIX
 70
     0
  9
$DIMSOXD
 70
     0
  9
$DIMSAH
 70
     0
  9
$DIMBLK1
  1

  9
$DIMBLK2
  1

  9
$DIMSTYLE
  2
ISO-25
  9
$DIMCLRD
 70
     0
  9
$DIMCLRE
 70
     0
  9
$DIMCLRT
 70
     0
  9
$DIMTFAC
 40
1.0
  9
$DIMGAP
 40
0.625
  9
$DIMJUST
 70
     0
  9
$DIMSD1
 70
     0
  9
$DIMSD2
 70
     0
  9
$DIMTOLJ
 70
     0
  9
$DIMTZIN
 70
     8
  9
$DIMALTZ
 70
     0
  9
$DIMALTTZ
 70
     0
  9
$DIMUPT
 70
     0
  9
$DIMDEC
 70
     2
  9
$DIMTDEC
 70
     2
  9
$DIMALTU
 70
     2
  9
$DIMALTTD
 70
     3
  9
$DIMTXSTY
  7
Standard
  9
$DIMAUNIT
 70
     0
  9
$DIMADEC
 70
     0
  9
$DIMALTRND
 40
0.0
  9
$DIMAZIN
 70
     0
  9
$DIMDSEP
 70
    44
  9
$DIMATFIT
 70
     3
  9
$DIMFRAC
 70
     0
  9
$DIMLDRBLK
  1

  9
$DIMLUNIT
 70
     2
  9
$DIMLWD
 70
    -2
  9
$DIMLWE
 70
    -2
  9
$DIMTMOVE
 70
     0
  9
$DIMFXL
 40
1.25
  9
$DIMFXLON
 70
     0
  9
$DIMJOGANG
 40
1.570796326794896
  9
$DIMTFILL
 70
     0
  9
$DIMTFILLCLR
 70
     0
  9
$DIMARCSYM
 70
     0
  9
$DIMLTYPE
  6
ByLayer
  9
$DIMLTEX1
  6
ByLayer
  9
$DIMLTEX2
  6
ByLayer
  9
$DIMTXTDIRECTION
 70
     0
  9
$LUNITS
 70
     2
  9
$LUPREC
 70
     4
  9
$SKETCHINC
 40
1.0
  9
$FILLETRAD
 40
0.0
  9
$AUNITS
 70
     0
  9
$AUPREC
 70
     0
  9
$MENU
  1
.
  9
$ELEVATION
 40
0.0
  9
$PELEVATION
 40
0.0
  9
$THICKNESS
 40
0.0
  9
$LIMCHECK
 70
     0
  9
$CHAMFERA
 40
0.0
  9
$CHAMFERB
 40
0.0
  9
$CHAMFERC
 40
0.0
  9
$CHAMFERD
 40
0.0
  9
$SKPOLY
 70
     0
  9
$TDCREATE
 40
2458782.640347223
  9
$TDUCREATE
 40
2458782.765354548
  9
$TDUPDATE
 40
2461242.681261574
  9
$TDUUPDATE
 40
2461242.806261574
  9
$TDINDWG
 40
4.2300713542
  9
$TDUSRTIMER
 40
4.2300713194
  9
$USRTIMER
 70
     1
  9
$ANGBASE
 50
0.0
  9
$ANGDIR
 70
     0
  9
$PDMODE
 70
     0
  9
$PDSIZE
 40
0.0
  9
$PLINEWID
 40
0.0
  9
$SPLFRAME
 70
     0
  9
$SPLINETYPE
 70
     6
  9
$SPLINESEGS
 70
     8
  9
$HANDSEED
  5
17F8
  9
$SURFTAB1
 70
     6
  9
$SURFTAB2
 70
     6
  9
$SURFTYPE
 70
     6
  9
$SURFU
 70
     6
  9
$SURFV
 70
     6
  9
$UCSBASE
  2

  9
$UCSNAME
  2

  9
$UCSORG
 10
0.0
 20
0.0
 30
0.0
  9
$UCSXDIR
 10
1.0
 20
0.0
 30
0.0
  9
$UCSYDIR
 10
0.0
 20
1.0
 30
0.0
  9
$UCSORTHOREF
  2

  9
$UCSORTHOVIEW
 70
     0
  9
$UCSORGTOP
 10
0.0
 20
0.0
 30
0.0
  9
$UCSORGBOTTOM
 10
0.0
 20
0.0
 30
0.0
  9
$UCSORGLEFT
 10
0.0
 20
0.0
 30
0.0
  9
$UCSORGRIGHT
 10
0.0
 20
0.0
 30
0.0
  9
$UCSORGFRONT
 10
0.0
 20
0.0
 30
0.0
  9
$UCSORGBACK
 10
0.0
 20
0.0
 30
0.0
  9
$PUCSBASE
  2

  9
$PUCSNAME
  2

  9
$PUCSORG
 10
0.0
 20
0.0
 30
0.0
  9
$PUCSXDIR
 10
1.0
 20
0.0
 30
0.0
  9
$PUCSYDIR
 10
0.0
 20
1.0
 30
0.0
  9
$PUCSORTHOREF
  2

  9
$PUCSORTHOVIEW
 70
     0
  9
$PUCSORGTOP
 10
0.0
 20
0.0
 30
0.0
  9
$PUCSORGBOTTOM
 10
0.0
 20
0.0
 30
0.0
  9
$PUCSORGLEFT
 10
0.0
 20
0.0
 30
0.0
  9
$PUCSORGRIGHT
 10
0.0
 20
0.0
 30
0.0
  9
$PUCSORGFRONT
 10
0.0
 20
0.0
 30
0.0
  9
$PUCSORGBACK
 10
0.0
 20
0.0
 30
0.0
  9
$USERI1
 70
     0
  9
$USERI2
 70
     0
  9
$USERI3
 70
     0
  9
$USERI4
 70
     0
  9
$USERI5
 70
     0
  9
$USERR1
 40
0.0
  9
$USERR2
 40
0.0
  9
$USERR3
 40
0.0
  9
$USERR4
 40
0.0
  9
$USERR5
 40
0.0
  9
$WORLDVIEW
 70
     1
  9
$SHADEDGE
 70
     3
  9
$SHADEDIF
 70
    70
  9
$TILEMODE
 70
     1
  9
$MAXACTVP
 70
    64
  9
$PINSBASE
 10
0.0
 20
0.0
 30
0.0
  9
$PLIMCHECK
 70
     0
  9
$PEXTMIN
 10
25.69999999999999
 20
19.5
 30
0.0
  9
$PEXTMAX
 10
231.3
 20
175.5
 30
0.0
  9
$PLIMMIN
 10
-20.0
 20
-7.5
  9
$PLIMMAX
 10
277.0
 20
202.5
  9
$UNITMODE
 70
     0
  9
$VISRETAIN
 70
     1
  9
$PLINEGEN
 70
     0
  9
$PSLTSCALE
 70
     1
  9
$TREEDEPTH
 70
  3020
  9
$CMLSTYLE
  2
Standard
  9
$CMLJUST
 70
     0
  9
$CMLSCALE
 40
20.0
  9
$PROXYGRAPHICS
 70
     1
  9
$MEASUREMENT
 70
     1
  9
$CELWEIGHT
370
    -1
  9
$ENDCAPS
280
     0
  9
$JOINSTYLE
280
     0
  9
$LWDISPLAY
290
     0
  9
$INSUNITS
 70
     4
  9
$HYPERLINKBASE
  1

  9
$STYLESHEET
  1

  9
$XEDIT
290
     1
  9
$CEPSNTYPE
380
     0
  9
$PSTYLEMODE
290
     1
  9
$FINGERPRINTGUID
  2
{BB0A7C90-62DE-44DD-9393-E03A16B760D8}
  9
$VERSIONGUID
  2
{62E2EB26-2005-0745-9846-1768C1124FC7}
  9
$EXTNAMES
290
     1
  9
$PSVPSCALE
 40
0.0
  9
$OLESTARTUP
290
     0
  9
$SORTENTS
280
   127
  9
$INDEXCTL
280
     0
  9
$HIDETEXT
280
     1
  9
$XCLIPFRAME
280
     2
  9
$HALOGAP
280
     0
  9
$OBSCOLOR
 70
   257
  9
$OBSLTYPE
280
     0
  9
$INTERSECTIONDISPLAY
280
     0
  9
$INTERSECTIONCOLOR
 70
   257
  9
$DIMASSOC
280
     2
  9
$PROJECTNAME
  1

  9
$CAMERADISPLAY
290
     0
  9
$LENSLENGTH
 40
50.0
  9
$CAMERAHEIGHT
 40
0.0
  9
$STEPSPERSEC
 40
2.0
  9
$STEPSIZE
 40
6.0
  9
$3DDWFPREC
 40
2.0
  9
$PSOLWIDTH
 40
5.0
  9
$PSOLHEIGHT
 40
80.0
  9
$LOFTANG1
 40
1.570796326794896
  9
$LOFTANG2
 40
1.570796326794896
  9
$LOFTMAG1
 40
0.0
  9
$LOFTMAG2
 40
0.0
  9
$LOFTPARAM
 70
     7
  9
$LOFTNORMALS
280
     1
  9
$LATITUDE
 40
37.795
  9
$LONGITUDE
 40
-122.394
  9
$NORTHDIRECTION
 40
0.0
  9
$TIMEZONE
 70
 -8000
  9
$LIGHTGLYPHDISPLAY
280
     1
  9
$TILEMODELIGHTSYNCH
280
     1
  9
$CMATERIAL
347
EC
  9
$SOLIDHIST
280
     0
  9
$SHOWHIST
280
     1
  9
$DWFFRAME
280
     2
  9
$DGNFRAME
280
     0
  9
$REALWORLDSCALE
290
     1
  9
$INTERFERECOLOR
 62
     1
  9
$INTERFEREOBJVS
345
F9
  9
$INTERFEREVPVS
346
F6
  9
$CSHADOW
280
     0
  9
$SHADOWPLANELOCATION
 40
0.0
  0
ENDSEC
  0
SECTION
  2
CLASSES
  0
CLASS
  1
ACDBDICTIONARYWDFLT
  2
AcDbDictionaryWithDefault
  3
ObjectDBX Classes
 90
        0
 91
        1
280
     0
281
     0
  0
CLASS
  1
DICTIONARYVAR
  2
AcDbDictionaryVar
  3
ObjectDBX Classes
 90
        0
 91
       11
280
     0
281
     0
  0
CLASS
  1
TABLESTYLE
  2
AcDbTableStyle
  3
ObjectDBX Classes
 90
     4095
 91
        1
280
     0
281
     0
  0
CLASS
  1
MATERIAL
  2
AcDbMaterial
  3
ObjectDBX Classes
 90
     1153
 91
        3
280
     0
281
     0
  0
CLASS
  1
VISUALSTYLE
  2
AcDbVisualStyle
  3
ObjectDBX Classes
 90
     4095
 91
       25
280
     0
281
     0
  0
CLASS
  1
SCALE
  2
AcDbScale
  3
ObjectDBX Classes
 90
     1153
 91
       17
280
     0
281
     0
  0
CLASS
  1
MLEADERSTYLE
  2
AcDbMLeaderStyle
  3
ACDB_MLEADERSTYLE_CLASS
 90
     4095
 91
        2
280
     0
281
     0
  0
CLASS
  1
CELLSTYLEMAP
  2
AcDbCellStyleMap
  3
ObjectDBX Classes
 90
     1152
 91
        1
280
     0
281
     0
  0
CLASS
  1
EXACXREFPANELOBJECT
  2
ExAcXREFPanelObject
  3
EXAC_ESW
 90
     1025
 91
        0
280
     0
281
     0
  0
CLASS
  1
NPOCOLLECTION
  2
AcDbImpNonPersistentObjectsCollection
  3
ObjectDBX Classes
 90
     1153
 91
        0
280
     0
281
     0
  0
CLASS
  1
LAYER_INDEX
  2
AcDbLayerIndex
  3
ObjectDBX Classes
 90
        0
 91
        0
280
     0
281
     0
  0
CLASS
  1
SPATIAL_INDEX
  2
AcDbSpatialIndex
  3
ObjectDBX Classes
 90
        0
 91
        0
280
     0
281
     0
  0
CLASS
  1
IDBUFFER
  2
AcDbIdBuffer
  3
ObjectDBX Classes
 90
        0
 91
        0
280
     0
281
     0
  0
CLASS
  1
ACDBSECTIONVIEWSTYLE
  2
AcDbSectionViewStyle
  3
ObjectDBX Classes
 90
     1025
 91
        1
280
     0
281
     0
  0
CLASS
  1
ACDBDETAILVIEWSTYLE
  2
AcDbDetailViewStyle
  3
ObjectDBX Classes
 90
     1025
 91
        1
280
     0
281
     0
  0
CLASS
  1
SORTENTSTABLE
  2
AcDbSortentsTable
  3
ObjectDBX Classes
 90
        0
 91
        1
280
     0
281
     0
  0
ENDSEC
  0
SECTION
  2
TABLES
  0
TABLE
  2
VPORT
  5
8
102
{ACAD_XDICTIONARY
360
F96
102
}
330
0
100
AcDbSymbolTable
 70
     1
  0
VPORT
  5
EA
330
8
100
AcDbSymbolTableRecord
100
AcDbViewportTableRecord
  2
*Active
 70
     0
 10
0.0
 20
0.0
 11
1.0
 21
1.0
 12
2989.707502333438
 22
1757.977810065927
 13
0.0
 23
0.0
 14
10.0
 24
10.0
 15
10.0
 25
10.0
 16
0.0
 26
0.0
 36
1.0
 17
0.0
 27
0.0
 37
0.0
 40
63.82612382377938
 41
2.555259653794939
 42
50.0
 43
0.0
 44
0.0
 50
0.0
 51
0.0
 71
     0
 72
  1000
 73
     1
 74
     3
 75
     0
 76
     0
 77
     0
 78
     0
281
     0
 65
     1
110
0.0
120
0.0
130
0.0
111
1.0
121
0.0
131
0.0
112
0.0
122
1.0
132
0.0
 79
     0
146
0.0
348
F5
 60
     3
 61
     5
292
     1
282
     1
141
0.0
142
0.0
 63
   250
421
  3355443
1001
ACAD_NAV_VCDISPLAY
1070
     3
  0
ENDTAB
  0
TABLE
  2
LTYPE
  5
5
330
0
100
AcDbSymbolTable
 70
     3
  0
LTYPE
  5
14
330
5
100
AcDbSymbolTableRecord
100
AcDbLinetypeTableRecord
  2
ByBlock
 70
     0
  3

 72
    65
 73
     0
 40
0.0
  0
LTYPE
  5
15
330
5
100
AcDbSymbolTableRecord
100
AcDbLinetypeTableRecord
  2
ByLayer
 70
     0
  3

 72
    65
 73
     0
 40
0.0
  0
LTYPE
  5
16
330
5
100
AcDbSymbolTableRecord
100
AcDbLinetypeTableRecord
  2
Continuous
 70
     0
  3
Solid line
 72
    65
 73
     0
 40
0.0
  0
LTYPE
  5
278
330
5
100
AcDbSymbolTableRecord
100
AcDbLinetypeTableRecord
  2
ACAD_ISO02W100
 70
     0
  3
ISO dash __ __ __ __ __ __ __ __ __ __ __ __ __
 72
    65
 73
     2
 40
15.0
 49
12.0
 74
     0
 49
-3.0
 74
     0
  0
LTYPE
  5
52B
330
5
100
AcDbSymbolTableRecord
100
AcDbLinetypeTableRecord
  2
HIDDEN2
 70
     0
  3
Hidden (.5x) _ _ _ _ _ _ _ _ _ _ _ _ _ _ _ _ _
 72
    65
 73
     2
 40
4.762499999999999
 49
3.174999999999999
 74
     0
 49
-1.587499999999999
 74
     0
  0
ENDTAB
  0
TABLE
  2
LAYER
  5
2
102
{ACAD_XDICTIONARY
360
1FF
102
}
330
0
100
AcDbSymbolTable
 70
     4
  0
LAYER
  5
10
102
{ACAD_XDICTIONARY
360
13C
102
}
330
2
100
AcDbSymbolTableRecord
100
AcDbLayerTableRecord
  2
0
 70
     0
 62
     7
  6
Continuous
370
    -3
390
F
347
EE
348
0
  0
LAYER
  5
279
102
{ACAD_XDICTIONARY
360
27A
102
}
330
2
100
AcDbSymbolTableRecord
100
AcDbLayerTableRecord
  2
ARQ-FOLHA
 70
     0
 62
     7
  6
Continuous
370
    -3
390
F
347
EE
348
0
1001
AcAecLayerStandard
1000

1000

  0
LAYER
  5
27B
102
{ACAD_XDICTIONARY
360
27C
102
}
330
2
100
AcDbSymbolTableRecord
100
AcDbLayerTableRecord
  2
PLANTA_BAIXA
 70
     0
 62
     6
  6
Continuous
370
    -3
390
F
347
EE
348
0
  0
LAYER
  5
465
102
{ACAD_XDICTIONARY
360
466
102
}
330
2
100
AcDbSymbolTableRecord
100
AcDbLayerTableRecord
  2
ARQ-COTAS
 70
     0
 62
    30
  6
Continuous
370
    -3
390
F
347
EE
348
0
  0
ENDTAB
  0
TABLE
  2
STYLE
  5
3
330
0
100
AcDbSymbolTable
 70
     4
  0
STYLE
  5
11
330
3
100
AcDbSymbolTableRecord
100
AcDbTextStyleTableRecord
  2
Standard
 70
     0
 40
0.0
 41
1.0
 50
0.0
 71
     0
 42
2.5
  3
arial.ttf
  4

1001
ACAD
1000
Arial
1071
       34
  0
STYLE
  5
132
330
3
100
AcDbSymbolTableRecord
100
AcDbTextStyleTableRecord
  2
Annotative
 70
     0
 40
0.0
 41
1.0
 50
0.0
 71
     0
 42
2.5
  3
arial.ttf
  4

1001
AcadAnnotative
1000
AnnotativeData
1002
{
1070
     1
1070
     1
1002
}
1001
ACAD
1000
Arial
1071
       34
  0
STYLE
  5
27D
330
3
100
AcDbSymbolTableRecord
100
AcDbTextStyleTableRecord
  2
ROMANS
 70
     0
 40
0.0
 41
1.0
 50
0.0
 71
     0
 42
0.2
  3
romans.shx
  4

  0
STYLE
  5
27E
330
3
100
AcDbSymbolTableRecord
100
AcDbTextStyleTableRecord
  2
arial
 70
     0
 40
0.0
 41
1.0
 50
0.0
 71
     0
 42
0.001
  3
arial.ttf
  4

1001
ACAD
1000
Arial
1071
       34
  0
ENDTAB
  0
TABLE
  2
VIEW
  5
6
330
0
100
AcDbSymbolTable
 70
     0
  0
ENDTAB
  0
TABLE
  2
UCS
  5
7
330
0
100
AcDbSymbolTable
 70
     0
  0
ENDTAB
  0
TABLE
  2
APPID
  5
9
330
0
100
AcDbSymbolTable
 70
    20
  0
APPID
  5
12
330
9
100
AcDbSymbolTableRecord
100
AcDbRegAppTableRecord
  2
ACAD
 70
     0
  0
APPID
  5
9E
330
9
100
AcDbSymbolTableRecord
100
AcDbRegAppTableRecord
  2
ACAD_PSEXT
 70
     0
  0
APPID
  5
133
330
9
100
AcDbSymbolTableRecord
100
AcDbRegAppTableRecord
  2
AcadAnnoPO
 70
     0
  0
APPID
  5
134
330
9
100
AcDbSymbolTableRecord
100
AcDbRegAppTableRecord
  2
AcadAnnotative
 70
     0
  0
APPID
  5
135
330
9
100
AcDbSymbolTableRecord
100
AcDbRegAppTableRecord
  2
ACAD_DSTYLE_DIMJAG
 70
     0
  0
APPID
  5
136
330
9
100
AcDbSymbolTableRecord
100
AcDbRegAppTableRecord
  2
ACAD_DSTYLE_DIMTALN
 70
     0
  0
APPID
  5
165
330
9
100
AcDbSymbolTableRecord
100
AcDbRegAppTableRecord
  2
ACAD_MLEADERVER
 70
     0
  0
APPID
  5
217
330
9
100
AcDbSymbolTableRecord
100
AcDbRegAppTableRecord
  2
ACAD_NAV_VCDISPLAY
 70
     0
  0
APPID
  5
283
330
9
100
AcDbSymbolTableRecord
100
AcDbRegAppTableRecord
  2
ACAD_DSTYLE_DIMJOGGED_JOGANGLE_SYMBOL
 70
     0
  0
APPID
  5
284
330
9
100
AcDbSymbolTableRecord
100
AcDbRegAppTableRecord
  2
AcAecLayerStandard
 70
     0
  0
APPID
  5
285
330
9
100
AcDbSymbolTableRecord
100
AcDbRegAppTableRecord
  2
AcLayerTools
 70
     0
  0
APPID
  5
286
330
9
100
AcDbSymbolTableRecord
100
AcDbRegAppTableRecord
  2
AcDbBlockRepETag
 70
     0
  0
APPID
  5
287
330
9
100
AcDbSymbolTableRecord
100
AcDbRegAppTableRecord
  2
AcDbDynamicBlockGUID
 70
     0
  0
APPID
  5
288
330
9
100
AcDbSymbolTableRecord
100
AcDbRegAppTableRecord
  2
GradientColor1ACI
 70
     0
  0
APPID
  5
289
330
9
100
AcDbSymbolTableRecord
100
AcDbRegAppTableRecord
  2
GradientColor2ACI
 70
     0
  0
APPID
  5
4AE
330
9
100
AcDbSymbolTableRecord
100
AcDbRegAppTableRecord
  2
ACAD_EXEMPT_FROM_CAD_STANDARDS
 70
     0
  0
APPID
  5
FCF
330
9
100
AcDbSymbolTableRecord
100
AcDbRegAppTableRecord
  2
ACAD_DSTYLE_DIMEXT_LENGTH
 70
     0
  0
APPID
  5
FD0
330
9
100
AcDbSymbolTableRecord
100
AcDbRegAppTableRecord
  2
ACAD_DSTYLE_DIM_LINETYPE
 70
     0
  0
APPID
  5
FD1
330
9
100
AcDbSymbolTableRecord
100
AcDbRegAppTableRecord
  2
ACAD_DSTYLE_DIM_EXT1_LINETYPE
 70
     0
  0
APPID
  5
FD2
330
9
100
AcDbSymbolTableRecord
100
AcDbRegAppTableRecord
  2
ACAD_DSTYLE_DIM_EXT2_LINETYPE
 70
     0
  0
ENDTAB
  0
TABLE
  2
DIMSTYLE
  5
A
330
0
100
AcDbSymbolTable
 70
     7
100
AcDbDimStyleTable
 71
     2
340
27
340
137
  0
DIMSTYLE
105
1B0
330
A
100
AcDbSymbolTableRecord
100
AcDbDimStyleTableRecord
  2
Standard
 70
     0
340
11
  0
DIMSTYLE
105
137
330
A
100
AcDbSymbolTableRecord
100
AcDbDimStyleTableRecord
  2
Annotative
 70
     0
 40
0.0
 41
2.5
 42
0.625
 43
3.75
 44
1.25
 73
     0
 74
     0
 77
     1
 78
     8
140
2.5
141
2.5
143
0.03937007874016
147
0.625
171
     3
172
     1
271
     2
272
     2
274
     3
278
    44
283
     0
284
     8
340
11
1001
AcadAnnotative
1000
AnnotativeData
1002
{
1070
     1
1070
     1
1002
}
1001
ACAD_DSTYLE_DIMJAG
1070
   388
1040
1.5
1001
ACAD_DSTYLE_DIMTALN
1070
   392
1070
     0
  0
DIMSTYLE
105
27
330
A
100
AcDbSymbolTableRecord
100
AcDbDimStyleTableRecord
  2
ISO-25
 70
     0
 41
2.5
 42
0.625
 43
3.75
 44
1.25
 73
     0
 74
     0
 77
     1
 78
     8
140
2.5
141
2.5
143
0.03937007874016
147
0.625
171
     3
172
     1
271
     2
272
     2
274
     3
278
    44
283
     0
284
     8
340
11
  0
DIMSTYLE
105
27F
330
A
100
AcDbSymbolTableRecord
100
AcDbDimStyleTableRecord
  2
1-100
 70
     0
 41
0.1
 42
0.1
 43
0.0
 44
0.05
 49
0.04
 73
     0
 74
     0
 77
     1
 78
     5
140
0.15
141
0.0
147
0.03
176
   256
177
   256
178
     2
271
     2
272
     2
279
     2
284
     1
340
27D
342
259
1001
ACAD_DSTYLE_DIMJOGGED_JOGANGLE_SYMBOL
1070
   384
1040
0.7853981633974483
  0
DIMSTYLE
105
280
330
A
100
AcDbSymbolTableRecord
100
AcDbDimStyleTableRecord
  2
ELOI
 70
     0
 41
0.0
 42
0.15
 44
0.1
 46
0.05
 73
     0
 77
     1
140
0.08
142
0.05
172
     1
174
     1
178
   256
271
     2
272
     2
279
     2
340
27D
  0
DIMSTYLE
105
281
330
A
100
AcDbSymbolTableRecord
100
AcDbDimStyleTableRecord
  2
T100M-ROMANS
 70
     0
 40
0.05
 41
2.0
 42
1.0
 43
3.75
 44
2.0
 73
     0
 74
     0
 77
     1
 78
     4
140
2.0
141
2.5
143
0.0394
144
2.0
147
0.8
171
     4
172
     1
176
   256
177
   256
178
   256
271
     2
272
     2
273
     8
274
     4
340
27D
342
25D
371
    -1
372
    -1
  0
DIMSTYLE
105
282
330
A
100
AcDbSymbolTableRecord
100
AcDbDimStyleTableRecord
  2
500M
 70
     0
 40
0.05
 41
1.5
 42
1.0
 43
3.75
 44
1.5
 49
1.25
 50
89.99999999999998
 73
     0
 74
     0
 77
     1
 78
     4
140
1.25
141
2.5
143
0.03937007874016
144
10.0
147
0.8
171
     3
172
     1
176
     6
177
     6
178
     1
271
     2
272
     2
274
     3
283
     0
284
     8
340
27D
342
25D
345
15
346
15
347
15
371
    -1
372
    -1
1001
ACAD_DSTYLE_DIMJOGGED_JOGANGLE_SYMBOL
1070
   384
1040
1.570796326794896
  0
ENDTAB
  0
TABLE
  2
BLOCK_RECORD
  5
1
330
0
100
AcDbSymbolTable
 70
     4
  0
BLOCK_RECORD
  5
1F
102
{ACAD_XDICTIONARY
360
1CE
102
}
330
1
100
AcDbSymbolTableRecord
100
AcDbBlockTableRecord
  2
*Model_Space
340
22
 70
     0
280
     1
281
     0
  0
BLOCK_RECORD
  5
D2
330
1
100
AcDbSymbolTableRecord
100
AcDbBlockTableRecord
  2
*Paper_Space
340
D3
 70
     0
280
     1
281
     0
  0
BLOCK_RECORD
  5
D6
330
1
100
AcDbSymbolTableRecord
100
AcDbBlockTableRecord
  2
*Paper_Space0
340
D7
 70
     0
280
     1
281
     0
  0
BLOCK_RECORD
  5
259
330
1
100
AcDbSymbolTableRecord
100
AcDbBlockTableRecord
  2
_Oblique
340
0
 70
     0
280
     1
281
     0
  0
BLOCK_RECORD
  5
25D
330
1
100
AcDbSymbolTableRecord
100
AcDbBlockTableRecord
  2
_ArchTick
340
0
 70
     0
280
     1
281
     0
  0
BLOCK_RECORD
  5
261
102
{ACAD_XDICTIONARY
360
262
102
}
330
1
100
AcDbSymbolTableRecord
100
AcDbBlockTableRecord
  2
A0
340
0
310
2800000020000000200000000100080000000000000400000000000000000000000000000000000000000000000080000080000000808000800000008000800080800000C0C0C000C0DCC000F0CAA6000020400000206000002080000020A0000020C0000020E00000400000004020000040400000406000004080000040A0
310
000040C0000040E00000600000006020000060400000606000006080000060A0000060C0000060E00000800000008020000080400000806000008080000080A0000080C0000080E00000A0000000A0200000A0400000A0600000A0800000A0A00000A0C00000A0E00000C0000000C0200000C0400000C0600000C0800000C0
310
A00000C0C00000C0E00000E0000000E0200000E0400000E0600000E0800000E0A00000E0C00000E0E00040000000400020004000400040006000400080004000A0004000C0004000E00040200000402020004020400040206000402080004020A0004020C0004020E000404000004040200040404000404060004040800040
310
40A0004040C0004040E00040600000406020004060400040606000406080004060A0004060C0004060E00040800000408020004080400040806000408080004080A0004080C0004080E00040A0000040A0200040A0400040A0600040A0800040A0A00040A0C00040A0E00040C0000040C0200040C0400040C0600040C08000
310
40C0A00040C0C00040C0E00040E0000040E0200040E0400040E0600040E0800040E0A00040E0C00040E0E00080000000800020008000400080006000800080008000A0008000C0008000E00080200000802020008020400080206000802080008020A0008020C0008020E00080400000804020008040400080406000804080
310
008040A0008040C0008040E00080600000806020008060400080606000806080008060A0008060C0008060E00080800000808020008080400080806000808080008080A0008080C0008080E00080A0000080A0200080A0400080A0600080A0800080A0A00080A0C00080A0E00080C0000080C0200080C0400080C0600080C0
310
800080C0A00080C0C00080C0E00080E0000080E0200080E0400080E0600080E0800080E0A00080E0C00080E0E000C0000000C0002000C0004000C0006000C0008000C000A000C000C000C000E000C0200000C0202000C0204000C0206000C0208000C020A000C020C000C020E000C0400000C0402000C0404000C0406000C0
310
408000C040A000C040C000C040E000C0600000C0602000C0604000C0606000C0608000C060A000C060C000C060E000C0800000C0802000C0804000C0806000C0808000C080A000C080C000C080E000C0A00000C0A02000C0A04000C0A06000C0A08000C0A0A000C0A0C000C0A0E000C0C00000C0C02000C0C04000C0C06000
310
C0C08000C0C0A000F0FBFF00A4A0A000808080000000FF0000FF000000FFFF00FF000000FF00FF00FFFF0000FFFFFF0000000000000000000000000000000000000000000000000000000000000000000000000000000000000000000000000000000000000000000000000000000000000000000000000000000000000000
310
000000000000000000000000000000000000000000000000000000000000000000000000000000000000000000000000000000000000000000000000000000000000000000000000000000000000000000000000000000000000000000000000000000000000000000000000000000000000F9F9FDFDFDF9FDFDF9FDF9FDFD
310
FDFDF9FDFDFDF9FDFDFDFDF9FDFDFDFDF90000F9F90000000000000000000000000000000000000000000000000000FDF90000F9FD0000000000000000000000000000000000000000000000000000FDF90000F9FD0000000000000000000000000000000000000000000000000000FDF90000F9FD00000000000000000000
310
00000000000000000000000000000000FDF90000F9FD0000000000000000000000000000000000000000000000000000FDF90000F9FD0000000000000000000000000000000000000000000000000000FDF90000F9FD0000000000000000000000000000000000000000000000000000FDF90000F9FD000000000000000000
310
0000000000000000000000000000000000FDF90000F9FD0000000000000000000000000000000000000000000000000000FDF90000F9FD0000000000000000000000000000000000000000000000000000FDF90000F9FD0000000000000000000000000000000000000000000000000000FDF90000F9FD0000000000000000
310
000000000000000000000000000000000000FDF90000F9FD0000000000000000000000000000000000000000000000000000FDF90000F9F90000000000000000000000000000000000000000000000000000F9F90000F9FD0000000000000000000000000000000000000000000000000000FDF90000F9FD00000000000000
310
00000000000000000000000000000000000000FDF90000F9FD0000000000000000000000000000000000000000000000000000FDF90000F9FD0000000000000000000000000000000000000000000000000000FDF90000F9F9FDFDFDF9FDFDF9FDF9FDFDFDFDF9FDFDFDF9FDFDFDFDF9FDFDFDFDF900000000000000000000
310
00000000000000000000000000000000000000000000000000000000000000000000000000000000000000000000000000000000000000000000000000000000000000000000000000000000000000000000000000000000000000000000000000000000000000000000000000000000000000000000000000000000000000
310
0000000000000000000000000000000000000000000000000000000000000000000000000000000000000000000000000000000000000000
102
{BLKREFS
331
36C
102
}
 70
     0
280
     1
281
     0
1001
AcDbBlockRepETag
1070
     1
1071
       20
1001
AcDbDynamicBlockGUID
1000
{CD8A11FE-A0D8-4933-9CBC-A36378508203}
  0
ENDTAB
  0
ENDSEC
  0
SECTION
  2
BLOCKS
  0
BLOCK
  5
20
330
1F
100
AcDbEntity
  8
0
100
AcDbBlockBegin
  2
*Model_Space
 70
     0
 10
0.0
 20
0.0
 30
0.0
  3
*Model_Space
  1

  0
ENDBLK
  5
21
330
1F
100
AcDbEntity
  8
0
100
AcDbBlockEnd
  0
BLOCK
  5
D4
330
D2
100
AcDbEntity
 67
     1
  8
0
100
AcDbBlockBegin
  2
*Paper_Space
 70
     0
 10
0.0
 20
0.0
 30
0.0
  3
*Paper_Space
  1

  0
ENDBLK
  5
D5
330
D2
100
AcDbEntity
 67
     1
  8
0
100
AcDbBlockEnd
  0
BLOCK
  5
D8
330
D6
100
AcDbEntity
 67
     1
  8
0
100
AcDbBlockBegin
  2
*Paper_Space0
 70
     0
 10
0.0
 20
0.0
 30
0.0
  3
*Paper_Space0
  1

  0
VIEWPORT
  5
17A0
102
{ACAD_XDICTIONARY
360
17A1
102
}
330
D6
100
AcDbEntity
 67
     1
  8
0
100
AcDbViewport
 10
128.5
 20
97.5
 30
0.0
 40
567.7275898801597
 41
222.18
 68
     0
 69
     0
 12
128.5
 22
97.5
 13
0.0
 23
0.0
 14
10.0
 24
10.0
 15
10.0
 25
10.0
 16
0.0
 26
0.0
 36
1.0
 17
0.0
 27
0.0
 37
0.0
 42
50.0
 43
0.0
 44
0.0
 45
222.18
 50
0.0
 51
0.0
 72
  1000
 90
   819232
  1

281
     0
 71
     1
 74
     0
110
0.0
120
0.0
130
0.0
111
1.0
121
0.0
131
0.0
112
0.0
122
1.0
132
0.0
 79
     0
146
0.0
170
     0
 61
     5
348
F5
292
     1
282
     1
141
0.0
142
0.0
 63
   250
421
  3355443
  0
VIEWPORT
  5
17A4
102
{ACAD_XDICTIONARY
360
17A5
102
}
330
D6
100
AcDbEntity
 67
     1
  8
0
100
AcDbViewport
 10
128.5
 20
97.5
 30
0.0
 40
205.6
 41
156.0
 68
     0
 69
     0
 12
2991.146618388023
 22
1782.918362969323
 13
0.0
 23
0.0
 14
10.0
 24
10.0
 15
10.0
 25
10.0
 16
0.0
 26
0.0
 36
1.0
 17
0.0
 27
0.0
 37
0.0
 42
50.0
 43
0.0
 44
0.0
 45
90.99591857367363
 50
0.0
 51
0.0
 72
  1000
 90
   819296
  1

281
     0
 71
     1
 74
     0
110
0.0
120
0.0
130
0.0
111
1.0
121
0.0
131
0.0
112
0.0
122
1.0
132
0.0
 79
     0
146
0.0
170
     0
 61
     5
348
F5
292
     1
282
     1
141
0.0
142
0.0
 63
   250
421
  3355443
  0
ENDBLK
  5
D9
330
D6
100
AcDbEntity
 67
     1
  8
0
100
AcDbBlockEnd
  0
BLOCK
  5
25A
330
259
100
AcDbEntity
  8
0
100
AcDbBlockBegin
  2
_Oblique
 70
     0
 10
0.0
 20
0.0
 30
0.0
  3
_Oblique
  1

  0
LINE
  5
25B
330
259
100
AcDbEntity
  8
0
  6
ByBlock
 62
     0
370
    -2
100
AcDbLine
 10
-0.5
 20
-0.5
 30
0.0
 11
0.5
 21
0.5
 31
0.0
  0
ENDBLK
  5
25C
330
259
100
AcDbEntity
  8
0
100
AcDbBlockEnd
  0
BLOCK
  5
25E
330
25D
100
AcDbEntity
  8
0
 62
     0
100
AcDbBlockBegin
  2
_ArchTick
 70
     0
 10
0.0
 20
0.0
 30
0.0
  3
_ArchTick
  1

  0
LWPOLYLINE
  5
25F
330
25D
100
AcDbEntity
  8
0
  6
ByBlock
 62
     0
100
AcDbPolyline
 90
        2
 70
     0
 43
0.15
 10
-0.5
 20
-0.5
 10
0.5
 20
0.5
  0
ENDBLK
  5
260
330
25D
100
AcDbEntity
  8
0
 62
     0
100
AcDbBlockEnd
  0
BLOCK
  5
263
330
261
100
AcDbEntity
  8
0
100
AcDbBlockBegin
  2
A0
 70
     0
 10
0.0
 20
0.0
 30
0.0
  3
A0
  1

  0
LWPOLYLINE
  5
264
330
261
100
AcDbEntity
  8
0
 62
     1
100
AcDbPolyline
 90
        8
 70
     0
 43
0.0
 10
125.0000070284441
 20
1485.000002410452
 10
75.00000694728806
 20
1485.000002410452
 10
0.000006825546734
 20
1410.00000228871
 10
0.0
 20
0.0
 10
5945.000009649928
 20
0.0
 10
5945.000016475475
 20
4205.000006825561
 10
75.00000694728806
 20
4205.000006825561
 10
75.00000694728806
 20
1485.000002410452
1001
AcDbBlockRepETag
1070
     1
1071
        0
1005
264
  0
LWPOLYLINE
  5
265
330
261
100
AcDbEntity
  8
0
 62
     7
100
AcDbPolyline
 90
        4
 70
     1
 43
0.0
 10
125.0000070284441
 20
4155.000006744398
 10
5895.000016394319
 20
4155.000006744398
 10
5895.000009568772
 20
50.0000000811633
 10
125.0000002028973
 20
50.0000000811633
1001
AcDbBlockRepETag
1070
     1
1071
        1
1005
265
  0
LINE
  5
266
330
261
100
AcDbEntity
  8
0
 62
     1
100
AcDbLine
 10
75.00000012174132
 20
4205.00001359704
 30
0.0
 11
0.0
 21
4205.00001359704
 31
0.0
1001
AcDbBlockRepETag
1070
     1
1071
        2
1005
266
  0
LINE
  5
267
330
261
100
AcDbEntity
  8
0
 62
     1
100
AcDbLine
 10
0.0
 20
4205.00001359704
 30
0.0
 11
0.0
 21
1410.000009060211
 31
0.0
1001
AcDbBlockRepETag
1070
     1
1071
        3
1005
267
  0
LINE
  5
268
330
261
100
AcDbEntity
  8
0
 62
     1
100
AcDbLine
 10
1050.000001704349
 20
-0.0000681434175931
 30
0.0
 11
1050.000001704349
 21
50.0000000811633
 31
0.0
1001
AcDbBlockRepETag
1070
     1
1071
        5
1005
268
  0
LINE
  5
269
330
261
100
AcDbEntity
  8
0
 62
     1
100
AcDbLine
 10
2045.000030621639
 20
-0.0000399656491936
 30
0.0
 11
2045.000030621639
 21
50.0000000811633
 31
0.0
1001
AcDbBlockRepETag
1070
     1
1071
        6
1005
269
  0
LINE
  5
26A
330
261
100
AcDbEntity
  8
0
 62
     1
100
AcDbLine
 10
3020.0000253787
 20
-0.0000564690344618
 30
0.0
 11
3020.0000253787
 21
50.0000000811633
 31
0.0
1001
AcDbBlockRepETag
1070
     1
1071
        7
1005
26A
  0
LINE
  5
26B
330
261
100
AcDbEntity
  8
0
 62
     1
100
AcDbLine
 10
3995.000020135776
 20
-0.0000564690344618
 30
0.0
 11
3995.000020135776
 21
50.0000000811633
 31
0.0
1001
AcDbBlockRepETag
1070
     1
1071
        8
1005
26B
  0
LINE
  5
26C
330
261
100
AcDbEntity
  8
0
 62
     1
100
AcDbLine
 10
4970.000014892867
 20
-0.0000564690344618
 30
0.0
 11
4970.000014892867
 21
50.0000000811633
 31
0.0
1001
AcDbBlockRepETag
1070
     1
1071
        9
1005
26C
  0
LINE
  5
26D
330
261
100
AcDbEntity
  8
0
 62
     1
100
AcDbLine
 10
1050.000001704349
 20
4155.000006744398
 30
0.0
 11
1050.000001704349
 21
4205.000006825561
 31
0.0
1001
AcDbBlockRepETag
1070
     1
1071
       10
1005
26D
  0
LINE
  5
26E
330
261
100
AcDbEntity
  8
0
 62
     1
100
AcDbLine
 10
2045.000030621639
 20
4155.000006744398
 30
0.0
 11
2045.000030621639
 21
4205.000006825561
 31
0.0
1001
AcDbBlockRepETag
1070
     1
1071
       11
1005
26E
  0
LINE
  5
26F
330
261
100
AcDbEntity
  8
0
 62
     1
100
AcDbLine
 10
3020.0000253787
 20
4155.000006744398
 30
0.0
 11
3020.0000253787
 21
4205.000006825561
 31
0.0
1001
AcDbBlockRepETag
1070
     1
1071
       12
1005
26F
  0
LINE
  5
270
330
261
100
AcDbEntity
  8
0
 62
     1
100
AcDbLine
 10
3995.000020135776
 20
4155.000006744398
 30
0.0
 11
3995.000020135776
 21
4205.000006825561
 31
0.0
1001
AcDbBlockRepETag
1070
     1
1071
       13
1005
270
  0
LINE
  5
271
330
261
100
AcDbEntity
  8
0
 62
     1
100
AcDbLine
 10
4970.000014892867
 20
4155.000006744398
 30
0.0
 11
4970.000014892867
 21
4205.000006825561
 31
0.0
1001
AcDbBlockRepETag
1070
     1
1071
       14
1005
271
  0
LINE
  5
272
330
261
100
AcDbEntity
  8
0
 62
     1
100
AcDbLine
 10
1547.500016162987
 20
0.0
 30
0.0
 11
1547.500016162987
 21
50.0000000811633
 31
0.0
1001
AcDbBlockRepETag
1070
     1
1071
       15
1005
272
  0
LINE
  5
273
330
261
100
AcDbEntity
  8
0
 62
     1
100
AcDbLine
 10
1547.500016162987
 20
4155.000006744398
 30
0.0
 11
1547.500016162987
 21
4205.000006825561
 31
0.0
1001
AcDbBlockRepETag
1070
     1
1071
       16
1005
273
  0
LINE
  5
274
330
261
100
AcDbEntity
  8
0
 62
     1
100
AcDbLine
 10
75.00000694728806
 20
2969.999936555745
 30
0.0
 11
125.0000050581002
 21
2969.999936474597
 31
0.0
1001
AcDbBlockRepETag
1070
     1
1071
       17
1005
274
  0
LINE
  5
275
330
261
100
AcDbEntity
  8
0
 62
     1
100
AcDbLine
 10
5895.000014423975
 20
2969.999927108751
 30
0.0
 11
5945.000014470831
 21
2969.999927027588
 31
0.0
1001
AcDbBlockRepETag
1070
     1
1071
       18
1005
275
  0
LINE
  5
276
330
261
100
AcDbEntity
  8
0
 62
     1
100
AcDbLine
 10
5895.000016394319
 20
1484.999993044606
 30
0.0
 11
5945.000016441176
 21
1484.999992963443
 31
0.0
1001
AcDbBlockRepETag
1070
     1
1071
       19
1005
276
  0
ENDBLK
  5
277
330
261
100
AcDbEntity
  8
0
100
AcDbBlockEnd
  0
ENDSEC
  0
SECTION
  2
ENTITIES
  0
INSERT
  5
36C
330
1F
100
AcDbEntity
  8
0
100
AcDbBlockReference
  2
A0
 10
2931.696618223322
 20
1740.868363514825
 30
0.0
 41
0.0199999999999818
 42
0.0199999999999818
 43
0.0199999999999818
  0
LINE
  5
36D
330
1F
100
AcDbEntity
  8
0
100
AcDbLine
 10
3035.232995481161
 20
1742.740363533172
 30
0.0
 11
3049.59661841459
 21
1742.740363533172
 31
0.0
  0
LINE
  5
36E
330
1F
100
AcDbEntity
  8
0
100
AcDbLine
 10
3035.232995481161
 20
1750.956963935043
 30
0.0
 11
3049.596618414589
 21
1750.956963935043
 31
0.0
  0
TEXT
  5
36F
330
1F
100
AcDbEntity
  8
0
100
AcDbText
 10
3043.729025838028
 20
1742.112581546903
 30
0.0
 40
0.4304475
  1
DATA:
  7
arial
100
AcDbText
  0
TEXT
  5
370
330
1F
100
AcDbEntity
  8
0
100
AcDbText
 10
3035.58080395744
 20
1742.125435127471
 30
0.0
 40
0.4304475
  1
ESCALA:
  7
arial
100
AcDbText
  0
TEXT
  5
371
330
1F
100
AcDbEntity
  8
0
100
AcDbText
 10
3035.568493594033
 20
1748.581868038501
 30
0.0
 40
0.21522375
  1
RESPONSÁVEL TÉCNICO/REG. NO CRT/CFT:
  7
arial
100
AcDbText
  0
TEXT
  5
372
330
1F
100
AcDbEntity
  8
0
100
AcDbText
 10
3035.587081822241
 20
1754.673083893177
 30
0.0
 40
0.21522375
  1
ENDEREÇO DA EDIFICAÇÃO/UNIDADE:
  7
arial
100
AcDbText
  0
TEXT
  5
373
330
1F
100
AcDbEntity
  8
0
100
AcDbText
 10
3035.7830336001
 20
1755.847816314453
 30
0.0
 40
0.5076525636000002
  1
GERAÇÃO DISTRIBUIDA
  7
arial
100
AcDbText
  0
LINE
  5
374
330
1F
100
AcDbEntity
  8
0
100
AcDbLine
 10
3035.232995481161
 20
1748.88614299852
 30
0.0
 11
3049.59661841459
 21
1748.88614299852
 31
0.0
  0
TEXT
  5
375
330
1F
100
AcDbEntity
  8
0
100
AcDbText
 10
3035.59938094631
 20
1750.604304966626
 30
0.0
 40
0.21522375
  1
AUTOR DO PROJETO:
  7
arial
100
AcDbText
  0
TEXT
  5
376
330
1F
100
AcDbEntity
  8
0
100
AcDbText
 10
3035.599380955665
 20
1752.675125903149
 30
0.0
 40
0.21522375
  1
PROPRIETÁRIO:
  7
arial
100
AcDbText
  0
LINE
  5
377
330
1F
100
AcDbEntity
  8
0
100
AcDbLine
 10
3035.329308612381
 20
1753.027784871566
 30
0.0
 11
3049.596618414589
 21
1753.027784871566
 31
0.0
  0
LINE
  5
378
330
1F
100
AcDbEntity
  8
0
100
AcDbLine
 10
3035.232995481161
 20
1753.027784871566
 30
0.0
 11
3049.596618414589
 21
1753.027784871566
 31
0.0
  0
LINE
  5
379
330
1F
100
AcDbEntity
  8
0
100
AcDbLine
 10
3035.232995481161
 20
1755.098605808089
 30
0.0
 11
3049.596618414589
 21
1755.098605808089
 31
0.0
  0
LINE
  5
37A
330
1F
100
AcDbEntity
  8
0
100
AcDbLine
 10
3035.232995480452
 20
1746.911024312397
 30
0.0
 11
3049.596618414589
 21
1746.911024312397
 31
0.0
  0
LINE
  5
37B
330
1F
100
AcDbEntity
  8
0
100
AcDbLine
 10
3035.232995481161
 20
1743.641382456396
 30
0.0
 11
3049.59661841459
 21
1743.641382456396
 31
0.0
  0
TEXT
  5
37C
330
1F
100
AcDbEntity
  8
0
100
AcDbText
 10
3035.560479691428
 20
1742.993184612913
 30
0.0
 40
0.4304475
  1
N° DA ART:
  7
arial
100
AcDbText
  0
LINE
  5
37D
330
1F
100
AcDbEntity
  8
0
100
AcDbLine
 10
3043.479089169355
 20
1742.747938409457
 30
0.0
 11
3043.479089169355
 21
1741.905332302554
 31
0.0
  0
TEXT
  5
37E
330
1F
100
AcDbEntity
  8
0
100
AcDbText
 10
3035.399228844254
 20
1746.194802006028
 30
0.0
 40
0.4304475
  1
DESCRITIVO:
  7
arial
100
AcDbText
  0
LINE
  5
37F
330
1F
100
AcDbEntity
  8
0
 62
     7
 48
0.1
100
AcDbLine
 10
3035.232995478641
 20
1741.868363516287
 30
0.0
 11
3035.232995484037
 21
1756.896324442042
 31
0.0
  0
TEXT
  5
380
330
1F
100
AcDbEntity
  8
0
100
AcDbText
 10
3042.455235016773
 20
1743.008304094956
 30
0.0
 40
0.4304475
  1
VIA DE PROJETO:
  7
arial
100
AcDbText
  0
LINE
  5
381
330
1F
100
AcDbEntity
  8
0
 62
     7
 48
0.1
100
AcDbLine
 10
3035.232995484037
 20
1756.896324442042
 30
0.0
 11
3049.59661841459
 21
1756.896324442042
 31
0.0
  0
LINE
  5
382
330
1F
100
AcDbEntity
  8
0
100
AcDbLine
 10
2940.286649798063
 20
1814.409552601731
 30
0.0
 11
2974.678269023885
 21
1814.409552601731
 31
0.0
  0
LINE
  5
383
330
1F
100
AcDbEntity
  8
0
  6
ACAD_ISO02W100
 62
     5
 48
0.2
100
AcDbLine
 10
2940.200562070475
 20
1808.748999960192
 30
0.0
 11
2974.543574137752
 21
1808.748999960192
 31
0.0
  0
TEXT
  5
384
330
1F
100
AcDbEntity
  8
0
100
AcDbText
 10
2939.714954513842
 20
1815.537652864841
 30
0.0
 40
1.458368835828284
  1
Rede Secundária (BT) da Consessionária
  7
arial
100
AcDbText
  0
HATCH
  5
385
330
1F
100
AcDbEntity
  8
0
100
AcDbHatch
 10
0.0
 20
0.0
 30
0.0
210
0.0
220
0.0
230
1.0
  2
SOLID
 70
     1
 71
     0
 91
        4
 92
       16
 93
        4
 72
     1
 10
2972.110693488263
 20
1805.726477723654
 11
2971.099804375521
 21
1805.726477723654
 72
     1
 10
2971.099804375518
 20
1805.726477723654
 11
2971.099804375518
 21
1807.074329873977
 72
     1
 10
2971.099804375518
 20
1807.074329873977
 11
2972.11069348826
 21
1807.074329873977
 72
     1
 10
2972.110693488263
 20
1807.074329873977
 11
2972.110693488263
 21
1805.726477723654
 97
        0
 92
       48
 93
        5
 72
     1
 10
2972.110693488263
 20
1805.726477723654
 11
2971.099804375521
 21
1805.726477723654
 72
     1
 10
2972.110693488263
 20
1805.726477723654
 11
2972.784619563425
 21
1805.726477723654
 72
     1
 10
2972.784619563425
 20
1805.726477723654
 11
2971.602001356441
 21
1804.54557525966
 72
     1
 10
2971.602001356436
 20
1804.54557525966
 11
2970.425878300354
 21
1805.726477723654
 72
     1
 10
2971.099804375518
 20
1805.726477723654
 11
2970.425878300356
 21
1805.726477723654
 97
        0
 92
       33
 93
        7
 72
     1
 10
2971.099804375518
 20
1805.726477723654
 11
2970.425878300356
 21
1805.726477723654
 72
     1
 10
2970.425878300359
 20
1805.726477723654
 11
2971.602001356441
 21
1804.54557525966
 72
     1
 10
2972.784619563425
 20
1805.726477723654
 11
2971.602001356441
 21
1804.54557525966
 72
     1
 10
2972.110693488263
 20
1805.726477723654
 11
2972.784619563425
 21
1805.726477723654
 72
     1
 10
2972.110693488263
 20
1807.074329873977
 11
2972.110693488263
 21
1805.726477723654
 72
     1
 10
2971.099804375518
 20
1807.074329873977
 11
2972.11069348826
 21
1807.074329873977
 72
     1
 10
2971.099804375518
 20
1805.726477723654
 11
2971.099804375518
 21
1807.074329873977
 97
        0
 92
       32
 93
        1
 72
     1
 10
2972.784619563425
 20
1805.726477723654
 11
2971.436767413101
 21
1805.726477723654
 97
        0
 75
     0
 76
     1
 98
        1
 10
2357.554913522552
 20
2870.939625062959
450
        0
451
        0
460
0.0
461
0.0
452
        0
462
0.0
453
        0
470

1001
ACAD
1010
0.0
1020
0.0
1030
0.0
  0
LINE
  5
386
330
1F
100
AcDbEntity
  8
0
100
AcDbLine
 10
2972.110693488263
 20
1807.074329873977
 30
0.0
 11
2972.110693488263
 21
1805.726477723654
 31
0.0
  0
LINE
  5
387
330
1F
100
AcDbEntity
  8
0
100
AcDbLine
 10
2972.110693488263
 20
1805.726477723654
 30
0.0
 11
2971.099804375518
 21
1805.726477723654
 31
0.0
  0
LINE
  5
388
330
1F
100
AcDbEntity
  8
0
100
AcDbLine
 10
2971.099804375518
 20
1805.726477723654
 30
0.0
 11
2971.099804375518
 21
1807.074329873977
 31
0.0
  0
LINE
  5
389
330
1F
100
AcDbEntity
  8
0
100
AcDbLine
 10
2971.099804375518
 20
1807.074329873977
 30
0.0
 11
2972.110693488263
 21
1807.074329873977
 31
0.0
  0
LINE
  5
38A
330
1F
100
AcDbEntity
  8
0
100
AcDbLine
 10
2972.110693488263
 20
1805.726477723654
 30
0.0
 11
2972.784619563425
 21
1805.726477723654
 31
0.0
  0
HATCH
  5
38B
330
1F
100
AcDbEntity
  8
0
100
AcDbHatch
 10
0.0
 20
0.0
 30
0.0
210
0.0
220
0.0
230
1.0
  2
SOLID
 70
     1
 71
     1
 91
        1
 92
        1
 93
        3
 72
     1
 10
2970.425878300359
 20
1805.726477723654
 11
2971.602001356436
 21
1804.54557525966
 72
     1
 10
2971.602001356436
 20
1804.54557525966
 11
2972.784619563425
 21
1805.726477723654
 72
     1
 10
2972.784619563425
 20
1805.726477723654
 11
2970.425878300359
 21
1805.726477723654
 97
        3
330
38D
330
38C
330
38E
 75
     0
 76
     1
 98
        1
 10
2357.554913522552
 20
2870.939625062959
450
        0
451
        0
460
0.0
461
0.0
452
        0
462
0.0
453
        0
470

1001
ACAD
1010
0.0
1020
0.0
1030
0.0
  0
LINE
  5
38C
102
{ACAD_REACTORS
330
38B
102
}
330
1F
100
AcDbEntity
  8
0
100
AcDbLine
 10
2972.784619563425
 20
1805.726477723654
 30
0.0
 11
2971.602001356436
 21
1804.54557525966
 31
0.0
  0
LINE
  5
38D
102
{ACAD_REACTORS
330
38B
102
}
330
1F
100
AcDbEntity
  8
0
100
AcDbLine
 10
2970.425878300359
 20
1805.726477723654
 30
0.0
 11
2971.602001356436
 21
1804.54557525966
 31
0.0
  0
LINE
  5
38E
102
{ACAD_REACTORS
330
38B
102
}
330
1F
100
AcDbEntity
  8
0
100
AcDbLine
 10
2972.784619563425
 20
1805.726477723654
 30
0.0
 11
2970.425878300359
 21
1805.726477723654
 31
0.0
  0
HATCH
  5
38F
330
1F
100
AcDbEntity
  8
0
100
AcDbHatch
 10
0.0
 20
0.0
 30
0.0
210
0.0
220
0.0
230
1.0
  2
SOLID
 70
     1
 71
     0
 91
        4
 92
       16
 93
        4
 72
     1
 10
2971.098867523368
 20
1811.863632582091
 11
2972.10975663611
 21
1811.863632582091
 72
     1
 10
2972.109756636112
 20
1811.863632582091
 11
2972.109756636112
 21
1810.515780431768
 72
     1
 10
2972.109756636112
 20
1810.515780431768
 11
2971.09886752337
 21
1810.515780431768
 72
     1
 10
2971.098867523368
 20
1810.515780431768
 11
2971.098867523368
 21
1811.863632582091
 97
        0
 92
       48
 93
        5
 72
     1
 10
2971.098867523368
 20
1811.863632582091
 11
2972.10975663611
 21
1811.863632582091
 72
     1
 10
2971.098867523368
 20
1811.863632582091
 11
2970.424941448206
 21
1811.863632582091
 72
     1
 10
2970.424941448206
 20
1811.863632582091
 11
2971.607559655189
 21
1813.044535046085
 72
     1
 10
2971.607559655191
 20
1813.044535046085
 11
2972.783682711273
 21
1811.863632582092
 72
     1
 10
2972.109756636112
 20
1811.863632582091
 11
2972.783682711274
 21
1811.863632582091
 97
        0
 92
       33
 93
        7
 72
     1
 10
2972.109756636112
 20
1811.863632582091
 11
2972.783682711274
 21
1811.863632582091
 72
     1
 10
2972.783682711271
 20
1811.863632582091
 11
2971.607559655189
 21
1813.044535046085
 72
     1
 10
2970.424941448206
 20
1811.863632582091
 11
2971.607559655189
 21
1813.044535046085
 72
     1
 10
2971.098867523368
 20
1811.863632582091
 11
2970.424941448206
 21
1811.863632582091
 72
     1
 10
2971.098867523368
 20
1810.515780431768
 11
2971.098867523368
 21
1811.863632582091
 72
     1
 10
2972.109756636112
 20
1810.515780431768
 11
2971.09886752337
 21
1810.515780431768
 72
     1
 10
2972.109756636112
 20
1811.863632582091
 11
2972.109756636112
 21
1810.515780431768
 97
        0
 92
       32
 93
        1
 72
     1
 10
2970.424941448206
 20
1811.863632582091
 11
2971.77279359853
 21
1811.863632582091
 97
        0
 75
     0
 76
     1
 98
        1
 10
3585.654647489078
 20
746.6504852427849
450
        0
451
        0
460
0.0
461
0.0
452
        0
462
0.0
453
        0
470

1001
ACAD
1010
0.0
1020
0.0
1030
0.0
  0
LINE
  5
390
330
1F
100
AcDbEntity
  8
0
100
AcDbLine
 10
2971.098867523368
 20
1810.515780431769
 30
0.0
 11
2971.098867523368
 21
1811.863632582091
 31
0.0
  0
LINE
  5
391
330
1F
100
AcDbEntity
  8
0
100
AcDbLine
 10
2971.098867523368
 20
1811.863632582091
 30
0.0
 11
2972.109756636112
 21
1811.863632582091
 31
0.0
  0
LINE
  5
392
330
1F
100
AcDbEntity
  8
0
100
AcDbLine
 10
2972.109756636112
 20
1811.863632582091
 30
0.0
 11
2972.109756636112
 21
1810.515780431769
 31
0.0
  0
LINE
  5
393
330
1F
100
AcDbEntity
  8
0
100
AcDbLine
 10
2972.109756636112
 20
1810.515780431769
 30
0.0
 11
2971.098867523368
 21
1810.515780431769
 31
0.0
  0
LINE
  5
394
330
1F
100
AcDbEntity
  8
0
100
AcDbLine
 10
2971.098867523368
 20
1811.863632582091
 30
0.0
 11
2970.424941448206
 21
1811.863632582091
 31
0.0
  0
HATCH
  5
395
330
1F
100
AcDbEntity
  8
0
100
AcDbHatch
 10
0.0
 20
0.0
 30
0.0
210
0.0
220
0.0
230
1.0
  2
SOLID
 70
     1
 71
     1
 91
        1
 92
        1
 93
        3
 72
     1
 10
2972.783682711271
 20
1811.863632582091
 11
2971.607559655191
 21
1813.044535046085
 72
     1
 10
2971.607559655191
 20
1813.044535046085
 11
2970.424941448206
 21
1811.863632582091
 72
     1
 10
2970.424941448206
 20
1811.863632582091
 11
2972.783682711271
 21
1811.863632582091
 97
        3
330
397
330
396
330
398
 75
     0
 76
     1
 98
        1
 10
3585.654647489078
 20
746.6504852427849
450
        0
451
        0
460
0.0
461
0.0
452
        0
462
0.0
453
        0
470

1001
ACAD
1010
0.0
1020
0.0
1030
0.0
  0
LINE
  5
396
102
{ACAD_REACTORS
330
395
102
}
330
1F
100
AcDbEntity
  8
0
100
AcDbLine
 10
2970.424941448206
 20
1811.863632582091
 30
0.0
 11
2971.607559655191
 21
1813.044535046085
 31
0.0
  0
LINE
  5
397
102
{ACAD_REACTORS
330
395
102
}
330
1F
100
AcDbEntity
  8
0
100
AcDbLine
 10
2972.783682711271
 20
1811.863632582091
 30
0.0
 11
2971.607559655191
 21
1813.044535046085
 31
0.0
  0
LINE
  5
398
102
{ACAD_REACTORS
330
395
102
}
330
1F
100
AcDbEntity
  8
0
100
AcDbLine
 10
2970.424941448206
 20
1811.863632582091
 30
0.0
 11
2972.783682711271
 21
1811.863632582091
 31
0.0
  0
TEXT
  5
399
330
1F
100
AcDbEntity
  8
0
100
AcDbText
 10
2969.592515756103
 20
1807.556287205413
 30
0.0
 40
1.166695068662627
  1
Acessante
  7
arial
100
AcDbText
  0
TEXT
  5
39A
330
1F
100
AcDbEntity
  8
0
100
AcDbText
 10
2969.614060987078
 20
1809.429265154566
 30
0.0
 40
1.166695068662627
  1
Acessada
  7
arial
100
AcDbText
  0
LINE
  5
39B
330
1F
100
AcDbEntity
  8
0
100
AcDbLine
 10
2949.956244964389
 20
1797.435899835553
 30
0.0
 11
2949.956244964389
 21
1797.923224525194
 31
0.0
  0
LINE
  5
39C
330
1F
100
AcDbEntity
  8
0
100
AcDbLine
 10
2949.963646669809
 20
1802.199757117916
 30
0.0
 11
2949.963646669809
 21
1814.409552601731
 31
0.0
  0
LINE
  5
39D
330
1F
100
AcDbEntity
  8
0
100
AcDbLine
 10
2949.956244964389
 20
1787.263706356192
 30
0.0
 11
2949.956244964389
 21
1769.839524984815
 31
0.0
  0
LINE
  5
39E
330
1F
100
AcDbEntity
  8
0
100
AcDbLine
 10
2949.956244964389
 20
1778.893972422409
 30
0.0
 11
2965.416767106774
 21
1778.893972422409
 31
0.0
  0
LINE
  5
39F
330
1F
100
AcDbEntity
  8
0
100
AcDbLine
 10
2965.416767106774
 20
1778.893972422409
 30
0.0
 11
2965.416767106774
 21
1773.408701815589
 31
0.0
  0
LINE
  5
3A0
330
1F
100
AcDbEntity
  8
0
100
AcDbLine
 10
2949.9569191565
 20
1793.882380984288
 30
0.0
 11
2959.250445278658
 21
1793.882380984288
 31
0.0
  0
LINE
  5
3A1
330
1F
100
AcDbEntity
  8
0
100
AcDbLine
 10
2959.250445278658
 20
1793.882380984288
 30
0.0
 11
2959.250445278658
 21
1795.467194884735
 31
0.0
  0
LINE
  5
3A2
330
1F
100
AcDbEntity
  8
0
100
AcDbLine
 10
2959.146541712467
 20
1797.925221447745
 30
0.0
 11
2959.146541712467
 21
1799.706028309156
 31
0.0
  0
LINE
  5
3A3
330
1F
100
AcDbEntity
  8
0
100
AcDbLine
 10
2959.146541712467
 20
1799.706028309156
 30
0.0
 11
2954.125351741418
 21
1799.706028309156
 31
0.0
  0
LINE
  5
3A4
330
1F
100
AcDbEntity
  8
0
100
AcDbLine
 10
2952.818556378885
 20
1799.706028309156
 30
0.0
 11
2949.9569191565
 21
1799.706028309156
 31
0.0
  0
LWPOLYLINE
  5
3A5
330
1F
100
AcDbEntity
  8
0
  6
ACAD_ISO02W100
 62
     5
 48
0.2
100
AcDbPolyline
 90
        4
 70
     1
 43
0.0
 10
2948.04675241248
 20
1802.199757117916
 10
2968.311557470138
 20
1802.199757117916
 10
2968.311557470138
 20
1784.182219523578
 10
2948.04675241248
 20
1784.182219523578
  0
ARC
  5
3A6
330
1F
100
AcDbEntity
  8
0
100
AcDbCircle
 10
2954.378336945742
 20
1799.105011298283
 30
0.0
 40
0.6520912213518665
100
AcDbArc
 50
112.8276139623992
 51
266.221796995748
  0
ARC
  5
3A7
330
1F
100
AcDbEntity
  8
0
100
AcDbCircle
 10
2952.61783029201
 20
1800.292827862903
 30
0.0
 40
0.6201811656551117
100
AcDbArc
 50
288.8842404552555
 51
91.38904943005954
  0
ARC
  5
3A8
330
1F
100
AcDbEntity
  8
0
100
AcDbCircle
 10
2952.602796411369
 20
1799.134540403038
 30
0.0
 40
0.6108606964144432
100
AcDbArc
 50
269.9041824564684
 51
69.31643522279211
  0
ARC
  5
3A9
330
1F
100
AcDbEntity
  8
0
100
AcDbCircle
 10
2954.332500854077
 20
1800.287989546944
 30
0.0
 40
0.617729420672767
100
AcDbArc
 50
89.73407884030557
 51
250.4068122177777
  0
LINE
  5
3AA
330
1F
100
AcDbEntity
  8
0
100
AcDbLine
 10
2965.416952883384
 20
1773.412729455518
 30
0.0
 11
2965.416952883384
 21
1773.21035140293
 31
0.0
  0
LINE
  5
3AB
330
1F
100
AcDbEntity
  8
0
100
AcDbLine
 10
2965.416952883384
 20
1773.21035140293
 30
0.0
 11
2966.392184753633
 21
1773.773401785743
 31
0.0
  0
LINE
  5
3AC
330
1F
100
AcDbEntity
  8
0
100
AcDbLine
 10
2965.416952883384
 20
1773.21035140293
 30
0.0
 11
2964.441721013131
 21
1773.773401785743
 31
0.0
  0
TEXT
  5
3AD
330
1F
100
AcDbEntity
  8
0
100
AcDbText
 10
2962.303517668518
 20
1770.850377722571
 30
0.0
 40
1.166695068662627
  1
Cargas
  7
arial
100
AcDbText
  0
TEXT
  5
3AE
330
1F
100
AcDbEntity
  8
0
100
AcDbText
 10
2956.161137420625
 20
1796.181022802939
 30
0.0
 40
1.166695068662627
  1
Medição
  7
arial
100
AcDbText
  0
TEXT
  5
3AF
330
1F
100
AcDbEntity
  8
0
100
AcDbText
 10
2934.828159056116
 20
1798.840434619188
 30
0.0
 40
1.166695068662627
  1
Caixa de Medição
  7
arial
100
AcDbText
  0
TEXT
  5
3B0
330
1F
100
AcDbEntity
  8
0
 62
     7
100
AcDbText
 10
2951.001955250125
 20
1789.62027418647
 30
0.0
 40
1.166695068662627
  1
Dispositivo de Proteção 63A
  7
arial
100
AcDbText
  0
LINE
  5
3B1
330
1F
100
AcDbEntity
  8
0
100
AcDbLine
 10
2949.956316635947
 20
1790.376370254555
 30
0.0
 11
2949.9569191565
 21
1799.706028309156
 31
0.0
  0
TEXT
  5
3B2
330
1F
100
AcDbEntity
  8
0
100
AcDbText
 10
2968.823198686256
 20
1787.139249239663
 30
0.0
 40
1.166695068662627
  1
Padrão de Entrada
  7
arial
100
AcDbText
  0
LINE
  5
3B3
330
1F
100
AcDbEntity
  8
0
100
AcDbLine
 10
2949.956244964389
 20
1769.839524984815
 30
0.0
 11
2949.956244964389
 21
1768.264277929339
 31
0.0
  0
LINE
  5
3B4
330
1F
100
AcDbEntity
  8
0
100
AcDbLine
 10
2949.934932158084
 20
1765.151614030976
 30
0.0
 11
2949.934932158084
 21
1760.810046605893
 31
0.0
  0
LINE
  5
3B5
330
1F
100
AcDbEntity
  8
0
100
AcDbLine
 10
2949.934932158084
 20
1760.810046605893
 30
0.0
 11
2947.141270448016
 21
1760.810046605893
 31
0.0
  0
LINE
  5
3B6
330
1F
100
AcDbEntity
  8
0
100
AcDbLine
 10
2947.141270448016
 20
1760.810046605893
 30
0.0
 11
2947.141270448016
 21
1757.427896588498
 31
0.0
  0
LINE
  5
3B7
330
1F
100
AcDbEntity
  8
0
100
AcDbLine
 10
2947.141270448016
 20
1757.427896588498
 30
0.0
 11
2952.886793916978
 21
1757.427896588498
 31
0.0
  0
LINE
  5
3B8
330
1F
100
AcDbEntity
  8
0
100
AcDbLine
 10
2952.886793916978
 20
1757.427896588498
 30
0.0
 11
2952.886793916978
 21
1760.810046605893
 31
0.0
  0
LINE
  5
3B9
330
1F
100
AcDbEntity
  8
0
100
AcDbLine
 10
2952.886793916978
 20
1760.810046605893
 30
0.0
 11
2947.141270448016
 21
1757.427896588498
 31
0.0
  0
LINE
  5
3BA
330
1F
100
AcDbEntity
  8
0
100
AcDbLine
 10
2950.014032182495
 20
1757.427896588498
 30
0.0
 11
2950.014032182495
 21
1752.63895759531
 31
0.0
  0
CIRCLE
  5
3BB
330
1F
100
AcDbEntity
  8
0
100
AcDbCircle
 10
2949.8804791775
 20
1750.539101256897
 30
0.0
 40
2.157602756376417
  0
TEXT
  5
3BD
330
1F
100
AcDbEntity
  8
0
100
AcDbText
 10
2948.209629395922
 20
1759.64216599361
 30
0.0
 40
0.7882705359375969
  1
CA
  7
arial
100
AcDbText
  0
TEXT
  5
3BE
330
1F
100
AcDbEntity
  8
0
100
AcDbText
 10
2950.879576005969
 20
1758.165650295509
 30
0.0
 40
0.7882705359375969
  1
CC
  7
arial
100
AcDbText
  0
TEXT
  5
3BF
330
1F
100
AcDbEntity
  8
0
100
AcDbText
 10
2949.52497674876
 20
1750.110983591254
 30
0.0
 40
0.7882705359375969
  1
G
  7
arial
100
AcDbText
  0
LINE
  5
3C0
330
1F
100
AcDbEntity
  8
0
100
AcDbLine
 10
2949.934932158084
 20
1760.810046605893
 30
0.0
 11
2952.886793916978
 21
1760.810046605893
 31
0.0
  0
LWPOLYLINE
  5
3C1
330
1F
100
AcDbEntity
  8
0
100
AcDbPolyline
 90
        3
 70
     0
 43
0.0
 10
2949.9569191565
 20
1799.706028309156
 10
2949.963646669809
 20
1802.199757117916
 10
2949.963646669809
 20
1811.27766993569
  0
TEXT
  5
3C2
330
1F
100
AcDbEntity
  8
0
100
AcDbText
 10
2935.839966589105
 20
1819.299575436831
 30
0.0
 40
2.014494299999999
  1
DIAGRAMA UNIFILAR/INFORMATIVO - Modelo 1
  7
arial
 72
     1
 11
2967.34907593358
 21
1820.306822586831
 31
0.0
100
AcDbText
 73
     2
  0
HATCH
  5
3C3
330
1F
100
AcDbEntity
  8
0
 62
     1
 48
0.1
100
AcDbHatch
 10
0.0
 20
0.0
 30
0.0
210
0.0
220
0.0
230
1.0
  2
ANSI31
 70
     0
 71
     1
 91
        1
 92
        1
 93
        4
 72
     1
 10
2949.137868216352
 20
1790.376370254555
 11
2950.774621712426
 21
1790.376370254555
 72
     1
 10
2950.774621712426
 20
1790.376370254555
 11
2950.774621712426
 21
1787.263706356192
 72
     1
 10
2950.774621712426
 20
1787.263706356192
 11
2949.137868216352
 21
1787.263706356192
 72
     1
 10
2949.137868216352
 20
1787.263706356192
 11
2949.137868216352
 21
1790.376370254555
 97
        1
330
3C4
 75
     0
 76
     1
 52
0.0
 41
0.2
 77
     0
 78
     1
 53
45.0
 43
-67.81909895637773
 44
1992.880025695465
 45
-0.4490128060534576
 46
0.4490128060534577
 79
     0
 98
        1
 10
-67.81909895637773
 20
1992.880025695465
1001
ACAD
1010
0.0
1020
0.0
1030
0.0
  0
LWPOLYLINE
  5
3C4
102
{ACAD_REACTORS
330
3C3
102
}
330
1F
100
AcDbEntity
  8
0
 62
     1
 48
0.1
100
AcDbPolyline
 90
        4
 70
     1
 43
0.0
 10
2949.137868216352
 20
1790.376370254555
 10
2950.774621712426
 20
1790.376370254555
 10
2950.774621712426
 20
1787.263706356192
 10
2949.137868216352
 20
1787.263706356192
  0
TEXT
  5
3C5
330
1F
100
AcDbEntity
  8
0
 62
     7
100
AcDbText
 10
2957.182610131503
 20
1781.837264301656
 30
0.0
 40
1.166695068662627
  1
Dispositivo de Seccionamento Visível
  7
arial
100
AcDbText
  0
TEXT
  5
3C6
330
1F
100
AcDbEntity
  8
0
 62
     7
100
AcDbText
 10
2951.001955250125
 20
1787.92715622375
 30
0.0
 40
1.166695068662627
  1
Padrão EDP
  7
arial
100
AcDbText
  0
HATCH
  5
3C7
330
1F
100
AcDbEntity
  8
0
 62
     7
 48
0.1
100
AcDbHatch
 10
0.0
 20
0.0
 30
0.0
210
0.0
220
0.0
230
1.0
  2
ANSI31
 70
     0
 71
     1
 91
        1
 92
        1
 93
        4
 72
     1
 10
2949.137868216352
 20
1768.264277929339
 11
2950.774621712426
 21
1768.264277929339
 72
     1
 10
2950.774621712426
 20
1768.264277929339
 11
2950.774621712426
 21
1765.151614030976
 72
     1
 10
2950.774621712426
 20
1765.151614030976
 11
2949.137868216352
 21
1765.151614030976
 72
     1
 10
2949.137868216352
 20
1765.151614030976
 11
2949.137868216352
 21
1768.264277929339
 97
        1
330
3C8
 75
     0
 76
     1
 52
0.0
 41
0.2
 77
     0
 78
     1
 53
45.0
 43
-67.81909895637773
 44
1970.76793337025
 45
-0.4490128060534576
 46
0.4490128060534577
 79
     0
 98
        1
 10
-67.81909895637773
 20
1970.76793337025
1001
ACAD
1010
0.0
1020
0.0
1030
0.0
  0
LWPOLYLINE
  5
3C8
102
{ACAD_REACTORS
330
3C7
102
}
330
1F
100
AcDbEntity
  8
0
 62
     7
 48
0.1
100
AcDbPolyline
 90
        4
 70
     1
 43
0.0
 10
2949.137868216352
 20
1768.264277929339
 10
2950.774621712426
 20
1768.264277929339
 10
2950.774621712426
 20
1765.151614030976
 10
2949.137868216352
 20
1765.151614030976
  0
LINE
  5
3C9
330
1F
100
AcDbEntity
  8
0
 62
     7
 48
0.1
100
AcDbLine
 10
2984.69454445566
 20
1781.254565939478
 30
0.0
 11
2956.78376212914
 21
1781.254565939478
 31
0.0
  0
LINE
  5
3CA
330
1F
100
AcDbEntity
  8
0
 62
     7
 48
0.1
100
AcDbLine
 10
2951.642307755185
 20
1786.396020313433
 30
0.0
 11
2956.78376212914
 21
1781.254565939478
 31
0.0
  0
HATCH
  5
3CB
330
1F
100
AcDbEntity
  8
0
 62
     7
 48
0.1
100
AcDbHatch
 10
0.0
 20
0.0
 30
0.0
210
0.0
220
0.0
230
1.0
  2
SOLID
 70
     1
 71
     0
 91
        1
 92
        7
 72
     0
 73
     1
 93
        3
 10
2951.123936153358
 20
1785.877648711607
 10
2952.160679357009
 20
1786.914391915258
 10
2950.774621712426
 20
1787.263706356193
 97
        0
 75
     0
 76
     1
 47
0.0132666009269585
 98
        1
 10
2951.242055414804
 20
1786.660117530771
450
        0
451
        0
460
0.0
461
0.0
452
        1
462
1.0
453
        2
463
0.0
 63
     5
421
      255
463
1.0
 63
     7
421
 16777215
470
LINEAR
1001
ACAD
1010
0.0
1020
0.0
1030
0.0
  0
LINE
  5
3CC
330
1F
100
AcDbEntity
  8
0
 62
     7
 48
0.1
100
AcDbLine
 10
2950.774621712426
 20
1787.263706356192
 30
0.0
 11
2951.123936153358
 21
1785.877648711607
 31
0.0
  0
LINE
  5
3CD
330
1F
100
AcDbEntity
  8
0
 62
     7
 48
0.1
100
AcDbLine
 10
2951.123936153358
 20
1785.877648711607
 30
0.0
 11
2952.160679357009
 21
1786.914391915258
 31
0.0
  0
LINE
  5
3CE
330
1F
100
AcDbEntity
  8
0
 62
     7
 48
0.1
100
AcDbLine
 10
2950.774621712427
 20
1787.263706356193
 30
0.0
 11
2952.160679357012
 21
1786.914391915257
 31
0.0
  0
ARC
  5
3CF
330
1F
100
AcDbEntity
  8
0
100
AcDbCircle
 10
2950.209904360825
 20
1793.281363973416
 30
0.0
 40
0.6520912213518665
100
AcDbArc
 50
112.8276139623992
 51
266.221796995748
  0
ARC
  5
3D0
330
1F
100
AcDbEntity
  8
0
100
AcDbCircle
 10
2950.16406826916
 20
1794.464342222076
 30
0.0
 40
0.617729420672767
100
AcDbArc
 50
89.73407884030557
 51
250.4068122177777
  0
LWPOLYLINE
  5
3D1
330
1F
100
AcDbEntity
  8
0
 62
     7
 48
0.1
100
AcDbPolyline
 90
        4
 70
     1
 43
0.0
 10
2955.966064790412
 20
1797.925221447745
 10
2962.534825766904
 20
1797.925221447745
 10
2962.534825766904
 20
1795.467194884735
 10
2955.966064790412
 20
1795.467194884735
  0
TEXT
  5
3D2
330
1F
100
AcDbEntity
  8
0
100
AcDbText
 10
3001.132476851337
 20
1817.385453724541
 30
0.0
 40
1.458368835828284
  1
MODELO A SER ADOTADO QUANDO O MEDIDOR
  7
arial
 72
     1
 11
3025.130403598339
 21
1818.114638142455
 31
0.0
100
AcDbText
 73
     2
  0
TEXT
  5
3D3
330
1F
100
AcDbEntity
  8
0
100
AcDbText
 10
3001.082950345866
 20
1815.117148038233
 30
0.0
 40
1.458368835828284
  1
ESTIVER INSTALADO EM CAIXA COM TAMPA
  7
arial
 72
     1
 11
3023.102728095565
 21
1815.846332456147
 31
0.0
100
AcDbText
 73
     2
  0
TEXT
  5
3D4
330
1F
100
AcDbEntity
  8
0
100
AcDbText
 10
3001.085109276252
 20
1812.747622078739
 30
0.0
 40
1.458368835828284
  1
TRANSPARENTE (MEDIÇÃO DIRETA ATÉ 200A)
  7
arial
 72
     1
 11
3024.00915528773
 21
1813.476806496653
 31
0.0
100
AcDbText
 73
     2
  0
TEXT
  5
3D5
330
1F
100
AcDbEntity
  8
0
100
AcDbText
 10
3001.447451515407
 20
1820.62473603516
 30
0.0
 40
1.458368835828284
  1
ATENÇÃO:
  7
arial
 72
     1
 11
3006.653211486682
 21
1821.353920453075
 31
0.0
100
AcDbText
 73
     2
  0
LINE
  5
3D6
330
1F
100
AcDbEntity
  8
0
 62
     7
 48
0.1
100
AcDbLine
 10
2968.311557470138
 20
1790.295896978564
 30
0.0
 11
3001.238522559153
 21
1819.657655471909
 31
0.0
  0
LWPOLYLINE
  5
3D7
330
1F
100
AcDbEntity
  8
0
 62
     7
 48
0.1
100
AcDbPolyline
 90
        4
 70
     1
 43
0.0
 10
3001.238522559153
 20
1820.069810912963
 10
3011.890360248938
 20
1820.069810912963
 10
3011.890360248938
 20
1819.657655471909
 10
3001.238522559153
 20
1819.657655471909
  0
TEXT
  5
3D8
330
1F
100
AcDbEntity
  8
0
100
AcDbText
 10
2953.343606450885
 20
1758.166606286599
 30
0.0
 40
0.6965448392619189
  1
Marca
  7
arial
100
AcDbText
  0
TEXT
  5
3D9
330
1F
100
AcDbEntity
  8
0
100
AcDbText
 10
2953.311095463553
 20
1757.177870976845
 30
0.0
 40
0.6965448392619189
  1
Modelo
  7
arial
100
AcDbText
  0
TEXT
  5
3DA
330
1F
100
AcDbEntity
  8
0
100
AcDbText
 10
2953.311095463553
 20
1756.237230161871
 30
0.0
 40
0.6965448392619189
  1
Quantidade
  7
arial
100
AcDbText
  0
TEXT
  5
3DB
330
1F
100
AcDbEntity
  8
0
 62
     1
 48
0.1
100
AcDbText
 10
2956.704070193565
 20
1757.101990947616
 30
0.0
 40
0.6965448392619189
  1
CSI-5K-S2203A-E (220V) 
  7
arial
100
AcDbText
  0
TEXT
  5
3DC
330
1F
100
AcDbEntity
  8
0
 62
     1
 48
0.1
100
AcDbText
 10
2958.461466117853
 20
1756.157153797013
 30
0.0
 40
0.6965448392619189
  1
01
  7
arial
100
AcDbText
  0
TEXT
  5
3DD
330
1F
100
AcDbEntity
  8
0
 62
     1
 48
0.1
100
AcDbText
 10
2956.262255300742
 20
1758.103692687246
 30
0.0
 40
0.6965448392619189
  1
CANADIAN
  7
arial
100
AcDbText
  0
TEXT
  5
3DE
330
1F
100
AcDbEntity
  8
0
100
AcDbText
 10
2953.376117438217
 20
1759.155341596353
 30
0.0
 40
0.6965448392619189
  1
Inversor 
  7
arial
100
AcDbText
  0
TEXT
  5
3DF
330
1F
100
AcDbEntity
  8
0
100
AcDbText
 10
2947.330645798708
 20
1746.162192508473
 30
0.0
 40
0.6965448392619189
  1
Marca
  7
arial
100
AcDbText
  0
TEXT
  5
3E0
330
1F
100
AcDbEntity
  8
0
100
AcDbText
 10
2947.330645798708
 20
1745.267741822582
 30
0.0
 40
0.6965448392619189
  1
Modelo
  7
arial
100
AcDbText
  0
TEXT
  5
3E1
330
1F
100
AcDbEntity
  8
0
100
AcDbText
 10
2947.330645798708
 20
1744.327101007609
 30
0.0
 40
0.6965448392619189
  1
Quantidade
  7
arial
100
AcDbText
  0
TEXT
  5
3E2
330
1F
100
AcDbEntity
  8
0
 62
     1
 48
0.1
100
AcDbText
 10
2950.341226356259
 20
1746.051906019867
 30
0.0
 40
0.6965448392619189
  1
CANADIAN
  7
arial
100
AcDbText
  0
TEXT
  5
3E3
330
1F
100
AcDbEntity
  8
0
 62
     1
 48
0.1
100
AcDbText
 10
2950.72362052872
 20
1745.191861793353
 30
0.0
 40
0.6965448392619189
  1
HMB132T12R - Bifacial N-Type - 620 Wp
  7
arial
100
AcDbText
  0
TEXT
  5
3E4
330
1F
100
AcDbEntity
  8
0
 62
     1
 48
0.1
100
AcDbText
 10
2952.481016453008
 20
1744.247024642749
 30
0.0
 40
0.6965448392619189
  1
11
  7
arial
100
AcDbText
  0
TEXT
  5
3E5
330
1F
100
AcDbEntity
  8
0
100
AcDbText
 10
2947.330645798708
 20
1747.056643194363
 30
0.0
 40
0.6965448392619189
  1
Gerador 
  7
arial
100
AcDbText
  0
TEXT
  5
3E6
330
1F
100
AcDbEntity
  8
0
100
AcDbText
 10
3018.287527155122
 20
1781.625423802494
 30
0.0
 40
0.5314763437153188
  1
DETALHE DA PLACA DE
  7
arial
 72
     1
 11
3022.558008458529
 21
1781.891161974351
 31
0.0
100
AcDbText
 73
     2
  0
TEXT
  5
3E7
330
1F
100
AcDbEntity
  8
0
100
AcDbText
 10
3017.149316011083
 20
1780.730032412852
 30
0.0
 40
0.5314763437153188
  1
ADVERTÊNCIA DE SEGURANÇA
  7
arial
 72
     1
 11
3022.863230508557
 21
1780.99577058471
 31
0.0
100
AcDbText
 73
     2
  0
LWPOLYLINE
  5
3E8
330
1F
100
AcDbEntity
  8
0
 62
   250
100
AcDbPolyline
 90
        4
 70
     1
 43
0.0
 10
3019.707054074725
 20
1787.335047900095
 10
3025.761920396018
 20
1787.335047900095
 10
3025.761920396018
 20
1783.53054220992
 10
3019.707054074725
 20
1783.53054220992
  0
HATCH
  5
3E9
330
1F
100
AcDbEntity
  8
0
 62
   250
100
AcDbHatch
 10
0.0
 20
0.0
 30
0.0
210
0.0
220
0.0
230
1.0
  2
SOLID
 70
     1
 71
     0
 91
        1
 92
        1
 93
        4
 72
     1
 10
3020.1345152688
 20
1787.102965597027
 11
3025.277896784431
 21
1787.102965597027
 72
     1
 10
3025.277896784432
 20
1787.102965597027
 11
3025.277896784432
 21
1785.908284580169
 72
     1
 10
3025.277896784432
 20
1785.908284580169
 11
3020.134515268801
 21
1785.908284580169
 72
     1
 10
3020.1345152688
 20
1785.908284580169
 11
3020.1345152688
 21
1787.102965597027
 97
        0
 75
     0
 76
     1
 98
        1
 10
3101.79322550395
 20
1801.288745467541
450
        0
451
        0
460
0.0
461
0.0
452
        0
462
0.0
453
        0
470

1001
ACAD
1010
0.0
1020
0.0
1030
0.0
  0
HATCH
  5
3EA
330
1F
100
AcDbEntity
  8
0
 62
     2
100
AcDbHatch
 10
0.0
 20
0.0
 30
0.0
210
0.0
220
0.0
230
1.0
  2
SOLID
 70
     1
 71
     1
 91
        2
 92
        7
 72
     0
 73
     1
 93
        4
 10
3019.707054074725
 20
1787.335047900095
 10
3019.707054074725
 20
1783.53054220992
 10
3025.761920396018
 20
1783.53054220992
 10
3025.761920396018
 20
1787.335047900095
 97
        1
330
3FF
 92
       24
 93
        4
 72
     1
 10
3020.84129587471
 20
1785.919072823192
 11
3024.823257945375
 21
1785.919072823192
 72
     1
 10
3024.823257945375
 20
1785.919072823192
 11
3024.823257945375
 21
1787.101101654426
 72
     1
 10
3024.823257945375
 20
1787.101101654426
 11
3020.84129587471
 21
1787.101101654426
 72
     1
 10
3020.84129587471
 20
1787.101101654426
 11
3020.84129587471
 21
1785.919072823192
 97
        1
330
400
 75
     1
 76
     1
 47
0.4700850936995802
 98
        1
 10
3023.451610825322
 20
1787.212475251982
450
        0
451
        0
460
0.0
461
0.0
452
        0
462
0.0
453
        0
470

1001
GradientColor1ACI
1070
     5
1001
GradientColor2ACI
1070
     2
1001
ACAD
1010
0.0
1020
0.0
1030
0.0
  0
LINE
  5
3EB
330
1F
100
AcDbEntity
  8
0
 62
   253
100
AcDbLine
 10
3022.431194602408
 20
1781.277562010285
 30
0.0
 11
3022.908719036957
 21
1781.277562010285
 31
0.0
  0
LINE
  5
3EC
330
1F
100
AcDbEntity
  8
0
 62
   253
100
AcDbLine
 10
3026.126553956253
 20
1787.179974534776
 30
0.0
 11
3026.126567958951
 21
1783.674293127354
 31
0.0
  0
LINE
  5
3ED
330
1F
100
AcDbEntity
  8
0
 62
   253
100
AcDbLine
 10
3026.365316173527
 20
1783.531593386397
 30
0.0
 11
3025.887791738978
 21
1783.530761490531
 31
0.0
  0
LINE
  5
3EE
330
1F
100
AcDbEntity
  8
0
 62
   253
100
AcDbLine
 10
3022.669956819683
 20
1781.277562010285
 30
0.0
 11
3022.577464031841
 21
1781.133811092851
 31
0.0
  0
LINE
  5
3EF
330
1F
100
AcDbEntity
  8
0
 62
   253
100
AcDbLine
 10
3022.762421602131
 20
1781.133811092851
 30
0.0
 11
3022.669956819683
 21
1781.277562010285
 31
0.0
  0
LINE
  5
3F0
330
1F
100
AcDbEntity
  8
0
 62
   253
100
AcDbLine
 10
3022.577464031841
 20
1781.133811092851
 30
0.0
 11
3022.762421602131
 21
1781.133811092851
 31
0.0
  0
LINE
  5
3F1
330
1F
100
AcDbEntity
  8
0
 62
   253
100
AcDbLine
 10
3026.126553956253
 20
1783.53054220992
 30
0.0
 11
3026.219046744096
 21
1783.674293127354
 31
0.0
  0
LINE
  5
3F2
330
1F
100
AcDbEntity
  8
0
 62
   253
100
AcDbLine
 10
3026.034089173805
 20
1783.674293127354
 30
0.0
 11
3026.126553956253
 21
1783.53054220992
 31
0.0
  0
LINE
  5
3F3
330
1F
100
AcDbEntity
  8
0
 62
   253
100
AcDbLine
 10
3026.219046744096
 20
1783.674293127354
 30
0.0
 11
3026.034089173805
 21
1783.674293127354
 31
0.0
  0
LINE
  5
3F4
330
1F
100
AcDbEntity
  8
0
 62
   253
100
AcDbLine
 10
3026.805448287411
 20
1776.920481380873
 30
0.0
 11
3026.805448287411
 21
1777.398005815422
 31
0.0
  0
LINE
  5
3F5
330
1F
100
AcDbEntity
  8
0
 62
   253
100
AcDbLine
 10
3019.850804992159
 20
1783.205407040073
 30
0.0
 11
3025.617534250039
 21
1783.205421042771
 31
0.0
  0
LINE
  5
3F6
330
1F
100
AcDbEntity
  8
0
 62
   253
100
AcDbLine
 10
3025.76086921954
 20
1783.444169257348
 30
0.0
 11
3025.761701115406
 21
1782.966644822799
 31
0.0
  0
LINE
  5
3F7
330
1F
100
AcDbEntity
  8
0
 62
   253
100
AcDbLine
 10
3026.805448287411
 20
1777.159243598148
 30
0.0
 11
3026.949199204845
 21
1777.066750810305
 31
0.0
  0
LINE
  5
3F8
330
1F
100
AcDbEntity
  8
0
 62
   253
100
AcDbLine
 10
3026.949199204845
 20
1777.251708380596
 30
0.0
 11
3026.805448287411
 21
1777.159243598148
 31
0.0
  0
LINE
  5
3F9
330
1F
100
AcDbEntity
  8
0
 62
   253
100
AcDbLine
 10
3026.949199204845
 20
1777.066750810305
 30
0.0
 11
3026.949199204845
 21
1777.251708380596
 31
0.0
  0
LINE
  5
3FA
330
1F
100
AcDbEntity
  8
0
 62
   253
100
AcDbLine
 10
3025.761285167473
 20
1783.205407040073
 30
0.0
 11
3025.617534250039
 21
1783.297899827917
 31
0.0
  0
LINE
  5
3FB
330
1F
100
AcDbEntity
  8
0
 62
   253
100
AcDbLine
 10
3025.617534250039
 20
1783.112942257625
 30
0.0
 11
3025.761285167473
 21
1783.205407040073
 31
0.0
  0
LINE
  5
3FC
330
1F
100
AcDbEntity
  8
0
 62
   253
100
AcDbLine
 10
3025.617534250039
 20
1783.297899827917
 30
0.0
 11
3025.617534250039
 21
1783.112942257625
 31
0.0
  0
MTEXT
  5
3FD
330
1F
100
AcDbEntity
  8
0
 62
     3
100
AcDbMText
 10
3022.391191471603
 20
1783.029305888496
 30
0.0
 40
0.344161721269203
 41
156.8935696087749
 46
0.0
 71
     1
 72
     5
  1
250
 73
     1
 44
1.0
101
Embedded Object
 70
     1
 10
1.0
 20
0.0
 30
0.0
 11
3022.391191471603
 21
1783.029305888496
 31
0.0
 40
156.8935696087749
 41
0.0
 42
0.7650907569006362
 43
0.3514393565757141
 71
     2
 72
     1
 44
156.8935696087749
 45
23.74435655359198
 73
     0
 74
     0
 46
0.0
  0
MTEXT
  5
3FE
330
1F
100
AcDbEntity
  8
0
 62
     3
100
AcDbMText
 10
3026.615025203048
 20
1785.820338653443
 30
0.0
 40
0.344161721269203
 41
156.8935696087749
 46
0.0
 71
     1
 72
     5
  1
150
 11
-0.0000000000000002
 21
-1.0
 31
0.0
 73
     1
 44
1.0
101
Embedded Object
 70
     1
 10
-0.0000000000000002
 20
-1.0
 30
0.0
 11
3026.615025203048
 21
1785.820338653443
 31
0.0
 40
156.8935696087749
 41
0.0
 42
0.7268244809341422
 43
0.3514393565757141
 71
     2
 72
     1
 44
156.8935696087749
 45
23.74435655359198
 73
     0
 74
     0
 46
0.0
  0
LWPOLYLINE
  5
3FF
102
{ACAD_REACTORS
330
3EA
102
}
330
1F
100
AcDbEntity
  8
0
 62
   250
100
AcDbPolyline
 90
        4
 70
     1
 43
0.0
 10
3019.707054074725
 20
1787.335047900095
 10
3025.761920396018
 20
1787.335047900095
 10
3025.761920396018
 20
1783.53054220992
 10
3019.707054074725
 20
1783.53054220992
  0
MTEXT
  5
400
102
{ACAD_REACTORS
330
3EA
102
}
330
1F
100
AcDbEntity
  8
0
 62
     2
100
AcDbMText
 10
3021.024606204878
 20
1786.816060938255
 30
0.0
 40
0.5736028687820049
 41
383.9647798420945
 46
0.0
 71
     1
 72
     5
  1
CUIDADO
 73
     1
 44
1.0
101
Embedded Object
 70
     1
 10
1.0
 20
0.0
 30
0.0
 11
3021.024606204878
 21
1786.816060938255
 31
0.0
 40
383.9647798420945
 41
0.0
 42
3.619254117485365
 43
0.5935576752675999
 71
     2
 72
     1
 44
383.9647798420945
 45
23.74435655359198
 73
     0
 74
     0
 46
0.0
  0
MTEXT
  5
401
330
1F
100
AcDbEntity
  8
0
 62
   250
100
AcDbMText
 10
3020.453601416907
 20
1785.700170458887
 30
0.0
 40
0.344161721269203
 41
1201.969322834914
 46
0.0
 71
     1
 72
     5
  1
RISCO DE CHOQUE
 73
     1
 44
1.0
101
Embedded Object
 70
     1
 10
1.0
 20
0.0
 30
0.0
 11
3020.453601416907
 21
1785.700170458887
 31
0.0
 40
1201.969322834914
 41
0.0
 42
4.504386729871894
 43
0.3770284613631242
 71
     2
 72
     1
 44
1201.969322834914
 45
23.74435655359198
 73
     0
 74
     0
 46
0.0
  0
MTEXT
  5
402
102
{ACAD_XDICTIONARY
360
403
102
}
330
1F
100
AcDbEntity
  8
0
 62
   250
100
AcDbMText
 10
3021.468787371761
 20
1785.194033293183
 30
0.0
 40
0.344161721269203
 41
993.482895976807
 46
0.0
 71
     1
 72
     5
  1
ELÉTRICO
 73
     1
 44
1.0
101
Embedded Object
 70
     1
 10
1.0
 20
0.0
 30
0.0
 11
3021.468787371761
 21
1785.194033293183
 31
0.0
 40
993.482895976807
 41
0.0
 42
2.344807143272032
 43
0.4368928808199092
 71
     2
 72
     1
 44
993.482895976807
 45
23.74435655359198
 73
     0
 74
     0
 46
0.0
  0
MTEXT
  5
404
102
{ACAD_XDICTIONARY
360
405
102
}
330
1F
100
AcDbEntity
  8
0
 62
   250
100
AcDbMText
 10
3020.453601416907
 20
1784.630663268248
 30
0.0
 40
0.344161721269203
 41
1185.866490363301
 46
0.0
 71
     1
 72
     5
  1
GERAÇÃO PRÓPRIA
 73
     1
 44
1.0
101
Embedded Object
 70
     1
 10
1.0
 20
0.0
 30
0.0
 11
3020.453601416907
 21
1784.630663268248
 31
0.0
 40
1185.866490363301
 41
0.0
 42
4.677171877794223
 43
0.5298588027998577
 71
     2
 72
     1
 44
1185.866490363301
 45
23.74435655359198
 73
     0
 74
     0
 46
0.0
  0
LWPOLYLINE
  5
406
330
1F
100
AcDbEntity
  8
0
 62
   250
100
AcDbPolyline
 90
        4
 70
     1
 43
0.0
 10
3019.707054074725
 20
1787.335047900095
 10
3025.761920396018
 20
1787.335047900095
 10
3025.761920396018
 20
1783.53054220992
 10
3019.707054074725
 20
1783.53054220992
  0
OLE2FRAME
  5
407
330
1F
100
AcDbEntity
  8
ARQ-FOLHA
 62
     7
 48
0.1
100
AcDbOle2Frame
 70
     2
  1
OLE
1001
ACAD
1000
OLEBEGIN
1070
    70
1070
     1
1070
    71
1070
     1
1070
    40
1040
0.0
1070
    41
1040
10.71416488962677
1070
    42
1040
2.288469877303896
1070
    72
1070
     0
1070
     3
1000

1070
    90
1071
        0
1070
    43
1040
0.0
1070
     4
1000

1070
    91
1071
        0
1070
    44
1040
0.0
1000
OLEEND
  0
OLE2FRAME
  5
408
330
1F
100
AcDbEntity
  8
ARQ-FOLHA
 48
0.1
100
AcDbOle2Frame
 70
     2
  1
OLE
1001
ACAD
1000
OLEBEGIN
1070
    70
1070
     1
1070
    71
1070
     1
1070
    40
1040
0.0
1070
    41
1040
6.699052685550668
1070
    42
1040
4.78572496476363
1070
    72
1070
     0
1070
     3
1000

1070
    90
1071
        0
1070
    43
1040
0.0
1070
     4
1000

1070
    91
1071
        0
1070
    44
1040
0.0
1000
OLEEND
  0
OLE2FRAME
  5
409
330
1F
100
AcDbEntity
  8
ARQ-FOLHA
 48
0.1
100
AcDbOle2Frame
 70
     2
  1
OLE
1001
ACAD
1000
OLEBEGIN
1070
    70
1070
     1
1070
    71
1070
     1
1070
    40
1040
0.0
1070
    41
1040
6.996183040330834
1070
    42
1040
4.774609391565036
1070
    72
1070
     0
1070
     3
1000

1070
    90
1071
        0
1070
    43
1040
0.0
1070
     4
1000

1070
    91
1071
        0
1070
    44
1040
0.0
1000
OLEEND
  0
OLE2FRAME
  5
40A
330
1F
100
AcDbEntity
  8
ARQ-FOLHA
 62
     1
 48
0.1
100
AcDbOle2Frame
 70
     2
  1
OLE
1001
ACAD
1000
OLEBEGIN
1070
    70
1070
     1
1070
    71
1070
     1
1070
    40
1040
0.0
1070
    41
1040
8.592227893378094
1070
    42
1040
4.108269437070703
1070
    72
1070
     0
1070
     3
1000

1070
    90
1071
        0
1070
    43
1040
0.0
1070
     4
1000

1070
    91
1071
        0
1070
    44
1040
0.0
1000
OLEEND
  0
TEXT
  5
40B
330
1F
100
AcDbEntity
  8
0
100
AcDbText
 10
3025.553267702391
 20
1789.053181467379
 30
0.0
 40
0.55958175
  1
OPERACIONAIS DE SEGURANÇA DA EDP
  7
arial
 72
     1
 11
3033.328820252442
 21
1789.332972342379
 31
0.0
100
AcDbText
 73
     2
  0
TEXT
  5
40C
330
1F
100
AcDbEntity
  8
0
100
AcDbText
 10
3019.625174681671
 20
1790.349702690362
 30
0.0
 40
0.55958175
  1
OS CRITÉRIOS PARA  ATENDIMENTOS ADMINISTRATIVOS  E TÉCNICOS 
  7
arial
 72
     1
 11
3033.328820252442
 21
1790.629493565362
 31
0.0
100
AcDbText
 73
     2
  0
TEXT
  5
40D
330
1F
100
AcDbEntity
  8
0
100
AcDbText
 10
3018.256756827817
 20
1791.775887220747
 30
0.0
 40
0.55958175
  1
RECOMENDAÇÕES PARA COMPOSIÇÃO DO PROJETO EM QUESTÃO SEGUNDO
  7
arial
 72
     1
 11
3033.328820252442
 21
1792.055678095747
 31
0.0
100
AcDbText
 73
     2
  0
LWPOLYLINE
  5
40E
330
1F
100
AcDbEntity
  8
ARQ-FOLHA
 62
     7
 48
0.1
100
AcDbPolyline
 90
        4
 70
     1
 43
0.0
 10
3018.022263445193
 20
1792.666976224793
 10
3048.555579841734
 20
1792.666976224793
 10
3048.555579841734
 20
1788.808786769973
 10
3018.022263445193
 20
1788.808786769973
  0
LWPOLYLINE
  5
40F
330
1F
100
AcDbEntity
  8
ARQ-FOLHA
 62
     7
 48
0.1
100
AcDbPolyline
 90
        4
 70
     1
 43
0.0
 10
3017.901636541647
 20
1792.814787361935
 10
3048.677320627608
 20
1792.814787361935
 10
3048.677320627608
 20
1788.626455608465
 10
3017.901636541647
 20
1788.626455608465
  0
TEXT
  5
43B
330
1F
100
AcDbEntity
  8
0
100
AcDbText
 10
2943.80698817201
 20
1780.098422662485
 30
0.0
 40
0.6965448392619189
  1
2#16(16)MM²
  7
arial
100
AcDbText
  0
MTEXT
  5
43D
102
{ACAD_XDICTIONARY
360
FD7
102
}
330
1F
100
AcDbEntity
  8
0
100
AcDbMText
 10
3035.937026436462
 20
1754.120243866972
 30
0.0
 40
0.2941213174020872
 41
13.26606957169952
 46
0.0
 71
     1
 72
     5
  1
Rua Jose Scarpati, s/n Casa 10, Cx, 02 Bairro São Jose, Linhares/ES, CEP 29905-174.
  7
arial
 73
     1
 44
1.0
101
Embedded Object
 70
     1
 10
1.0
 20
0.0
 30
0.0
 11
3035.937026436462
 21
1754.120243866972
 31
0.0
 40
13.26606957169952
 41
0.0
 42
12.74371893592304
 43
0.7993706473185876
 71
     2
 72
     1
 44
13.26606957169952
 45
22.56675877202807
 73
     0
 74
     0
 46
0.0
  0
MTEXT
  5
43E
330
1F
100
AcDbEntity
  8
0
100
AcDbMText
 10
3037.69841885074
 20
1751.996165617671
 30
0.0
 40
0.2653775309720856
 41
11.44794049246866
 46
0.0
 71
     1
 72
     5
  1
{\H1.16667x;STYVEN ROCHA DOS SANTOS}
  7
arial
 73
     1
 44
1.0
101
Embedded Object
 70
     1
 10
1.0
 20
0.0
 30
0.0
 11
3037.69841885074
 21
1751.996165617671
 31
0.0
 40
11.44794049246866
 41
0.0
 42
6.326689616372133
 43
0.3203788145687661
 71
     2
 72
     1
 44
11.44794049246866
 45
12.5
 73
     0
 74
     0
 46
0.0
  0
MTEXT
  5
43F
330
1F
100
AcDbEntity
  8
0
100
AcDbMText
 10
3037.676298883119
 20
1750.24199575474
 30
0.0
 40
0.2391923296656081
 41
9.505569682272835
 46
0.0
 71
     1
 72
     5
  1
LUAN PARDIM MUNIZ\PCRT ES 14487106770
  7
arial
 73
     1
 44
1.0
101
Embedded Object
 70
     1
 10
1.0
 20
0.0
 30
0.0
 11
3037.676298883119
 21
1750.24199575474
 31
0.0
 40
9.505569682272835
 41
0.0
 42
3.401719564255294
 43
0.6460042045857418
 71
     2
 72
     1
 44
9.505569682272835
 45
18.35227603140365
 73
     0
 74
     0
 46
0.0
  0
MTEXT
  5
440
330
1F
100
AcDbEntity
  8
0
100
AcDbMText
 10
3037.738330015465
 20
1748.039809576676
 30
0.0
 40
0.2391923296656081
 41
6.474380661291888
 46
0.0
 71
     1
 72
     5
  1
LUAN PARDIM MUNIZ\PCRT ES 14487106770
  7
arial
 73
     1
 44
1.0
101
Embedded Object
 70
     1
 10
1.0
 20
0.0
 30
0.0
 11
3037.738330015465
 21
1748.039809576676
 31
0.0
 40
6.474380661291888
 41
0.0
 42
3.401719564255294
 43
0.6460042045857418
 71
     2
 72
     1
 44
6.474380661291888
 45
12.5
 73
     0
 74
     0
 46
0.0
  0
TEXT
  5
441
330
1F
100
AcDbEntity
  8
0
100
AcDbText
 10
3035.657442606401
 20
1745.241705084676
 30
0.0
 40
0.2151954049147027
  1
PROJETO DE MICROGERAÇÃO DISTRBUIDA SOLAR FOTOVOLTAICA DE POTÊNCIA 7,0 KWP 
  7
arial
100
AcDbText
  0
TEXT
  5
444
330
1F
100
AcDbEntity
  8
0
100
AcDbText
 10
3046.781598980333
 20
1742.202157296646
 30
0.0
 40
0.1629173469112987
  1
20/01/2026
  7
arial
100
AcDbText
  0
TEXT
  5
F6E
330
1F
100
AcDbEntity
  8
0
100
AcDbText
 10
2945.122564286162
 20
1754.242552517584
 30
0.0
 40
0.6965448392619189
  1
2#4MM²
  7
arial
100
AcDbText
  0
MTEXT
  5
F70
330
1F
100
AcDbEntity
  8
0
100
AcDbMText
 10
3039.168891479024
 20
1743.228538443497
 30
0.0
 40
0.1629173469112987
 41
6.474380661291888
 46
0.0
 71
     1
 72
     5
  1
CFT2605395542
  7
arial
 73
     1
 44
1.0
101
Embedded Object
 70
     1
 10
1.0
 20
0.0
 30
0.0
 11
3039.168891479024
 21
1743.228538443497
 31
0.0
 40
6.474380661291888
 41
0.0
 42
1.684849861202046
 43
0.1685850035910233
 71
     2
 72
     1
 44
6.474380661291888
 45
12.5
 73
     0
 74
     0
 46
0.0
  0
TEXT
  5
107F
330
1F
100
AcDbEntity
  8
0
100
AcDbText
 10
2938.08833448571
 20
1766.618740499861
 30
0.0
 40
0.6060396781976062
  1
Dispositivo de Proteção 32A
  7
arial
100
AcDbText
  0
TEXT
  5
1080
330
1F
100
AcDbEntity
  8
0
100
AcDbText
 10
2943.741956590449
 20
1762.111665386928
 30
0.0
 40
0.6965448392619189
  1
2#10(10)MM²
  7
arial
100
AcDbText
  0
TEXT
  5
108B
330
1F
100
AcDbEntity
  8
0
100
AcDbText
 10
3039.043323272923
 20
1742.230384525177
 30
0.0
 40
0.1629173469112987
  1
SEM ESCALA
  7
arial
100
AcDbText
  0
LINE
  5
121A
330
1F
100
AcDbEntity
  8
ARQ-FOLHA
 62
     7
 48
0.1
100
AcDbLine
 10
3020.803442288343
 20
1810.64543586541
 30
0.0
 11
3020.803442288343
 21
1805.093404792497
 31
0.0
  0
LINE
  5
121B
330
1F
100
AcDbEntity
  8
ARQ-FOLHA
 62
     7
 48
0.1
100
AcDbLine
 10
3028.576285790421
 20
1809.257428097182
 30
0.0
 11
3028.576285790421
 21
1802.31738925604
 31
0.0
  0
LINE
  5
121C
330
1F
100
AcDbEntity
  8
ARQ-FOLHA
 62
     7
 48
0.1
100
AcDbLine
 10
3020.803442288343
 20
1805.093404792497
 30
0.0
 11
3029.686692005004
 21
1805.093404792497
 31
0.0
  0
LINE
  5
121D
330
1F
100
AcDbEntity
  8
ARQ-FOLHA
 62
     7
 48
0.1
100
AcDbLine
 10
3044.759034815112
 20
1802.31738925604
 30
0.0
 11
3044.759034815112
 21
1810.64543586541
 31
0.0
  0
LINE
  5
121E
330
1F
100
AcDbEntity
  8
ARQ-FOLHA
 62
     7
 48
0.1
100
AcDbLine
 10
3044.759034815112
 20
1810.64543586541
 30
0.0
 11
3020.803442288343
 21
1810.64543586541
 31
0.0
  0
LINE
  5
121F
330
1F
100
AcDbEntity
  8
ARQ-FOLHA
 62
     7
 48
0.1
100
AcDbLine
 10
3044.759034815112
 20
1809.257428097182
 30
0.0
 11
3020.803442288343
 21
1809.257428097182
 31
0.0
  0
LINE
  5
1220
330
1F
100
AcDbEntity
  8
ARQ-FOLHA
 62
     7
 48
0.1
100
AcDbLine
 10
3044.759034815112
 20
1807.869420328953
 30
0.0
 11
3020.803442288343
 21
1807.869420328954
 31
0.0
  0
LINE
  5
1221
330
1F
100
AcDbEntity
  8
ARQ-FOLHA
 62
     7
 48
0.1
100
AcDbLine
 10
3044.759034815112
 20
1806.481412560725
 30
0.0
 11
3020.803442288343
 21
1806.481412560725
 31
0.0
  0
TEXT
  5
1222
330
1F
100
AcDbEntity
  8
0
 62
     7
100
AcDbText
 10
3026.870861095693
 20
1809.776609418414
 30
0.0
 40
0.5786566778892953
  1
MÓDULOS 
  7
arial
100
AcDbText
1001
ACAD
1000
ACAD_MTEXT_DEFINED_HEIGHT_BEGIN
1070
    46
1040
0.0
1000
ACAD_MTEXT_DEFINED_HEIGHT_END
  0
TEXT
  5
1223
330
1F
100
AcDbEntity
  8
0
 62
     7
100
AcDbText
 10
3021.500490207175
 20
1808.264108585575
 30
0.0
 40
0.5786566778892953
  1
Fabricante
  7
arial
100
AcDbText
1001
ACAD
1000
ACAD_MTEXT_DEFINED_HEIGHT_BEGIN
1070
    46
1040
0.0
1000
ACAD_MTEXT_DEFINED_HEIGHT_END
  0
TEXT
  5
1224
330
1F
100
AcDbEntity
  8
0
 62
     7
100
AcDbText
 10
3021.500490207175
 20
1806.908077594556
 30
0.0
 40
0.5786566778892953
  1
Modelo
  7
arial
100
AcDbText
1001
ACAD
1000
ACAD_MTEXT_DEFINED_HEIGHT_BEGIN
1070
    46
1040
0.0
1000
ACAD_MTEXT_DEFINED_HEIGHT_END
  0
TEXT
  5
1225
330
1F
100
AcDbEntity
  8
0
 62
     7
100
AcDbText
 10
3021.500490207175
 20
1805.525958053712
 30
0.0
 40
0.5786566778892953
  1
Potência Nominal
  7
arial
100
AcDbText
1001
ACAD
1000
ACAD_MTEXT_DEFINED_HEIGHT_BEGIN
1070
    46
1040
0.0
1000
ACAD_MTEXT_DEFINED_HEIGHT_END
  0
LINE
  5
1226
330
1F
100
AcDbEntity
  8
ARQ-FOLHA
 62
     7
 48
0.1
100
AcDbLine
 10
3020.803442288343
 20
1805.093404792497
 30
0.0
 11
3020.803442288343
 21
1802.31738925604
 31
0.0
  0
LINE
  5
1227
330
1F
100
AcDbEntity
  8
ARQ-FOLHA
 62
     7
 48
0.1
100
AcDbLine
 10
3044.759034815112
 20
1805.093404792497
 30
0.0
 11
3020.803442288343
 21
1805.093404792497
 31
0.0
  0
LINE
  5
1228
330
1F
100
AcDbEntity
  8
ARQ-FOLHA
 62
     7
 48
0.1
100
AcDbLine
 10
3044.759034815112
 20
1803.705397024269
 30
0.0
 11
3020.803442288343
 21
1803.705397024269
 31
0.0
  0
LINE
  5
1229
330
1F
100
AcDbEntity
  8
ARQ-FOLHA
 62
     7
 48
0.1
100
AcDbLine
 10
3044.759034815112
 20
1802.31738925604
 30
0.0
 11
3020.803442288343
 21
1802.31738925604
 31
0.0
  0
TEXT
  5
122A
330
1F
100
AcDbEntity
  8
0
 62
     7
100
AcDbText
 10
3021.500490207175
 20
1802.712077512662
 30
0.0
 40
0.5786566778892953
  1
Potência Total
  7
arial
100
AcDbText
1001
ACAD
1000
ACAD_MTEXT_DEFINED_HEIGHT_BEGIN
1070
    46
1040
0.0
1000
ACAD_MTEXT_DEFINED_HEIGHT_END
  0
TEXT
  5
122B
330
1F
100
AcDbEntity
  8
0
 62
     7
100
AcDbText
 10
3021.500490207175
 20
1804.127787960229
 30
0.0
 40
0.5786566778892953
  1
Quantidade
  7
arial
100
AcDbText
1001
ACAD
1000
ACAD_MTEXT_DEFINED_HEIGHT_BEGIN
1070
    46
1040
0.0
1000
ACAD_MTEXT_DEFINED_HEIGHT_END
  0
LINE
  5
122C
330
1F
100
AcDbEntity
  8
ARQ-FOLHA
 62
     7
 48
0.1
100
AcDbLine
 10
3024.29254887374
 20
1800.772579726302
 30
0.0
 11
3024.29254887374
 21
1795.220548653389
 31
0.0
  0
LINE
  5
122D
330
1F
100
AcDbEntity
  8
ARQ-FOLHA
 62
     7
 48
0.1
100
AcDbLine
 10
3032.065392375819
 20
1799.384571958074
 30
0.0
 11
3032.065392375818
 21
1793.83254088516
 31
0.0
  0
LINE
  5
122E
330
1F
100
AcDbEntity
  8
ARQ-FOLHA
 62
     7
 48
0.1
100
AcDbLine
 10
3024.29254887374
 20
1795.220548653389
 30
0.0
 11
3033.175798590401
 21
1795.220548653389
 31
0.0
  0
LINE
  5
122F
330
1F
100
AcDbEntity
  8
ARQ-FOLHA
 62
     7
 48
0.1
100
AcDbLine
 10
3041.967222997732
 20
1793.83254088516
 30
0.0
 11
3041.967222997732
 21
1800.772579726302
 31
0.0
  0
LINE
  5
1230
330
1F
100
AcDbEntity
  8
ARQ-FOLHA
 62
     7
 48
0.1
100
AcDbLine
 10
3040.347371976944
 20
1800.772579726302
 30
0.0
 11
3024.29254887374
 21
1800.772579726302
 31
0.0
  0
LINE
  5
1231
330
1F
100
AcDbEntity
  8
ARQ-FOLHA
 62
     7
 48
0.1
100
AcDbLine
 10
3040.347371976944
 20
1799.384571958074
 30
0.0
 11
3024.29254887374
 21
1799.384571958074
 31
0.0
  0
LINE
  5
1232
330
1F
100
AcDbEntity
  8
ARQ-FOLHA
 62
     7
 48
0.1
100
AcDbLine
 10
3040.347371976944
 20
1797.996564189846
 30
0.0
 11
3024.29254887374
 21
1797.996564189846
 31
0.0
  0
LINE
  5
1233
330
1F
100
AcDbEntity
  8
ARQ-FOLHA
 62
     7
 48
0.1
100
AcDbLine
 10
3040.347371976944
 20
1796.608556421617
 30
0.0
 11
3024.29254887374
 21
1796.608556421617
 31
0.0
  0
TEXT
  5
1234
330
1F
100
AcDbEntity
  8
0
 62
     7
100
AcDbText
 10
3031.337081174863
 20
1799.903753279306
 30
0.0
 40
0.5786566778892953
  1
INVERSOR
  7
arial
100
AcDbText
1001
ACAD
1000
ACAD_MTEXT_DEFINED_HEIGHT_BEGIN
1070
    46
1040
0.0
1000
ACAD_MTEXT_DEFINED_HEIGHT_END
  0
TEXT
  5
1235
330
1F
100
AcDbEntity
  8
0
 62
     7
100
AcDbText
 10
3024.989596792573
 20
1798.391252446467
 30
0.0
 40
0.5786566778892953
  1
Fabricante
  7
arial
100
AcDbText
1001
ACAD
1000
ACAD_MTEXT_DEFINED_HEIGHT_BEGIN
1070
    46
1040
0.0
1000
ACAD_MTEXT_DEFINED_HEIGHT_END
  0
TEXT
  5
1236
330
1F
100
AcDbEntity
  8
0
 62
     7
100
AcDbText
 10
3024.989596792573
 20
1797.035221455448
 30
0.0
 40
0.5786566778892953
  1
Modelo
  7
arial
100
AcDbText
1001
ACAD
1000
ACAD_MTEXT_DEFINED_HEIGHT_BEGIN
1070
    46
1040
0.0
1000
ACAD_MTEXT_DEFINED_HEIGHT_END
  0
TEXT
  5
1237
330
1F
100
AcDbEntity
  8
0
 62
     7
100
AcDbText
 10
3024.989596792573
 20
1795.653101914605
 30
0.0
 40
0.5786566778892953
  1
Potência Nominal
  7
arial
100
AcDbText
1001
ACAD
1000
ACAD_MTEXT_DEFINED_HEIGHT_BEGIN
1070
    46
1040
0.0
1000
ACAD_MTEXT_DEFINED_HEIGHT_END
  0
LINE
  5
1238
330
1F
100
AcDbEntity
  8
ARQ-FOLHA
 62
     7
 48
0.1
100
AcDbLine
 10
3024.29254887374
 20
1795.220548653389
 30
0.0
 11
3024.29254887374
 21
1793.83254088516
 31
0.0
  0
LINE
  5
1239
330
1F
100
AcDbEntity
  8
ARQ-FOLHA
 62
     7
 48
0.1
100
AcDbLine
 10
3040.347371976944
 20
1795.220548653389
 30
0.0
 11
3024.29254887374
 21
1795.220548653389
 31
0.0
  0
LINE
  5
123A
330
1F
100
AcDbEntity
  8
ARQ-FOLHA
 62
     7
 48
0.1
100
AcDbLine
 10
3040.347371976944
 20
1793.83254088516
 30
0.0
 11
3024.29254887374
 21
1793.83254088516
 31
0.0
  0
TEXT
  5
123B
330
1F
100
AcDbEntity
  8
0
 62
     7
100
AcDbText
 10
3024.989596792573
 20
1794.254931821121
 30
0.0
 40
0.5786566778892953
  1
Quantidade
  7
arial
100
AcDbText
1001
ACAD
1000
ACAD_MTEXT_DEFINED_HEIGHT_BEGIN
1070
    46
1040
0.0
1000
ACAD_MTEXT_DEFINED_HEIGHT_END
  0
TEXT
  5
123D
330
1F
100
AcDbEntity
  8
0
 62
     7
100
AcDbText
 10
3028.752574928428
 20
1806.907651767806
 30
0.0
 40
0.5786566778892953
  1
HMB132T12R - Bifacial N-Type - 620Wp
  7
arial
100
AcDbText
1001
ACAD
1000
ACAD_MTEXT_DEFINED_HEIGHT_BEGIN
1070
    46
1040
0.0
1000
ACAD_MTEXT_DEFINED_HEIGHT_END
  0
TEXT
  5
123E
330
1F
100
AcDbEntity
  8
0
 62
     7
100
AcDbText
 10
3034.57337527086
 20
1805.603617829004
 30
0.0
 40
0.5786566778892953
  1
620 W
  7
arial
100
AcDbText
1001
ACAD
1000
ACAD_MTEXT_DEFINED_HEIGHT_BEGIN
1070
    46
1040
0.0
1000
ACAD_MTEXT_DEFINED_HEIGHT_END
  0
TEXT
  5
123F
330
1F
100
AcDbEntity
  8
0
 62
     7
100
AcDbText
 10
3035.357825907189
 20
1804.150346597015
 30
0.0
 40
0.5786566778892953
  1
11
  7
arial
100
AcDbText
1001
ACAD
1000
ACAD_MTEXT_DEFINED_HEIGHT_BEGIN
1070
    46
1040
0.0
1000
ACAD_MTEXT_DEFINED_HEIGHT_END
  0
TEXT
  5
1240
330
1F
100
AcDbEntity
  8
0
 62
     7
100
AcDbText
 10
3034.046762076277
 20
1802.710428925022
 30
0.0
 40
0.5786566778892953
  1
7,0 KWP
  7
arial
100
AcDbText
1001
ACAD
1000
ACAD_MTEXT_DEFINED_HEIGHT_BEGIN
1070
    46
1040
0.0
1000
ACAD_MTEXT_DEFINED_HEIGHT_END
  0
TEXT
  5
1241
330
1F
100
AcDbEntity
  8
0
 62
     7
100
AcDbText
 10
3035.12909195469
 20
1798.485489838257
 30
0.0
 40
0.5786566778892953
  1
CANADIAN
  7
arial
100
AcDbText
1001
ACAD
1000
ACAD_MTEXT_DEFINED_HEIGHT_BEGIN
1070
    46
1040
0.0
1000
ACAD_MTEXT_DEFINED_HEIGHT_END
  0
TEXT
  5
1242
330
1F
100
AcDbEntity
  8
0
 62
     7
100
AcDbText
 10
3032.172695494592
 20
1797.086683820897
 30
0.0
 40
0.5786566778892953
  1
CSI-5K-S2203A-E (220V)
  7
arial
100
AcDbText
1001
ACAD
1000
ACAD_MTEXT_DEFINED_HEIGHT_BEGIN
1070
    46
1040
0.0
1000
ACAD_MTEXT_DEFINED_HEIGHT_END
  0
TEXT
  5
1243
330
1F
100
AcDbEntity
  8
0
 62
     7
100
AcDbText
 10
3035.699056733709
 20
1795.757798527426
 30
0.0
 40
0.5786566778892953
  1
5000 W
  7
arial
100
AcDbText
1001
ACAD
1000
ACAD_MTEXT_DEFINED_HEIGHT_BEGIN
1070
    46
1040
0.0
1000
ACAD_MTEXT_DEFINED_HEIGHT_END
  0
TEXT
  5
1244
330
1F
100
AcDbEntity
  8
0
 62
     7
100
AcDbText
 10
3036.881870782329
 20
1794.324001237103
 30
0.0
 40
0.5786566778892953
  1
1
  7
arial
100
AcDbText
1001
ACAD
1000
ACAD_MTEXT_DEFINED_HEIGHT_BEGIN
1070
    46
1040
0.0
1000
ACAD_MTEXT_DEFINED_HEIGHT_END
  0
LINE
  5
1245
330
1F
100
AcDbEntity
  8
0
 62
     7
 48
0.1
100
AcDbLine
 10
3003.887445718643
 20
1773.885880258802
 30
0.0
 11
3003.887445718643
 21
1770.275271030976
 31
0.0
  0
LINE
  5
1246
330
1F
100
AcDbEntity
  8
0
 62
     7
 48
0.1
100
AcDbLine
 10
3003.871363326736
 20
1768.319614105148
 30
0.0
 11
3003.887445718643
 21
1763.541131374976
 31
0.0
  0
HATCH
  5
1247
330
1F
100
AcDbEntity
  8
0
 62
     1
 48
0.1
100
AcDbHatch
 10
0.0
 20
0.0
 30
0.0
210
0.0
220
0.0
230
1.0
  2
ANSI31
 70
     0
 71
     1
 91
        1
 92
        1
 93
        4
 72
     1
 10
3003.321896040509
 20
1776.036926302181
 11
3004.452995396777
 21
1776.036926302181
 72
     1
 10
3004.452995396777
 20
1776.036926302181
 11
3004.452995396777
 21
1773.885880258802
 72
     1
 10
3004.452995396777
 20
1773.885880258802
 11
3003.321896040509
 21
1773.885880258802
 72
     1
 10
3003.321896040509
 20
1773.885880258802
 11
3003.321896040509
 21
1776.036926302181
 97
        1
330
1248
 75
     0
 76
     1
 52
0.0
 41
0.1382125480692203
 77
     0
 78
     1
 53
44.99999999999998
 43
918.415346799858
 44
1915.979657361279
 45
-0.3102960202017951
 46
0.310296020201795
 79
     0
 98
        1
 10
918.415346799858
 20
1915.979657361279
1001
ACAD
1010
0.0
1020
0.0
1030
0.0
  0
LWPOLYLINE
  5
1248
102
{ACAD_REACTORS
330
1247
102
}
330
1F
100
AcDbEntity
  8
0
 62
     1
 48
0.1
100
AcDbPolyline
 90
        4
 70
     1
 43
0.0
 10
3003.321896040509
 20
1776.036926302181
 10
3004.452995396777
 20
1776.036926302181
 10
3004.452995396777
 20
1773.885880258802
 10
3003.321896040509
 20
1773.885880258802
  0
TEXT
  5
1249
330
1F
100
AcDbEntity
  8
0
 62
     7
100
AcDbText
 10
3006.659996265026
 20
1772.357189511009
 30
0.0
 40
0.806259491298279
  1
Dispositivo de Seccionamento Visível
  7
arial
100
AcDbText
  0
LINE
  5
124A
330
1F
100
AcDbEntity
  8
0
 62
     7
 48
0.1
100
AcDbLine
 10
3025.672468991301
 20
1771.954508384047
 30
0.0
 11
3006.384367271532
 21
1771.954508384047
 31
0.0
  0
LINE
  5
124B
330
1F
100
AcDbEntity
  8
0
 62
     7
 48
0.1
100
AcDbLine
 10
3005.052620891246
 20
1773.286254764334
 30
0.0
 11
3006.384367271532
 21
1771.954508384047
 31
0.0
  0
HATCH
  5
124C
330
1F
100
AcDbEntity
  8
0
 62
     7
 48
0.1
100
AcDbHatch
 10
0.0
 20
0.0
 30
0.0
210
0.0
220
0.0
230
1.0
  2
SOLID
 70
     1
 71
     0
 91
        1
 92
        7
 72
     0
 73
     1
 93
        3
 10
3004.694393591569
 20
1772.928027464657
 10
3005.41084819092
 20
1773.644482064007
 10
3004.452995396775
 20
1773.885880258803
 97
        0
 75
     0
 76
     1
 47
0.0132666009269585
 98
        1
 10
3004.776021412072
 20
1773.468762511064
450
        0
451
        0
460
0.0
461
0.0
452
        1
462
1.0
453
        2
463
0.0
 63
     5
421
      255
463
1.0
 63
     7
421
 16777215
470
LINEAR
1001
ACAD
1010
0.0
1020
0.0
1030
0.0
  0
LINE
  5
124D
330
1F
100
AcDbEntity
  8
0
 62
     7
 48
0.1
100
AcDbLine
 10
3004.452995396777
 20
1773.885880258802
 30
0.0
 11
3004.694393591569
 21
1772.928027464658
 31
0.0
  0
LINE
  5
124E
330
1F
100
AcDbEntity
  8
0
 62
     7
 48
0.1
100
AcDbLine
 10
3004.694393591569
 20
1772.928027464658
 30
0.0
 11
3005.41084819092
 21
1773.644482064008
 31
0.0
  0
LINE
  5
124F
330
1F
100
AcDbEntity
  8
0
 62
     7
 48
0.1
100
AcDbLine
 10
3004.452995396777
 20
1773.885880258803
 30
0.0
 11
3005.410848190921
 21
1773.644482064007
 31
0.0
  0
LWPOLYLINE
  5
1250
330
1F
100
AcDbEntity
  8
0
  6
HIDDEN2
 62
     7
100
AcDbPolyline
 90
        5
 70
     0
 43
0.0
 10
3022.457842357141
 20
1771.521967687053
 10
3022.457842357141
 20
1743.342645594721
 10
2987.678806506522
 20
1743.346318219439
 10
2987.678806506523
 20
1771.52564031177
 10
3022.457842357141
 20
1771.521967687053
  0
TEXT
  5
1251
330
1F
100
AcDbEntity
  8
0
 62
     7
100
AcDbText
 10
3006.688888089513
 20
1773.850286583379
 30
0.0
 40
0.806259491298279
  1
DISJUNTOR 63A
  7
arial
100
AcDbText
  0
LINE
  5
1252
330
1F
100
AcDbEntity
  8
0
100
AcDbLine
 10
3003.80474133374
 20
1763.541131374976
 30
0.0
 11
3002.040797415933
 21
1763.541131374976
 31
0.0
  0
LINE
  5
1253
330
1F
100
AcDbEntity
  8
0
100
AcDbLine
 10
3002.040797415933
 20
1763.541131374976
 30
0.0
 11
3002.040797415933
 21
1761.405610481092
 31
0.0
  0
LINE
  5
1254
330
1F
100
AcDbEntity
  8
0
100
AcDbLine
 10
3005.668574229842
 20
1761.405610481092
 30
0.0
 11
3005.668574229842
 21
1763.541131374976
 31
0.0
  0
LINE
  5
1255
330
1F
100
AcDbEntity
  8
0
100
AcDbLine
 10
3005.668574229842
 20
1763.541131374976
 30
0.0
 11
3002.040797415933
 21
1761.405610481092
 31
0.0
  0
TEXT
  5
1256
330
1F
100
AcDbEntity
  8
0
100
AcDbText
 10
3002.715369165763
 20
1762.803720723093
 30
0.0
 40
0.497721328406367
  1
CA
  7
arial
100
AcDbText
  0
TEXT
  5
1257
330
1F
100
AcDbEntity
  8
0
100
AcDbText
 10
3004.401198221832
 20
1761.871435015119
 30
0.0
 40
0.497721328406367
  1
CC
  7
arial
100
AcDbText
  0
TEXT
  5
1258
330
1F
100
AcDbEntity
  8
0
100
AcDbText
 10
3006.151696717267
 20
1762.186865898448
 30
0.0
 40
0.7366620886434991
  1
Marca
  7
arial
100
AcDbText
  0
LINE
  5
1259
330
1F
100
AcDbEntity
  8
0
100
AcDbLine
 10
3003.80474133374
 20
1763.541131374976
 30
0.0
 11
3005.668574229842
 21
1763.541131374976
 31
0.0
  0
TEXT
  5
125A
330
1F
100
AcDbEntity
  8
0
100
AcDbText
 10
3006.117313271317
 20
1761.141184734302
 30
0.0
 40
0.7366620886434991
  1
Modelo
  7
arial
100
AcDbText
  0
TEXT
  5
125B
330
1F
100
AcDbEntity
  8
0
 62
     1
 48
0.1
100
AcDbText
 10
3009.238444097422
 20
1762.120328812979
 30
0.0
 40
0.7366620886434991
  1
CANADIAN
  7
arial
100
AcDbText
  0
TEXT
  5
125C
330
1F
100
AcDbEntity
  8
0
100
AcDbText
 10
3006.186080163216
 20
1763.232547062593
 30
0.0
 40
0.7366620886434991
  1
Inversor 
  7
arial
100
AcDbText
  0
TEXT
  5
125D
330
1F
100
AcDbEntity
  8
0
100
AcDbText
 10
2993.98389268633
 20
1768.255776074813
 30
0.0
 40
0.4658929592271505
  1
Cargas Internas
  7
arial
100
AcDbText
  0
LINE
  5
125E
330
1F
100
AcDbEntity
  8
0
100
AcDbLine
 10
3003.887445718643
 20
1771.126159892172
 30
0.0
 11
2996.503306297449
 21
1771.126159892172
 31
0.0
  0
LINE
  5
125F
330
1F
100
AcDbEntity
  8
0
100
AcDbLine
 10
2996.50330629745
 20
1771.126159892172
 30
0.0
 11
2996.50330629745
 21
1769.591771572416
 31
0.0
  0
LWPOLYLINE
  5
1260
330
1F
100
AcDbEntity
  8
0
 62
     1
 48
0.1
100
AcDbPolyline
 90
        4
 70
     1
 43
0.0
 10
2991.915328077971
 20
1769.591771572416
 10
3001.091284516929
 20
1769.591771572416
 10
3001.091284516929
 20
1766.712413556919
 10
2991.915328077971
 20
1766.712413556919
  0
TEXT
  5
1261
330
1F
100
AcDbEntity
  8
0
100
AcDbText
 10
2992.694791511314
 20
1767.514507812265
 30
0.0
 40
0.4658929592271505
  1
(Quadro de Distribuição)
  7
arial
100
AcDbText
  0
LINE
  5
1262
330
1F
100
AcDbEntity
  8
0
 62
     1
 48
0.1
100
AcDbLine
 10
2996.503306297449
 20
1766.712413556919
 30
0.0
 11
2996.503306297449
 21
1766.157353684604
 31
0.0
  0
LINE
  5
1263
330
1F
100
AcDbEntity
  8
0
 62
     3
100
AcDbLine
 10
2996.503306297449
 20
1766.157353684604
 30
0.0
 11
2997.577251452099
 21
1766.157353684604
 31
0.0
  0
LINE
  5
1264
330
1F
100
AcDbEntity
  8
0
 62
     3
100
AcDbLine
 10
2997.577251452099
 20
1766.157353684604
 30
0.0
 11
2997.577251452099
 21
1765.41113356062
 31
0.0
  0
LINE
  5
1265
330
1F
100
AcDbEntity
  8
0
 62
     3
100
AcDbLine
 10
2997.012370077959
 20
1765.41113356062
 30
0.0
 11
2998.142132826238
 21
1765.41113356062
 31
0.0
  0
LINE
  5
1266
330
1F
100
AcDbEntity
  8
0
 62
     3
100
AcDbLine
 10
2997.246213287451
 20
1765.248276609233
 30
0.0
 11
2997.929748525673
 21
1765.248276609233
 31
0.0
  0
LINE
  5
1267
330
1F
100
AcDbEntity
  8
0
 62
     3
100
AcDbLine
 10
2997.44634673443
 20
1765.079556723779
 30
0.0
 11
2997.74710393817
 21
1765.079556723779
 31
0.0
  0
LINE
  5
1268
330
1F
100
AcDbEntity
  8
0
 62
     3
100
AcDbLine
 10
2997.53494795438
 20
1764.906942161959
 30
0.0
 11
2997.644313486312
 21
1764.906942161959
 31
0.0
  0
CIRCLE
  5
1269
330
1F
100
AcDbEntity
  8
0
 62
     3
100
AcDbCircle
 10
2996.503306297449
 20
1766.157353684604
 30
0.0
 40
0.0518240665361181
  0
TEXT
  5
126A
330
1F
100
AcDbEntity
  8
0
100
AcDbText
 10
3004.58320922886
 20
1768.965159307663
 30
0.0
 40
0.7366620886434991
  1
DISJUNTOR 32A
  7
arial
100
AcDbText
  0
HATCH
  5
126B
330
1F
100
AcDbEntity
  8
0
 62
     7
 48
0.1
100
AcDbHatch
 10
0.0
 20
0.0
 30
0.0
210
0.0
220
0.0
230
1.0
  2
ANSI31
 70
     0
 71
     1
 91
        1
 92
        1
 93
        4
 72
     1
 10
3003.354632656744
 20
1770.284978963715
 11
3004.388093996728
 21
1770.284978963715
 72
     1
 10
3004.388093996728
 20
1770.284978963715
 11
3004.388093996728
 21
1768.319614105148
 72
     1
 10
3004.388093996728
 20
1768.319614105148
 11
3003.354632656744
 21
1768.319614105148
 72
     1
 10
3003.354632656744
 20
1768.319614105148
 11
3003.354632656744
 21
1770.284978963715
 97
        1
330
126C
 75
     0
 76
     1
 52
0.0
 41
0.1262818552045357
 77
     0
 78
     1
 53
44.99999999999998
 43
1098.420018222634
 44
1898.147665437605
 45
-0.2835108507951252
 46
0.283510850795125
 79
     0
 98
        1
 10
1098.420018222634
 20
1898.147665437605
1001
ACAD
1010
0.0
1020
0.0
1030
0.0
  0
LWPOLYLINE
  5
126C
102
{ACAD_REACTORS
330
126B
102
}
330
1F
100
AcDbEntity
  8
0
 62
     7
 48
0.1
100
AcDbPolyline
 90
        4
 70
     1
 43
0.0
 10
3003.354632656744
 20
1770.284978963715
 10
3004.388093996728
 20
1770.284978963715
 10
3004.388093996728
 20
1768.319614105148
 10
3003.354632656744
 20
1768.319614105148
  0
LINE
  5
126D
330
1F
100
AcDbEntity
  8
0
100
AcDbLine
 10
3002.040797415933
 20
1761.405610481092
 30
0.0
 11
3005.668574229842
 21
1761.405610481092
 31
0.0
  0
LINE
  5
126E
330
1F
100
AcDbEntity
  8
0
100
AcDbLine
 10
2998.557385327038
 20
1759.508876602028
 30
0.0
 11
2998.557385327038
 21
1753.770488634534
 31
0.0
  0
LINE
  5
126F
330
1F
100
AcDbEntity
  8
0
100
AcDbLine
 10
2998.557385327038
 20
1753.076943939444
 30
0.0
 11
2998.557385327038
 21
1750.677593440831
 31
0.0
  0
LINE
  5
1270
330
1F
100
AcDbEntity
  8
0
100
AcDbLine
 10
2999.202099997774
 20
1756.730276281577
 30
0.0
 11
2997.912670656302
 21
1756.730276281577
 31
0.0
  0
LINE
  5
1271
330
1F
100
AcDbEntity
  8
0
100
AcDbLine
 10
2999.202099997774
 20
1756.415784623319
 30
0.0
 11
2997.912670656302
 21
1756.415784623319
 31
0.0
  0
LWPOLYLINE
  5
1272
330
1F
100
AcDbEntity
  8
0
100
AcDbPolyline
 90
        4
 70
     1
 43
0.0
 10
2996.703394534141
 20
1754.652879881605
 10
2998.201358540299
 20
1754.652879881605
 10
2998.201358540299
 20
1755.459121805794
 10
2996.703394534141
 20
1755.459121805794
  0
LINE
  5
1273
330
1F
100
AcDbEntity
  8
0
100
AcDbLine
 10
2996.703394534141
 20
1755.459121805794
 30
0.0
 11
2998.201358540299
 21
1754.652879881605
 31
0.0
  0
LINE
  5
1274
330
1F
100
AcDbEntity
  8
0
100
AcDbLine
 10
2996.428021525368
 20
1755.056000843699
 30
0.0
 11
2996.703394534141
 21
1755.056000843699
 31
0.0
  0
LINE
  5
1275
330
1F
100
AcDbEntity
  8
0
100
AcDbLine
 10
2998.201358540299
 20
1755.056000843699
 30
0.0
 11
2998.557385327038
 21
1755.056000843699
 31
0.0
  0
LINE
  5
1276
330
1F
100
AcDbEntity
  8
0
100
AcDbLine
 10
2996.428021525368
 20
1755.284157138079
 30
0.0
 11
2996.428021525368
 21
1754.827844549321
 31
0.0
  0
LINE
  5
1277
330
1F
100
AcDbEntity
  8
0
100
AcDbLine
 10
2996.428021525368
 20
1755.284157138079
 30
0.0
 11
2996.199865230989
 21
1755.056000843699
 31
0.0
  0
LINE
  5
1278
330
1F
100
AcDbEntity
  8
0
100
AcDbLine
 10
2996.199865230989
 20
1755.056000843699
 30
0.0
 11
2996.428021525368
 21
1754.827844549321
 31
0.0
  0
LWPOLYLINE
  5
1279
330
1F
100
AcDbEntity
  8
0
100
AcDbPolyline
 90
        4
 70
     1
 43
0.0
 10
2998.154264364944
 20
1750.677593440831
 10
2998.154264364944
 20
1749.179629434672
 10
2998.960506289133
 20
1749.179629434672
 10
2998.960506289133
 20
1750.677593440831
  0
LINE
  5
127A
330
1F
100
AcDbEntity
  8
0
100
AcDbLine
 10
2998.960506289133
 20
1749.179629434672
 30
0.0
 11
2998.557385327038
 21
1749.704279199462
 31
0.0
  0
LINE
  5
127B
330
1F
100
AcDbEntity
  8
0
100
AcDbLine
 10
2998.557385327038
 20
1749.704279199462
 30
0.0
 11
2998.154264364944
 21
1749.179629434672
 31
0.0
  0
LINE
  5
127C
330
1F
100
AcDbEntity
  8
0
100
AcDbLine
 10
2998.39039990119
 20
1753.770488634534
 30
0.0
 11
2998.723330226423
 21
1753.770488634534
 31
0.0
  0
LWPOLYLINE
  5
127D
330
1F
100
AcDbEntity
  8
0
100
AcDbPolyline
 90
        4
 70
     1
 43
0.0
 10
2998.48976891026
 20
1753.770488634534
 10
2998.623961217353
 20
1753.770488634534
 10
2998.623961217353
 20
1753.492154582652
 10
2998.48976891026
 20
1753.492154582652
  0
LINE
  5
127E
330
1F
100
AcDbEntity
  8
0
100
AcDbLine
 10
2998.201390257687
 20
1753.666526859808
 30
0.0
 11
2998.557385327038
 21
1753.076943939444
 31
0.0
  0
LWPOLYLINE
  5
127F
330
1F
100
AcDbEntity
  8
0
100
AcDbPolyline
 90
        4
 70
     1
 43
0.0
 10
2998.220271090794
 20
1753.493554424604
 10
2998.349062510179
 20
1753.571319754454
 10
2998.593809106341
 20
1753.165981519919
 10
2998.465017686957
 20
1753.08821619007
  0
TEXT
  5
1280
330
1F
100
AcDbEntity
  8
0
100
AcDbText
 10
2999.072373104915
 20
1759.736015011247
 30
0.0
 40
0.4658929592271505
  1
MPPT 1
  7
arial
100
AcDbText
  0
LINE
  5
1289
330
1F
100
AcDbEntity
  8
0
 62
     3
100
AcDbLine
 10
2998.960506289133
 20
1750.677593440831
 30
0.0
 11
2999.454171857358
 21
1750.677593440831
 31
0.0
  0
LINE
  5
128A
330
1F
100
AcDbEntity
  8
0
 62
     3
100
AcDbLine
 10
2999.454171857358
 20
1750.303893408384
 30
0.0
 11
2999.454171857358
 21
1751.051293473277
 31
0.0
  0
LINE
  5
128B
330
1F
100
AcDbEntity
  8
0
 62
     3
100
AcDbLine
 10
2999.561910669088
 20
1750.458593525922
 30
0.0
 11
2999.561910669088
 21
1750.910789601764
 31
0.0
  0
LINE
  5
128C
330
1F
100
AcDbEntity
  8
0
 62
     3
100
AcDbLine
 10
2999.673528133487
 20
1750.590992785401
 30
0.0
 11
2999.673528133487
 21
1750.789960182703
 31
0.0
  0
LINE
  5
128D
330
1F
100
AcDbEntity
  8
0
 62
     3
100
AcDbLine
 10
2999.787722140062
 20
1750.649607355267
 30
0.0
 11
2999.787722140062
 21
1750.721958657155
 31
0.0
  0
TEXT
  5
128E
330
1F
100
AcDbEntity
  8
0
100
AcDbText
 10
2999.75363597111
 20
1765.390043155761
 30
0.0
 40
0.4658929592271505
  1
2#10(10)MM²
  7
arial
100
AcDbText
  0
LINE
  5
128F
330
1F
100
AcDbEntity
  8
0
 62
     3
100
AcDbLine
 10
3001.837538802476
 20
1761.405610481092
 30
0.0
 11
3001.837538802476
 21
1761.074561760457
 31
0.0
  0
LINE
  5
1290
330
1F
100
AcDbEntity
  8
0
 62
     3
100
AcDbLine
 10
3001.586938141614
 20
1761.074561760457
 30
0.0
 11
3002.088139463339
 21
1761.074561760457
 31
0.0
  0
LINE
  5
1291
330
1F
100
AcDbEntity
  8
0
 62
     3
100
AcDbLine
 10
3001.690678972025
 20
1761.002312857392
 30
0.0
 11
3001.993918537469
 21
1761.002312857392
 31
0.0
  0
LINE
  5
1292
330
1F
100
AcDbEntity
  8
0
 62
     3
100
AcDbLine
 10
3001.779465001039
 20
1760.927462956633
 30
0.0
 11
3001.912891163534
 21
1760.927462956633
 31
0.0
  0
LINE
  5
1293
330
1F
100
AcDbEntity
  8
0
 62
     3
100
AcDbLine
 10
3001.818771526779
 20
1760.850885244485
 30
0.0
 11
3001.867289810144
 21
1760.850885244485
 31
0.0
  0
LINE
  5
1294
330
1F
100
AcDbEntity
  8
0
 62
     3
100
AcDbLine
 10
3002.040797415933
 20
1761.405610481092
 30
0.0
 11
3001.837538802476
 21
1761.405610481092
 31
0.0
  0
TEXT
  5
1295
330
1F
100
AcDbEntity
  8
0
 62
     1
 48
0.1
100
AcDbText
 10
2998.92119105048
 20
1754.068202903475
 30
0.0
 40
0.2843230634678178
  1
2P-15A
 50
270.0
  7
arial
100
AcDbText
  0
LWPOLYLINE
  5
1296
330
1F
100
AcDbEntity
  8
0
  6
ACAD_ISO02W100
 62
   251
420
  6513766
100
AcDbPolyline
 90
        4
 70
     1
 43
0.0
 10
2994.814893264655
 20
1757.766573774495
 10
3012.780610920046
 20
1757.766573774495
 10
3012.780610920046
 20
1752.186486427139
 10
2994.814893264655
 20
1752.186486427139
  0
TEXT
  5
1297
330
1F
100
AcDbEntity
  8
0
 62
   251
420
  6513766
100
AcDbText
 10
3011.096361081167
 20
1756.064208003382
 30
0.0
 40
0.2843230634678178
  1
PROTEÇÃO
 50
270.0
  7
arial
100
AcDbText
  0
TEXT
  5
1298
330
1F
100
AcDbEntity
  8
0
100
AcDbText
 10
2999.287441442876
 20
1756.612831005945
 30
0.0
 40
0.2502592572629116
  1
+
  7
arial
100
AcDbText
  0
TEXT
  5
1299
330
1F
100
AcDbEntity
  8
0
100
AcDbText
 10
2999.298424826394
 20
1756.479113403105
 30
0.0
 40
0.2502592572629116
  1
-
 50
270.0
  7
arial
100
AcDbText
  0
LINE
  5
129A
330
1F
100
AcDbEntity
  8
0
100
AcDbLine
 10
3005.178168867486
 20
1761.405610481092
 30
0.0
 11
3005.178168867486
 21
1759.871095467261
 31
0.0
  0
LINE
  5
129B
330
1F
100
AcDbEntity
  8
0
100
AcDbLine
 10
3009.051906639174
 20
1759.633426443507
 30
0.0
 11
3009.051906639174
 21
1753.770488634534
 31
0.0
  0
LINE
  5
129C
330
1F
100
AcDbEntity
  8
0
100
AcDbLine
 10
3009.051906639174
 20
1753.076943939444
 30
0.0
 11
3009.051906639174
 21
1750.677593440831
 31
0.0
  0
LINE
  5
129D
330
1F
100
AcDbEntity
  8
0
100
AcDbLine
 10
3009.696621309909
 20
1756.730276281577
 30
0.0
 11
3008.407191968438
 21
1756.730276281577
 31
0.0
  0
LINE
  5
129E
330
1F
100
AcDbEntity
  8
0
100
AcDbLine
 10
3009.696621309909
 20
1756.415784623319
 30
0.0
 11
3008.407191968438
 21
1756.415784623319
 31
0.0
  0
LWPOLYLINE
  5
129F
330
1F
100
AcDbEntity
  8
0
100
AcDbPolyline
 90
        4
 70
     1
 43
0.0
 10
3007.197915846277
 20
1754.652879881605
 10
3008.695879852436
 20
1754.652879881605
 10
3008.695879852436
 20
1755.459121805794
 10
3007.197915846277
 20
1755.459121805794
  0
LINE
  5
12A0
330
1F
100
AcDbEntity
  8
0
100
AcDbLine
 10
3007.197915846277
 20
1755.459121805794
 30
0.0
 11
3008.695879852436
 21
1754.652879881605
 31
0.0
  0
LINE
  5
12A1
330
1F
100
AcDbEntity
  8
0
100
AcDbLine
 10
3006.922542837504
 20
1755.056000843699
 30
0.0
 11
3007.197915846277
 21
1755.056000843699
 31
0.0
  0
LINE
  5
12A2
330
1F
100
AcDbEntity
  8
0
100
AcDbLine
 10
3008.695879852436
 20
1755.056000843699
 30
0.0
 11
3009.051906639174
 21
1755.056000843699
 31
0.0
  0
LINE
  5
12A3
330
1F
100
AcDbEntity
  8
0
100
AcDbLine
 10
3006.922542837504
 20
1755.284157138079
 30
0.0
 11
3006.922542837504
 21
1754.827844549321
 31
0.0
  0
LINE
  5
12A4
330
1F
100
AcDbEntity
  8
0
100
AcDbLine
 10
3006.922542837504
 20
1755.284157138079
 30
0.0
 11
3006.694386543124
 21
1755.056000843699
 31
0.0
  0
LINE
  5
12A5
330
1F
100
AcDbEntity
  8
0
100
AcDbLine
 10
3006.694386543124
 20
1755.056000843699
 30
0.0
 11
3006.922542837504
 21
1754.827844549321
 31
0.0
  0
LWPOLYLINE
  5
12A6
330
1F
100
AcDbEntity
  8
0
100
AcDbPolyline
 90
        4
 70
     1
 43
0.0
 10
3008.648785677078
 20
1750.677593440831
 10
3008.648785677078
 20
1749.179629434672
 10
3009.455027601268
 20
1749.179629434672
 10
3009.455027601268
 20
1750.677593440831
  0
LINE
  5
12A7
330
1F
100
AcDbEntity
  8
0
100
AcDbLine
 10
3009.455027601268
 20
1749.179629434672
 30
0.0
 11
3009.051906639174
 21
1749.704279199462
 31
0.0
  0
LINE
  5
12A8
330
1F
100
AcDbEntity
  8
0
100
AcDbLine
 10
3009.051906639174
 20
1749.704279199462
 30
0.0
 11
3008.648785677078
 21
1749.179629434672
 31
0.0
  0
LINE
  5
12A9
330
1F
100
AcDbEntity
  8
0
100
AcDbLine
 10
3008.884921213325
 20
1753.770488634534
 30
0.0
 11
3009.217851538559
 21
1753.770488634534
 31
0.0
  0
LWPOLYLINE
  5
12AA
330
1F
100
AcDbEntity
  8
0
100
AcDbPolyline
 90
        4
 70
     1
 43
0.0
 10
3008.984290222395
 20
1753.770488634534
 10
3009.118482529488
 20
1753.770488634534
 10
3009.118482529488
 20
1753.492154582652
 10
3008.984290222395
 20
1753.492154582652
  0
LINE
  5
12AB
330
1F
100
AcDbEntity
  8
0
100
AcDbLine
 10
3008.695911569822
 20
1753.666526859808
 30
0.0
 11
3009.051906639174
 21
1753.076943939444
 31
0.0
  0
LWPOLYLINE
  5
12AC
330
1F
100
AcDbEntity
  8
0
100
AcDbPolyline
 90
        4
 70
     1
 43
0.0
 10
3008.714792402931
 20
1753.493554424604
 10
3008.843583822314
 20
1753.571319754454
 10
3009.088330418475
 20
1753.165981519919
 10
3008.959538999092
 20
1753.08821619007
  0
TEXT
  5
12AD
330
1F
100
AcDbEntity
  8
0
100
AcDbText
 10
3008.496957621618
 20
1748.224316727989
 30
0.0
 40
0.2843230634678178
  1
Marca
  7
arial
100
AcDbText
  0
TEXT
  5
12AE
330
1F
100
AcDbEntity
  8
0
100
AcDbText
 10
3008.381034022975
 20
1747.376809942705
 30
0.0
 40
0.2843230634678178
  1
Modelo
  7
arial
100
AcDbText
  0
TEXT
  5
12AF
330
1F
100
AcDbEntity
  8
0
100
AcDbText
 10
3007.892810493865
 20
1746.549040813483
 30
0.0
 40
0.2843230634678178
  1
Quantidade
  7
arial
100
AcDbText
  0
TEXT
  5
12B0
330
1F
100
AcDbEntity
  8
0
 62
     1
 48
0.1
100
AcDbText
 10
3009.98555716991
 20
1746.530209159342
 30
0.0
 40
0.2843230634678178
  1
05
  7
arial
100
AcDbText
  0
TEXT
  5
12B1
330
1F
100
AcDbEntity
  8
0
100
AcDbText
 10
3007.892810493865
 20
1746.217979116526
 30
0.0
 40
0.2843230634678178
  1
2x4mm²
  7
arial
100
AcDbText
  0
TEXT
  5
12B2
330
1F
100
AcDbEntity
  8
0
100
AcDbText
 10
3007.957880733596
 20
1745.654743527782
 30
0.0
 40
0.2843230634678178
  1
Gerador: P2 
  7
arial
100
AcDbText
  0
LINE
  5
12B3
330
1F
100
AcDbEntity
  8
0
 62
     3
100
AcDbLine
 10
3009.455027601268
 20
1750.677593440831
 30
0.0
 11
3009.948693169493
 21
1750.677593440831
 31
0.0
  0
LINE
  5
12B4
330
1F
100
AcDbEntity
  8
0
 62
     3
100
AcDbLine
 10
3009.948693169493
 20
1750.303893408384
 30
0.0
 11
3009.948693169493
 21
1751.051293473277
 31
0.0
  0
LINE
  5
12B5
330
1F
100
AcDbEntity
  8
0
 62
     3
100
AcDbLine
 10
3010.056431981222
 20
1750.458593525922
 30
0.0
 11
3010.056431981222
 21
1750.910789601764
 31
0.0
  0
LINE
  5
12B6
330
1F
100
AcDbEntity
  8
0
 62
     3
100
AcDbLine
 10
3010.168049445622
 20
1750.590992785401
 30
0.0
 11
3010.168049445622
 21
1750.789960182703
 31
0.0
  0
LINE
  5
12B7
330
1F
100
AcDbEntity
  8
0
 62
     3
100
AcDbLine
 10
3010.282243452198
 20
1750.649607355267
 30
0.0
 11
3010.282243452198
 21
1750.721958657155
 31
0.0
  0
TEXT
  5
12B8
330
1F
100
AcDbEntity
  8
0
 62
     1
 48
0.1
100
AcDbText
 10
3009.382340360533
 20
1754.068202903475
 30
0.0
 40
0.2843230634678178
  1
2P-15A
 50
270.0
  7
arial
100
AcDbText
  0
TEXT
  5
12B9
330
1F
100
AcDbEntity
  8
0
100
AcDbText
 10
3009.764617080094
 20
1756.612831005945
 30
0.0
 40
0.2502592572629116
  1
+
  7
arial
100
AcDbText
  0
TEXT
  5
12BA
330
1F
100
AcDbEntity
  8
0
100
AcDbText
 10
3009.775600463612
 20
1756.479113403105
 30
0.0
 40
0.2502592572629116
  1
-
 50
270.0
  7
arial
100
AcDbText
  0
LINE
  5
12BB
330
1F
100
AcDbEntity
  8
0
100
AcDbLine
 10
3005.178168867486
 20
1759.633426443507
 30
0.0
 11
3009.051906639174
 21
1759.633426443507
 31
0.0
  0
TEXT
  5
12BC
330
1F
100
AcDbEntity
  8
0
 62
     1
 48
0.1
100
AcDbText
 10
3009.815524664838
 20
1761.060934422093
 30
0.0
 40
0.7366620886434991
  1
CSI-5K-S2203A-E (220V) 
  7
arial
100
AcDbText
  0
LINE
  5
12BD
330
1F
100
AcDbEntity
  8
0
100
AcDbLine
 10
2998.557385327038
 20
1759.508876602028
 30
0.0
 11
3002.740519096932
 21
1759.508876602028
 31
0.0
  0
LINE
  5
12BE
330
1F
100
AcDbEntity
  8
0
100
AcDbLine
 10
3002.740519096932
 20
1759.508876602028
 30
0.0
 11
3002.740519096932
 21
1761.405610481093
 31
0.0
  0
LINE
  5
12BF
330
1F
100
AcDbEntity
  8
0
100
AcDbLine
 10
3005.178168867486
 20
1759.871095467261
 30
0.0
 11
3005.178168867486
 21
1759.633426443507
 31
0.0
  0
TEXT
  5
12C1
330
1F
100
AcDbEntity
  8
0
 62
     1
 48
0.1
100
AcDbText
 10
3005.404454736519
 20
1746.979212113051
 30
0.0
 40
0.2843230634678178
  1
HMB132T12R - Bifacial N-Type - 620 Wp
  7
arial
100
AcDbText
  0
TEXT
  5
12C2
330
1F
100
AcDbEntity
  8
0
100
AcDbText
 10
3005.989706673001
 20
1759.825111933847
 30
0.0
 40
0.4658929592271505
  1
MPPT 2
  7
arial
100
AcDbText
  0
LINE
  5
1355
330
1F
100
AcDbEntity
  8
0
 62
     7
 48
0.1
100
AcDbLine
 10
3003.395512011414
 20
1809.265234627638
 30
0.0
 11
3003.395512011414
 21
1805.126151458106
 31
0.0
  0
HATCH
  5
1356
330
1F
100
AcDbEntity
  8
0
 62
     1
 48
0.1
100
AcDbHatch
 10
0.0
 20
0.0
 30
0.0
210
0.0
220
0.0
230
1.0
  2
ANSI31
 70
     0
 71
     1
 91
        1
 92
        1
 93
        4
 72
     1
 10
3003.032129570149
 20
1810.647345506202
 11
3003.75889445268
 21
1810.647345506202
 72
     1
 10
3003.75889445268
 20
1810.647345506202
 11
3003.75889445268
 21
1809.265234627638
 72
     1
 10
3003.75889445268
 20
1809.265234627638
 11
3003.032129570149
 21
1809.265234627638
 72
     1
 10
3003.032129570149
 20
1809.265234627638
 11
3003.032129570149
 21
1810.647345506202
 97
        1
330
1357
 75
     0
 76
     1
 52
0.0
 41
0.0888056612402804
 77
     0
 78
     1
 53
44.99999999999998
 43
1663.417837553923
 44
1900.564700631222
 45
-0.1993743957346554
 46
0.1993743957346553
 79
     0
 98
        1
 10
1663.417837553923
 20
1900.564700631222
1001
ACAD
1010
0.0
1020
0.0
1030
0.0
  0
LWPOLYLINE
  5
1357
102
{ACAD_REACTORS
330
1356
102
}
330
1F
100
AcDbEntity
  8
0
 62
     1
 48
0.1
100
AcDbPolyline
 90
        4
 70
     1
 43
0.0
 10
3003.032129570149
 20
1810.647345506202
 10
3003.75889445268
 20
1810.647345506202
 10
3003.75889445268
 20
1809.265234627638
 10
3003.032129570149
 20
1809.265234627638
  0
TEXT
  5
1358
330
1F
100
AcDbEntity
  8
0
 62
     7
100
AcDbText
 10
3005.176957965731
 20
1808.283005484292
 30
0.0
 40
0.518045635191795
  1
Dispositivo de Seccionamento Visível
  7
arial
100
AcDbText
  0
LINE
  5
1359
330
1F
100
AcDbEntity
  8
0
 62
     7
 48
0.1
100
AcDbLine
 10
3017.393035564011
 20
1808.024270917508
 30
0.0
 11
3004.99985816281
 21
1808.024270917508
 31
0.0
  0
LINE
  5
135A
330
1F
100
AcDbEntity
  8
0
 62
     7
 48
0.1
100
AcDbLine
 10
3004.144171616561
 20
1808.879957463757
 30
0.0
 11
3004.99985816281
 21
1808.024270917508
 31
0.0
  0
HATCH
  5
135B
330
1F
100
AcDbEntity
  8
0
 62
     7
 48
0.1
100
AcDbHatch
 10
0.0
 20
0.0
 30
0.0
210
0.0
220
0.0
230
1.0
  2
SOLID
 70
     1
 71
     0
 91
        1
 92
        7
 72
     0
 73
     1
 93
        3
 10
3003.913999952219
 20
1808.649785799415
 10
3004.374343280902
 20
1809.110129128098
 10
3003.758894452679
 20
1809.265234627638
 97
        0
 75
     0
 76
     1
 47
0.0132666009269585
 98
        1
 10
3003.966448247809
 20
1808.997224103844
450
        0
451
        0
460
0.0
461
0.0
452
        1
462
1.0
453
        2
463
0.0
 63
     5
421
      255
463
1.0
 63
     7
421
 16777215
470
LINEAR
1001
ACAD
1010
0.0
1020
0.0
1030
0.0
  0
LINE
  5
135C
330
1F
100
AcDbEntity
  8
0
 62
     7
 48
0.1
100
AcDbLine
 10
3003.75889445268
 20
1809.265234627638
 30
0.0
 11
3003.913999952219
 21
1808.649785799415
 31
0.0
  0
LINE
  5
135D
330
1F
100
AcDbEntity
  8
0
 62
     7
 48
0.1
100
AcDbLine
 10
3003.913999952219
 20
1808.649785799415
 30
0.0
 11
3004.374343280902
 21
1809.110129128098
 31
0.0
  0
LINE
  5
135E
330
1F
100
AcDbEntity
  8
0
 62
     7
 48
0.1
100
AcDbLine
 10
3003.758894452681
 20
1809.265234627638
 30
0.0
 11
3004.374343280903
 21
1809.110129128098
 31
0.0
  0
LWPOLYLINE
  5
135F
330
1F
100
AcDbEntity
  8
0
  6
HIDDEN2
 62
     7
100
AcDbPolyline
 90
        5
 70
     0
 43
0.0
 10
3015.84460725106
 20
1807.21040924777
 10
3015.84460725106
 20
1784.096542343899
 10
2990.804857602448
 20
1784.096542343899
 10
2990.804857602448
 20
1807.21040924777
 10
3015.84460725106
 20
1807.21040924777
  0
TEXT
  5
1360
330
1F
100
AcDbEntity
  8
0
100
AcDbText
 10
2993.360784655291
 20
1790.899435288262
 30
0.0
 40
0.666042459302103
  1
PROJETO ELÉTRICO INTERNO APÓS 
  7
arial
 72
     1
 11
3001.787857340397
 21
1791.232456517914
 31
0.0
100
AcDbText
 73
     2
  0
TEXT
  5
1361
330
1F
100
AcDbEntity
  8
0
100
AcDbText
 10
2993.342541358792
 20
1789.87930292481
 30
0.0
 40
0.666042459302103
  1
O DISPOTIVO DE SECCIONAMENTO 
  7
arial
 72
     1
 11
3001.51087517584
 21
1790.212324154461
 31
0.0
100
AcDbText
 73
     2
  0
TEXT
  5
1362
330
1F
100
AcDbEntity
  8
0
100
AcDbText
 10
2993.419666396546
 20
1787.771070887604
 30
0.0
 40
0.666042459302103
  1
DE CONEXÃO PARA GERAÇÃO
  7
arial
 72
     1
 11
3000.373812988161
 21
1788.104092117255
 31
0.0
100
AcDbText
 73
     2
  0
TEXT
  5
1363
330
1F
100
AcDbEntity
  8
0
100
AcDbText
 10
2993.364039696976
 20
1786.72065104378
 30
0.0
 40
0.666042459302103
  1
DISTRIBUÍDA DE INTEIRA RESPONSABILIDADE
  7
arial
 72
     1
 11
3003.885556950556
 21
1787.053672273431
 31
0.0
100
AcDbText
 73
     2
  0
TEXT
  5
1364
330
1F
100
AcDbEntity
  8
0
100
AcDbText
 10
2993.353000842408
 20
1785.722522053312
 30
0.0
 40
0.666042459302103
  1
DO PROFISSIONAL QUE O ELABOROU.
  7
arial
 72
     1
 11
3002.090832765005
 21
1786.055543282963
 31
0.0
100
AcDbText
 73
     2
  0
TEXT
  5
1365
330
1F
100
AcDbEntity
  8
0
100
AcDbText
 10
2993.39940724992
 20
1788.821490731429
 30
0.0
 40
0.666042459302103
  1
VISÍVEL (DSV) DAS INSTALAÇÕES 
  7
arial
 72
     1
 11
3001.155439885647
 21
1789.15451196108
 31
0.0
100
AcDbText
 73
     2
  0
LWPOLYLINE
  5
1366
330
1F
100
AcDbEntity
  8
0
 62
     7
 48
0.1
100
AcDbPolyline
 90
        4
 70
     1
 43
0.0
 10
2992.894814673189
 20
1792.185178260469
 10
3014.84379322726
 20
1792.185178260469
 10
3014.84379322726
 20
1785.103716687974
 10
2992.894814673189
 20
1785.103716687974
  0
TEXT
  5
1367
330
1F
100
AcDbEntity
  8
0
 62
     7
100
AcDbText
 10
3005.195521819838
 20
1809.242364635542
 30
0.0
 40
0.518045635191795
  1
DISJUNTOR 63A
  7
arial
100
AcDbText
  0
LINE
  5
1368
330
1F
100
AcDbEntity
  8
0
100
AcDbLine
 10
2996.132388301855
 20
1805.126151458106
 30
0.0
 11
3010.485153615681
 21
1805.126151458106
 31
0.0
  0
LINE
  5
1369
330
1F
100
AcDbEntity
  8
0
100
AcDbLine
 10
2998.706163898953
 20
1805.126151458106
 30
0.0
 11
2998.706163898953
 21
1803.541466843023
 31
0.0
  0
LINE
  5
136A
330
1F
100
AcDbEntity
  8
0
100
AcDbLine
 10
2998.706163898953
 20
1803.050246889421
 30
0.0
 11
2998.706163898953
 21
1801.335444446655
 31
0.0
  0
LINE
  5
136B
330
1F
100
AcDbEntity
  8
0
100
AcDbLine
 10
3000.018922878851
 20
1805.126151458106
 30
0.0
 11
3000.018922878851
 21
1803.541466843023
 31
0.0
  0
LINE
  5
136C
330
1F
100
AcDbEntity
  8
0
100
AcDbLine
 10
3000.018922878851
 20
1803.050246889421
 30
0.0
 11
3000.018922878851
 21
1801.335444446655
 31
0.0
  0
LINE
  5
136D
330
1F
100
AcDbEntity
  8
0
100
AcDbLine
 10
3001.367402880545
 20
1805.126151458106
 30
0.0
 11
3001.367402880545
 21
1803.541466843023
 31
0.0
  0
LINE
  5
136E
330
1F
100
AcDbEntity
  8
0
100
AcDbLine
 10
3001.367402880545
 20
1803.050246889421
 30
0.0
 11
3001.367402880545
 21
1801.335444446655
 31
0.0
  0
LINE
  5
136F
330
1F
100
AcDbEntity
  8
0
100
AcDbLine
 10
3002.648075228322
 20
1805.126151458106
 30
0.0
 11
3002.648075228322
 21
1803.541466843023
 31
0.0
  0
LINE
  5
1370
330
1F
100
AcDbEntity
  8
0
100
AcDbLine
 10
3002.648075228322
 20
1803.050246889421
 30
0.0
 11
3002.648075228322
 21
1801.335444446655
 31
0.0
  0
LINE
  5
1371
330
1F
100
AcDbEntity
  8
0
100
AcDbLine
 10
3003.989730749089
 20
1805.126151458106
 30
0.0
 11
3003.989730749089
 21
1803.541466843023
 31
0.0
  0
LINE
  5
1372
330
1F
100
AcDbEntity
  8
0
100
AcDbLine
 10
3003.989730749089
 20
1803.050246889421
 30
0.0
 11
3003.989730749089
 21
1801.335444446655
 31
0.0
  0
TEXT
  5
1373
330
1F
100
AcDbEntity
  8
0
100
AcDbText
 10
3004.205284602345
 20
1793.931050763796
 30
0.0
 40
0.3500144309008424
  1
Ar Condicionado - 4 x 12000 BTU
 50
90.0
  7
arial
100
AcDbText
  0
LINE
  5
1374
330
1F
100
AcDbEntity
  8
0
100
AcDbLine
 10
3005.300895397666
 20
1805.126151458106
 30
0.0
 11
3005.300895397666
 21
1803.541466843023
 31
0.0
  0
LINE
  5
1375
330
1F
100
AcDbEntity
  8
0
100
AcDbLine
 10
3005.300895397666
 20
1803.050246889421
 30
0.0
 11
3005.300895397666
 21
1801.335444446655
 31
0.0
  0
TEXT
  5
1376
330
1F
100
AcDbEntity
  8
0
100
AcDbText
 10
3005.516449250923
 20
1796.79200747115
 30
0.0
 40
0.3500144309008424
  1
Freezer - 02 x 400W
 50
90.0
  7
arial
100
AcDbText
  0
LINE
  5
1377
330
1F
100
AcDbEntity
  8
0
100
AcDbLine
 10
3006.642552347044
 20
1805.126151458106
 30
0.0
 11
3006.642552347044
 21
1803.541466843023
 31
0.0
  0
LINE
  5
1378
330
1F
100
AcDbEntity
  8
0
100
AcDbLine
 10
3006.642552347044
 20
1803.050246889421
 30
0.0
 11
3006.642552347044
 21
1801.335444446655
 31
0.0
  0
TEXT
  5
1379
330
1F
100
AcDbEntity
  8
0
100
AcDbText
 10
3006.858106200301
 20
1797.204675554297
 30
0.0
 40
0.3500144309008424
  1
Iluminação - 500W
 50
90.0
  7
arial
100
AcDbText
  0
LINE
  5
137A
330
1F
100
AcDbEntity
  8
0
100
AcDbLine
 10
3007.950170313927
 20
1805.126151458106
 30
0.0
 11
3007.950170313927
 21
1803.502029615018
 31
0.0
  0
LINE
  5
137B
330
1F
100
AcDbEntity
  8
0
100
AcDbLine
 10
3007.950170313927
 20
1803.089684117425
 30
0.0
 11
3007.950170313927
 21
1801.335444446655
 31
0.0
  0
TEXT
  5
137C
330
1F
100
AcDbEntity
  8
0
100
AcDbText
 10
3008.165724167184
 20
1797.006097637721
 30
0.0
 40
0.3500144309008424
  1
Bomba - 01 x 7 CV
 50
90.0
  7
arial
100
AcDbText
  0
CIRCLE
  5
137D
330
1F
100
AcDbEntity
  8
0
100
AcDbCircle
 10
2998.706163898953
 20
1803.502029615018
 30
0.0
 40
0.0394372280041608
  0
CIRCLE
  5
137E
330
1F
100
AcDbEntity
  8
0
100
AcDbCircle
 10
2998.706163898953
 20
1803.089684117425
 30
0.0
 40
0.0394372280041608
  0
CIRCLE
  5
137F
330
1F
100
AcDbEntity
  8
0
100
AcDbCircle
 10
3000.018922878851
 20
1803.502029615018
 30
0.0
 40
0.0394372280041608
  0
CIRCLE
  5
1380
330
1F
100
AcDbEntity
  8
0
100
AcDbCircle
 10
3000.018922878851
 20
1803.089684117425
 30
0.0
 40
0.0394372280041608
  0
CIRCLE
  5
1381
330
1F
100
AcDbEntity
  8
0
100
AcDbCircle
 10
3001.367402880545
 20
1803.502029615018
 30
0.0
 40
0.0394372280041608
  0
CIRCLE
  5
1382
330
1F
100
AcDbEntity
  8
0
100
AcDbCircle
 10
3001.367402880545
 20
1803.089684117425
 30
0.0
 40
0.0394372280041608
  0
CIRCLE
  5
1383
330
1F
100
AcDbEntity
  8
0
100
AcDbCircle
 10
3002.648075228322
 20
1803.502029615018
 30
0.0
 40
0.0394372280041608
  0
CIRCLE
  5
1384
330
1F
100
AcDbEntity
  8
0
100
AcDbCircle
 10
3002.648075228322
 20
1803.089684117425
 30
0.0
 40
0.0394372280041608
  0
CIRCLE
  5
1385
330
1F
100
AcDbEntity
  8
0
100
AcDbCircle
 10
3003.989730749089
 20
1803.502029615018
 30
0.0
 40
0.0394372280041608
  0
CIRCLE
  5
1386
330
1F
100
AcDbEntity
  8
0
100
AcDbCircle
 10
3003.989730749089
 20
1803.089684117425
 30
0.0
 40
0.0394372280041608
  0
CIRCLE
  5
1387
330
1F
100
AcDbEntity
  8
0
100
AcDbCircle
 10
3005.300895397666
 20
1803.502029615018
 30
0.0
 40
0.0394372280041608
  0
CIRCLE
  5
1388
330
1F
100
AcDbEntity
  8
0
100
AcDbCircle
 10
3005.300895397666
 20
1803.089684117425
 30
0.0
 40
0.0394372280041608
  0
CIRCLE
  5
1389
330
1F
100
AcDbEntity
  8
0
100
AcDbCircle
 10
3006.642552347044
 20
1803.502029615018
 30
0.0
 40
0.0394372280041608
  0
CIRCLE
  5
138A
330
1F
100
AcDbEntity
  8
0
100
AcDbCircle
 10
3006.642552347044
 20
1803.089684117425
 30
0.0
 40
0.0394372280041608
  0
CIRCLE
  5
138B
330
1F
100
AcDbEntity
  8
0
100
AcDbCircle
 10
3007.950170313927
 20
1803.502029615018
 30
0.0
 40
0.0394372280041608
  0
CIRCLE
  5
138C
330
1F
100
AcDbEntity
  8
0
100
AcDbCircle
 10
3007.950170313927
 20
1803.089684117425
 30
0.0
 40
0.0394372280041608
  0
ARC
  5
138D
330
1F
100
AcDbEntity
  8
0
100
AcDbCircle
 10
2998.717253327007
 20
1803.295059620122
 30
0.0
 40
0.2161686393604332
100
AcDbArc
 50
108.232907061966
 51
251.8181154596058
  0
LINE
  5
138E
330
1F
100
AcDbEntity
  8
0
100
AcDbLine
 10
2998.396649716669
 20
1803.312774791993
 30
0.0
 11
2998.63914808188
 21
1803.312774791993
 31
0.0
  0
LINE
  5
138F
330
1F
100
AcDbEntity
  8
0
100
AcDbLine
 10
2998.396649716669
 20
1803.259795969455
 30
0.0
 11
2998.63914808188
 21
1803.259795969455
 31
0.0
  0
LINE
  5
1390
330
1F
100
AcDbEntity
  8
0
100
AcDbLine
 10
2998.396649716669
 20
1803.361970162796
 30
0.0
 11
2998.63914808188
 21
1803.361970162796
 31
0.0
  0
ARC
  5
1391
330
1F
100
AcDbEntity
  8
0
100
AcDbCircle
 10
3000.035092452223
 20
1803.295059620122
 30
0.0
 40
0.2161686393604332
100
AcDbArc
 50
108.232907061966
 51
251.8181154596058
  0
LINE
  5
1392
330
1F
100
AcDbEntity
  8
0
100
AcDbLine
 10
2999.714488841885
 20
1803.312774791993
 30
0.0
 11
2999.956987207095
 21
1803.312774791993
 31
0.0
  0
LINE
  5
1393
330
1F
100
AcDbEntity
  8
0
100
AcDbLine
 10
2999.714488841885
 20
1803.259795969455
 30
0.0
 11
2999.956987207095
 21
1803.259795969455
 31
0.0
  0
LINE
  5
1394
330
1F
100
AcDbEntity
  8
0
100
AcDbLine
 10
2999.714488841885
 20
1803.361970162796
 30
0.0
 11
2999.956987207095
 21
1803.361970162796
 31
0.0
  0
ARC
  5
1395
330
1F
100
AcDbEntity
  8
0
100
AcDbCircle
 10
3001.376722257968
 20
1803.295059620122
 30
0.0
 40
0.2161686393604332
100
AcDbArc
 50
108.232907061966
 51
251.8181154596058
  0
LINE
  5
1396
330
1F
100
AcDbEntity
  8
0
100
AcDbLine
 10
3001.056118647629
 20
1803.312774791993
 30
0.0
 11
3001.298617012839
 21
1803.312774791993
 31
0.0
  0
LINE
  5
1397
330
1F
100
AcDbEntity
  8
0
100
AcDbLine
 10
3001.056118647629
 20
1803.259795969455
 30
0.0
 11
3001.298617012839
 21
1803.259795969455
 31
0.0
  0
LINE
  5
1398
330
1F
100
AcDbEntity
  8
0
100
AcDbLine
 10
3001.056118647629
 20
1803.361970162796
 30
0.0
 11
3001.298617012839
 21
1803.361970162796
 31
0.0
  0
ARC
  5
1399
330
1F
100
AcDbEntity
  8
0
100
AcDbCircle
 10
3002.661930449778
 20
1803.295059620122
 30
0.0
 40
0.2161686393604332
100
AcDbArc
 50
108.232907061966
 51
251.8181154596058
  0
LINE
  5
139A
330
1F
100
AcDbEntity
  8
0
100
AcDbLine
 10
3002.341326839439
 20
1803.312774791993
 30
0.0
 11
3002.58382520465
 21
1803.312774791993
 31
0.0
  0
LINE
  5
139B
330
1F
100
AcDbEntity
  8
0
100
AcDbLine
 10
3002.341326839439
 20
1803.259795969455
 30
0.0
 11
3002.58382520465
 21
1803.259795969455
 31
0.0
  0
LINE
  5
139C
330
1F
100
AcDbEntity
  8
0
100
AcDbLine
 10
3002.341326839439
 20
1803.361970162796
 30
0.0
 11
3002.58382520465
 21
1803.361970162796
 31
0.0
  0
ARC
  5
139D
330
1F
100
AcDbEntity
  8
0
100
AcDbCircle
 10
3004.013950552736
 20
1803.295059620122
 30
0.0
 40
0.2161686393604332
100
AcDbArc
 50
108.232907061966
 51
251.8181154596058
  0
LINE
  5
139E
330
1F
100
AcDbEntity
  8
0
100
AcDbLine
 10
3003.693346942398
 20
1803.312774791993
 30
0.0
 11
3003.935845307608
 21
1803.312774791993
 31
0.0
  0
LINE
  5
139F
330
1F
100
AcDbEntity
  8
0
100
AcDbLine
 10
3003.693346942398
 20
1803.259795969455
 30
0.0
 11
3003.935845307608
 21
1803.259795969455
 31
0.0
  0
LINE
  5
13A0
330
1F
100
AcDbEntity
  8
0
100
AcDbLine
 10
3003.693346942398
 20
1803.361970162796
 30
0.0
 11
3003.935845307608
 21
1803.361970162796
 31
0.0
  0
ARC
  5
13A1
330
1F
100
AcDbEntity
  8
0
100
AcDbCircle
 10
3005.318686445991
 20
1803.295059620122
 30
0.0
 40
0.2161686393604332
100
AcDbArc
 50
108.232907061966
 51
251.8181154596058
  0
LINE
  5
13A2
330
1F
100
AcDbEntity
  8
0
100
AcDbLine
 10
3004.998082835653
 20
1803.312774791993
 30
0.0
 11
3005.240581200864
 21
1803.312774791993
 31
0.0
  0
LINE
  5
13A3
330
1F
100
AcDbEntity
  8
0
100
AcDbLine
 10
3004.998082835653
 20
1803.259795969455
 30
0.0
 11
3005.240581200864
 21
1803.259795969455
 31
0.0
  0
LINE
  5
13A4
330
1F
100
AcDbEntity
  8
0
100
AcDbLine
 10
3004.998082835653
 20
1803.361970162796
 30
0.0
 11
3005.240581200864
 21
1803.361970162796
 31
0.0
  0
ARC
  5
13A5
330
1F
100
AcDbEntity
  8
0
100
AcDbCircle
 10
3006.659313365906
 20
1803.295059620122
 30
0.0
 40
0.2161686393604332
100
AcDbArc
 50
108.232907061966
 51
251.8181154596058
  0
LINE
  5
13A6
330
1F
100
AcDbEntity
  8
0
100
AcDbLine
 10
3006.338709755568
 20
1803.312774791993
 30
0.0
 11
3006.581208120778
 21
1803.312774791993
 31
0.0
  0
LINE
  5
13A7
330
1F
100
AcDbEntity
  8
0
100
AcDbLine
 10
3006.338709755568
 20
1803.259795969455
 30
0.0
 11
3006.581208120778
 21
1803.259795969455
 31
0.0
  0
LINE
  5
13A8
330
1F
100
AcDbEntity
  8
0
100
AcDbLine
 10
3006.338709755568
 20
1803.361970162796
 30
0.0
 11
3006.581208120778
 21
1803.361970162796
 31
0.0
  0
ARC
  5
13A9
330
1F
100
AcDbEntity
  8
0
100
AcDbCircle
 10
3007.961586894198
 20
1803.295059620122
 30
0.0
 40
0.2161686393604332
100
AcDbArc
 50
108.232907061966
 51
251.8181154596058
  0
LINE
  5
13AA
330
1F
100
AcDbEntity
  8
0
100
AcDbLine
 10
3007.64098328386
 20
1803.312774791993
 30
0.0
 11
3007.88348164907
 21
1803.312774791993
 31
0.0
  0
LINE
  5
13AB
330
1F
100
AcDbEntity
  8
0
100
AcDbLine
 10
3007.64098328386
 20
1803.259795969455
 30
0.0
 11
3007.88348164907
 21
1803.259795969455
 31
0.0
  0
LINE
  5
13AC
330
1F
100
AcDbEntity
  8
0
100
AcDbLine
 10
3007.64098328386
 20
1803.361970162796
 30
0.0
 11
3007.88348164907
 21
1803.361970162796
 31
0.0
  0
TEXT
  5
13AD
330
1F
100
AcDbEntity
  8
0
100
AcDbText
 10
2998.319136922336
 20
1802.783047765919
 30
0.0
 40
0.3500144309008424
  1
40 A
 50
90.0
  7
arial
100
AcDbText
  0
TEXT
  5
13AE
330
1F
100
AcDbEntity
  8
0
100
AcDbText
 10
2999.579802290933
 20
1802.792306056503
 30
0.0
 40
0.3500144309008424
  1
20 A
 50
90.0
  7
arial
100
AcDbText
  0
TEXT
  5
13AF
330
1F
100
AcDbEntity
  8
0
100
AcDbText
 10
3000.953343009485
 20
1802.792306056503
 30
0.0
 40
0.3500144309008424
  1
20 A
 50
90.0
  7
arial
100
AcDbText
  0
TEXT
  5
13B0
330
1F
100
AcDbEntity
  8
0
100
AcDbText
 10
3002.313447629414
 20
1802.792306056503
 30
0.0
 40
0.3500144309008424
  1
40 A
 50
90.0
  7
arial
100
AcDbText
  0
TEXT
  5
13B1
330
1F
100
AcDbEntity
  8
0
100
AcDbText
 10
3003.619559276309
 20
1802.792306056503
 30
0.0
 40
0.3500144309008424
  1
20 A
 50
90.0
  7
arial
100
AcDbText
  0
TEXT
  5
13B2
330
1F
100
AcDbEntity
  8
0
100
AcDbText
 10
3004.951895959081
 20
1802.792306056503
 30
0.0
 40
0.3500144309008424
  1
32 A
 50
90.0
  7
arial
100
AcDbText
  0
TEXT
  5
13B3
330
1F
100
AcDbEntity
  8
0
100
AcDbText
 10
3006.270329387011
 20
1802.792306056503
 30
0.0
 40
0.3500144309008424
  1
20 A
 50
90.0
  7
arial
100
AcDbText
  0
TEXT
  5
13B4
330
1F
100
AcDbEntity
  8
0
100
AcDbText
 10
3007.603060929408
 20
1802.792306056503
 30
0.0
 40
0.3500144309008424
  1
20 A
 50
90.0
  7
arial
100
AcDbText
  0
TEXT
  5
13B5
330
1F
100
AcDbEntity
  8
0
100
AcDbText
 10
3002.868648681643
 20
1797.136373930474
 30
0.0
 40
0.3500144309008424
  1
Tomadas - 1000W
 50
90.0
  7
arial
100
AcDbText
  0
TEXT
  5
13B6
330
1F
100
AcDbEntity
  8
0
100
AcDbText
 10
3001.514315706474
 20
1796.959507223088
 30
0.0
 40
0.3500144309008424
  1
Microondas - 600W
 50
90.0
  7
arial
100
AcDbText
  0
TEXT
  5
13B7
330
1F
100
AcDbEntity
  8
0
100
AcDbText
 10
3000.23126353679
 20
1795.535656836275
 30
0.0
 40
0.3500144309008424
  1
Maquina de Lavar - 500W
 50
90.0
  7
arial
100
AcDbText
  0
TEXT
  5
13B8
330
1F
100
AcDbEntity
  8
0
100
AcDbText
 10
2998.912570964364
 20
1794.739579813483
 30
0.0
 40
0.3500144309008424
  1
Chuveiro Elétrico - 2 x 4500W
 50
90.0
  7
arial
100
AcDbText
  0
LINE
  5
13B9
330
1F
100
AcDbEntity
  8
0
100
AcDbLine
 10
2997.372961178755
 20
1805.126151458106
 30
0.0
 11
2997.372961178755
 21
1803.541466843023
 31
0.0
  0
LINE
  5
13BA
330
1F
100
AcDbEntity
  8
0
100
AcDbLine
 10
2997.372961178755
 20
1803.050246889421
 30
0.0
 11
2997.372961178755
 21
1801.335444446655
 31
0.0
  0
TEXT
  5
13BB
330
1F
100
AcDbEntity
  8
0
100
AcDbText
 10
2997.588515032011
 20
1795.98112193067
 30
0.0
 40
0.3500144309008424
  1
Computador - 1 x 400W
 50
90.0
  7
arial
100
AcDbText
  0
CIRCLE
  5
13BC
330
1F
100
AcDbEntity
  8
0
100
AcDbCircle
 10
2997.372961178755
 20
1803.502029615018
 30
0.0
 40
0.0394372280041608
  0
CIRCLE
  5
13BD
330
1F
100
AcDbEntity
  8
0
100
AcDbCircle
 10
2997.372961178755
 20
1803.089684117425
 30
0.0
 40
0.0394372280041608
  0
ARC
  5
13BE
330
1F
100
AcDbEntity
  8
0
100
AcDbCircle
 10
2997.397180982402
 20
1803.295059620122
 30
0.0
 40
0.2161686393604332
100
AcDbArc
 50
108.232907061966
 51
251.8181154596058
  0
LINE
  5
13BF
330
1F
100
AcDbEntity
  8
0
100
AcDbLine
 10
2997.076577372063
 20
1803.312774791993
 30
0.0
 11
2997.319075737274
 21
1803.312774791993
 31
0.0
  0
LINE
  5
13C0
330
1F
100
AcDbEntity
  8
0
100
AcDbLine
 10
2997.076577372063
 20
1803.259795969455
 30
0.0
 11
2997.319075737274
 21
1803.259795969455
 31
0.0
  0
LINE
  5
13C1
330
1F
100
AcDbEntity
  8
0
100
AcDbLine
 10
2997.076577372063
 20
1803.361970162796
 30
0.0
 11
2997.319075737274
 21
1803.361970162796
 31
0.0
  0
TEXT
  5
13C2
330
1F
100
AcDbEntity
  8
0
100
AcDbText
 10
2997.002789705975
 20
1802.792306056503
 30
0.0
 40
0.3500144309008424
  1
20 A
 50
90.0
  7
arial
100
AcDbText
  0
LINE
  5
13C3
330
1F
100
AcDbEntity
  8
0
100
AcDbLine
 10
3009.218268497397
 20
1805.126151458106
 30
0.0
 11
3009.218268497397
 21
1803.541466843023
 31
0.0
  0
LINE
  5
13C4
330
1F
100
AcDbEntity
  8
0
100
AcDbLine
 10
3009.218268497397
 20
1803.050246889421
 30
0.0
 11
3009.218268497397
 21
1801.335444446655
 31
0.0
  0
TEXT
  5
13C5
330
1F
100
AcDbEntity
  8
0
100
AcDbText
 10
3009.433822350653
 20
1794.630807263525
 30
0.0
 40
0.3500144309008424
  1
Impressora a laser - 3 x 600W
 50
90.0
  7
arial
100
AcDbText
  0
CIRCLE
  5
13C6
330
1F
100
AcDbEntity
  8
0
100
AcDbCircle
 10
3009.218268497397
 20
1803.502029615018
 30
0.0
 40
0.0394372280041608
  0
CIRCLE
  5
13C7
330
1F
100
AcDbEntity
  8
0
100
AcDbCircle
 10
3009.218268497397
 20
1803.089684117425
 30
0.0
 40
0.0394372280041608
  0
ARC
  5
13C8
330
1F
100
AcDbEntity
  8
0
100
AcDbCircle
 10
3009.242488301044
 20
1803.295059620122
 30
0.0
 40
0.2161686393604332
100
AcDbArc
 50
108.232907061966
 51
251.8181154596058
  0
LINE
  5
13C9
330
1F
100
AcDbEntity
  8
0
100
AcDbLine
 10
3008.921884690705
 20
1803.312774791993
 30
0.0
 11
3009.164383055916
 21
1803.312774791993
 31
0.0
  0
LINE
  5
13CA
330
1F
100
AcDbEntity
  8
0
100
AcDbLine
 10
3008.921884690705
 20
1803.259795969455
 30
0.0
 11
3009.164383055916
 21
1803.259795969455
 31
0.0
  0
LINE
  5
13CB
330
1F
100
AcDbEntity
  8
0
100
AcDbLine
 10
3008.921884690705
 20
1803.361970162796
 30
0.0
 11
3009.164383055916
 21
1803.361970162796
 31
0.0
  0
TEXT
  5
13CC
330
1F
100
AcDbEntity
  8
0
100
AcDbText
 10
3008.848097024617
 20
1802.792306056503
 30
0.0
 40
0.3500144309008424
  1
20 A
 50
90.0
  7
arial
100
AcDbText
  0
LINE
  5
13CD
330
1F
100
AcDbEntity
  8
0
100
AcDbLine
 10
2996.132388301855
 20
1805.126151458106
 30
0.0
 11
2996.132388301855
 21
1803.541466843023
 31
0.0
  0
LINE
  5
13CE
330
1F
100
AcDbEntity
  8
0
100
AcDbLine
 10
2996.132388301855
 20
1803.050246889421
 30
0.0
 11
2996.132388301855
 21
1801.335444446655
 31
0.0
  0
TEXT
  5
13CF
330
1F
100
AcDbEntity
  8
0
100
AcDbText
 10
2996.347942155111
 20
1795.006742738334
 30
0.0
 40
0.3500144309008424
  1
Luminárias Externas - 500W
 50
90.0
  7
arial
100
AcDbText
  0
CIRCLE
  5
13D0
330
1F
100
AcDbEntity
  8
0
100
AcDbCircle
 10
2996.132388301855
 20
1803.502029615018
 30
0.0
 40
0.0394372280041608
  0
CIRCLE
  5
13D1
330
1F
100
AcDbEntity
  8
0
100
AcDbCircle
 10
2996.132388301855
 20
1803.089684117425
 30
0.0
 40
0.0394372280041608
  0
ARC
  5
13D2
330
1F
100
AcDbEntity
  8
0
100
AcDbCircle
 10
2996.156608105503
 20
1803.295059620122
 30
0.0
 40
0.2161686393604332
100
AcDbArc
 50
108.232907061966
 51
251.8181154596058
  0
LINE
  5
13D3
330
1F
100
AcDbEntity
  8
0
100
AcDbLine
 10
2995.836004495164
 20
1803.312774791993
 30
0.0
 11
2996.078502860375
 21
1803.312774791993
 31
0.0
  0
LINE
  5
13D4
330
1F
100
AcDbEntity
  8
0
100
AcDbLine
 10
2995.836004495164
 20
1803.259795969455
 30
0.0
 11
2996.078502860375
 21
1803.259795969455
 31
0.0
  0
LINE
  5
13D5
330
1F
100
AcDbEntity
  8
0
100
AcDbLine
 10
2995.836004495164
 20
1803.361970162796
 30
0.0
 11
2996.078502860375
 21
1803.361970162796
 31
0.0
  0
TEXT
  5
13D6
330
1F
100
AcDbEntity
  8
0
100
AcDbText
 10
2995.762216829075
 20
1802.792306056503
 30
0.0
 40
0.3500144309008424
  1
20 A
 50
90.0
  7
arial
100
AcDbText
  0
LINE
  5
13D7
330
1F
100
AcDbEntity
  8
0
100
AcDbLine
 10
3010.485153615681
 20
1805.126151458106
 30
0.0
 11
3010.485153615681
 21
1803.580904071027
 31
0.0
  0
LINE
  5
13D8
330
1F
100
AcDbEntity
  8
0
100
AcDbLine
 10
3010.485153615681
 20
1803.089684117425
 30
0.0
 11
3010.485153615681
 21
1801.374881674659
 31
0.0
  0
TEXT
  5
13D9
330
1F
100
AcDbEntity
  8
0
100
AcDbText
 10
3010.599446788203
 20
1793.709260308414
 30
0.0
 40
0.3500144309008424
  1
Sistema e Equipamentos - 1500W
 50
90.0
  7
arial
100
AcDbText
  0
CIRCLE
  5
13DA
330
1F
100
AcDbEntity
  8
0
100
AcDbCircle
 10
3010.485153615681
 20
1803.541466843023
 30
0.0
 40
0.0394372280041608
  0
CIRCLE
  5
13DB
330
1F
100
AcDbEntity
  8
0
100
AcDbCircle
 10
3010.485153615681
 20
1803.129121345429
 30
0.0
 40
0.0394372280041608
  0
ARC
  5
13DC
330
1F
100
AcDbEntity
  8
0
100
AcDbCircle
 10
3010.509373419328
 20
1803.334496848126
 30
0.0
 40
0.2161686393604332
100
AcDbArc
 50
108.232907061966
 51
251.8181154596058
  0
LINE
  5
13DD
330
1F
100
AcDbEntity
  8
0
100
AcDbLine
 10
3010.188769808989
 20
1803.352212019997
 30
0.0
 11
3010.4312681742
 21
1803.352212019997
 31
0.0
  0
LINE
  5
13DE
330
1F
100
AcDbEntity
  8
0
100
AcDbLine
 10
3010.188769808989
 20
1803.299233197459
 30
0.0
 11
3010.4312681742
 21
1803.299233197459
 31
0.0
  0
LINE
  5
13DF
330
1F
100
AcDbEntity
  8
0
100
AcDbLine
 10
3010.188769808989
 20
1803.401407390801
 30
0.0
 11
3010.4312681742
 21
1803.401407390801
 31
0.0
  0
TEXT
  5
13E0
330
1F
100
AcDbEntity
  8
0
100
AcDbText
 10
3010.1149821429
 20
1802.831743284507
 30
0.0
 40
0.3500144309008424
  1
20 A
 50
90.0
  7
arial
100
AcDbText
  0
TEXT
  5
14B4
330
1F
100
AcDbEntity
  8
0
 62
     1
 48
0.1
100
AcDbText
 10
2957.108632120267
 20
1759.100753855116
 30
0.0
 40
0.6965448392619189
  1
01
  7
arial
100
AcDbText
  0
TEXT
  5
1581
330
1F
100
AcDbEntity
  8
0
 62
     7
100
AcDbText
 10
3034.307070321285
 20
1808.218952848805
 30
0.0
 40
0.5786566778892953
  1
HELIUS
  7
arial
100
AcDbText
1001
ACAD
1000
ACAD_MTEXT_DEFINED_HEIGHT_BEGIN
1070
    46
1040
0.0
1000
ACAD_MTEXT_DEFINED_HEIGHT_END
  0
TEXT
  5
161A
330
1F
100
AcDbEntity
  8
0
 62
     1
 48
0.1
100
AcDbText
 10
3008.330414662898
 20
1747.812674504663
 30
0.0
 40
0.2843230634678178
  1
HELIUS
  7
arial
100
AcDbText
  0
TEXT
  5
16DE
330
1F
100
AcDbEntity
  8
0
100
AcDbText
 10
2997.944164104611
 20
1748.114817660649
 30
0.0
 40
0.2843230634678178
  1
Marca
  7
arial
100
AcDbText
  0
TEXT
  5
16DF
330
1F
100
AcDbEntity
  8
0
100
AcDbText
 10
2997.828240505967
 20
1747.267310875365
 30
0.0
 40
0.2843230634678178
  1
Modelo
  7
arial
100
AcDbText
  0
TEXT
  5
16E0
330
1F
100
AcDbEntity
  8
0
100
AcDbText
 10
2997.340016976857
 20
1746.439541746143
 30
0.0
 40
0.2843230634678178
  1
Quantidade
  7
arial
100
AcDbText
  0
TEXT
  5
16E1
330
1F
100
AcDbEntity
  8
0
 62
     1
 48
0.1
100
AcDbText
 10
2999.432763652901
 20
1746.420710092002
 30
0.0
 40
0.2843230634678178
  1
06
  7
arial
100
AcDbText
  0
TEXT
  5
16E2
330
1F
100
AcDbEntity
  8
0
100
AcDbText
 10
2997.340016976857
 20
1746.108480049186
 30
0.0
 40
0.2843230634678178
  1
2x4mm²
  7
arial
100
AcDbText
  0
TEXT
  5
16E3
330
1F
100
AcDbEntity
  8
0
100
AcDbText
 10
2997.405087216587
 20
1745.545244460442
 30
0.0
 40
0.2843230634678178
  1
Gerador: P1 
  7
arial
100
AcDbText
  0
TEXT
  5
16E4
330
1F
100
AcDbEntity
  8
0
 62
     1
 48
0.1
100
AcDbText
 10
2994.85166121951
 20
1746.869713045711
 30
0.0
 40
0.2843230634678178
  1
HMB132T12R - Bifacial N-Type - 620 Wp
  7
arial
100
AcDbText
  0
TEXT
  5
16E5
330
1F
100
AcDbEntity
  8
0
 62
     1
 48
0.1
100
AcDbText
 10
2997.777621145889
 20
1747.703175437323
 30
0.0
 40
0.2843230634678178
  1
HELIUS
  7
arial
100
AcDbText
  0
LINE
  5
174D
330
1F
100
AcDbEntity
  8
0
100
AcDbLine
 10
3040.347371976944
 20
1800.772579726302
 30
0.0
 11
3041.967222997732
 21
1800.772579726302
 31
0.0
  0
LINE
  5
174E
330
1F
100
AcDbEntity
  8
0
100
AcDbLine
 10
3040.347371976944
 20
1799.384571958074
 30
0.0
 11
3041.967222997734
 21
1799.384571958074
 31
0.0
  0
LINE
  5
174F
330
1F
100
AcDbEntity
  8
0
100
AcDbLine
 10
3040.347371976944
 20
1797.996564189846
 30
0.0
 11
3041.967222997734
 21
1797.996564189846
 31
0.0
  0
LINE
  5
1750
330
1F
100
AcDbEntity
  8
0
100
AcDbLine
 10
3040.347371976944
 20
1796.608556421617
 30
0.0
 11
3041.967222997732
 21
1796.608556421617
 31
0.0
  0
LINE
  5
1751
330
1F
100
AcDbEntity
  8
0
100
AcDbLine
 10
3040.347371976944
 20
1795.220548653389
 30
0.0
 11
3041.967222997734
 21
1795.220548653389
 31
0.0
  0
LINE
  5
1752
330
1F
100
AcDbEntity
  8
0
100
AcDbLine
 10
3040.347371976944
 20
1793.83254088516
 30
0.0
 11
3041.967222997732
 21
1793.83254088516
 31
0.0
  0
VIEWPORT
  5
178F
102
{ACAD_XDICTIONARY
360
1790
102
}
330
D2
100
AcDbEntity
 67
     1
  8
0
100
AcDbViewport
 10
128.5
 20
97.5
 30
0.0
 40
567.7310148513925
 41
222.1813403613318
 68
     1
 69
     1
 12
128.5
 22
97.5
 13
0.0
 23
0.0
 14
10.0
 24
10.0
 15
10.0
 25
10.0
 16
0.0
 26
0.0
 36
1.0
 17
0.0
 27
0.0
 37
0.0
 42
50.0
 43
0.0
 44
0.0
 45
222.1813403613318
 50
0.0
 51
0.0
 72
  1000
 90
   819232
  1

281
     0
 71
     1
 74
     0
110
0.0
120
0.0
130
0.0
111
1.0
121
0.0
131
0.0
112
0.0
122
1.0
132
0.0
 79
     0
146
0.0
170
     0
 61
     5
348
F5
292
     1
282
     1
141
0.0
142
0.0
 63
   250
421
  3355443
  0
VIEWPORT
  5
1793
102
{ACAD_XDICTIONARY
360
1794
102
}
330
D2
100
AcDbEntity
 67
     1
  8
0
100
AcDbViewport
 10
128.5
 20
97.5
 30
0.0
 40
205.6
 41
156.0
 68
     2
 69
     2
 12
2991.146618388023
 22
1782.918362969323
 13
0.0
 23
0.0
 14
10.0
 24
10.0
 15
10.0
 25
10.0
 16
0.0
 26
0.0
 36
1.0
 17
0.0
 27
0.0
 37
0.0
 42
50.0
 43
0.0
 44
0.0
 45
90.99591857367363
 50
0.0
 51
0.0
 72
  1000
 90
   819296
  1

281
     0
 71
     1
 74
     0
110
0.0
120
0.0
130
0.0
111
1.0
121
0.0
131
0.0
112
0.0
122
1.0
132
0.0
 79
     0
146
0.0
170
     0
 61
     5
348
F5
292
     1
282
     1
141
0.0
142
0.0
 63
   250
421
  3355443
  0
ENDSEC
  0
SECTION
  2
OBJECTS
  0
DICTIONARY
  5
C
330
0
100
AcDbDictionary
281
     1
  3
ACAD_CIP_PREVIOUS_PRODUCT_INFO
350
216
  3
ACAD_COLOR
350
6B
  3
ACAD_DETAILVIEWSTYLE
350
21B
  3
ACAD_GROUP
350
D
  3
ACAD_LAST_SAVED_VERSION_INFO
350
16BA
  3
ACAD_LAYOUT
350
1A
  3
ACAD_MATERIAL
350
6A
  3
ACAD_MLEADERSTYLE
350
12D
  3
ACAD_MLINESTYLE
350
17
  3
ACAD_PLOTSETTINGS
350
19
  3
ACAD_PLOTSTYLENAME
350
E
  3
ACAD_SCALELIST
350
10C
  3
ACAD_SECTIONVIEWSTYLE
350
219
  3
ACAD_TABLESTYLE
350
7E
  3
ACAD_VISUALSTYLE
350
EF
  3
ACDB_RECOMPOSE_DATA
350
17F7
  3
AcDbVariableDictionary
350
5E
  3
AEC_PROPERTY_SET_DEFS
350
5C1
  0
DICTIONARY
  5
F96
330
8
100
AcDbDictionary
280
     1
281
     1
  0
DICTIONARY
  5
1FF
330
2
100
AcDbDictionary
280
     1
281
     1
  3
ACAD_LAYERSTATES
360
200
  0
DICTIONARY
  5
13C
330
10
100
AcDbDictionary
280
     1
281
     1
  0
DICTIONARY
  5
27A
330
279
100
AcDbDictionary
280
     1
281
     1
  0
DICTIONARY
  5
27C
330
27B
100
AcDbDictionary
280
     1
281
     1
  0
DICTIONARY
  5
466
330
465
100
AcDbDictionary
280
     1
281
     1
  0
DICTIONARY
  5
1CE
330
1F
100
AcDbDictionary
280
     1
281
     1
  3
ACAD_SORTENTS
360
4F6
  0
DICTIONARY
  5
262
330
261
100
AcDbDictionary
280
     1
281
     1
  0
DICTIONARY
  5
17A1
330
17A0
100
AcDbDictionary
280
     1
281
     1
  3
ASDK_XREC_ANNOTATION_SCALE_INFO
360
17A2
  0
DICTIONARY
  5
17A5
330
17A4
100
AcDbDictionary
280
     1
281
     1
  3
ASDK_XREC_ANNOTATION_SCALE_INFO
360
17A6
  0
DICTIONARY
  5
403
330
402
100
AcDbDictionary
280
     1
281
     1
  0
DICTIONARY
  5
405
330
404
100
AcDbDictionary
280
     1
281
     1
  0
DICTIONARY
  5
FD7
330
43D
100
AcDbDictionary
280
     1
281
     1
  0
DICTIONARY
  5
1790
330
178F
100
AcDbDictionary
280
     1
281
     1
  3
ASDK_XREC_ANNOTATION_SCALE_INFO
360
1791
  0
DICTIONARY
  5
1794
330
1793
100
AcDbDictionary
280
     1
281
     1
  3
ASDK_XREC_ANNOTATION_SCALE_INFO
360
1795
  0
XRECORD
  5
216
102
{ACAD_REACTORS
330
C
102
}
330
C
100
AcDbXrecord
280
     1
300
ACD
300
2025
300
ACD_F_S
  0
DICTIONARY
  5
6B
102
{ACAD_REACTORS
330
C
102
}
330
C
100
AcDbDictionary
281
     1
  0
DICTIONARY
  5
21B
102
{ACAD_REACTORS
330
C
102
}
330
C
100
AcDbDictionary
281
     1
  3
Metric50
350
21C
  0
DICTIONARY
  5
D
102
{ACAD_REACTORS
330
C
102
}
330
C
100
AcDbDictionary
281
     1
  0
XRECORD
  5
16BA
102
{ACAD_REACTORS
330
C
102
}
330
C
100
AcDbXrecord
280
     1
300
{62E2EB26-2005-0745-9846-1768C1124FC7}
301
{64779754-119B-9E4F-BDF8-700AC2116E83}
302
{62E2EB26-2005-0745-9846-1768C1124FC7}
303
C:\Luan\Github\Diagrama Unifilar - Styven Rocha Dos Santos.dxf
  0
DICTIONARY
  5
1A
102
{ACAD_REACTORS
330
C
102
}
330
C
100
AcDbDictionary
281
     1
  3
Layout1
350
D3
  3
Layout2
350
D7
  3
Model
350
22
  0
DICTIONARY
  5
6A
102
{ACAD_REACTORS
330
C
102
}
330
C
100
AcDbDictionary
281
     1
  3
ByBlock
350
ED
  3
ByLayer
350
EC
  3
Global
350
EE
  0
DICTIONARY
  5
12D
102
{ACAD_REACTORS
330
C
102
}
330
C
100
AcDbDictionary
281
     1
  3
Annotative
350
13B
  3
Standard
350
12E
  0
DICTIONARY
  5
17
102
{ACAD_REACTORS
330
C
102
}
330
C
100
AcDbDictionary
281
     1
  3
Standard
350
18
  0
DICTIONARY
  5
19
102
{ACAD_REACTORS
330
C
102
}
330
C
100
AcDbDictionary
281
     1
  0
ACDBDICTIONARYWDFLT
  5
E
102
{ACAD_REACTORS
330
C
102
}
330
C
100
AcDbDictionary
281
     1
  3
Normal
350
F
100
AcDbDictionaryWithDefault
340
F
  0
DICTIONARY
  5
10C
102
{ACAD_REACTORS
330
C
102
}
330
C
100
AcDbDictionary
281
     1
  3
A0
350
10D
  3
A1
350
1BE
  3
A2
350
1BF
  3
A3
350
1C0
  3
A4
350
1C1
  3
A5
350
1C2
  3
A6
350
1C3
  3
A7
350
1C4
  3
A8
350
1C5
  3
A9
350
1C6
  3
B0
350
1C7
  3
B1
350
1C8
  3
B2
350
1C9
  3
B3
350
1CA
  3
B4
350
1CB
  3
B5
350
1CC
  3
B6
350
1CD
  0
DICTIONARY
  5
219
102
{ACAD_REACTORS
330
C
102
}
330
C
100
AcDbDictionary
281
     1
  3
Metric50
350
21A
  0
DICTIONARY
  5
7E
102
{ACAD_REACTORS
330
C
102
}
330
C
100
AcDbDictionary
281
     1
  3
Standard
350
7F
  0
DICTIONARY
  5
EF
102
{ACAD_REACTORS
330
C
102
}
330
C
100
AcDbDictionary
281
     1
  3
2dWireframe
350
F5
  3
3dWireframe
350
28A
  3
Basic
350
F4
  3
Brighten
350
FB
  3
ColorChange
350
FF
  3
Conceptual
350
F8
  3
Dim
350
FA
  3
EdgeColorOff
350
1E6
  3
Facepattern
350
FE
  3
Flat
350
F0
  3
FlatWithEdges
350
F1
  3
Gouraud
350
F2
  3
GouraudWithEdges
350
F3
  3
Hidden
350
F7
  3
JitterOff
350
1E4
  3
Linepattern
350
FD
  3
OverhangOff
350
1E5
  3
Realistic
350
F9
  3
Shaded
350
1F3
  3
Shaded with edges
350
1F2
  3
Shades of Gray
350
1EF
  3
Sketchy
350
1F0
  3
Thicken
350
FC
  3
Wireframe
350
F6
  3
X-Ray
350
1F1
  0
XRECORD
  5
17F7
102
{ACAD_REACTORS
330
C
102
}
330
C
100
AcDbXrecord
280
     1
 90
        1
330
7F
  0
DICTIONARY
  5
5E
102
{ACAD_REACTORS
330
C
102
}
330
C
100
AcDbDictionary
281
     1
  3
CANNOSCALE
350
146
  3
CMLEADERSTYLE
350
145
  3
CTABLESTYLE
350
84
  3
CVIEWDETAILSTYLE
350
227
  3
CVIEWSECTIONSTYLE
350
228
  3
DIMASSOC
350
5F
  3
HIDETEXT
350
63
  3
LAYEREVAL
350
1AE
  3
LAYERNOTIFY
350
1AF
  3
LIGHTINGUNITS
350
FDA
  3
MSLTSCALE
350
FD9
  0
DICTIONARY
  5
5C1
102
{ACAD_REACTORS
330
C
102
}
330
C
100
AcDbDictionary
281
     1
  0
DICTIONARY
  5
200
102
{ACAD_REACTORS
330
1FF
102
}
330
1FF
100
AcDbDictionary
281
     1
  0
SORTENTSTABLE
  5
4F6
102
{ACAD_REACTORS
330
1CE
102
}
330
1CE
100
AcDbSortentsTable
330
1F
331
43B
  5
43C
331
43D
  5
43E
331
43E
  5
43F
331
43F
  5
440
331
440
  5
441
331
441
  5
442
331
444
  5
4C1
  0
XRECORD
  5
17A2
102
{ACAD_REACTORS
330
17A1
102
}
330
17A1
100
AcDbXrecord
280
     1
 90
        1
340
10D
  0
XRECORD
  5
17A6
102
{ACAD_REACTORS
330
17A5
102
}
330
17A5
100
AcDbXrecord
280
     1
 90
        1
340
10D
  0
XRECORD
  5
1791
102
{ACAD_REACTORS
330
1790
102
}
330
1790
100
AcDbXrecord
280
     1
 90
        1
340
10D
  0
XRECORD
  5
1795
102
{ACAD_REACTORS
330
1794
102
}
330
1794
100
AcDbXrecord
280
     1
 90
        1
340
10D
  0
ACDBDETAILVIEWSTYLE
  5
21C
102
{ACAD_REACTORS
330
21B
102
}
330
21B
100
AcDbModelDocViewStyle
 70
     0
  3
Metric50
290
     0
300
Metric50
 90
        0
100
AcDbDetailViewStyle
 70
     0
 71
     0
 90
        3
 71
     1
340
11
 62
   256
 40
5.0
340
0
 62
   256
 40
5.0
300

 40
0.0
280
     1
 71
     2
340
16
 90
       25
 62
   256
 71
     3
340
11
 62
   256
 40
5.0
 90
        0
 40
15.0
 90
        1
300
%<\AcVar ViewDetailId>% (%<\AcVar ViewScale \f "%sn">%)
 71
     4
340
16
 90
       25
 62
   256
340
16
 90
       25
 62
   256
280
     0
  0
LAYOUT
  5
D3
102
{ACAD_REACTORS
330
1A
102
}
330
1A
100
AcDbPlotSettings
  1

  2
none_device
  4
ISO_A4_(210.00_x_297.00_MM)
  6

 40
7.5
 41
20.0
 42
7.5
 43
20.0
 44
210.0
 45
297.0
 46
0.0
 47
0.0
 48
0.0
 49
0.0
140
0.0
141
0.0
142
1.0
143
1.0
 70
   688
 72
     1
 73
     1
 74
     5
  7

 75
    16
147
1.0
 76
     0
 77
     2
 78
   300
148
0.0
149
0.0
100
AcDbLayout
  1
Layout1
 70
     1
 71
     1
 10
-20.0
 20
-7.5
 11
277.0
 21
202.5
 12
0.0
 22
0.0
 32
0.0
 14
25.69999999999999
 24
19.5
 34
0.0
 15
231.3
 25
175.5
 35
0.0
146
0.0
 13
0.0
 23
0.0
 33
0.0
 16
1.0
 26
0.0
 36
0.0
 17
0.0
 27
1.0
 37
0.0
 76
     0
330
D2
331
178F
1001
ACAD_PSEXT
1000
Nenhum
1000
Nenhum
1000
Não aplicável
1000
O layout não será plotado até que um novo nome de configuração de plotadora seja selecionado.
1070
     0
  0
LAYOUT
  5
D7
102
{ACAD_REACTORS
330
1A
102
}
330
1A
100
AcDbPlotSettings
  1

  2
none_device
  4
ISO_A4_(210.00_x_297.00_MM)
  6

 40
7.5
 41
20.0
 42
7.5
 43
20.0
 44
210.0
 45
297.0
 46
0.0
 47
0.0
 48
0.0
 49
0.0
140
0.0
141
0.0
142
1.0
143
1.0
 70
   688
 72
     1
 73
     1
 74
     5
  7

 75
    16
147
1.0
 76
     0
 77
     2
 78
   300
148
0.0
149
0.0
100
AcDbLayout
  1
Layout2
 70
     1
 71
     2
 10
-20.0
 20
-7.5
 11
277.0
 21
202.5
 12
0.0
 22
0.0
 32
0.0
 14
25.69999999999999
 24
19.5
 34
0.0
 15
231.3
 25
175.5
 35
0.0
146
0.0
 13
0.0
 23
0.0
 33
0.0
 16
1.0
 26
0.0
 36
0.0
 17
0.0
 27
1.0
 37
0.0
 76
     0
330
D6
331
17A0
1001
ACAD_PSEXT
1000
Nenhum
1000
Nenhum
1000
Não aplicável
1000
O layout não será plotado até que um novo nome de configuração de plotadora seja selecionado.
1070
     0
  0
LAYOUT
  5
22
102
{ACAD_XDICTIONARY
360
205
102
}
102
{ACAD_REACTORS
330
1A
102
}
330
1A
100
AcDbPlotSettings
  1

  2
none_device
  4
ISO_A4_(210.00_x_297.00_MM)
  6

 40
7.5
 41
20.0
 42
7.5
 43
20.0
 44
210.0
 45
297.0
 46
11.54999923706054
 47
-13.65000009536743
 48
0.0
 49
0.0
140
0.0
141
0.0
142
1.0
143
8.704084754739808
 70
 11952
 72
     1
 73
     0
 74
     0
  7

 75
     0
147
0.1148885871608098
 76
     0
 77
     2
 78
   300
148
0.0
149
0.0
100
AcDbLayout
  1
Model
 70
     1
 71
     0
 10
0.0
 20
0.0
 11
12.0
 21
9.0
 12
0.0
 22
0.0
 32
0.0
 14
0.0
 24
0.0
 34
0.0
 15
0.0
 25
0.0
 35
0.0
146
0.0
 13
0.0
 23
0.0
 33
0.0
 16
1.0
 26
0.0
 36
0.0
 17
0.0
 27
1.0
 37
0.0
 76
     0
330
1F
331
EA
1001
ACAD_PSEXT
1000
None
1000
None
1000
Not applicable
1000
The layout will not be plotted unless a new plotter configuration name is selected.
1070
     0
  0
MATERIAL
  5
ED
102
{ACAD_XDICTIONARY
360
1F9
102
}
102
{ACAD_REACTORS
330
6A
102
}
330
6A
100
AcDbMaterial
  1
ByBlock
 94
       63
  0
MATERIAL
  5
EC
102
{ACAD_XDICTIONARY
360
1F7
102
}
102
{ACAD_REACTORS
330
6A
102
}
330
6A
100
AcDbMaterial
  1
ByLayer
 94
       63
  0
MATERIAL
  5
EE
102
{ACAD_XDICTIONARY
360
173
102
}
102
{ACAD_REACTORS
330
6A
102
}
330
6A
100
AcDbMaterial
  1
Global
 43
0.0007999999797903
 43
0.0
 43
0.0
 43
0.0
 43
0.0
 43
0.0007999999797903
 43
0.0
 43
0.0
 43
0.0
 43
0.0
 43
1.0
 43
0.0
 43
0.0
 43
0.0
 43
0.0
 43
1.0
 49
0.0007999999797903
 49
0.0
 49
0.0
 49
0.0
 49
0.0
 49
0.0007999999797903
 49
0.0
 49
0.0
 49
0.0
 49
0.0
 49
1.0
 49
0.0
 49
0.0
 49
0.0
 49
0.0
 49
1.0
142
0.0007999999797903
142
0.0
142
0.0
142
0.0
142
0.0
142
0.0007999999797903
142
0.0
142
0.0
142
0.0
142
0.0
142
1.0
142
0.0
142
0.0
142
0.0
142
0.0
142
1.0
144
0.0007999999797903
144
0.0
144
0.0
144
0.0
144
0.0
144
0.0007999999797903
144
0.0
144
0.0
144
0.0
144
0.0
144
1.0
144
0.0
144
0.0
144
0.0
144
0.0
144
1.0
 94
       63
1001
ACAD
1070
    -1
1070
     3
1070
     0
1000

1071
        0
1070
     0
  0
MLEADERSTYLE
  5
13B
102
{ACAD_REACTORS
330
12D
102
}
330
12D
100
AcDbMLeaderStyle
179
     2
170
     2
171
     1
172
     0
 90
        2
 40
0.0
 41
0.0
173
     1
 91
-1056964608
340
14
 92
       -2
290
     1
 42
2.0
291
     1
 43
8.0
  3
Standard
 44
4.0
300

342
11
174
     1
178
     1
175
     1
176
     0
 93
-1056964608
 45
4.0
292
     0
297
     0
 46
4.0
 94
-1056964608
 47
1.0
 49
1.0
140
1.0
293
     1
141
0.0
294
     1
177
     0
142
1.0
295
     0
296
     1
143
3.75
271
     0
272
     9
273
     9
298
     0
  0
MLEADERSTYLE
  5
12E
102
{ACAD_REACTORS
330
12D
102
}
330
12D
100
AcDbMLeaderStyle
179
     2
170
     2
171
     1
172
     0
 90
        2
 40
0.0
 41
0.0
173
     1
 91
-1056964608
340
14
 92
       -2
290
     1
 42
2.0
291
     1
 43
8.0
  3
Standard
 44
4.0
300

342
11
174
     1
178
     1
175
     1
176
     0
 93
-1056964608
 45
4.0
292
     0
297
     0
 46
4.0
 94
-1056964608
 47
1.0
 49
1.0
140
1.0
293
     1
141
0.0
294
     1
177
     0
142
1.0
295
     0
296
     0
143
3.75
271
     0
272
     9
273
     9
298
     0
  0
MLINESTYLE
  5
18
102
{ACAD_REACTORS
330
17
102
}
330
17
100
AcDbMlineStyle
  2
STANDARD
 70
     0
  3

 62
   256
 51
90.0
 52
90.0
 71
     2
 49
0.5
 62
   256
  6
BYLAYER
 49
-0.5
 62
   256
  6
BYLAYER
  0
ACDBPLACEHOLDER
  5
F
102
{ACAD_REACTORS
330
E
102
}
330
E
  0
SCALE
  5
10D
102
{ACAD_REACTORS
330
10C
102
}
330
10C
100
AcDbScale
 70
     0
300
1:1
140
1.0
141
1.0
290
     1
  0
SCALE
  5
1BE
102
{ACAD_REACTORS
330
10C
102
}
330
10C
100
AcDbScale
 70
     0
300
1:2
140
1.0
141
2.0
290
     0
  0
SCALE
  5
1BF
102
{ACAD_REACTORS
330
10C
102
}
330
10C
100
AcDbScale
 70
     0
300
1:4
140
1.0
141
4.0
290
     0
  0
SCALE
  5
1C0
102
{ACAD_REACTORS
330
10C
102
}
330
10C
100
AcDbScale
 70
     0
300
1:5
140
1.0
141
5.0
290
     0
  0
SCALE
  5
1C1
102
{ACAD_REACTORS
330
10C
102
}
330
10C
100
AcDbScale
 70
     0
300
1:8
140
1.0
141
8.0
290
     0
  0
SCALE
  5
1C2
102
{ACAD_REACTORS
330
10C
102
}
330
10C
100
AcDbScale
 70
     0
300
1:10
140
1.0
141
10.0
290
     0
  0
SCALE
  5
1C3
102
{ACAD_REACTORS
330
10C
102
}
330
10C
100
AcDbScale
 70
     0
300
1:16
140
1.0
141
16.0
290
     0
  0
SCALE
  5
1C4
102
{ACAD_REACTORS
330
10C
102
}
330
10C
100
AcDbScale
 70
     0
300
1:20
140
1.0
141
20.0
290
     0
  0
SCALE
  5
1C5
102
{ACAD_REACTORS
330
10C
102
}
330
10C
100
AcDbScale
 70
     0
300
1:30
140
1.0
141
30.0
290
     0
  0
SCALE
  5
1C6
102
{ACAD_REACTORS
330
10C
102
}
330
10C
100
AcDbScale
 70
     0
300
1:40
140
1.0
141
40.0
290
     0
  0
SCALE
  5
1C7
102
{ACAD_REACTORS
330
10C
102
}
330
10C
100
AcDbScale
 70
     0
300
1:50
140
1.0
141
50.0
290
     0
  0
SCALE
  5
1C8
102
{ACAD_REACTORS
330
10C
102
}
330
10C
100
AcDbScale
 70
     0
300
1:100
140
1.0
141
100.0
290
     0
  0
SCALE
  5
1C9
102
{ACAD_REACTORS
330
10C
102
}
330
10C
100
AcDbScale
 70
     0
300
2:1
140
2.0
141
1.0
290
     0
  0
SCALE
  5
1CA
102
{ACAD_REACTORS
330
10C
102
}
330
10C
100
AcDbScale
 70
     0
300
4:1
140
4.0
141
1.0
290
     0
  0
SCALE
  5
1CB
102
{ACAD_REACTORS
330
10C
102
}
330
10C
100
AcDbScale
 70
     0
300
8:1
140
8.0
141
1.0
290
     0
  0
SCALE
  5
1CC
102
{ACAD_REACTORS
330
10C
102
}
330
10C
100
AcDbScale
 70
     0
300
10:1
140
10.0
141
1.0
290
     0
  0
SCALE
  5
1CD
102
{ACAD_REACTORS
330
10C
102
}
330
10C
100
AcDbScale
 70
     0
300
100:1
140
100.0
141
1.0
290
     0
  0
ACDBSECTIONVIEWSTYLE
  5
21A
102
{ACAD_REACTORS
330
219
102
}
330
219
100
AcDbModelDocViewStyle
 70
     0
  3
Metric50
290
     0
300
Metric50
 90
        0
100
AcDbSectionViewStyle
 70
     0
 71
     0
 90
      102
 71
     1
340
11
 62
   256
 40
5.0
340
0
340
0
 62
   256
 40
5.0
300
I, O, Q, S, X, Z
 40
10.0
 90
        0
 40
2.5
 90
        0
 71
     2
340
16
 90
       25
 62
   256
340
16
 90
       50
 62
   256
 40
5.0
 40
2.5
 40
5.0
 71
     3
340
11
 62
   256
 40
5.0
 90
        0
 40
15.0
 90
        1
300
%<\AcVar ViewSectionStartId>%-%<\AcVar ViewSectionEndId>% (%<\AcVar ViewScale \f "%sn">%)
 71
     4
 62
   256
 62
   257
300
ANSI31
 40
1.0
 90
        0
290
     0
290
     0
 90
        6
 40
0.0
 40
1.570796326794896
 40
0.2617993877991494
 40
1.308996938995747
 40
-0.2617993877991494
 40
1.832595714594046
  0
TABLESTYLE
  5
7F
102
{ACAD_XDICTIONARY
360
162
102
}
102
{ACAD_REACTORS
330
7E
102
}
330
7E
100
AcDbTableStyle
280
     0
  3
Standard
 70
     0
 71
     0
 40
1.5
 41
1.5
280
     0
281
     0
  7
Standard
140
4.5
170
     2
 62
     0
 63
     7
283
     0
 90
      512
 91
        0
  1

274
    -2
284
     1
 64
     0
275
    -2
285
     1
 65
     0
276
    -2
286
     1
 66
     0
277
    -2
287
     1
 67
     0
278
    -2
288
     1
 68
     0
279
    -2
289
     1
 69
     0
  7
Standard
140
6.0
170
     5
 62
     0
 63
     7
283
     0
 90
      512
 91
        0
  1

274
    -2
284
     1
 64
     0
275
    -2
285
     1
 65
     0
276
    -2
286
     1
 66
     0
277
    -2
287
     1
 67
     0
278
    -2
288
     1
 68
     0
279
    -2
289
     1
 69
     0
  7
Standard
140
4.5
170
     5
 62
     0
 63
     7
283
     0
 90
      512
 91
        0
  1

274
    -2
284
     1
 64
     0
275
    -2
285
     1
 65
     0
276
    -2
286
     1
 66
     0
277
    -2
287
     1
 67
     0
278
    -2
288
     1
 68
     0
279
    -2
289
     1
 69
     0
  0
VISUALSTYLE
  5
F5
102
{ACAD_REACTORS
330
EF
102
}
330
EF
100
AcDbVisualStyle
  2
2dWireframe
 70
     4
177
     3
291
     0
 70
    58
 90
        0
176
     1
 90
        2
176
     1
 90
        1
176
     1
 90
        0
176
     1
 40
0.6
176
     1
 40
30.0
176
     1
 62
     7
420
 16777215
176
     1
 90
        1
176
     1
 90
        4
176
     1
 62
     7
176
     1
 62
   257
176
     1
 90
        1
176
     1
 90
        1
176
     1
 40
1.0
176
     1
 90
        0
176
     1
 62
   257
176
     1
 40
1.0
176
     1
 90
        1
176
     1
 90
        6
176
     1
 90
        2
176
     1
 62
     7
176
     1
 90
        5
176
     1
 90
        0
176
     1
 90
        0
176
     1
290
     0
176
     1
 90
        1
176
     1
 40
0.0
176
     1
 90
        0
176
     1
290
     1
176
     1
290
     1
176
     1
290
     0
176
     1
290
     0
176
     1
290
     0
176
     1
290
     0
176
     1
290
     0
176
     1
290
     0
176
     1
290
     0
176
     1
 90
       50
176
     1
 40
0.0
176
     1
 40
1.0
176
     1
 90
        0
176
     1
 62
    18
420
        0
176
     1
 90
       50
176
     1
 90
        3
176
     1
 62
     5
420
      255
176
     1
290
     0
176
     1
 90
       50
176
     1
 90
       50
176
     1
 90
       50
176
     1
290
     0
176
     1
 90
       50
176
     1
 62
   256
176
     0
 40
1.0
176
     0
 90
        2
176
     1
  1
strokes_ogs.tif
176
     1
290
     0
176
     1
 40
1.0
176
     1
 40
1.0
176
     1
  0
VISUALSTYLE
  5
28A
102
{ACAD_REACTORS
330
EF
102
}
330
EF
100
AcDbVisualStyle
  2
3dWireframe
 70
     5
177
     3
291
     0
 70
    58
 90
        0
176
     1
 90
        2
176
     1
 90
        1
176
     1
 90
        0
176
     1
 40
0.6
176
     1
 40
30.0
176
     1
 62
     7
176
     1
 90
        1
176
     1
 90
        4
176
     1
 62
     7
176
     1
 62
   257
176
     1
 90
        1
176
     1
 90
        1
176
     1
 40
1.0
176
     1
 90
        0
176
     1
 62
   257
176
     1
 40
1.0
176
     1
 90
        1
176
     1
 90
        6
176
     1
 90
        2
176
     1
 62
     7
176
     1
 90
        5
176
     1
 90
        0
176
     1
 90
        0
176
     1
290
     0
176
     1
 90
        1
176
     1
 40
0.0
176
     1
 90
        0
176
     1
290
     0
176
     1
290
     1
176
     1
290
     1
176
     1
290
     0
176
     1
290
     0
176
     1
290
     0
176
     1
290
     0
176
     1
290
     0
176
     1
290
     0
176
     1
 90
       50
176
     1
 40
0.0
176
     1
 40
1.0
176
     1
 90
        0
176
     1
 62
    18
420
        0
176
     1
 90
       50
176
     1
 90
        3
176
     1
 62
     5
420
      255
176
     1
290
     0
176
     1
 90
       50
176
     1
 90
       50
176
     1
 90
       50
176
     1
290
     0
176
     1
 90
       50
176
     1
 62
   256
176
     0
 40
1.0
176
     0
 90
        2
176
     1
  1
strokes_ogs.tif
176
     1
290
     0
176
     1
 40
1.0
176
     1
 40
1.0
176
     1
  0
VISUALSTYLE
  5
F4
102
{ACAD_REACTORS
330
EF
102
}
330
EF
100
AcDbVisualStyle
  2
Basic
 70
     7
177
     3
291
     1
 70
    58
 90
        1
176
     1
 90
        0
176
     1
 90
        1
176
     1
 90
        0
176
     1
 40
0.6
176
     1
 40
30.0
176
     1
 62
     7
420
 16777215
176
     1
 90
        0
176
     1
 90
        4
176
     1
 62
     7
176
     1
 62
   257
176
     1
 90
        1
176
     1
 90
        1
176
     1
 40
1.0
176
     1
 90
        8
176
     1
 62
     7
176
     1
 40
1.0
176
     1
 90
        1
176
     1
 90
        6
176
     1
 90
        2
176
     1
 62
     7
176
     1
 90
        5
176
     1
 90
        0
176
     1
 90
        0
176
     1
290
     0
176
     1
 90
        1
176
     1
 40
0.0
176
     1
 90
        0
176
     1
290
     0
176
     1
290
     1
176
     1
290
     1
176
     1
290
     0
176
     1
290
     0
176
     1
290
     0
176
     1
290
     0
176
     1
290
     0
176
     1
290
     0
176
     1
 90
       50
176
     1
 40
0.0
176
     1
 40
1.0
176
     1
 90
        0
176
     1
 62
    18
420
        0
176
     1
 90
       50
176
     1
 90
        3
176
     1
 62
     5
420
      255
176
     1
290
     0
176
     1
 90
       50
176
     1
 90
       50
176
     1
 90
       50
176
     1
290
     0
176
     1
 90
       50
176
     1
 62
   256
176
     0
 40
1.0
176
     0
 90
        2
176
     1
  1
strokes_ogs.tif
176
     1
290
     0
176
     1
 40
1.0
176
     1
 40
1.0
176
     1
  0
VISUALSTYLE
  5
FB
102
{ACAD_REACTORS
330
EF
102
}
330
EF
100
AcDbVisualStyle
  2
Brighten
 70
    12
177
     3
291
     1
 70
    58
 90
        2
176
     1
 90
        2
176
     1
 90
        1
176
     1
 90
        0
176
     1
 40
0.6
176
     1
 40
30.0
176
     1
 62
     7
420
 16777215
176
     1
 90
        1
176
     1
 90
        4
176
     1
 62
     7
176
     1
 62
   257
176
     1
 90
        1
176
     1
 90
        1
176
     1
 40
1.0
176
     1
 90
        8
176
     1
 62
     7
176
     1
 40
1.0
176
     1
 90
        1
176
     1
 90
        6
176
     1
 90
        2
176
     1
 62
     7
176
     1
 90
        5
176
     1
 90
        0
176
     1
 90
        0
176
     1
290
     0
176
     1
 90
        1
176
     1
 40
50.0
176
     1
 90
        0
176
     1
290
     0
176
     1
290
     1
176
     1
290
     1
176
     1
290
     0
176
     1
290
     0
176
     1
290
     0
176
     1
290
     0
176
     1
290
     0
176
     1
290
     0
176
     1
 90
       50
176
     1
 40
0.0
176
     1
 40
1.0
176
     1
 90
        0
176
     1
 62
    18
420
        0
176
     1
 90
       50
176
     1
 90
        3
176
     1
 62
     5
420
      255
176
     1
290
     0
176
     1
 90
       50
176
     1
 90
       50
176
     1
 90
       50
176
     1
290
     0
176
     1
 90
       50
176
     1
 62
   256
176
     0
 40
1.0
176
     0
 90
        2
176
     1
  1
strokes_ogs.tif
176
     1
290
     0
176
     1
 40
1.0
176
     1
 40
1.0
176
     1
  0
VISUALSTYLE
  5
FF
102
{ACAD_REACTORS
330
EF
102
}
330
EF
100
AcDbVisualStyle
  2
ColorChange
 70
    16
177
     3
291
     1
 70
    58
 90
        2
176
     1
 90
        2
176
     1
 90
        3
176
     1
 90
        0
176
     1
 40
0.6
176
     1
 40
30.0
176
     1
 62
     8
420
  8421504
176
     1
 90
        1
176
     1
 90
        4
176
     1
 62
     7
176
     1
 62
   257
176
     1
 90
        1
176
     1
 90
        1
176
     1
 40
1.0
176
     1
 90
        8
176
     1
 62
     8
420
  8421504
176
     1
 40
1.0
176
     1
 90
        1
176
     1
 90
        6
176
     1
 90
        2
176
     1
 62
     7
176
     1
 90
        5
176
     1
 90
        0
176
     1
 90
        0
176
     1
290
     0
176
     1
 90
        1
176
     1
 40
0.0
176
     1
 90
        0
176
     1
290
     0
176
     1
290
     1
176
     1
290
     1
176
     1
290
     0
176
     1
290
     0
176
     1
290
     0
176
     1
290
     0
176
     1
290
     0
176
     1
290
     0
176
     1
 90
       50
176
     1
 40
0.0
176
     1
 40
1.0
176
     1
 90
        0
176
     1
 62
    18
420
        0
176
     1
 90
       50
176
     1
 90
        3
176
     1
 62
     5
420
      255
176
     1
290
     0
176
     1
 90
       50
176
     1
 90
       50
176
     1
 90
       50
176
     1
290
     0
176
     1
 90
       50
176
     1
 62
   256
176
     0
 40
1.0
176
     0
 90
        2
176
     1
  1
strokes_ogs.tif
176
     1
290
     0
176
     1
 40
1.0
176
     1
 40
1.0
176
     1
  0
VISUALSTYLE
  5
F8
102
{ACAD_REACTORS
330
EF
102
}
330
EF
100
AcDbVisualStyle
  2
Conceptual
 70
     9
177
     3
291
     0
 70
    58
 90
        3
176
     1
 90
        2
176
     1
 90
        1
176
     1
 90
        0
176
     1
 40
0.6
176
     1
 40
30.0
176
     1
 62
     7
420
 16777215
176
     1
 90
        2
176
     1
 90
        2
176
     1
 62
     7
176
     1
 62
   257
176
     1
 90
        1
176
     1
 90
        1
176
     1
 40
40.0
176
     1
 90
        8
176
     1
 62
     7
176
     1
 40
1.0
176
     1
 90
        1
176
     1
 90
        6
176
     1
 90
        2
176
     1
 62
     7
176
     1
 90
        3
176
     1
 90
        0
176
     1
 90
        0
176
     1
290
     0
176
     1
 90
        1
176
     1
 40
0.0
176
     1
 90
        0
176
     1
290
     0
176
     1
290
     1
176
     1
290
     1
176
     1
290
     0
176
     1
290
     0
176
     1
290
     0
176
     1
290
     0
176
     1
290
     0
176
     1
290
     0
176
     1
 90
       50
176
     1
 40
0.0
176
     1
 40
1.0
176
     1
 90
        0
176
     1
 62
    18
420
        0
176
     1
 90
       50
176
     1
 90
        3
176
     1
 62
     5
420
      255
176
     1
290
     0
176
     1
 90
       50
176
     1
 90
       50
176
     1
 90
       50
176
     1
290
     0
176
     1
 90
       50
176
     1
 62
   256
176
     0
 40
1.0
176
     0
 90
        2
176
     1
  1
strokes_ogs.tif
176
     1
290
     0
176
     1
 40
1.0
176
     1
 40
1.0
176
     1
  0
VISUALSTYLE
  5
FA
102
{ACAD_REACTORS
330
EF
102
}
330
EF
100
AcDbVisualStyle
  2
Dim
 70
    11
177
     3
291
     1
 70
    58
 90
        2
176
     1
 90
        2
176
     1
 90
        1
176
     1
 90
        0
176
     1
 40
0.6
176
     1
 40
30.0
176
     1
 62
     7
420
 16777215
176
     1
 90
        1
176
     1
 90
        4
176
     1
 62
     7
176
     1
 62
   257
176
     1
 90
        1
176
     1
 90
        1
176
     1
 40
1.0
176
     1
 90
        8
176
     1
 62
     7
176
     1
 40
1.0
176
     1
 90
        1
176
     1
 90
        6
176
     1
 90
        2
176
     1
 62
     7
176
     1
 90
        5
176
     1
 90
        0
176
     1
 90
        0
176
     1
290
     0
176
     1
 90
        1
176
     1
 40
-50.0
176
     1
 90
        0
176
     1
290
     0
176
     1
290
     1
176
     1
290
     1
176
     1
290
     0
176
     1
290
     0
176
     1
290
     0
176
     1
290
     0
176
     1
290
     0
176
     1
290
     0
176
     1
 90
       50
176
     1
 40
0.0
176
     1
 40
1.0
176
     1
 90
        0
176
     1
 62
    18
420
        0
176
     1
 90
       50
176
     1
 90
        3
176
     1
 62
     5
420
      255
176
     1
290
     0
176
     1
 90
       50
176
     1
 90
       50
176
     1
 90
       50
176
     1
290
     0
176
     1
 90
       50
176
     1
 62
   256
176
     0
 40
1.0
176
     0
 90
        2
176
     1
  1
strokes_ogs.tif
176
     1
290
     0
176
     1
 40
1.0
176
     1
 40
1.0
176
     1
  0
VISUALSTYLE
  5
1E6
102
{ACAD_REACTORS
330
EF
102
}
330
EF
100
AcDbVisualStyle
  2
EdgeColorOff
 70
    22
177
     3
291
     1
 70
    58
 90
        2
176
     0
 90
        2
176
     0
 90
        0
176
     0
 90
        0
176
     0
 40
0.6
176
     0
 40
30.0
176
     0
 62
     7
420
 16777215
176
     0
 90
        1
176
     0
 90
        4
176
     0
 62
     7
176
     0
 62
   257
176
     0
 90
        1
176
     0
 90
        1
176
     0
 40
1.0
176
     0
 90
        8
176
     2
 62
     7
176
     0
 40
1.0
176
     0
 90
        1
176
     0
 90
        6
176
     0
 90
        2
176
     0
 62
     7
176
     0
 90
        5
176
     0
 90
        0
176
     0
 90
        0
176
     0
290
     0
176
     0
 90
        1
176
     0
 40
0.0
176
     0
 90
        0
176
     0
290
     0
176
     1
290
     1
176
     1
290
     1
176
     1
290
     0
176
     1
290
     0
176
     1
290
     0
176
     1
290
     0
176
     1
290
     0
176
     1
290
     0
176
     1
 90
       50
176
     1
 40
0.0
176
     1
 40
1.0
176
     1
 90
        0
176
     1
 62
    18
420
        0
176
     1
 90
       50
176
     1
 90
        3
176
     1
 62
     5
420
      255
176
     1
290
     0
176
     1
 90
       50
176
     1
 90
       50
176
     1
 90
       50
176
     1
290
     0
176
     1
 90
       50
176
     1
 62
   256
176
     0
 40
1.0
176
     0
 90
        2
176
     1
  1
strokes_ogs.tif
176
     1
290
     0
176
     1
 40
1.0
176
     1
 40
1.0
176
     1
  0
VISUALSTYLE
  5
FE
102
{ACAD_REACTORS
330
EF
102
}
330
EF
100
AcDbVisualStyle
  2
Facepattern
 70
    15
177
     3
291
     1
 70
    58
 90
        2
176
     1
 90
        2
176
     1
 90
        1
176
     1
 90
        0
176
     1
 40
0.6
176
     1
 40
30.0
176
     1
 62
     7
420
 16777215
176
     1
 90
        1
176
     1
 90
        4
176
     1
 62
     7
176
     1
 62
   257
176
     1
 90
        1
176
     1
 90
        1
176
     1
 40
1.0
176
     1
 90
        8
176
     1
 62
     7
176
     1
 40
1.0
176
     1
 90
        1
176
     1
 90
        6
176
     1
 90
        2
176
     1
 62
     7
176
     1
 90
        5
176
     1
 90
        0
176
     1
 90
        0
176
     1
290
     0
176
     1
 90
        1
176
     1
 40
0.0
176
     1
 90
        0
176
     1
290
     0
176
     1
290
     1
176
     1
290
     1
176
     1
290
     0
176
     1
290
     0
176
     1
290
     0
176
     1
290
     0
176
     1
290
     0
176
     1
290
     0
176
     1
 90
       50
176
     1
 40
0.0
176
     1
 40
1.0
176
     1
 90
        0
176
     1
 62
    18
420
        0
176
     1
 90
       50
176
     1
 90
        3
176
     1
 62
     5
420
      255
176
     1
290
     0
176
     1
 90
       50
176
     1
 90
       50
176
     1
 90
       50
176
     1
290
     0
176
     1
 90
       50
176
     1
 62
   256
176
     0
 40
1.0
176
     0
 90
        2
176
     1
  1
strokes_ogs.tif
176
     1
290
     0
176
     1
 40
1.0
176
     1
 40
1.0
176
     1
  0
VISUALSTYLE
  5
F0
102
{ACAD_REACTORS
330
EF
102
}
330
EF
100
AcDbVisualStyle
  2
Flat
 70
     0
177
     3
291
     1
 70
    58
 90
        2
176
     1
 90
        1
176
     1
 90
        1
176
     1
 90
        2
176
     1
 40
0.6
176
     1
 40
30.0
176
     1
 62
     7
420
 16777215
176
     1
 90
        0
176
     1
 90
        0
176
     1
 62
     7
176
     1
 62
   257
176
     1
 90
        1
176
     1
 90
        1
176
     1
 40
1.0
176
     1
 90
        8
176
     1
 62
     7
176
     1
 40
1.0
176
     1
 90
        1
176
     1
 90
        6
176
     1
 90
        2
176
     1
 62
     7
176
     1
 90
        5
176
     1
 90
        0
176
     1
 90
        0
176
     1
290
     0
176
     1
 90
       13
176
     1
 40
0.0
176
     1
 90
        0
176
     1
290
     0
176
     1
290
     1
176
     1
290
     1
176
     1
290
     0
176
     1
290
     0
176
     1
290
     0
176
     1
290
     0
176
     1
290
     0
176
     1
290
     0
176
     1
 90
       50
176
     1
 40
0.0
176
     1
 40
1.0
176
     1
 90
        0
176
     1
 62
    18
420
        0
176
     1
 90
       50
176
     1
 90
        3
176
     1
 62
     5
420
      255
176
     1
290
     0
176
     1
 90
       50
176
     1
 90
       50
176
     1
 90
       50
176
     1
290
     0
176
     1
 90
       50
176
     1
 62
   256
176
     0
 40
1.0
176
     0
 90
        2
176
     1
  1
strokes_ogs.tif
176
     1
290
     0
176
     1
 40
1.0
176
     1
 40
1.0
176
     1
  0
VISUALSTYLE
  5
F1
102
{ACAD_REACTORS
330
EF
102
}
330
EF
100
AcDbVisualStyle
  2
FlatWithEdges
 70
     1
177
     3
291
     1
 70
    58
 90
        2
176
     1
 90
        1
176
     1
 90
        1
176
     1
 90
        2
176
     1
 40
0.6
176
     1
 40
30.0
176
     1
 62
     7
420
 16777215
176
     1
 90
        1
176
     1
 90
        0
176
     1
 62
     7
176
     1
 62
   257
176
     1
 90
        1
176
     1
 90
        1
176
     1
 40
1.0
176
     1
 90
        0
176
     1
 62
   257
176
     1
 40
1.0
176
     1
 90
        1
176
     1
 90
        6
176
     1
 90
        2
176
     1
 62
     7
176
     1
 90
        5
176
     1
 90
        0
176
     1
 90
        0
176
     1
290
     0
176
     1
 90
       13
176
     1
 40
0.0
176
     1
 90
        0
176
     1
290
     0
176
     1
290
     1
176
     1
290
     1
176
     1
290
     0
176
     1
290
     0
176
     1
290
     0
176
     1
290
     0
176
     1
290
     0
176
     1
290
     0
176
     1
 90
       50
176
     1
 40
0.0
176
     1
 40
1.0
176
     1
 90
        0
176
     1
 62
    18
420
        0
176
     1
 90
       50
176
     1
 90
        3
176
     1
 62
     5
420
      255
176
     1
290
     0
176
     1
 90
       50
176
     1
 90
       50
176
     1
 90
       50
176
     1
290
     0
176
     1
 90
       50
176
     1
 62
   256
176
     0
 40
1.0
176
     0
 90
        2
176
     1
  1
strokes_ogs.tif
176
     1
290
     0
176
     1
 40
1.0
176
     1
 40
1.0
176
     1
  0
VISUALSTYLE
  5
F2
102
{ACAD_REACTORS
330
EF
102
}
330
EF
100
AcDbVisualStyle
  2
Gouraud
 70
     2
177
     3
291
     1
 70
    58
 90
        2
176
     1
 90
        2
176
     1
 90
        1
176
     1
 90
        2
176
     1
 40
0.6
176
     1
 40
30.0
176
     1
 62
     7
420
 16777215
176
     1
 90
        0
176
     1
 90
        0
176
     1
 62
     7
176
     1
 62
   257
176
     1
 90
        1
176
     1
 90
        1
176
     1
 40
1.0
176
     1
 90
        0
176
     1
 62
     7
176
     1
 40
1.0
176
     1
 90
        1
176
     1
 90
        6
176
     1
 90
        2
176
     1
 62
     7
176
     1
 90
        5
176
     1
 90
        0
176
     1
 90
        0
176
     1
290
     0
176
     1
 90
       13
176
     1
 40
0.0
176
     1
 90
        0
176
     1
290
     0
176
     1
290
     1
176
     1
290
     1
176
     1
290
     0
176
     1
290
     0
176
     1
290
     0
176
     1
290
     0
176
     1
290
     0
176
     1
290
     0
176
     1
 90
       50
176
     1
 40
0.0
176
     1
 40
1.0
176
     1
 90
        0
176
     1
 62
    18
420
        0
176
     1
 90
       50
176
     1
 90
        3
176
     1
 62
     5
420
      255
176
     1
290
     0
176
     1
 90
       50
176
     1
 90
       50
176
     1
 90
       50
176
     1
290
     0
176
     1
 90
       50
176
     1
 62
   256
176
     0
 40
1.0
176
     0
 90
        2
176
     1
  1
strokes_ogs.tif
176
     1
290
     0
176
     1
 40
1.0
176
     1
 40
1.0
176
     1
  0
VISUALSTYLE
  5
F3
102
{ACAD_REACTORS
330
EF
102
}
330
EF
100
AcDbVisualStyle
  2
GouraudWithEdges
 70
     3
177
     3
291
     1
 70
    58
 90
        2
176
     1
 90
        2
176
     1
 90
        1
176
     1
 90
        2
176
     1
 40
0.6
176
     1
 40
30.0
176
     1
 62
     7
420
 16777215
176
     1
 90
        1
176
     1
 90
        0
176
     1
 62
     7
176
     1
 62
   257
176
     1
 90
        1
176
     1
 90
        1
176
     1
 40
1.0
176
     1
 90
        0
176
     1
 62
   257
176
     1
 40
1.0
176
     1
 90
        1
176
     1
 90
        6
176
     1
 90
        2
176
     1
 62
     7
176
     1
 90
        5
176
     1
 90
        0
176
     1
 90
        0
176
     1
290
     0
176
     1
 90
       13
176
     1
 40
0.0
176
     1
 90
        0
176
     1
290
     0
176
     1
290
     1
176
     1
290
     1
176
     1
290
     0
176
     1
290
     0
176
     1
290
     0
176
     1
290
     0
176
     1
290
     0
176
     1
290
     0
176
     1
 90
       50
176
     1
 40
0.0
176
     1
 40
1.0
176
     1
 90
        0
176
     1
 62
    18
420
        0
176
     1
 90
       50
176
     1
 90
        3
176
     1
 62
     5
420
      255
176
     1
290
     0
176
     1
 90
       50
176
     1
 90
       50
176
     1
 90
       50
176
     1
290
     0
176
     1
 90
       50
176
     1
 62
   256
176
     0
 40
1.0
176
     0
 90
        2
176
     1
  1
strokes_ogs.tif
176
     1
290
     0
176
     1
 40
1.0
176
     1
 40
1.0
176
     1
  0
VISUALSTYLE
  5
F7
102
{ACAD_REACTORS
330
EF
102
}
330
EF
100
AcDbVisualStyle
  2
Hidden
 70
     6
177
     3
291
     0
 70
    58
 90
        1
176
     1
 90
        2
176
     1
 90
        2
176
     1
 90
        0
176
     1
 40
0.6
176
     1
 40
30.0
176
     1
 62
     7
420
 16777215
176
     1
 90
        2
176
     1
 90
        2
176
     1
 62
     7
176
     1
 62
   257
176
     1
 90
        2
176
     1
 90
        1
176
     1
 40
40.0
176
     1
 90
        0
176
     1
 62
   257
176
     1
 40
1.0
176
     1
 90
        1
176
     1
 90
        6
176
     1
 90
        2
176
     1
 62
     7
176
     1
 90
        3
176
     1
 90
        0
176
     1
 90
        0
176
     1
290
     0
176
     1
 90
        1
176
     1
 40
0.0
176
     1
 90
        0
176
     1
290
     0
176
     1
290
     1
176
     1
290
     1
176
     1
290
     0
176
     1
290
     0
176
     1
290
     0
176
     1
290
     0
176
     1
290
     0
176
     1
290
     0
176
     1
 90
       50
176
     1
 40
0.0
176
     1
 40
1.0
176
     1
 90
        0
176
     1
 62
    18
420
        0
176
     1
 90
       50
176
     1
 90
        3
176
     1
 62
     5
420
      255
176
     1
290
     0
176
     1
 90
       50
176
     1
 90
       50
176
     1
 90
       50
176
     1
290
     0
176
     1
 90
       50
176
     1
 62
   256
176
     0
 40
1.0
176
     0
 90
        2
176
     1
  1
strokes_ogs.tif
176
     1
290
     0
176
     1
 40
1.0
176
     1
 40
1.0
176
     1
  0
VISUALSTYLE
  5
1E4
102
{ACAD_REACTORS
330
EF
102
}
330
EF
100
AcDbVisualStyle
  2
JitterOff
 70
    20
177
     3
291
     1
 70
    58
 90
        2
176
     0
 90
        2
176
     0
 90
        0
176
     0
 90
        0
176
     0
 40
0.6
176
     0
 40
30.0
176
     0
 62
     7
420
 16777215
176
     0
 90
        1
176
     0
 90
        4
176
     0
 62
     7
176
     0
 62
   257
176
     0
 90
        1
176
     0
 90
        1
176
     0
 40
1.0
176
     0
 90
       10
176
     2
 62
     7
176
     0
 40
1.0
176
     0
 90
        1
176
     0
 90
        6
176
     0
 90
        2
176
     0
 62
     7
176
     0
 90
        5
176
     0
 90
        0
176
     0
 90
        0
176
     0
290
     0
176
     0
 90
        1
176
     0
 40
0.0
176
     0
 90
        0
176
     0
290
     0
176
     1
290
     1
176
     1
290
     1
176
     1
290
     0
176
     1
290
     0
176
     1
290
     0
176
     1
290
     0
176
     1
290
     0
176
     1
290
     0
176
     1
 90
       50
176
     1
 40
0.0
176
     1
 40
1.0
176
     1
 90
        0
176
     1
 62
    18
420
        0
176
     1
 90
       50
176
     1
 90
        3
176
     1
 62
     5
420
      255
176
     1
290
     0
176
     1
 90
       50
176
     1
 90
       50
176
     1
 90
       50
176
     1
290
     0
176
     1
 90
       50
176
     1
 62
   256
176
     0
 40
1.0
176
     0
 90
        2
176
     1
  1
strokes_ogs.tif
176
     1
290
     0
176
     1
 40
1.0
176
     1
 40
1.0
176
     1
  0
VISUALSTYLE
  5
FD
102
{ACAD_REACTORS
330
EF
102
}
330
EF
100
AcDbVisualStyle
  2
Linepattern
 70
    14
177
     3
291
     1
 70
    58
 90
        2
176
     1
 90
        2
176
     1
 90
        1
176
     1
 90
        0
176
     1
 40
0.6
176
     1
 40
30.0
176
     1
 62
     7
420
 16777215
176
     1
 90
        1
176
     1
 90
        4
176
     1
 62
     7
176
     1
 62
   257
176
     1
 90
        7
176
     1
 90
        7
176
     1
 40
1.0
176
     1
 90
        8
176
     1
 62
     7
176
     1
 40
1.0
176
     1
 90
        1
176
     1
 90
        6
176
     1
 90
        2
176
     1
 62
     7
176
     1
 90
        5
176
     1
 90
        0
176
     1
 90
        0
176
     1
290
     0
176
     1
 90
        1
176
     1
 40
0.0
176
     1
 90
        0
176
     1
290
     0
176
     1
290
     1
176
     1
290
     1
176
     1
290
     0
176
     1
290
     0
176
     1
290
     0
176
     1
290
     0
176
     1
290
     0
176
     1
290
     0
176
     1
 90
       50
176
     1
 40
0.0
176
     1
 40
1.0
176
     1
 90
        0
176
     1
 62
    18
420
        0
176
     1
 90
       50
176
     1
 90
        3
176
     1
 62
     5
420
      255
176
     1
290
     0
176
     1
 90
       50
176
     1
 90
       50
176
     1
 90
       50
176
     1
290
     0
176
     1
 90
       50
176
     1
 62
   256
176
     0
 40
1.0
176
     0
 90
        2
176
     1
  1
strokes_ogs.tif
176
     1
290
     0
176
     1
 40
1.0
176
     1
 40
1.0
176
     1
  0
VISUALSTYLE
  5
1E5
102
{ACAD_REACTORS
330
EF
102
}
330
EF
100
AcDbVisualStyle
  2
OverhangOff
 70
    21
177
     3
291
     1
 70
    58
 90
        2
176
     0
 90
        2
176
     0
 90
        0
176
     0
 90
        0
176
     0
 40
0.6
176
     0
 40
30.0
176
     0
 62
     7
420
 16777215
176
     0
 90
        1
176
     0
 90
        4
176
     0
 62
     7
176
     0
 62
   257
176
     0
 90
        1
176
     0
 90
        1
176
     0
 40
1.0
176
     0
 90
        9
176
     2
 62
     7
176
     0
 40
1.0
176
     0
 90
        1
176
     0
 90
        6
176
     0
 90
        2
176
     0
 62
     7
176
     0
 90
        5
176
     0
 90
        0
176
     0
 90
        0
176
     0
290
     0
176
     0
 90
        1
176
     0
 40
0.0
176
     0
 90
        0
176
     0
290
     0
176
     1
290
     1
176
     1
290
     1
176
     1
290
     0
176
     1
290
     0
176
     1
290
     0
176
     1
290
     0
176
     1
290
     0
176
     1
290
     0
176
     1
 90
       50
176
     1
 40
0.0
176
     1
 40
1.0
176
     1
 90
        0
176
     1
 62
    18
420
        0
176
     1
 90
       50
176
     1
 90
        3
176
     1
 62
     5
420
      255
176
     1
290
     0
176
     1
 90
       50
176
     1
 90
       50
176
     1
 90
       50
176
     1
290
     0
176
     1
 90
       50
176
     1
 62
   256
176
     0
 40
1.0
176
     0
 90
        2
176
     1
  1
strokes_ogs.tif
176
     1
290
     0
176
     1
 40
1.0
176
     1
 40
1.0
176
     1
  0
VISUALSTYLE
  5
F9
102
{ACAD_REACTORS
330
EF
102
}
330
EF
100
AcDbVisualStyle
  2
Realistic
 70
     8
177
     3
291
     0
 70
    58
 90
        2
176
     1
 90
        2
176
     1
 90
        0
176
     1
 90
        2
176
     1
 40
0.6
176
     1
 40
30.0
176
     1
 62
     7
420
 16777215
176
     1
 90
        0
176
     1
 90
        0
176
     1
 62
     7
176
     1
 62
   257
176
     1
 90
        1
176
     1
 90
        1
176
     1
 40
1.0
176
     1
 90
        8
176
     1
 62
   257
176
     1
 40
1.0
176
     1
 90
        1
176
     1
 90
        6
176
     1
 90
        2
176
     1
 62
     7
176
     1
 90
        3
176
     1
 90
        0
176
     1
 90
        0
176
     1
290
     0
176
     1
 90
       13
176
     1
 40
0.0
176
     1
 90
        0
176
     1
290
     0
176
     1
290
     1
176
     1
290
     1
176
     1
290
     0
176
     1
290
     0
176
     1
290
     0
176
     1
290
     0
176
     1
290
     0
176
     1
290
     0
176
     1
 90
       50
176
     1
 40
0.0
176
     1
 40
1.0
176
     1
 90
        0
176
     1
 62
    18
420
        0
176
     1
 90
       50
176
     1
 90
        3
176
     1
 62
     5
420
      255
176
     1
290
     0
176
     1
 90
       50
176
     1
 90
       50
176
     1
 90
       50
176
     1
290
     0
176
     1
 90
       50
176
     1
 62
   256
176
     0
 40
1.0
176
     0
 90
        2
176
     1
  1
strokes_ogs.tif
176
     1
290
     0
176
     1
 40
1.0
176
     1
 40
1.0
176
     1
  0
VISUALSTYLE
  5
1F3
102
{ACAD_REACTORS
330
EF
102
}
330
EF
100
AcDbVisualStyle
  2
Shaded
 70
    27
177
     3
291
     0
 70
    58
 90
        2
176
     1
 90
        2
176
     1
 90
        1
176
     1
 90
        2
176
     1
 40
0.6
176
     1
 40
30.0
176
     1
 62
     7
420
 16777215
176
     1
 90
        0
176
     1
 90
        4
176
     1
 62
     7
176
     1
 62
   257
176
     1
 90
        1
176
     1
 90
        1
176
     1
 40
1.0
176
     1
 90
        8
176
     1
 62
   257
176
     1
 40
1.0
176
     1
 90
        1
176
     1
 90
        6
176
     1
 90
        2
176
     1
 62
     8
420
  7895160
176
     1
 90
        3
176
     1
 90
        0
176
     1
 90
        0
176
     1
290
     0
176
     1
 90
        5
176
     1
 40
0.0
176
     1
 90
        0
176
     1
290
     0
176
     1
290
     1
176
     1
290
     1
176
     1
290
     0
176
     1
290
     0
176
     1
290
     0
176
     1
290
     0
176
     1
290
     0
176
     1
290
     0
176
     1
 90
       50
176
     1
 40
0.0
176
     1
 40
1.0
176
     1
 90
        0
176
     1
 62
    18
420
        0
176
     1
 90
       50
176
     1
 90
        3
176
     1
 62
     5
420
      255
176
     1
290
     0
176
     1
 90
       50
176
     1
 90
       50
176
     1
 90
       50
176
     1
290
     0
176
     1
 90
       50
176
     1
 62
   256
176
     0
 40
1.0
176
     0
 90
        2
176
     1
  1
strokes_ogs.tif
176
     1
290
     0
176
     1
 40
1.0
176
     1
 40
1.0
176
     1
  0
VISUALSTYLE
  5
1F2
102
{ACAD_REACTORS
330
EF
102
}
330
EF
100
AcDbVisualStyle
  2
Shaded with edges
 70
    26
177
     3
291
     0
 70
    58
 90
        2
176
     1
 90
        2
176
     1
 90
        1
176
     1
 90
        2
176
     1
 40
0.6
176
     1
 40
30.0
176
     1
 62
     7
420
 16777215
176
     1
 90
        1
176
     1
 90
        2
176
     1
 62
     7
176
     1
 62
   257
176
     1
 90
        2
176
     1
 90
        1
176
     1
 40
1.0
176
     1
 90
        8
176
     1
 62
   257
176
     1
 40
1.0
176
     1
 90
        1
176
     1
 90
        6
176
     1
 90
        2
176
     1
 62
     7
176
     1
 90
        3
176
     1
 90
        0
176
     1
 90
        0
176
     1
290
     0
176
     1
 90
        5
176
     1
 40
0.0
176
     1
 90
        0
176
     1
290
     0
176
     1
290
     1
176
     1
290
     1
176
     1
290
     0
176
     1
290
     0
176
     1
290
     0
176
     1
290
     0
176
     1
290
     0
176
     1
290
     0
176
     1
 90
       50
176
     1
 40
0.0
176
     1
 40
1.0
176
     1
 90
        0
176
     1
 62
    18
420
        0
176
     1
 90
       50
176
     1
 90
        3
176
     1
 62
     5
420
      255
176
     1
290
     0
176
     1
 90
       50
176
     1
 90
       50
176
     1
 90
       50
176
     1
290
     0
176
     1
 90
       50
176
     1
 62
   256
176
     0
 40
1.0
176
     0
 90
        2
176
     1
  1
strokes_ogs.tif
176
     1
290
     0
176
     1
 40
1.0
176
     1
 40
1.0
176
     1
  0
VISUALSTYLE
  5
1EF
102
{ACAD_REACTORS
330
EF
102
}
330
EF
100
AcDbVisualStyle
  2
Shades of Gray
 70
    23
177
     3
291
     0
 70
    58
 90
        2
176
     1
 90
        2
176
     1
 90
        3
176
     1
 90
        0
176
     1
 40
0.6
176
     1
 40
30.0
176
     1
 62
     7
420
 16777215
176
     1
 90
        2
176
     1
 90
        2
176
     1
 62
     7
176
     1
 62
     7
176
     1
 90
        1
176
     1
 90
        1
176
     1
 40
40.0
176
     1
 90
        8
176
     1
 62
     7
176
     1
 40
1.0
176
     1
 90
        1
176
     1
 90
        6
176
     1
 90
        2
176
     1
 62
     7
176
     1
 90
        3
176
     1
 90
        0
176
     1
 90
        0
176
     1
290
     0
176
     1
 90
        1
176
     1
 40
0.0
176
     1
 90
        0
176
     1
290
     0
176
     1
290
     1
176
     1
290
     1
176
     1
290
     0
176
     1
290
     0
176
     1
290
     0
176
     1
290
     0
176
     1
290
     0
176
     1
290
     0
176
     1
 90
       50
176
     1
 40
0.0
176
     1
 40
1.0
176
     1
 90
        0
176
     1
 62
    18
420
        0
176
     1
 90
       50
176
     1
 90
        3
176
     1
 62
     5
420
      255
176
     1
290
     0
176
     1
 90
       50
176
     1
 90
       50
176
     1
 90
       50
176
     1
290
     0
176
     1
 90
       50
176
     1
 62
   256
176
     0
 40
1.0
176
     0
 90
        2
176
     1
  1
strokes_ogs.tif
176
     1
290
     0
176
     1
 40
1.0
176
     1
 40
1.0
176
     1
  0
VISUALSTYLE
  5
1F0
102
{ACAD_REACTORS
330
EF
102
}
330
EF
100
AcDbVisualStyle
  2
Sketchy
 70
    24
177
     3
291
     0
 70
    58
 90
        1
176
     1
 90
        2
176
     1
 90
        2
176
     1
 90
        0
176
     1
 40
0.6
176
     1
 40
30.0
176
     1
 62
     7
420
 16777215
176
     1
 90
        2
176
     1
 90
        2
176
     1
 62
     7
176
     1
 62
     7
176
     1
 90
        1
176
     1
 90
        1
176
     1
 40
40.0
176
     1
 90
       11
176
     1
 62
     7
176
     1
 40
1.0
176
     1
 90
        1
176
     1
 90
        6
176
     1
 90
        2
176
     1
 62
     7
176
     1
 90
        6
176
     1
 90
        0
176
     1
 90
        0
176
     1
290
     0
176
     1
 90
        1
176
     1
 40
0.0
176
     1
 90
        0
176
     1
290
     0
176
     1
290
     1
176
     1
290
     1
176
     1
290
     0
176
     1
290
     0
176
     1
290
     0
176
     1
290
     0
176
     1
290
     0
176
     1
290
     0
176
     1
 90
       50
176
     1
 40
0.0
176
     1
 40
1.0
176
     1
 90
        0
176
     1
 62
    18
420
        0
176
     1
 90
       50
176
     1
 90
        3
176
     1
 62
     5
420
      255
176
     1
290
     0
176
     1
 90
       50
176
     1
 90
       50
176
     1
 90
       50
176
     1
290
     0
176
     1
 90
       50
176
     1
 62
   256
176
     0
 40
1.0
176
     0
 90
        2
176
     1
  1
strokes_ogs.tif
176
     1
290
     0
176
     1
 40
1.0
176
     1
 40
1.0
176
     1
  0
VISUALSTYLE
  5
FC
102
{ACAD_REACTORS
330
EF
102
}
330
EF
100
AcDbVisualStyle
  2
Thicken
 70
    13
177
     3
291
     1
 70
    58
 90
        2
176
     1
 90
        2
176
     1
 90
        1
176
     1
 90
        0
176
     1
 40
0.6
176
     1
 40
30.0
176
     1
 62
     7
420
 16777215
176
     1
 90
        1
176
     1
 90
        4
176
     1
 62
     7
176
     1
 62
   257
176
     1
 90
        1
176
     1
 90
        1
176
     1
 40
1.0
176
     1
 90
       12
176
     1
 62
     7
176
     1
 40
1.0
176
     1
 90
        1
176
     1
 90
        6
176
     1
 90
        2
176
     1
 62
     7
176
     1
 90
        5
176
     1
 90
        0
176
     1
 90
        0
176
     1
290
     0
176
     1
 90
        1
176
     1
 40
0.0
176
     1
 90
        0
176
     1
290
     0
176
     1
290
     1
176
     1
290
     1
176
     1
290
     0
176
     1
290
     0
176
     1
290
     0
176
     1
290
     0
176
     1
290
     0
176
     1
290
     0
176
     1
 90
       50
176
     1
 40
0.0
176
     1
 40
1.0
176
     1
 90
        0
176
     1
 62
    18
420
        0
176
     1
 90
       50
176
     1
 90
        3
176
     1
 62
     5
420
      255
176
     1
290
     0
176
     1
 90
       50
176
     1
 90
       50
176
     1
 90
       50
176
     1
290
     0
176
     1
 90
       50
176
     1
 62
   256
176
     0
 40
1.0
176
     0
 90
        2
176
     1
  1
strokes_ogs.tif
176
     1
290
     0
176
     1
 40
1.0
176
     1
 40
1.0
176
     1
  0
VISUALSTYLE
  5
F6
102
{ACAD_REACTORS
330
EF
102
}
330
EF
100
AcDbVisualStyle
  2
Wireframe
 70
     5
177
     3
291
     0
 70
    58
 90
        0
176
     1
 90
        2
176
     1
 90
        0
176
     1
 90
        0
176
     1
 40
0.6
176
     1
 40
30.0
176
     1
 62
     7
420
 16777215
176
     1
 90
        1
176
     1
 90
        4
176
     1
 62
     7
176
     1
 62
   257
176
     1
 90
        1
176
     1
 90
        1
176
     1
 40
1.0
176
     1
 90
        0
176
     1
 62
   257
176
     1
 40
1.0
176
     1
 90
        1
176
     1
 90
        6
176
     1
 90
        2
176
     1
 62
     7
176
     1
 90
        3
176
     1
 90
        0
176
     1
 90
        0
176
     1
290
     0
176
     1
 90
        1
176
     1
 40
0.0
176
     1
 90
        0
176
     1
290
     0
176
     1
290
     1
176
     1
290
     1
176
     1
290
     0
176
     1
290
     0
176
     1
290
     0
176
     1
290
     0
176
     1
290
     0
176
     1
290
     0
176
     1
 90
       50
176
     1
 40
0.0
176
     1
 40
1.0
176
     1
 90
        0
176
     1
 62
    18
420
        0
176
     1
 90
       50
176
     1
 90
        3
176
     1
 62
     5
420
      255
176
     1
290
     0
176
     1
 90
       50
176
     1
 90
       50
176
     1
 90
       50
176
     1
290
     0
176
     1
 90
       50
176
     1
 62
   256
176
     0
 40
1.0
176
     0
 90
        2
176
     1
  1
strokes_ogs.tif
176
     1
290
     0
176
     1
 40
1.0
176
     1
 40
1.0
176
     1
  0
VISUALSTYLE
  5
1F1
102
{ACAD_REACTORS
330
EF
102
}
330
EF
100
AcDbVisualStyle
  2
X-Ray
 70
    25
177
     3
291
     0
 70
    58
 90
        2
176
     1
 90
        2
176
     1
 90
        1
176
     1
 90
        1
176
     1
 40
0.5
176
     1
 40
30.0
176
     1
 62
     7
420
 16777215
176
     1
 90
        1
176
     1
 90
        0
176
     1
 62
     7
176
     1
 62
   257
176
     1
 90
        1
176
     1
 90
        1
176
     1
 40
1.0
176
     1
 90
        8
176
     1
 62
     7
176
     1
 40
1.0
176
     1
 90
        1
176
     1
 90
        6
176
     1
 90
        2
176
     1
 62
     7
176
     1
 90
        3
176
     1
 90
        0
176
     1
 90
        0
176
     1
290
     0
176
     1
 90
       13
176
     1
 40
0.0
176
     1
 90
        0
176
     1
290
     0
176
     1
290
     1
176
     1
290
     1
176
     1
290
     0
176
     1
290
     0
176
     1
290
     0
176
     1
290
     0
176
     1
290
     0
176
     1
290
     0
176
     1
 90
       50
176
     1
 40
0.0
176
     1
 40
1.0
176
     1
 90
        0
176
     1
 62
    18
420
        0
176
     1
 90
       50
176
     1
 90
        3
176
     1
 62
     5
420
      255
176
     1
290
     0
176
     1
 90
       50
176
     1
 90
       50
176
     1
 90
       50
176
     1
290
     0
176
     1
 90
       50
176
     1
 62
   256
176
     0
 40
1.0
176
     0
 90
        2
176
     1
  1
strokes_ogs.tif
176
     1
290
     0
176
     1
 40
1.0
176
     1
 40
1.0
176
     1
  0
DICTIONARYVAR
  5
146
102
{ACAD_REACTORS
330
5E
102
}
330
5E
100
DictionaryVariables
280
     0
  1
1:1
  0
DICTIONARYVAR
  5
145
102
{ACAD_REACTORS
330
5E
102
}
330
5E
100
DictionaryVariables
280
     0
  1
STANDARD
  0
DICTIONARYVAR
  5
84
102
{ACAD_REACTORS
330
5E
102
}
330
5E
100
DictionaryVariables
280
     0
  1
STANDARD
  0
DICTIONARYVAR
  5
227
102
{ACAD_REACTORS
330
5E
102
}
330
5E
100
DictionaryVariables
280
     0
  1
Metric50
  0
DICTIONARYVAR
  5
228
102
{ACAD_REACTORS
330
5E
102
}
330
5E
100
DictionaryVariables
280
     0
  1
Metric50
  0
DICTIONARYVAR
  5
5F
102
{ACAD_REACTORS
330
5E
102
}
330
5E
100
DictionaryVariables
280
     0
  1
2
  0
DICTIONARYVAR
  5
63
102
{ACAD_REACTORS
330
5E
102
}
330
5E
100
DictionaryVariables
280
     0
  1
1
  0
DICTIONARYVAR
  5
1AE
102
{ACAD_REACTORS
330
5E
102
}
330
5E
100
DictionaryVariables
280
     0
  1
0
  0
DICTIONARYVAR
  5
1AF
102
{ACAD_REACTORS
330
5E
102
}
330
5E
100
DictionaryVariables
280
     0
  1
0
  0
DICTIONARYVAR
  5
FDA
102
{ACAD_REACTORS
330
5E
102
}
330
5E
100
DictionaryVariables
280
     0
  1
2
  0
DICTIONARYVAR
  5
FD9
102
{ACAD_REACTORS
330
5E
102
}
330
5E
100
DictionaryVariables
280
     0
  1
1
  0
DICTIONARY
  5
205
330
22
100
AcDbDictionary
280
     1
281
     1
  0
DICTIONARY
  5
1F9
330
ED
100
AcDbDictionary
280
     1
281
     1
  3
FBXASSET
360
1FA
  0
DICTIONARY
  5
1F7
330
EC
100
AcDbDictionary
280
     1
281
     1
  3
FBXASSET
360
1F8
  0
DICTIONARY
  5
173
330
EE
100
AcDbDictionary
280
     1
281
     1
  3
BUMPTILE
360
175
  3
DIFFUSETILE
360
174
  3
FBXASSET
360
1FB
  3
OPACITYTILE
360
176
  3
REFLECTIONTILE
360
177
  0
DICTIONARY
  5
162
330
7F
100
AcDbDictionary
280
     1
281
     1
  3
ACAD_ROUNDTRIP_2008_TABLESTYLE_CELLSTYLEMAP
360
17F6
  0
XRECORD
  5
1FA
102
{ACAD_REACTORS
330
1F9
102
}
330
1F9
100
AcDbXrecord
280
     1
 70
     1
 90
429727718
  1
D62C5603-E3A1-4AEA-B7FB-FE5D8D0755AF
310
504B03040A0000080000CC70623B3DEE336E79000000790000001B0000006175746F6465736B2D64657369676E2D7061636B6167652E786D6C3C3F786D6C2076657273696F6E3D22312E302220656E636F64696E673D227574662D3822203F3E3C666F726D6174733E3C666F726D61743E687474703A2F2F736368656D612E
310
6175746F6465736B2E636F6D2F64657369676E2D7061636B6167652F323030393C2F666F726D61743E3C2F666F726D6174733E504B0304140006080800CC70623BD486FD9CA0000000F4000000130000005B436F6E74656E745F54797065735D2E786D6C7D8EC10E82300C865F65E91D8A1E8C310C0EEA1BF002731658846E
310
D98AC1B77784ABF1D8FE5FBFBF75BBCE937A534CCEB38643598122B6FEE978D0B0485F9C41B54DDD7D022595594E1A469170414C76A4D9A4D207E29CF43ECE46F218070CC6BECC4078ACAA135ACF422C856C0E68EA1BF5669944DDD7BCDE7B1F8E415D77AECB980613C2E4AC91FC167A2B244592486606FC29C8FD7F045B9A
310
EF7053A7E60B504B0304140006080800CC70623B853B8169EB0000007C01000008000000636F72652E786D6C8D90416EC3201045AF62CDB6C206821CC7C244919D9CA01740401C94182C03558F5F9C3852BBEB6A467FFE9B197D7EFC9E1EC5975982F5AE035262288C535E5B377690E21535501C055FBC8FBF6C503839990E
310
5619041F179FE64D52DE45E362569DD7661365082642A11EB9E920A89B99642953CC8E702F67A9EE7234257977194EC9EAE275C4EABCCF5EAD5940D4AC6F0E35A568B8F43562CD7046CD199FD07E60174276A7BE677B5EADB0E0D14EEFFB6A31321A0D82627C4084204C3F096B71DD52F6819B16635EADF63F509AF53FA164
310
5DDCD1EDDD17164090FCC8732078B56691CB33A85CD7DCC40F504B0304140006080800CC70623B55019EA25F0000007C00000007000000636E782E786D6C4DCB3B0E80201045D1AD90E915ED2CF8AC45050C11660C8261F98AB1B07AC9C97D42D718D865D3E909258CFD00CCE24AC6E326A164D74DC0B4128928FF32603847
310
2BA13128B1252AC747C6BAB984FC68F0B87FE8960A5C09FE86CFB69FBA01504B0304140006080800CC70623BDBABAAF470010000D40300000C0000006662782F636F72652E786D6CC553D16E823014FD95A6AF4B694182CC941A83FA05FB810A9511A125A5257EFE2E82712ECEB8A7F100CD39F7F69E734AF9FADC366850B6
310
AF8DCE7018308C942E4C59EB2AC3DE1D498AD15A706B8CFB56869196ADCAF00863C12B6B7C374385D14E6907A836A59A41D9F7CA615434B0C8705F7CAA5606D23BA8E84F41278B93AC54100640439DE0BDB320004D43C63716C7C399D30917DCFBBA9CD9BA8469F5B156168B24CED3F7248AC8769F27244EB73B92EED8862C
310
B7F13E0C179B3C8F979C8ECD82BBBABDAA2BAC924E9558448CBD9330242CFA08E3154B5651FCC6D215639C8EE5774DBE2B5F6CF2B5768B68963BB5F5588420E442FC700B1139D4CB01F450C1E918227C2E09DF070D8140C84E1E9AAB8F1340832A9CB13130A5F1376A908D57309505ECF2A0DF179C4E9D30F5B239B87E3823
310
7A79C6F31DE1A8A5AEC08474B03C7837EAE4938639B44E5932B833D2C6B6B279CDC613877FA26EE21F4A2A4C63EC7F29A2F301D1F9F7A0E37D145F504B0304140006080800CC70623B9C113CC27E0000009D0000000B0000006662782F636E782E786D6C4DCCDF0A83201C86E15B91DFB94BFB330DD428C8FB886521330DA7
310
6397BF1A1DECE883878F57749FCDA1B7892F1BBC047A23808C7F84D9FA55424E0BE6803A256208E9EF06C84F9B91703228B1C690F78B66B34CD9A5439DF5CF0BFBF65E35BCA1B8D6A5C6F540381E886698B5741C695F9503EBA150A2F8958E3DC3EA0B504B0304140006080800CC70623B7DF2F77C2A010000120200003100
310
00006662782F41393633353835312D344632462D344230382D423046372D3739314545314133324237412F636F72652E786D6C8D51DB8EC22014FC15C2939B0D2DB4B45643319AE817EC0F6041255A68B86CFCFC856D4D76DF7CE190393373060EDB3DC707F856CE6B6B7A480A0C81328395DA5C7B18C3057510EC3873D686
310
3F34088C18550F330C39BB3A1BA7051AAC09CA84841A2BD5020AEF55806078A44B0FFD7053A328440C89E1EFC52486BBB8AA8214A99D789CF9E05200300FC927E4FB4D5B375D43103D5527440FB843077C5AA3F5861C8F645F5787F59E95B390B318B55CE45AA638FAA2957BD7248B390B7A7CC51F9C124149C82B8C378810
310
84AB2F42B7B8DD56F413775B8C5999E9FF4471926F8AA236A1AE96B8B3CC434E5839373893369E1FAF30EA395917409EB7F26AF8801C171837A4A6AC9C89E9F9C9B1A58BA30FD6A5EF5DDDCF894B9AD9B6A59C957943A9FCAE2FD5BC4DFE03504B0304140006080800CC70623BAD7543B64E01000033030000300000006662
310
782F41393633353835312D344632462D344230382D423046372D3739314545314133324237412F636E782E786D6CD593CD6EC32010845F0571AD6CE3D48AD20813A9873E410FBD12D82434182C7EAAE6EDBB2424CD25871E7B41D6EC30B3FA84F9E67BB2E40B4234DE8DB46F1925E094D7C6ED479AD3AE5951B2113C789FEE
310
6C943839C1488B4C05DF079FE72A69D8C96C13AAD6B8631503449F83828872B949AC57D26200B826A308D316B4064D6E46FCDA41C05550DC9E483A00797BFD207EFB092A45DE9514C1BBD22178396BD39D891265658C238DEA00936C654E5E433CB65A26D9F6EDB5EBC14EBF49A45CB856E66048291F6939A9A81BB5C89177
310
38143CA680F4AA299D66A042CEB3354A2684DC9D8D178FE0D9B8B41CAAD720F880EE7EF93C0C18769E099ECC04D5A102C8049A8A05632F4DDF376CF1DE0F6BB65C2F8627B65A33C6BB62177CEBBDAD973006829F89F22E814B54F4BC2BE347F8AA8F681390B50FA73F804400B5F542E796F19FF974E7F78DB802FE05E20750
310
4B0304140006080800CC70623BE75B7789680500003C100000340000006662782F41393633353835312D344632462D344230382D423046372D3739314545314133324237412F6F626A656374732E786D6CAD575B8F9B3818FD2B887D06C22499CB8AA1CA655245D5B455A356FB305264C061D8018C6C3393D95FBFC7600890
310
A4CD5EF210B0B1BFEBF98E3F7B1FF6596ABC522E1296DF9BAE3D320D9A872C4AF2F8DE2CE5CEBA358D0FBEC719939D65A691938CDE9B6ADAF4BD98B3B2D05311DD91329583D9D5FC0F438434A7A611A644887B5384CF34233629258BA878B12322891DEFF6B66BD70BFB62634E8AE781D082709A4B588AF91C528CDA28B73F
310
1C998EEF39EABBEFA97FBD6A7C7E9553F9D3D79FE442923C3C523610337627CB87ABE99D359D4CC6D6E4FACAB5E6ABF9D2726FC6A3C5F56271377BB88362213924694B38DD99FE47C48627A1E7D49F5A8BB5E1A74C0A599ED3B0F21F1E56366B89112D681E218F0915D0D6F17AD41FBA2A369DCF6335D62ABBD39779D5DDD1
310
11D4D8DE3CBB96B2E04FB8202E41051754A1AA8E8F76B4C6DFE810B580B1547F4B84911149794252234D024EF8BBE963A95AE27B3D310A9D5C215C7960FAEE415ED75694C6AFB17BCACA5D99A60A9AA65F217B0BFC53292ACB92BF283FAD0D3621576592CB5BED907C2FA8E9DF794E35E97BEA31BED21FEB401ABB94C44839
310
DCACBF0E1C5DA8DA5B2F4DFFD32AD86F543D9E565E7056502E157C00AD2671CD534549AB752FCA9CDA00677A313F04E51B22FF19E57B300579E3C97EB29F682D92935CEC18CF901B7B54FD8C51F362B56FC72FE0B3C1EAE335EDCCBF5AEC39ADB17DC238973F804BA5E6F6BFE7AF1FB32E523BE9F3BD571418E3631DCA4D48
310
5250CF639223210A9446CA30052EDF057BD35F8329C1ECD84552BF0DC8D18BE7BCE23BFE6BD960AB4A7DE79923A103BEBD80F911CBAA2C60DB19B01CF164A5583B772EE6D3FFA56666CBCDA74DC97724A48F9A58967497E489C4D979006FD7A05E227A1EBDD0F737C623387A9C844D3709995625106D157315F8B8392CD4E0
310
A0B9A720C4BE9829CEF37EA1E13111214D53925356365ADA634861B52519DD27A00AEB808EAF0628E6F435519D446F45CF2C9CF5214F0A15B2F6D06B79DA3EE3CBF7F56780D2F4E7EF73A0F5E5B02A38D07DC852C6B7C1FBB6664213E0C39E3EBA7FF4E1AD23EA2829407C85E586727488B751B2DB9502BC7B228A3FD68B6E
310
A65A22397E690AA8D158D7E404EC8CDA235CC3B7D1898680131CEC2CDF2638C65196279577750F15884AEE19F94199155B92B13297978469D4F8D358DF0AEF7631E28DC8F0D9F437D5D39A83B2231A1D52D543813A824EF8D44BCFF2FA6A31BD1E8DAD87F1CCB526B3879935BF59CDADD5C37479BB1CDD4CA7B3556B516589
310
EF352754B706114D9C885EC9131DE6EFEB43D99AFE2391C2F958179413D7CFEF6B1B6DB1E7600F00DE6E5C67454A339A4BA2E0FBA85ED26F045D454F463DBFCE484C2F90F2E5E3666003662ED8F755951A7D1BECD5B30B550B2785C8E7320B7292A4838DDA71BBC863ED7613CAF659337A3354231D4FF4A182A54904C2898C
310
98B28C4AD0CE056CCF332A80986E571EE9DBC305BB5FEB7E509220A58D25CF042D712A806AC0AD0C657FDEF80D2D9CEAA2EE4D1C76F60BFE74219A06527D6F82DF6412526107381E55E353090704D085B52408A8913C4ED159D79BDA71BB4BC506F4831350EB6F975CD22D69BF7AC49B91A2C0A9DDA3D5CA36AD20FC478E37
310
E61844E2352865EBCB61A275A65283CAAA9DD27703B4102F5AF51EF5F573B75CBB5AD38BC845F7A49F82A0966A49C2E3EA5EA0ECD326CD965F1DB402C6FA8B51A4658C5C5E2EC9E214602E55810345408596591009A82E7E7FFACA19EEA299B14A0081A705CB3296EBC14CDF658DCD336EA6D1136881AAEB87B81AB9EE53D5
310
F5EB8BC8362082DA24122F98680A4E7930C01A0079749CEA14382A0783E5EBA5A10F8C098456A03D6A4AEB6BB881E2513747552A5DB22C7EDAF83BD5528081A365F7FF06504B0304140006080000CC70623B000000000000000000000000350000006662782F41393633353835312D344632462D344230382D423046372D37
310
39314545314133324237412F76657274696365732E62696E504B0304140006080800CC70623BF270F1330600000004000000360000006662782F41393633353835312D344632462D344230382D423046372D3739314545314133324237412F747269616E676C65732E62696E636660600000504B0304140006080000CC7062
310
3B000000000000000000000000370000006662782F41393633353835312D344632462D344230382D423046372D3739314545314133324237412F617474726962757465732E62696E504B0304140006080800CC70623B08DA0BD19000000041010000360000006662782F41393633353835312D344632462D344230382D4230
310
46372D3739314545314133324237412F6469726563746F72792E786D6C858F410AC3201045AF22B36F53E9A60B35CBEEBAE80D244E44489C6234F4F835464A48035D0DF398FF9F8AF63D0E6CC63039F212F8F9020C7D47C6792B21C5FE7403D62A1188E2E60C98D7234A5830286103A55745067B9D86B8A3CF9C7F90C11DE6
310
07FB144396D7B6A82D282E9A152AD114D5EF2CB866EEE831B8EEA07A7BB5A8D7D61A2BAAEB7FD5F70921FF497D00504B0304140006080800CC70623BEDD1DC58FD000000A00100003B0000006662782F41393633353835312D344632462D344230382D423046372D3739314545314133324237412F7265736F75726365732F
310
636F72652E786D6C8D504B6E833010BD0A9A6D65B00922041947112427E8052C33A156828DFCA97AFC9A40A576D7CDCCE87D344F8F9FBFE667F689CE6B6B3A6039850C8DB2A336530731DC4903D95970676DF82583CCC8193B5861107C72362E3BA4AC096842428D1D7107A5F7182053CF7474E0D507CE32973124857FE48B
310
540F3961CEF244279DE03EB81420DB9EAC1384436FA353E879B1B182C7A8C75DA3C7F453DF353A1075D537A7BA6464B8F535A99AE14A9A2BBD90E350DD183B5CFABE3AF262350B1EF4FC9351399401471025A527C218A1E53BAB5A5AB765F5469B96525EACF23FA6B88CFF34456DC2A1DCE36E360F82A5202F42F062ED2BAD
310
579969AFDD8A6F504B010214000A0000080000CC70623B3DEE336E79000000790000001B00000000000000000000000000000000006175746F6465736B2D64657369676E2D7061636B6167652E786D6C504B01021400140006080800CC70623BD486FD9CA0000000F40000001300000000000000000000000000B20000005B
310
436F6E74656E745F54797065735D2E786D6C504B01021400140006080800CC70623B853B8169EB0000007C010000080000000000000000000000000083010000636F72652E786D6C504B01021400140006080800CC70623B55019EA25F0000007C000000070000000000000000000000000094020000636E782E786D6C504B
310
01021400140006080800CC70623BDBABAAF470010000D40300000C00000000000000000000000000180300006662782F636F72652E786D6C504B01021400140006080800CC70623B9C113CC27E0000009D0000000B00000000000000000000000000B20400006662782F636E782E786D6C504B01021400140006080800CC70
310
623B7DF2F77C2A010000120200003100000000000000000000000000590500006662782F41393633353835312D344632462D344230382D423046372D3739314545314133324237412F636F72652E786D6C504B01021400140006080800CC70623BAD7543B64E010000330300003000000000000000000000000000D2060000
310
6662782F41393633353835312D344632462D344230382D423046372D3739314545314133324237412F636E782E786D6C504B01021400140006080800CC70623BE75B7789680500003C10000034000000000000000000000000006E0800006662782F41393633353835312D344632462D344230382D423046372D3739314545
310
314133324237412F6F626A656374732E786D6C504B01021400140006080000CC70623B0000000000000000000000003500000000000000000000000000280E00006662782F41393633353835312D344632462D344230382D423046372D3739314545314133324237412F76657274696365732E62696E504B01021400140006
310
080800CC70623BF270F133060000000400000036000000000000000000000000007B0E00006662782F41393633353835312D344632462D344230382D423046372D3739314545314133324237412F747269616E676C65732E62696E504B01021400140006080000CC70623B0000000000000000000000003700000000000000
310
000000000000D50E00006662782F41393633353835312D344632462D344230382D423046372D3739314545314133324237412F617474726962757465732E62696E504B01021400140006080800CC70623B08DA0BD1900000004101000036000000000000000000000000002A0F00006662782F41393633353835312D344632
310
462D344230382D423046372D3739314545314133324237412F6469726563746F72792E786D6C504B01021400140006080800CC70623BEDD1DC58FD000000A00100003B000000000000000000000000000E1000006662782F41393633353835312D344632462D344230382D423046372D3739314545314133324237412F7265
310
736F75726365732F636F72652E786D6C504B0506000000000E000E0080040000641100000000
  0
XRECORD
  5
1F8
102
{ACAD_REACTORS
330
1F7
102
}
330
1F7
100
AcDbXrecord
280
     1
 70
     1
 90
429727718
  1
30362254-06B7-45E0-A893-8CFA70E3D6BC
310
504B03040A0000080000CC70623B3DEE336E79000000790000001B0000006175746F6465736B2D64657369676E2D7061636B6167652E786D6C3C3F786D6C2076657273696F6E3D22312E302220656E636F64696E673D227574662D3822203F3E3C666F726D6174733E3C666F726D61743E687474703A2F2F736368656D612E
310
6175746F6465736B2E636F6D2F64657369676E2D7061636B6167652F323030393C2F666F726D61743E3C2F666F726D6174733E504B0304140006080800CC70623BD486FD9CA0000000F4000000130000005B436F6E74656E745F54797065735D2E786D6C7D8EC10E82300C865F65E91D8A1E8C310C0EEA1BF002731658846E
310
D98AC1B77784ABF1D8FE5FBFBF75BBCE937A534CCEB38643598122B6FEE978D0B0485F9C41B54DDD7D022595594E1A469170414C76A4D9A4D207E29CF43ECE46F218070CC6BECC4078ACAA135ACF422C856C0E68EA1BF5669944DDD7BCDE7B1F8E415D77AECB980613C2E4AC91FC167A2B244592486606FC29C8FD7F045B9A
310
EF7053A7E60B504B0304140006080800CC70623B1EC5D7A3EB0000007C01000008000000636F72652E786D6C8D90416EC3201045AF82665B6103C6756C6122AB4D4ED00B204C5C94182C03558F5F9C3852BBEB6A467FFE9B197D71FC9E6FE8CBACC17AD7032D0820E3B41FAD9B7A48F1820F808E52ACDEC75F36404ECDA687
310
4D0629A6D5A76597B477D1B89855E747B38B2A041301E95B6E7A08FAD3CCAA50296647B8168BD2573599823EBB0CA76447F43862C7BCCF5EAC59410E4DDD9C7973C2755553CCCFA4C603E3040F1565ED3B1FDE4E432BCA0D9622DAF9795FAF464533826484B498524CD807E51D79ED187F21878E10516EF63F505AC67F42C9
310
BA58B1FDDD071640D2FCC87D2045B96591CB3DA85CB7DCE40F504B0304140006080800CC70623B55019EA25F0000007C00000007000000636E782E786D6C4DCB3B0E80201045D1AD90E915ED2CF8AC45050C11660C8261F98AB1B07AC9C97D42D718D865D3E909258CFD00CCE24AC6E326A164D74DC0B4128928FF32603847
310
2BA13128B1252AC747C6BAB984FC68F0B87FE8960A5C09FE86CFB69FBA01504B0304140006080800CC70623B8C9102E971010000D40300000C0000006662782F636F72652E786D6CC5535B6E833010BC8AE5DF0A6C08340F1947A84D4ED00B38C6A128602363A31CBFCB234A53A551FA553EC09AD9F5CE8C31DB9E9B1AF5CA
310
7695D1198E428A91D2D214952E33ECDD315861B4E5CC1AE3BE9561A445A3323CC098B3D21ADFCE9034DA29ED00D5A6503328BA4E398C640D8B0C77F253352214DE4145770A5B214FA2546114020D759C75CE8200340D19DE981F0F6746269C33EFAB6266AB02A655C74A59CCF365BADC27CB5D902ED22848F6340DF238A141
310
BE88E2F57B92BFEDF23523433367AE6A2EEAA455C2A902F398D2751045018D3FA264435F3771F242571B4A1919CA6F9A7C5B3CD9E42BED16F12C776AEB308F40C848FC700B1139D4891EF410CEC810227CC6846F8386402064270EF5C5C709A05E49676C024C61FC95EA45ED154CA5211D1FF4FB8291A913A68E9B83EBBB33
310
E2A7673CDE118E5AE8124C0807CB8377834E366998436B950D7A7746DAD846D4CFD978E0F04FD455FC5D49D2D4C6FE9722321F10997F0F32DC47FE05504B0304140006080800CC70623BFFEA85907E0000009D0000000B0000006662782F636E782E786D6C4DCCD10A83201886E15B91FFDC95D95A811AB6F23E625948A6C3
310
E9D8E5AF46073BFAE0E1E365ED67B3E8ADC3CB78C7815C7240DA3DFC64DCC221C519D7805AC182F7F1EF06C88D9BE6703008B6049F9E274D7A1E938DBB5AE3D6131B2589BA0D3D965551E0B2EA732C9B9A624AAEB41E3A557677029960D9AFB4EF11165F504B0304140006080800CC70623B4FEEA4082C0100001202000031
310
0000006662782F39464131463745442D413632322D343644302D413938332D3331353338454246344243312F636F72652E786D6C8D515B6EC32010BC0AE2AB55850DD871ED0813254D72825EC00192A2C460F1A872FC42ED48ED5F7E00CDCECCCEB26C731F6FE05B39AFADE921293004CA082BB5B9F43086336A21D870E6AC
310
0D7F68109861543DCC30E4ECE26C9C164858139409093556AA051CBC570102714B8F1E7AF1A5C6A11862480C7F2DA6415C878B2A4891CA89C7990F2E050073937C42DE1DB7E4F87ED8A36D4329AA9B3D46DBAEAD504556557BD81DEBDD0761E52CE42C462D17B996298E3E6BE59E35C962CE821E1FF18553435012728A7187
310
0841987E927A8D9B35ADDF70BBC6989599FE4F1427F9A4286A132ABAC49D651EF234CD5CE04CDA78BA3DC2A8FB645D00B9DF8B57E215725C60BCA2A463E54C4CE327C7A65E1C7DB02E7DEFCBF594B864C5CA6CDBD49C957943E9FA5D5FBAF336F90F504B0304140006080800CC70623BAD7543B64E01000033030000300000
310
006662782F39464131463745442D413632322D343644302D413938332D3331353338454246344243312F636E782E786D6CD593CD6EC32010845F0571AD6CE3D48AD20813A9873E410FBD12D82434182C7EAAE6EDBB2424CD25871E7B41D6EC30B3FA84F9E67BB2E40B4234DE8DB46F1925E094D7C6ED479AD3AE5951B2113C
310
789FEE6C943839C1488B4C05DF079FE72A69D8C96C13AAD6B8631503449F83828872B949AC57D26200B826A308D316B4064D6E46FCDA41C05550DC9E483A00797BFD207EFB092A45DE9514C1BBD22178396BD39D891265658C238DEA00936C654E5E433CB65A26D9F6EDB5EBC14EBF49A45CB856E66048291F6939A9A81BB5
310
C8917738143CA680F4AA299D66A042CEB3354A2684DC9D8D178FE0D9B8B41CAAD720F880EE7EF93C0C18769E099ECC04D5A102C8049A8A05632F4DDF376CF1DE0F6BB65C2F8627B65A33C6BB62177CEBBDAD973006829F89F22E814B54F4BC2BE347F8AA8F681390B50FA73F804400B5F542E796F19FF974E7F78DB802FE05
310
E207504B0304140006080800CC70623B16AB87BA640500003C100000340000006662782F39464131463745442D413632322D343644302D413938332D3331353338454246344243312F6F626A656374732E786D6CAD575B6FA33818FD2B887DE6924B3BED8A326A92B68A663B534DD4D13E548A0C38942D60649B369D5FBFC7
310
600890A493BDE42160637FD7F31D7FF63E6FB3D478A55C242CBF3247B66B1A340F5994E4F19559CA8D75611A9F7D8F33263BCB4C232719BD32D5B4E97B316765A1A722BA21652A07B3B7B33F0D11D29C9A46981221AE4C113ED38CD8A4942CA2E2C58E882476BCD9DA23BB5ED8171B73523C0F841684D35CC252CCE79062D4
310
468DFA43D7747CCF51DF7D4FFDEB5593E3AB9CCA9FBEFE241792E4E19EB28198C968BAB8199F5D5A67D3E9C49A9E8F47D6EC76B6B0469F26EEFC7C3EBFBCBEB98462213924694B38DD98FE1D62C393D073EA4FADC5DAF04326852CCF6958F90F0F2B9BB5C48816348F90C7840A68EB78EDF68723159BCEE7891A6B95DDE9D3
310
BCEAEEE8086A6C6F9E5D4B59F0175C10A7A0820BAA5055C7473B5AE3CFDD452D602CD5DF12616444529E90D448938013FE6EFA58AA96F85E4F8C42275708571E98FE6827AF6B2B4AE3D7D83D64E5A64C53054DD3AF90BD06FEA9149565C94FCA0F6B834DC85599E4F2423B24DF0B6AFA979E534DFA9E7A4CC6FA631D486393
310
921829879BF5D781A373557BCB85E97FB90DB62B558F8795179C15944B051F40AB495CF35451D26A4727654E6D8033BD98EF82F21D91FF8AF2DD9982BCF1643BDD4EB516C9492E368C67C88DED563FC36D5EACF66DFF057C3658BDBFA69DF9578B3DA735B64F18C7F20770A9D45CFCF7FCF563D6456A277DBEF78A02637CA2
310
43B90A490AEAB94F72244481D24819A6C0E59B606BFA4B3025981DBB48EAB701D97BF19C577CC77F2D1B6C55A9EF3C732474C0B727303F625995056C3B02963D9EAC146BE78EC5FCEC7FA999EBC5EACBAAE41B12D27B4D2C0BBA49F244E2ECDC81B76B502F113D8F5EE8FB1BE3111CDD4FC2AA9B844CAB1288B68AB90A7CDC
310
1C166AB0D3DC5310625FCC14E779BFD0709F8890A629C9292B1B2DED31A4B0DA928CEE135085754027E3018A397D4D5427D15BD1330B677DC8934285AC3DF45A9EB68FF8F2B8FC0A509AFEECFD0FF2DE25CC6047F7214B195F07EFEB9A094D800F7BFAE8FED187B78EA8A3A400F115961BCAD1215E47C966530AF0EE8128FE
310
58CEBB996A8964FFA529A046635D9353B0336A8F700DDF46271A024E70B0B37C9DE01847591E54DED53D54202AB947E4076556AC49C6CA5C9E1226B7F1A7B1BE15DEED62C41B91E1B3E9AFAAA735036547343A925075041DF0A9979E893B391F8FCFA6967B3EFB644DCF6E5CEBFAE272625DCC6FAF3FB93793C5F90CE1EF57
310
407342756B10D1C489E8953CD1617E5CEECAD6F4EF8914CE5D5D504E5C3F1F9736DA62CFC11E00BCDDB8CC8A9466349744C1F75EBDA4DF09BA8A9E8C7A7E9991989E20E5DBDD6A6003664ED8F7A04A8DBE0DF6EAD9B9AA858342E47399053949D2C146EDB85DE4B176BB0965FBAC19BD19AA918E27FA50C1D22402E144464C
310
59462568E704B6E71915404CB72B8FF4EDE184DDAF753F284990D2C6926782963815403548A70C657FDEF80D2D9CEAA2AE4C1C76F60BFE74219A06527D6582DF6412526107381E55E353090704D085B52408D0933C4ED159D79BDA71BB4BC506F4831350EB6F979CD22D69BF7AC49B91A2C0A9DDA3D5CA36AD20FC478E37E6
310
1844E2352865EBCB6EA275A652E3836BE04EFB400BF1A2556F515F1FBB35B2AB35BD889C744FFA1004B5544B121E57F70215746DD2F5E2C1412B602CBF19455AC6C8E5E9922C4E01E65215385004546899059180EAFCF7A707CE7017CD8CDB0410789AB32C63B91E5CEBBBACB17AC6CD347A022D5075FD106377347AAABA7E
310
7D11590744509B44E205134DC1290F06580320F78E537D3D73540E06CB970B431F185308AD40BBD794D6D77003C5A36E8EAA54BA64597CD8F83BD552A080A365F7FF06504B0304140006080000CC70623B000000000000000000000000350000006662782F39464131463745442D413632322D343644302D413938332D3331
310
353338454246344243312F76657274696365732E62696E504B0304140006080800CC70623BF270F1330600000004000000360000006662782F39464131463745442D413632322D343644302D413938332D3331353338454246344243312F747269616E676C65732E62696E636660600000504B0304140006080000CC70623B
310
000000000000000000000000370000006662782F39464131463745442D413632322D343644302D413938332D3331353338454246344243312F617474726962757465732E62696E504B0304140006080800CC70623B08DA0BD19000000041010000360000006662782F39464131463745442D413632322D343644302D413938
310
332D3331353338454246344243312F6469726563746F72792E786D6C858F410AC3201045AF22B36F53E9A60B35CBEEBAE80D244E44489C6234F4F835464A48035D0DF398FF9F8AF63D0E6CC63039F212F8F9020C7D47C6792B21C5FE7403D62A1188E2E60C98D7234A5830286103A55745067B9D86B8A3CF9C7F90C11DE607
310
FB144396D7B6A82D282E9A152AD114D5EF2CB866EEE831B8EEA07A7BB5A8D7D61A2BAAEB7FD5F70921FF497D00504B0304140006080800CC70623B0D6EF93BFE000000A00100003B0000006662782F39464131463745442D413632322D343644302D413938332D3331353338454246344243312F7265736F75726365732F63
310
6F72652E786D6C8D50596E833010BD0A9ADFCA60B334011947A8694ED00B586642AC041B79A97AFC9A40A5F6AF3F33A3B7689E1E3F7DCD8FEC139DD7D6F4C0720A191A65476DA61E62B892236427C19DB5E1970C322367EC618541F0C9D9B8EC90B226A009093576C41D94DE63804C3DD2D18357379C652E63480A7FCF17A9
310
EE72C29CE5894E3AC17D702940B63D59270887DE46A7D0F36263058F518FBB468FE9A7BE6A7420864373B8D4873369AA8691FA421B3294352543C5CAF65C0F6FEF43CB8BD52C78D0F34F46E550061C419494B6843142CB0F5677F4B52BEB177AEC28E5C52AFF638ACBF84F53D42654E51E77B379102C05791282176B5F693D
310
CB4C7BED567C03504B010214000A0000080000CC70623B3DEE336E79000000790000001B00000000000000000000000000000000006175746F6465736B2D64657369676E2D7061636B6167652E786D6C504B01021400140006080800CC70623BD486FD9CA0000000F40000001300000000000000000000000000B20000005B
310
436F6E74656E745F54797065735D2E786D6C504B01021400140006080800CC70623B1EC5D7A3EB0000007C010000080000000000000000000000000083010000636F72652E786D6C504B01021400140006080800CC70623B55019EA25F0000007C000000070000000000000000000000000094020000636E782E786D6C504B
310
01021400140006080800CC70623B8C9102E971010000D40300000C00000000000000000000000000180300006662782F636F72652E786D6C504B01021400140006080800CC70623BFFEA85907E0000009D0000000B00000000000000000000000000B30400006662782F636E782E786D6C504B01021400140006080800CC70
310
623B4FEEA4082C0100001202000031000000000000000000000000005A0500006662782F39464131463745442D413632322D343644302D413938332D3331353338454246344243312F636F72652E786D6C504B01021400140006080800CC70623BAD7543B64E010000330300003000000000000000000000000000D5060000
310
6662782F39464131463745442D413632322D343644302D413938332D3331353338454246344243312F636E782E786D6C504B01021400140006080800CC70623B16AB87BA640500003C1000003400000000000000000000000000710800006662782F39464131463745442D413632322D343644302D413938332D3331353338
310
454246344243312F6F626A656374732E786D6C504B01021400140006080000CC70623B0000000000000000000000003500000000000000000000000000270E00006662782F39464131463745442D413632322D343644302D413938332D3331353338454246344243312F76657274696365732E62696E504B01021400140006
310
080800CC70623BF270F133060000000400000036000000000000000000000000007A0E00006662782F39464131463745442D413632322D343644302D413938332D3331353338454246344243312F747269616E676C65732E62696E504B01021400140006080000CC70623B0000000000000000000000003700000000000000
310
000000000000D40E00006662782F39464131463745442D413632322D343644302D413938332D3331353338454246344243312F617474726962757465732E62696E504B01021400140006080800CC70623B08DA0BD190000000410100003600000000000000000000000000290F00006662782F39464131463745442D413632
310
322D343644302D413938332D3331353338454246344243312F6469726563746F72792E786D6C504B01021400140006080800CC70623B0D6EF93BFE000000A00100003B000000000000000000000000000D1000006662782F39464131463745442D413632322D343644302D413938332D3331353338454246344243312F7265
310
736F75726365732F636F72652E786D6C504B0506000000000E000E0080040000641100000000
  0
XRECORD
  5
175
102
{ACAD_REACTORS
330
173
102
}
330
173
100
AcDbXrecord
280
     1
270
     1
271
     1
  0
XRECORD
  5
174
102
{ACAD_REACTORS
330
173
102
}
330
173
100
AcDbXrecord
280
     1
270
     1
271
     1
  0
XRECORD
  5
1FB
102
{ACAD_REACTORS
330
173
102
}
330
173
100
AcDbXrecord
280
     1
 70
     0
 90
1673772943
  1
ECE7A1D2-D628-4531-984C-D00F80459256
310
504B03040A0000080000CC70623B3DEE336E79000000790000001B0000006175746F6465736B2D64657369676E2D7061636B6167652E786D6C3C3F786D6C2076657273696F6E3D22312E302220656E636F64696E673D227574662D3822203F3E3C666F726D6174733E3C666F726D61743E687474703A2F2F736368656D612E
310
6175746F6465736B2E636F6D2F64657369676E2D7061636B6167652F323030393C2F666F726D61743E3C2F666F726D6174733E504B0304140006080800CC70623BD486FD9CA0000000F4000000130000005B436F6E74656E745F54797065735D2E786D6C7D8EC10E82300C865F65E91D8A1E8C310C0EEA1BF002731658846E
310
D98AC1B77784ABF1D8FE5FBFBF75BBCE937A534CCEB38643598122B6FEE978D0B0485F9C41B54DDD7D022595594E1A469170414C76A4D9A4D207E29CF43ECE46F218070CC6BECC4078ACAA135ACF422C856C0E68EA1BF5669944DDD7BCDE7B1F8E415D77AECB980613C2E4AC91FC167A2B244592486606FC29C8FD7F045B9A
310
EF7053A7E60B504B0304140006080800CC70623BD9DDAED0EC0000007C01000008000000636F72652E786D6C8D90416EC3201045AF82665B61836D9CD8C2444DD39CA01740405C94182C03558F5F9C3852BBEB6A467FFE9B197D7EF89E6EE8CB2CC17A37002D0820E394D7D68D03A478C17B4007C117EFE32F1B20272733C0
310
2A83E0E3E2D3BC49CABB685CCCAAF3DA6CA20CC14440EA969B0182FA34932C648AD911AEC52CD5558EA6A0CF2EC329598D1E47ACCEFBECC59A050463A7EA5833865FEBDD0E37353BE3EE8DBDE3F6786A48D375FBF6CC78B9C282473B3DEFABC5C86834888A900E538A49F5419B9EB47DD5BC907D4F082F57FB1F28CDFA9F50
310
B22ED6D5F6EE030B20687EE43E10BC5CB3C8E51E54AE6B6EE207504B0304140006080800CC70623B55019EA25F0000007C00000007000000636E782E786D6C4DCB3B0E80201045D1AD90E915ED2CF8AC45050C11660C8261F98AB1B07AC9C97D42D718D865D3E909258CFD00CCE24AC6E326A164D74DC0B4128928FF326038
310
472BA13128B1252AC747C6BAB984FC68F0B87FE8960A5C09FE86CFB69FBA01504B0304140006080800CC70623BA24EB22D72010000D40300000C0000006662782F636F72652E786D6CC5535B6E833010BC8AE5DF0A6C5E49888CA3A6694ED00B38E05014B091B1518EDFE511A5A9D228FD2A1F60CDEC7A67C6986DCE4D8D7A
310
69BA4AAB0C073EC548AA5C17952A33ECECD15B61B4E1CC686DBF9561A44423333CC098B3D268D7CE50AE9595CA02AA74216750749DB418E5352C32DCE59FB211BE70162ABA93DF8AFC244AE9073ED050C759670D0840D390E18DF9F1706664C23973AE2A66B62A605A75ACA4C13C4976E1364A12EF355A2EBD384AF65EFA96
310
BC7B8BED2EA6719AAE16FB8491A199335B351775B991C2CA02F390D2D40B028F861F41BCA68B7518BFD0D59A524686F29B26D7164F36B94AD9289CE54E6D1DE6010819891F6E21228B3AD1831EC219194284CF98F06DD01008846CC5A1BEF83801D4CBDC6A1303536877A57A513B0953A94FC707FDBE6064EA84A9E3E6E0FA
310
EE8CF0E9198F7784A316AA0413C2C2F2E0ECA0934D1AE6D05A69BCDE9E91D2A611F573361E38FC1375157F5752AE6B6DFE4B11990F88CCBF0719EE23FF02504B0304140006080800CC70623B408A7D3B7C0000009D0000000B0000006662782F636E782E786D6C4DCCD10A83201886E15B91FFDC552A92A0064DBC8F581632
310
D3703A76F9ABD1C18E3E78F878E5F0D9027ABBFCF2292AE86E2D20171F69F6715550CB827B40839639A5F2770314A7CD293819B45C73AAFB45B35BA61ACAA1C1C7E7855C58C15BC331339661262CC762340413D68D77DA5B42298546CBE6573AF60CEB2F504B0304140006080800CC70623B449FB9BD290100001202000031
310
0000006662782F36394639363044362D344446342D343946362D394244322D3234314243333846323333332F636F72652E786D6C8D515B6EC32010BC0AE22B55850D98B871848994463E412FE002495162B07854397EA176A4F62F3F2C9A9D991D587EB84F37F0AD7D30CEF6905418026DA553C65E7A98E219ED203808EE9D
310
8B7F6810D871D23D2C3014FCE25D9A57483A1BB58D19B54EE9151C43D0110279CB971E06F9A5A7B11A53CC8C70ADE6515EC78BAE4895DB992778883E0700CB907242D17643D7E2538BD869608875438BBAE38922CAC8F1BDD90DB4691A5E2F42C153326A951B95E398B3D1FE599322163C9AE9115F7A3D46ADA0A018778810
310
84E907617BDCEE297BC5BB3DC6BC2EF47FA234AB2745C9D8D8D035EE220B50105E2F0DC1954B9FB747187D9F9D8FA0CCDB042D5FA0C015C65B42DF78BD10F3F3B363CB56C7109DCFDFBBB97E662ED92EB62D13BC2E1BCAE5777DB9966D8A1F504B0304140006080800CC70623BAD7543B64E01000033030000300000006662
310
782F36394639363044362D344446342D343946362D394244322D3234314243333846323333332F636E782E786D6CD593CD6EC32010845F0571AD6CE3D48AD20813A9873E410FBD12D82434182C7EAAE6EDBB2424CD25871E7B41D6EC30B3FA84F9E67BB2E40B4234DE8DB46F1925E094D7C6ED479AD3AE5951B2113C789FEE
310
6C943839C1488B4C05DF079FE72A69D8C96C13AAD6B8631503449F83828872B949AC57D26200B826A308D316B4064D6E46FCDA41C05550DC9E483A00797BFD207EFB092A45DE9514C1BBD22178396BD39D891265658C238DEA00936C654E5E433CB65A26D9F6EDB5EBC14EBF49A45CB856E66048291F6939A9A81BB5C89177
310
38143CA680F4AA299D66A042CEB3354A2684DC9D8D178FE0D9B8B41CAAD720F880EE7EF93C0C18769E099ECC04D5A102C8049A8A05632F4DDF376CF1DE0F6BB65C2F8627B65A33C6BB62177CEBBDAD973006829F89F22E814B54F4BC2BE347F8AA8F681390B50FA73F804400B5F542E796F19FF974E7F78DB802FE05E20750
310
4B0304140006080800CC70623B8D05915C650500003B100000340000006662782F36394639363044362D344446342D343946362D394244322D3234314243333846323333332F6F626A656374732E786D6CAD575B6FA33814FE2B887D06429276DA1565D4266D158D3A339A6846FB502932E050B66023DB74D2FDF5FB190C01
310
9276B2973C046C8ECFF53B17071F77456EBD502133CEAE6CDF9DD81665314F32965ED995DA3A17B6F5310C04E7AA47665B8C14F4CAD6DB7618A48257A5D94AE89654B91AEDDEDDFC61C998326A5B714EA4BCB265FC440BE2924AF184CA6737218AB8E976E7FA6E4338649B0A523E8D98964450A6A029F619B8588D52FE7039
310
B1BD30F0F4F730D0FF866AF6369557DB33949F31A9088B0F848DD8CCFCF9F2767A76E99CCDE733677E3EF59D9BBB9BA5E37F984D16E78BC5E5F5ED25044B25C0C96822E8D60EEFE11B91C581D77CEA34368A1F5329E68CD1B8B61F16D63A1B8E092D294B10C78C4A48EB593D192E7DED9BDEE7995E1B91FDEDD3ACEA9FE831
310
6A756F9F7D4D79F4274C90A7A04248AA51D5F8C718DAE06FB2F75AC4796EBE65D22A88A22223B995679120E2D50E41AA49C260C046A35368846B0BECD0DFF3EBEB8AD4F835768F69B9ADF25C43D30E6B646F807FAA64AD59F61715C7A54127C4AACA98BA3006A9D792DAE165E0D59B61A01FB3A9F9D838D2DAE62445C86166
310
F37564E842E7DE6A69879FEEA2DD5AE7E371E1A5E025154AC307D06A03D73EB5978C58FFA4C8E9033066E0F3BD53BEC1F39F91BE7B55103791EDE6BBB991A2046172CB4581D8B893FA674DDA17A77B3B7C413D1B511FD2743BFF8A38F03A658705E3ADF8015C3A3417FF3D7E439FF591DA0B5F18BC20C1B8981957AE6392A3
310
F43C640C01D1A0B4728E2DD4F26DB4B3C3152A252A3B4E913CEC1C72F012782FF88EFF8637AA552DBEF76408E8A8DE9E50F9E1CB3A2DA0DB1B6039A893B56063DC5B3E3FFB5F72E67AB9FEB4AEC496C4F4C1149625DD662C53E89D7BF0F6151A046260D1337DFDC94502430F83B0EE07A130A224BCAD7DAE1D9FB6CD422FF6
310
920702629C4BB9AE79C12F243C6432A6794E18E5552BA56B431AAB5D91317302B2B071E86C3A42B1A02F999E24061403B5D0EB639195DA655DD3EBEAB4FB862DDF579F014AD0E73C22F99E28DA57FB98E75C6CA2D74D53086D600F4786E0FE3144B771A8A7B900F03594DB8A633CBC49B2EDB69228BB479CF863B5E807AAAB
310
23872F6DFEB4129B949CA33823F58830E86D65621E10047D9DB34D862E8EAC3C2ABC2F7B2C40D67CDFE01F5545B92105AF983AC54D93D69E56FB8E797F88913F898A9FEC705D3F9D1B54EC8426FB500D40A03BD0119B06E1B95DDC7EB8F6975367793EBD70E66733DFB9BC982F9CE564727731999F5D4ECFCE3B8D6A4DC2A0
310
6D50FD148437D110834A64C6CDDF57FBACB5C307A2A477DFE4939736CFEF2B175371E0E10CF0DD1D5C15654E0BCA14D1E87DD02FF93782A162C0A3D95F1524A52770F972BF1EE9809D13CE7DD599467F8ECE9ADD85CE85A34CD45355448C64F9E8A031DC2D596ACC6E5DD93D9B82DE2EF5CAF81363A8E47996A0DE24564A79
310
4115AACE09C55E14540231FDA13C319787134EBF34E3A022514E5B4D9E0826E25C02D5805B15ABE1BEF51B26383D445DD9E875EE33FE4C22DA16427D65A3BCA92CA6D28DD01DF5DC53330704308475351050232CCD31583787BA75774AFB06E5070DD0C8EF484E19968C5D83BA5B90B244D31E54D55A372320FE4786B7EA58
310
44E135AA5467CB7EA333A61683CC6A8C3257034C10CF46F40EF9F5BE59BE5BD30C3C72D235E95D10345C1D45445A5F0BB47E46A5EBE5570F9380B5FA629579952296A773720405982B9DE04011506178964401AA8BDF1FBF0A8EAB6861DD6580C0E38217056766716DAEB2D6FA0917D3E4116581EADB879C4E7CFFB11EFACD
310
3D641311495D92C8676CB409A72D18610D803CE8A626049E8EC1887CB5B44CC39883690DDA8399B4B9855B481E7D71D4A9D22F96E5BB73BF5793020C02137BF837504B0304140006080000CC70623B000000000000000000000000350000006662782F36394639363044362D344446342D343946362D394244322D32343142
310
43333846323333332F76657274696365732E62696E504B0304140006080800CC70623BF270F1330600000004000000360000006662782F36394639363044362D344446342D343946362D394244322D3234314243333846323333332F747269616E676C65732E62696E636660600000504B0304140006080000CC70623B0000
310
00000000000000000000370000006662782F36394639363044362D344446342D343946362D394244322D3234314243333846323333332F617474726962757465732E62696E504B0304140006080800CC70623B08DA0BD19000000041010000360000006662782F36394639363044362D344446342D343946362D394244322D
310
3234314243333846323333332F6469726563746F72792E786D6C858F410AC3201045AF22B36F53E9A60B35CBEEBAE80D244E44489C6234F4F835464A48035D0DF398FF9F8AF63D0E6CC63039F212F8F9020C7D47C6792B21C5FE7403D62A1188E2E60C98D7234A5830286103A55745067B9D86B8A3CF9C7F90C11DE607FB14
310
4396D7B6A82D282E9A152AD114D5EF2CB866EEE831B8EEA07A7BB5A8D7D61A2BAAEB7FD5F70921FF497D00504B0304140006080800CC70623BCA768048FE000000A00100003B0000006662782F36394639363044362D344446342D343946362D394244322D3234314243333846323333332F7265736F75726365732F636F72
310
652E786D6C8D50596E833010BD0A9ADFCA60D600328E9AA639412F609909B1126CE4A5EAF16B0295DABFFECC8CDEA2797AECF8353F924FB44E193D409E5248504B332A3D0D10FC95B4901C39B3C6F85F3248B49871801506CE266BC2B243D2688FDA47549B11775038871E12F988C7004EDE7016A9083E2ADC3D5D84BC8B09
310
D33C8D74D471E6BC8D0192EDC93A815B742658898E651BCB59086ADC356A8C3FD555A1055ED7E7E254D615792D0F075295F585746FF53B694EE78A565DD736979A65AB9933AFE69F8CD2A2F038022F28ED489E135A7CE4554F9BBEA85E68DB53CAB255FEC71496F19FA6A0B42F8B3DEE6673C0F318E4497096AD7DC5F52C33
310
EEB55BFE0D504B010214000A0000080000CC70623B3DEE336E79000000790000001B00000000000000000000000000000000006175746F6465736B2D64657369676E2D7061636B6167652E786D6C504B01021400140006080800CC70623BD486FD9CA0000000F40000001300000000000000000000000000B20000005B436F
310
6E74656E745F54797065735D2E786D6C504B01021400140006080800CC70623BD9DDAED0EC0000007C010000080000000000000000000000000083010000636F72652E786D6C504B01021400140006080800CC70623B55019EA25F0000007C000000070000000000000000000000000095020000636E782E786D6C504B0102
310
1400140006080800CC70623BA24EB22D72010000D40300000C00000000000000000000000000190300006662782F636F72652E786D6C504B01021400140006080800CC70623B408A7D3B7C0000009D0000000B00000000000000000000000000B50400006662782F636E782E786D6C504B01021400140006080800CC70623B
310
449FB9BD290100001202000031000000000000000000000000005A0500006662782F36394639363044362D344446342D343946362D394244322D3234314243333846323333332F636F72652E786D6C504B01021400140006080800CC70623BAD7543B64E010000330300003000000000000000000000000000D20600006662
310
782F36394639363044362D344446342D343946362D394244322D3234314243333846323333332F636E782E786D6C504B01021400140006080800CC70623B8D05915C650500003B10000034000000000000000000000000006E0800006662782F36394639363044362D344446342D343946362D394244322D32343142433338
310
46323333332F6F626A656374732E786D6C504B01021400140006080000CC70623B0000000000000000000000003500000000000000000000000000250E00006662782F36394639363044362D344446342D343946362D394244322D3234314243333846323333332F76657274696365732E62696E504B010214001400060808
310
00CC70623BF270F13306000000040000003600000000000000000000000000780E00006662782F36394639363044362D344446342D343946362D394244322D3234314243333846323333332F747269616E676C65732E62696E504B01021400140006080000CC70623B00000000000000000000000037000000000000000000
310
00000000D20E00006662782F36394639363044362D344446342D343946362D394244322D3234314243333846323333332F617474726962757465732E62696E504B01021400140006080800CC70623B08DA0BD190000000410100003600000000000000000000000000270F00006662782F36394639363044362D344446342D
310
343946362D394244322D3234314243333846323333332F6469726563746F72792E786D6C504B01021400140006080800CC70623BCA768048FE000000A00100003B000000000000000000000000000B1000006662782F36394639363044362D344446342D343946362D394244322D3234314243333846323333332F7265736F
310
75726365732F636F72652E786D6C504B0506000000000E000E0080040000621100000000
  0
XRECORD
  5
176
102
{ACAD_REACTORS
330
173
102
}
330
173
100
AcDbXrecord
280
     1
270
     1
271
     1
  0
XRECORD
  5
177
102
{ACAD_REACTORS
330
173
102
}
330
173
100
AcDbXrecord
280
     1
270
     1
271
     1
  0
CELLSTYLEMAP
  5
17F6
102
{ACAD_REACTORS
330
162
102
}
330
162
100
AcDbCellStyleMap
 90
        3
300
CELLSTYLE
  1
TABLEFORMAT_BEGIN
 90
        5
170
     1
 91
        0
 92
    32768
 62
   257
 93
        1
300
CONTENTFORMAT
  1
CONTENTFORMAT_BEGIN
 90
        0
 91
        0
 92
      512
 93
        0
300

 40
0.0
140
1.0
 94
        5
 62
     0
340
11
144
6.0
309
CONTENTFORMAT_END
171
     1
301
MARGIN
  1
CELLMARGIN_BEGIN
 40
1.5
 40
1.5
 40
1.5
 40
1.5
 40
4.5
 40
4.5
309
CELLMARGIN_END
 94
        6
 95
        1
302
GRIDFORMAT
  1
GRIDFORMAT_BEGIN
 90
        0
 91
        1
 62
     0
 92
       -2
340
14
 93
        0
 40
1.125
309
GRIDFORMAT_END
 95
        2
302
GRIDFORMAT
  1
GRIDFORMAT_BEGIN
 90
        0
 91
        1
 62
     0
 92
       -2
340
14
 93
        0
 40
1.125
309
GRIDFORMAT_END
 95
        4
302
GRIDFORMAT
  1
GRIDFORMAT_BEGIN
 90
        0
 91
        1
 62
     0
 92
       -2
340
14
 93
        0
 40
1.125
309
GRIDFORMAT_END
 95
        8
302
GRIDFORMAT
  1
GRIDFORMAT_BEGIN
 90
        0
 91
        1
 62
     0
 92
       -2
340
14
 93
        0
 40
1.125
309
GRIDFORMAT_END
 95
       16
302
GRIDFORMAT
  1
GRIDFORMAT_BEGIN
 90
        0
 91
        1
 62
     0
 92
       -2
340
14
 93
        0
 40
1.125
309
GRIDFORMAT_END
 95
       32
302
GRIDFORMAT
  1
GRIDFORMAT_BEGIN
 90
        0
 91
        1
 62
     0
 92
       -2
340
14
 93
        0
 40
1.125
309
GRIDFORMAT_END
309
TABLEFORMAT_END
  1
CELLSTYLE_BEGIN
 90
        1
 91
        1
300
_TITLE
309
CELLSTYLE_END
300
CELLSTYLE
  1
TABLEFORMAT_BEGIN
 90
        5
170
     1
 91
        0
 92
        0
 62
   257
 93
        1
300
CONTENTFORMAT
  1
CONTENTFORMAT_BEGIN
 90
        0
 91
        0
 92
      512
 93
        0
300

 40
0.0
140
1.0
 94
        5
 62
     0
340
11
144
4.5
309
CONTENTFORMAT_END
171
     1
301
MARGIN
  1
CELLMARGIN_BEGIN
 40
1.5
 40
1.5
 40
1.5
 40
1.5
 40
4.5
 40
4.5
309
CELLMARGIN_END
 94
        6
 95
        1
302
GRIDFORMAT
  1
GRIDFORMAT_BEGIN
 90
        0
 91
        1
 62
     0
 92
       -2
340
14
 93
        0
 40
1.125
309
GRIDFORMAT_END
 95
        2
302
GRIDFORMAT
  1
GRIDFORMAT_BEGIN
 90
        0
 91
        1
 62
     0
 92
       -2
340
14
 93
        0
 40
1.125
309
GRIDFORMAT_END
 95
        4
302
GRIDFORMAT
  1
GRIDFORMAT_BEGIN
 90
        0
 91
        1
 62
     0
 92
       -2
340
14
 93
        0
 40
1.125
309
GRIDFORMAT_END
 95
        8
302
GRIDFORMAT
  1
GRIDFORMAT_BEGIN
 90
        0
 91
        1
 62
     0
 92
       -2
340
14
 93
        0
 40
1.125
309
GRIDFORMAT_END
 95
       16
302
GRIDFORMAT
  1
GRIDFORMAT_BEGIN
 90
        0
 91
        1
 62
     0
 92
       -2
340
14
 93
        0
 40
1.125
309
GRIDFORMAT_END
 95
       32
302
GRIDFORMAT
  1
GRIDFORMAT_BEGIN
 90
        0
 91
        1
 62
     0
 92
       -2
340
14
 93
        0
 40
1.125
309
GRIDFORMAT_END
309
TABLEFORMAT_END
  1
CELLSTYLE_BEGIN
 90
        2
 91
        1
300
_HEADER
309
CELLSTYLE_END
300
CELLSTYLE
  1
TABLEFORMAT_BEGIN
 90
        5
170
     1
 91
        0
 92
        0
 62
   257
 93
        1
300
CONTENTFORMAT
  1
CONTENTFORMAT_BEGIN
 90
        0
 91
        0
 92
      512
 93
        0
300

 40
0.0
140
1.0
 94
        2
 62
     0
340
11
144
4.5
309
CONTENTFORMAT_END
171
     1
301
MARGIN
  1
CELLMARGIN_BEGIN
 40
1.5
 40
1.5
 40
1.5
 40
1.5
 40
4.5
 40
4.5
309
CELLMARGIN_END
 94
        6
 95
        1
302
GRIDFORMAT
  1
GRIDFORMAT_BEGIN
 90
        0
 91
        1
 62
     0
 92
       -2
340
14
 93
        0
 40
1.125
309
GRIDFORMAT_END
 95
        2
302
GRIDFORMAT
  1
GRIDFORMAT_BEGIN
 90
        0
 91
        1
 62
     0
 92
       -2
340
14
 93
        0
 40
1.125
309
GRIDFORMAT_END
 95
        4
302
GRIDFORMAT
  1
GRIDFORMAT_BEGIN
 90
        0
 91
        1
 62
     0
 92
       -2
340
14
 93
        0
 40
1.125
309
GRIDFORMAT_END
 95
        8
302
GRIDFORMAT
  1
GRIDFORMAT_BEGIN
 90
        0
 91
        1
 62
     0
 92
       -2
340
14
 93
        0
 40
1.125
309
GRIDFORMAT_END
 95
       16
302
GRIDFORMAT
  1
GRIDFORMAT_BEGIN
 90
        0
 91
        1
 62
     0
 92
       -2
340
14
 93
        0
 40
1.125
309
GRIDFORMAT_END
 95
       32
302
GRIDFORMAT
  1
GRIDFORMAT_BEGIN
 90
        0
 91
        1
 62
     0
 92
       -2
340
14
 93
        0
 40
1.125
309
GRIDFORMAT_END
309
TABLEFORMAT_END
  1
CELLSTYLE_BEGIN
 90
        3
 91
        2
300
_DATA
309
CELLSTYLE_END
  0
ENDSEC
  0
SECTION
  2
ACDSDATA
 70
     2
 71
     8
  0
ACDSSCHEMA
 90
        0
  1
AcDb_Thumbnail_Schema
  2
AcDbDs::ID
280
    10
 91
        8
  2
Thumbnail_Data
280
    15
 91
        0
101
ACDSRECORD
 95
        0
 90
        1
  2
AcDbDs::TreatedAsObjectData
280
     1
291
     1
101
ACDSRECORD
 95
        0
 90
        2
  2
AcDbDs::Legacy
280
     1
291
     1
101
ACDSRECORD
  1
AcDbDs::ID
 90
        3
  2
AcDs:Indexable
280
     1
291
     1
101
ACDSRECORD
  1
AcDbDs::ID
 90
        4
  2
AcDbDs::HandleAttribute
280
     7
282
     1
  0
ACDSSCHEMA
 90
        1
  1
AcDbDs::TreatedAsObjectDataSchema
  2
AcDbDs::TreatedAsObjectData
280
     1
 91
        0
  0
ACDSSCHEMA
 90
        2
  1
AcDbDs::LegacySchema
  2
AcDbDs::Legacy
280
     1
 91
        0
  0
ACDSSCHEMA
 90
        3
  1
AcDbDs::IndexedPropertySchema
  2
AcDs:Indexable
280
     1
 91
        0
  0
ACDSSCHEMA
 90
        4
  1
AcDbDs::HandleAttributeSchema
  2
AcDbDs::HandleAttribute
280
     7
 91
        1
284
     1
  0
ACDSRECORD
 90
        0
  2
AcDbDs::ID
280
    10
320
D3
  2
Thumbnail_Data
280
    15
 94
     2328
310
89504E470D0A1A0A0000000D4948445200000100000000B5080300000087DCD12600000300504C5445FFFFFFFFFFFFFFFFFF0000000000000000000000000000000000000000000000000000330000660000990000CC0000FF0033000033330033660033990033CC0033FF0066000066330066660066990066CC0066FF0099
310
000099330099660099990099CC0099FF00CC0000CC3300CC6600CC9900CCCC00CCFF00FF0000FF3300FF6600FF9900FFCC00FFFF3300003300333300663300993300CC3300FF3333003333333333663333993333CC3333FF3366003366333366663366993366CC3366FF3399003399333399663399993399CC3399FF33CC00
310
33CC3333CC6633CC9933CCCC33CCFF33FF0033FF3333FF6633FF9933FFCC33FFFF6600006600336600666600996600CC6600FF6633006633336633666633996633CC6633FF6666006666336666666666996666CC6666FF6699006699336699666699996699CC6699FF66CC0066CC3366CC6666CC9966CCCC66CCFF66FF0066
310
FF3366FF6666FF9966FFCC66FFFF9900009900339900669900999900CC9900FF9933009933339933669933999933CC9933FF9966009966339966669966999966CC9966FF9999009999339999669999999999CC9999FF99CC0099CC3399CC6699CC9999CCCC99CCFF99FF0099FF3399FF6699FF9999FFCC99FFFFCC0000CC00
310
33CC0066CC0099CC00CCCC00FFCC3300CC3333CC3366CC3399CC33CCCC33FFCC6600CC6633CC6666CC6699CC66CCCC66FFCC9900CC9933CC9966CC9999CC99CCCC99FFCCCC00CCCC33CCCC66CCCC99CCCCCCCCCCFFCCFF00CCFF33CCFF66CCFF99CCFFCCCCFFFFFF0000FF0033FF0066FF0099FF00CCFF00FFFF3300FF3333
310
FF3366FF3399FF33CCFF33FFFF6600FF6633FF6666FF6699FF66CCFF66FFFF9900FF9933FF9966FF9999FF99CCFF99FFFFCC00FFCC33FFCC66FFCC99FFCCCCFFCCFFFFFF00FFFF33FFFF66FFFF99FFFFCCFFFFFF0000000D0D0D1A1A1A2828283535354343435050505D5D5D6B6B6B787878868686939393A1A1A1AEAEAEBB
310
BBBBC9C9C9D6D6D6E4E4E4F1F1F1FFFFFF000000000000000000000000000000000000000000000000000000000000AD4AB4E4000005D34944415478DAED9D5972A4300C86553507E01ADCFF009C649EF4D6A91C62A6776CBCC896E405E45432BD8469F8907E2D18077E7FAE3DE0172E3E0C8001300006C01D88F7EF93FE24
310
0138F1E9360057D780CB0380ABBB0098061800036051C0A2804501D3000360002C0A58142874019C6D880398DFD879226800AE03000C4070D36DAE212F821B6C09CDDD4A9E92DFAB7F5309C03C0EB0C98BA0016802A0329B1105002900DAB99B01D005C017C1C6006A1118003511540620F53FCD1A0510460000DD00885998
310
36009D1E85A00F80722AAC0200451A4FEA51400D00420B005222A860FF301500F15E090B6D289D681A05907A7484DF3827800242CA00A0870B64E54F21BD180D40F36EEB4022988B038757B76DBB1280E38BFD0140430081D7EE1D6D6E3F441DC0E20C5C12230900096DC1D0A6BD6B01290BC0829AB84876E70010A8FEC0FB
310
8EA11BAC2152170631B62DC15230E344C301881F662580B13A4235A93092AAC014808462E2F8C5101E4104BE50DC02BAA4C2E9EA8F07606F418346815CF5973EA55D34A010403A11CA4902C70282BED43E0A2C290B5872FBD058033444F009207C5362000056B8CF3000B62880C7E94202008C86C3E797670EB52ADB708ED0
310
1DC0278D3DE4AD0B35A72B07D0A5251601E058400A0082208094BF68896014C01B829FC32DD48CA89105284781637EB3E49A9F2216F0292B652C00EA01A42C20BD472359800E804C16E91EF1E7A51C80230B687E5D8006002107006A008C706164F19C3B1805104800A00A00E0BE1CEA2182F1EEDD92CB6448D74C868F02F1
310
FEF5923B4A36804377AD870862B2184AB6F7EB6A8151A34010407E628CDC0D50BBBDED12050ADF8C881FA9A7380D004ABF303BDF450E808A083E6E50E1CC8DCA6D67001A03807200B93CA00A80A301A5F3649A028004809C4544017822280400945CA005801207C0D65120EAE8F5009C4BC60F00F459624C17A801100B851C
310
0DD855BBC303886EC504B03FA66C124C7101CD5418AB01506A8171A34066AA1041AF32B34386AF0552731D84C624004A2C55989073DF78EB54D8B942DB0B80FFB8D71C2185354E52DAF1AB03802A826AE793B43B7FFF5E1C409D052889601B471F188054F09A3E0A3403106819B876776600E136B8F7A9434C94D402F0C71D
310
E70390B9658405600A11CC01E0B8C03C000AE3A9A80B0801A8CE04EE2DC63300A817C14C1738E717C38820A3FCC76200DEC3EE00884B46446F182AAD24A9009A8960D19A0141232E33B633007024800B60D310C14D5AEDF058C83C2320AB6BA83847480980DFDC4AF93BB600008500AA033E7A87FC7956E1024DC260E25657
310
0E0067DF37A89F54E6ECAD86082696FA91D400914559DA02000E80D75857CA69E65A808A08325D604F208B734C002806600C0B281541661854A92D260640CEF9FB89A03600980500FB0A48CC02DEF7E1EDFAFC438BA0AC05ACBB591E87D146038A0070CC20B4C9BA7E670D05008C1705F0B3168A541448CE1F1F14C0B789B7
310
7100F8ABEBC2E022F8FE65C4AF74F300E4F7634000AF330631DD2601B83D06BEFE7D0CB8E1EBC1D851C09B9D5724DB3B00710B181DC0B707C306E0CF227E3ECD02683851320FA04C05642C207C8FC564B5C00D8E53E4EF4F6FD216202C82AC76886701F5003A46014900C766E8FFE7E20046AD056EEF4FE06A808808567484
310
B8FD8BE751D603E8DA10C16A1BF013A19B93080131119277810A0075040E92B27A6FAF9403E81905DEC5800C00C4757579D000F46E896135808C96105B6208105875B5A108A2D075816A00DDA380785BBC6C93F0BD964D53619001E09DF16025356014909B184FF08021A340711F24F041A1021AE922D8350AECDA003C1720
310
D951D402FAD502FB56D856D6C9971641F54555E31A7037026831464C85139ADD380C766B893152BFC87A01F159A3E34581B623E302D99E2017C0F47F78993753F4047F7ADBFEFA3C43040DC01900C0D55D800360B6212D82E71806A05E040DC059C7B55C004C030C8001B0286051C0A280698001300016052C0AC45DE0BD36
310
EF297F9A0518000360000C8003E0E7DA037E2F3EFE01C631DFF43637C4E30000000049454E44AE426082
  0
ACDSRECORD
 90
        0
  2
AcDbDs::ID
280
    10
320
D7
  2
Thumbnail_Data
280
    15
 94
     2328
310
89504E470D0A1A0A0000000D4948445200000100000000B5080300000087DCD12600000300504C5445FFFFFFFFFFFFFFFFFF0000000000000000000000000000000000000000000000000000330000660000990000CC0000FF0033000033330033660033990033CC0033FF0066000066330066660066990066CC0066FF0099
310
000099330099660099990099CC0099FF00CC0000CC3300CC6600CC9900CCCC00CCFF00FF0000FF3300FF6600FF9900FFCC00FFFF3300003300333300663300993300CC3300FF3333003333333333663333993333CC3333FF3366003366333366663366993366CC3366FF3399003399333399663399993399CC3399FF33CC00
310
33CC3333CC6633CC9933CCCC33CCFF33FF0033FF3333FF6633FF9933FFCC33FFFF6600006600336600666600996600CC6600FF6633006633336633666633996633CC6633FF6666006666336666666666996666CC6666FF6699006699336699666699996699CC6699FF66CC0066CC3366CC6666CC9966CCCC66CCFF66FF0066
310
FF3366FF6666FF9966FFCC66FFFF9900009900339900669900999900CC9900FF9933009933339933669933999933CC9933FF9966009966339966669966999966CC9966FF9999009999339999669999999999CC9999FF99CC0099CC3399CC6699CC9999CCCC99CCFF99FF0099FF3399FF6699FF9999FFCC99FFFFCC0000CC00
310
33CC0066CC0099CC00CCCC00FFCC3300CC3333CC3366CC3399CC33CCCC33FFCC6600CC6633CC6666CC6699CC66CCCC66FFCC9900CC9933CC9966CC9999CC99CCCC99FFCCCC00CCCC33CCCC66CCCC99CCCCCCCCCCFFCCFF00CCFF33CCFF66CCFF99CCFFCCCCFFFFFF0000FF0033FF0066FF0099FF00CCFF00FFFF3300FF3333
310
FF3366FF3399FF33CCFF33FFFF6600FF6633FF6666FF6699FF66CCFF66FFFF9900FF9933FF9966FF9999FF99CCFF99FFFFCC00FFCC33FFCC66FFCC99FFCCCCFFCCFFFFFF00FFFF33FFFF66FFFF99FFFFCCFFFFFF0000000D0D0D1A1A1A2828283535354343435050505D5D5D6B6B6B787878868686939393A1A1A1AEAEAEBB
310
BBBBC9C9C9D6D6D6E4E4E4F1F1F1FFFFFF000000000000000000000000000000000000000000000000000000000000AD4AB4E4000005D34944415478DAED9D5972A4300C86553507E01ADCFF009C649EF4D6A91C62A6776CBCC896E405E45432BD8469F8907E2D18077E7FAE3DE0172E3E0C8001300006C01D88F7EF93FE24
310
0138F1E9360057D780CB0380ABBB0098061800036051C0A2804501D3000360002C0A58142874019C6D880398DFD879226800AE03000C4070D36DAE212F821B6C09CDDD4A9E92DFAB7F5309C03C0EB0C98BA0016802A0329B1105002900DAB99B01D005C017C1C6006A1118003511540620F53FCD1A0510460000DD00885998
310
36009D1E85A00F80722AAC0200451A4FEA51400D00420B005222A860FF301500F15E090B6D289D681A05907A7484DF3827800242CA00A0870B64E54F21BD180D40F36EEB4022988B038757B76DBB1280E38BFD0140430081D7EE1D6D6E3F441DC0E20C5C12230900096DC1D0A6BD6B01290BC0829AB84876E70010A8FEC0FB
310
8EA11BAC2152170631B62DC15230E344C301881F662580B13A4235A93092AAC014808462E2F8C5101E4104BE50DC02BAA4C2E9EA8F07606F418346815CF5973EA55D34A010403A11CA4902C70282BED43E0A2C290B5872FBD058033444F009207C5362000056B8CF3000B62880C7E94202008C86C3E797670EB52ADB708ED0
310
1DC0278D3DE4AD0B35A72B07D0A5251601E058400A0082208094BF68896014C01B829FC32DD48CA89105284781637EB3E49A9F2216F0292B652C00EA01A42C20BD472359800E804C16E91EF1E7A51C80230B687E5D8006002107006A008C706164F19C3B1805104800A00A00E0BE1CEA2182F1EEDD92CB6448D74C868F02F1
310
FEF5923B4A36804377AD870862B2184AB6F7EB6A8151A34010407E628CDC0D50BBBDED12050ADF8C881FA9A7380D004ABF303BDF450E808A083E6E50E1CC8DCA6D67001A03807200B93CA00A80A301A5F3649A028004809C4544017822280400945CA005801207C0D65120EAE8F5009C4BC60F00F459624C17A801100B851C
310
0DD855BBC303886EC504B03FA66C124C7101CD5418AB01506A8171A34066AA1041AF32B34386AF0552731D84C624004A2C55989073DF78EB54D8B942DB0B80FFB8D71C2185354E52DAF1AB03802A826AE793B43B7FFF5E1C409D052889601B471F188054F09A3E0A3403106819B876776600E136B8F7A9434C94D402F0C71D
310
E70390B9658405600A11CC01E0B8C03C000AE3A9A80B0801A8CE04EE2DC63300A817C14C1738E717C38820A3FCC76200DEC3EE00884B46446F182AAD24A9009A8960D19A0141232E33B633007024800B60D310C14D5AEDF058C83C2320AB6BA83847480980DFDC4AF93BB600008500AA033E7A87FC7956E1024DC260E25657
310
0E0067DF37A89F54E6ECAD86082696FA91D400914559DA02000E80D75857CA69E65A808A08325D604F208B734C002806600C0B281541661854A92D260640CEF9FB89A03600980500FB0A48CC02DEF7E1EDFAFC438BA0AC05ACBB591E87D146038A0070CC20B4C9BA7E670D05008C1705F0B3168A541448CE1F1F14C0B789B7
310
7100F8ABEBC2E022F8FE65C4AF74F300E4F7634000AF330631DD2601B83D06BEFE7D0CB8E1EBC1D851C09B9D5724DB3B00710B181DC0B707C306E0CF227E3ECD02683851320FA04C05642C207C8FC564B5C00D8E53E4EF4F6FD216202C82AC76886701F5003A46014900C766E8FFE7E20046AD056EEF4FE06A808808567484
310
B8FD8BE751D603E8DA10C16A1BF013A19B93080131119277810A0075040E92B27A6FAF9403E81905DEC5800C00C4757579D000F46E896135808C96105B6208105875B5A108A2D075816A00DDA380785BBC6C93F0BD964D53619001E09DF16025356014909B184FF08021A340711F24F041A1021AE922D8350AECDA003C1720
310
D951D402FAD502FB56D856D6C9971641F54555E31A7037026831464C85139ADD380C766B893152BFC87A01F159A3E34581B623E302D99E2017C0F47F78993753F4047F7ADBFEFA3C43040DC01900C0D55D800360B6212D82E71806A05E040DC059C7B55C004C030C8001B0286051C0A280698001300016052C0AC45DE0BD36
310
EF297F9A0518000360000C8003E0E7DA037E2F3EFE01C631DFF43637C4E30000000049454E44AE426082
  0
ACDSRECORD
 90
        0
  2
AcDbDs::ID
280
    10
320
22
  2
Thumbnail_Data
280
    15
 94
     1914
310
89504E470D0A1A0A0000000D49484452000001000000006408030000005EBE1EAC00000300504C5445212830FFFFFF2128300000000000000000000000000000000000000000000000000000330000660000990000CC0000FF0033000033330033660033990033CC0033FF0066000066330066660066990066CC0066FF0099
310
000099330099660099990099CC0099FF00CC0000CC3300CC6600CC9900CCCC00CCFF00FF0000FF3300FF6600FF9900FFCC00FFFF3300003300333300663300993300CC3300FF3333003333333333663333993333CC3333FF3366003366333366663366993366CC3366FF3399003399333399663399993399CC3399FF33CC00
310
33CC3333CC6633CC9933CCCC33CCFF33FF0033FF3333FF6633FF9933FFCC33FFFF6600006600336600666600996600CC6600FF6633006633336633666633996633CC6633FF6666006666336666666666996666CC6666FF6699006699336699666699996699CC6699FF66CC0066CC3366CC6666CC9966CCCC66CCFF66FF0066
310
FF3366FF6666FF9966FFCC66FFFF9900009900339900669900999900CC9900FF9933009933339933669933999933CC9933FF9966009966339966669966999966CC9966FF9999009999339999669999999999CC9999FF99CC0099CC3399CC6699CC9999CCCC99CCFF99FF0099FF3399FF6699FF9999FFCC99FFFFCC0000CC00
310
33CC0066CC0099CC00CCCC00FFCC3300CC3333CC3366CC3399CC33CCCC33FFCC6600CC6633CC6666CC6699CC66CCCC66FFCC9900CC9933CC9966CC9999CC99CCCC99FFCCCC00CCCC33CCCC66CCCC99CCCCCCCCCCFFCCFF00CCFF33CCFF66CCFF99CCFFCCCCFFFFFF0000FF0033FF0066FF0099FF00CCFF00FFFF3300FF3333
310
FF3366FF3399FF33CCFF33FFFF6600FF6633FF6666FF6699FF66CCFF66FFFF9900FF9933FF9966FF9999FF99CCFF99FFFFCC00FFCC33FFCC66FFCC99FFCCCCFFCCFFFFFF00FFFF33FFFF66FFFF99FFFFCCFFFFFF0000000D0D0D1A1A1A2828283535354343435050505D5D5D6B6B6B787878868686939393A1A1A1AEAEAEBB
310
BBBBC9C9C9D6D6D6E4E4E4F1F1F1FFFFFF0000000000000000000000000000000000000000000000000000000000002E4550F1000003904944415478DAED9B4D9EB3200C8771E600BD86F73F00277957EFCE4597D94F5B3F008918BE02DAFC67313F6C51784C428856298AF4EB0FB00F1E4A6B0D8EDCCF01D3FE2C00A75F03
310
9522788DBB886A02001A80B9F5DFA81700AFE3C83D2D02C0EEB102F8B7AA2F00871D1F94415E1FC0B1871600E0BA4097000231AA940540A7001E9BE0818B30C8D9C2E7396E06EF3717004B08ECC502CCCD87540B20AF68BB55E0E90C10172780CF7F202B7524CF4DBB01A2C366054076E62C006F8DC800074CCC0014D40670
310
7C0A3D7460013106908260EBF9F44FD10040196B4EBFFF7B0046EF36830B300220D8929E27CE098030BC620086DF5558A883361670BE51AD01009300302EF099F97702E82013640760C7002C1631EF058A0278DD3C17C030A0F1CF01B07AC1E20A7702404AA900B9FC4D00101D65EDA37F740F00B2128177A155452615B7B2
310
0005090086CDFDDFC1A083185033FB850000750B00E710BA0640B45BA40E68D5C143C5C2E038EA00D035001CB62026DC1DC78094D5E4202AAB1A2E00C795951400DB6EA082055405B04BE083B5AF0080BAA9705500FEB5E201A0619203404EC263005853D5692E0003F23516002A1F8073D7745A1004C50300796C9B5DFBF2
310
6340825F991E3F9A1980CAB58045E3386604162E0BA8E1023681156B420C98EBC25B1E305C27081A002A03804904792DA05C22443E690080A90CB35940050067DBE06300C35D00A844009C41B0E2A3316BFB672F8D370480771D47736E144047CB60EEF3FE2300DBA9B1271E3DED05C0B2D982AB0084430B445CA03A8099B3
310
2A04C0DEC91E5B566700ECE1EA5C008901BF2180F9D5281519B1EE0360B9FD89002C4D96AC369823BD02B085446C328090054CA4DC01AD9DB365824917841D002FE82D07A6046FE2B180C2008816706A8B2D00E42E8393BFB15EE632C5036072812DDBEA02400317280D40F9D5E0BE01947601E45C4B66D5A90BE4ED0368CB
310
201D402B0B801C1B003C11B23221341152BD014826503015765E28600490B317C4E63B8EFBF64804D02A064059003006DB3DC680820F46F065900C00FD55EA559F0B44776BB819AAA9280B68B71D2E365F6FFB4CDF4F83494D2F04009CB9BA45844051A12317702AD7D9CEECDF40BCCA48BF153C16A003CA0B82118FC65AC6
310
00550D40EE2AC057134C7C1FB1248076DBE1AC558EF8D3F9DDD1EFC903BE3E114A8402755C20241D6C7AED984FB33A977B57F8B25222914824128944229148241289442291482412894422D1477FC84C5956635FDD9B0000000049454E44AE42608290B601683EB8F48B016700D61F1BD22FA913B19208517E2A1DEA800545
310
691865DC04962256A756AFCF5EF3E793A53F283C570302235A009524C776147897728F7482B70770813028AC8B2A6C4D016024E81AAA1D5D5D8E02A0DAA70BECA1FD8B42D7B9ED98B11816FACA57BEF295AF7CA55FFE025148CB287115A44D0000000049454E44AE42608221D450F9F70200FE035A6E592153E73585000000
310
0049454E44AE426082
  0
ENDSEC
  0
EOF
