  0
SECTION
  2
HEADER
  9
$ACADVER
  1
AC1032
  9
$ACADMAINTVER
 90
      329
  9
$DWGCODEPAGE
  3
ANSI_1252
  9
$LASTSAVEDBY
  1
lilip
  9
$REQUIREDVERSIONS
160
                 0
  9
$INSBASE
 10
0.0
 20
0.0
 30
0.0
  9
$EXTMIN
 10
2759.956546524773
 20
1858.404127743705
 30
0.0
  9
$EXTMAX
 10
2878.856546854175
 20
1942.504129378438
 30
0.0
  9
$LIMMIN
 10
0.0
 20
0.0
  9
$LIMMAX
 10
420.0
 20
297.0
  9
$ORTHOMODE
 70
     1
  9
$REGENMODE
 70
     1
  9
$FILLMODE
 70
     1
  9
$QTEXTMODE
 70
     0
  9
$MIRRTEXT
 70
     0
  9
$LTSCALE
 40
1.0
  9
$ATTMODE
 70
     1
  9
$TEXTSIZE
 40
2.5
  9
$TRACEWID
 40
1.0
  9
$TEXTSTYLE
  7
Standard
  9
$CLAYER
  8
0
  9
$CELTYPE
  6
ByLayer
  9
$CECOLOR
 62
   256
  9
$CELTSCALE
 40
1.0
  9
$DISPSILH
 70
     0
  9
$DIMSCALE
 40
1.0
  9
$DIMASZ
 40
2.5
  9
$DIMEXO
 40
0.625
  9
$DIMDLI
 40
3.75
  9
$DIMRND
 40
0.0
  9
$DIMDLE
 40
0.0
  9
$DIMEXE
 40
1.25
  9
$DIMTP
 40
0.0
  9
$DIMTM
 40
0.0
  9
$DIMTXT
 40
2.5
  9
$DIMCEN
 40
2.5
  9
$DIMTSZ
 40
0.0
  9
$DIMTOL
 70
     0
  9
$DIMLIM
 70
     0
  9
$DIMTIH
 70
     0
  9
$DIMTOH
 70
     0
  9
$DIMSE1
 70
     0
  9
$DIMSE2
 70
     0
  9
$DIMTAD
 70
     1
  9
$DIMZIN
 70
     8
  9
$DIMBLK
  1

  9
$DIMASO
 70
     1
  9
$DIMSHO
 70
     1
  9
$DIMPOST
  1

  9
$DIMAPOST
  1

  9
$DIMALT
 70
     0
  9
$DIMALTD
 70
     3
  9
$DIMALTF
 40
0.03937007874016
  9
$DIMLFAC
 40
1.0
  9
$DIMTOFL
 70
     1
  9
$DIMTVP
 40
0.0
  9
$DIMTIX
 70
     0
  9
$DIMSOXD
 70
     0
  9
$DIMSAH
 70
     0
  9
$DIMBLK1
  1

  9
$DIMBLK2
  1

  9
$DIMSTYLE
  2
ISO-25
  9
$DIMCLRD
 70
     0
  9
$DIMCLRE
 70
     0
  9
$DIMCLRT
 70
     0
  9
$DIMTFAC
 40
1.0
  9
$DIMGAP
 40
0.625
  9
$DIMJUST
 70
     0
  9
$DIMSD1
 70
     0
  9
$DIMSD2
 70
     0
  9
$DIMTOLJ
 70
     0
  9
$DIMTZIN
 70
     8
  9
$DIMALTZ
 70
     0
  9
$DIMALTTZ
 70
     0
  9
$DIMUPT
 70
     0
  9
$DIMDEC
 70
     2
  9
$DIMTDEC
 70
     2
  9
$DIMALTU
 70
     2
  9
$DIMALTTD
 70
     3
  9
$DIMTXSTY
  7
Standard
  9
$DIMAUNIT
 70
     0
  9
$DIMADEC
 70
     0
  9
$DIMALTRND
 40
0.0
  9
$DIMAZIN
 70
     0
  9
$DIMDSEP
 70
    44
  9
$DIMATFIT
 70
     3
  9
$DIMFRAC
 70
     0
  9
$DIMLDRBLK
  1

  9
$DIMLUNIT
 70
     2
  9
$DIMLWD
 70
    -2
  9
$DIMLWE
 70
    -2
  9
$DIMTMOVE
 70
     0
  9
$DIMFXL
 40
1.25
  9
$DIMFXLON
 70
     0
  9
$DIMJOGANG
 40
1.570796326794896
  9
$DIMTFILL
 70
     0
  9
$DIMTFILLCLR
 70
     0
  9
$DIMARCSYM
 70
     0
  9
$DIMLTYPE
  6
ByLayer
  9
$DIMLTEX1
  6
ByLayer
  9
$DIMLTEX2
  6
ByLayer
  9
$DIMTXTDIRECTION
 70
     0
  9
$LUNITS
 70
     2
  9
$LUPREC
 70
     4
  9
$SKETCHINC
 40
1.0
  9
$FILLETRAD
 40
0.0
  9
$AUNITS
 70
     0
  9
$AUPREC
 70
     0
  9
$MENU
  1
.
  9
$ELEVATION
 40
0.0
  9
$PELEVATION
 40
0.0
  9
$THICKNESS
 40
0.0
  9
$LIMCHECK
 70
     0
  9
$CHAMFERA
 40
0.0
  9
$CHAMFERB
 40
0.0
  9
$CHAMFERC
 40
0.0
  9
$CHAMFERD
 40
0.0
  9
$SKPOLY
 70
     0
  9
$TDCREATE
 40
2458782.640347223
  9
$TDUCREATE
 40
2458782.765354548
  9
$TDUPDATE
 40
2461242.687361111
  9
$TDUUPDATE
 40
2461242.812361111
  9
$TDINDWG
 40
4.8210748843
  9
$TDUSRTIMER
 40
4.8210748495
  9
$USRTIMER
 70
     1
  9
$ANGBASE
 50
0.0
  9
$ANGDIR
 70
     0
  9
$PDMODE
 70
     0
  9
$PDSIZE
 40
0.0
  9
$PLINEWID
 40
0.0
  9
$SPLFRAME
 70
     0
  9
$SPLINETYPE
 70
     6
  9
$SPLINESEGS
 70
     8
  9
$HANDSEED
  5
308A
  9
$SURFTAB1
 70
     6
  9
$SURFTAB2
 70
     6
  9
$SURFTYPE
 70
     6
  9
$SURFU
 70
     6
  9
$SURFV
 70
     6
  9
$UCSBASE
  2

  9
$UCSNAME
  2

  9
$UCSORG
 10
0.0
 20
0.0
 30
0.0
  9
$UCSXDIR
 10
1.0
 20
0.0
 30
0.0
  9
$UCSYDIR
 10
0.0
 20
1.0
 30
0.0
  9
$UCSORTHOREF
  2

  9
$UCSORTHOVIEW
 70
     0
  9
$UCSORGTOP
 10
0.0
 20
0.0
 30
0.0
  9
$UCSORGBOTTOM
 10
0.0
 20
0.0
 30
0.0
  9
$UCSORGLEFT
 10
0.0
 20
0.0
 30
0.0
  9
$UCSORGRIGHT
 10
0.0
 20
0.0
 30
0.0
  9
$UCSORGFRONT
 10
0.0
 20
0.0
 30
0.0
  9
$UCSORGBACK
 10
0.0
 20
0.0
 30
0.0
  9
$PUCSBASE
  2

  9
$PUCSNAME
  2

  9
$PUCSORG
 10
0.0
 20
0.0
 30
0.0
  9
$PUCSXDIR
 10
1.0
 20
0.0
 30
0.0
  9
$PUCSYDIR
 10
0.0
 20
1.0
 30
0.0
  9
$PUCSORTHOREF
  2

  9
$PUCSORTHOVIEW
 70
     0
  9
$PUCSORGTOP
 10
0.0
 20
0.0
 30
0.0
  9
$PUCSORGBOTTOM
 10
0.0
 20
0.0
 30
0.0
  9
$PUCSORGLEFT
 10
0.0
 20
0.0
 30
0.0
  9
$PUCSORGRIGHT
 10
0.0
 20
0.0
 30
0.0
  9
$PUCSORGFRONT
 10
0.0
 20
0.0
 30
0.0
  9
$PUCSORGBACK
 10
0.0
 20
0.0
 30
0.0
  9
$USERI1
 70
     0
  9
$USERI2
 70
     0
  9
$USERI3
 70
     0
  9
$USERI4
 70
     0
  9
$USERI5
 70
     0
  9
$USERR1
 40
0.0
  9
$USERR2
 40
0.0
  9
$USERR3
 40
0.0
  9
$USERR4
 40
0.0
  9
$USERR5
 40
0.0
  9
$WORLDVIEW
 70
     1
  9
$SHADEDGE
 70
     3
  9
$SHADEDIF
 70
    70
  9
$TILEMODE
 70
     1
  9
$MAXACTVP
 70
    64
  9
$PINSBASE
 10
0.0
 20
0.0
 30
0.0
  9
$PLIMCHECK
 70
     0
  9
$PEXTMIN
 10
0.0
 20
0.0
 30
0.0
  9
$PEXTMAX
 10
0.0
 20
0.0
 30
0.0
  9
$PLIMMIN
 10
0.0
 20
0.0
  9
$PLIMMAX
 10
12.0
 20
9.0
  9
$UNITMODE
 70
     0
  9
$VISRETAIN
 70
     1
  9
$PLINEGEN
 70
     0
  9
$PSLTSCALE
 70
     1
  9
$TREEDEPTH
 70
  3020
  9
$CMLSTYLE
  2
Standard
  9
$CMLJUST
 70
     0
  9
$CMLSCALE
 40
20.0
  9
$PROXYGRAPHICS
 70
     1
  9
$MEASUREMENT
 70
     1
  9
$CELWEIGHT
370
    -1
  9
$ENDCAPS
280
     0
  9
$JOINSTYLE
280
     0
  9
$LWDISPLAY
290
     0
  9
$INSUNITS
 70
     4
  9
$HYPERLINKBASE
  1

  9
$STYLESHEET
  1

  9
$XEDIT
290
     1
  9
$CEPSNTYPE
380
     0
  9
$PSTYLEMODE
290
     1
  9
$FINGERPRINTGUID
  2
{BB0A7C90-62DE-44DD-9393-E03A16B760D8}
  9
$VERSIONGUID
  2
{D77C02CB-6676-5246-BCA8-579903D17904}
  9
$EXTNAMES
290
     1
  9
$PSVPSCALE
 40
0.0
  9
$OLESTARTUP
290
     0
  9
$SORTENTS
280
   127
  9
$INDEXCTL
280
     0
  9
$HIDETEXT
280
     1
  9
$XCLIPFRAME
280
     2
  9
$HALOGAP
280
     0
  9
$OBSCOLOR
 70
   257
  9
$OBSLTYPE
280
     0
  9
$INTERSECTIONDISPLAY
280
     0
  9
$INTERSECTIONCOLOR
 70
   257
  9
$DIMASSOC
280
     2
  9
$PROJECTNAME
  1

  9
$CAMERADISPLAY
290
     0
  9
$LENSLENGTH
 40
50.0
  9
$CAMERAHEIGHT
 40
0.0
  9
$STEPSPERSEC
 40
2.0
  9
$STEPSIZE
 40
6.0
  9
$3DDWFPREC
 40
2.0
  9
$PSOLWIDTH
 40
5.0
  9
$PSOLHEIGHT
 40
80.0
  9
$LOFTANG1
 40
1.570796326794896
  9
$LOFTANG2
 40
1.570796326794896
  9
$LOFTMAG1
 40
0.0
  9
$LOFTMAG2
 40
0.0
  9
$LOFTPARAM
 70
     7
  9
$LOFTNORMALS
280
     1
  9
$LATITUDE
 40
37.795
  9
$LONGITUDE
 40
-122.394
  9
$NORTHDIRECTION
 40
0.0
  9
$TIMEZONE
 70
 -8000
  9
$LIGHTGLYPHDISPLAY
280
     1
  9
$TILEMODELIGHTSYNCH
280
     1
  9
$CMATERIAL
347
EC
  9
$SOLIDHIST
280
     0
  9
$SHOWHIST
280
     1
  9
$DWFFRAME
280
     2
  9
$DGNFRAME
280
     0
  9
$REALWORLDSCALE
290
     1
  9
$INTERFERECOLOR
 62
     1
  9
$INTERFEREOBJVS
345
F9
  9
$INTERFEREVPVS
346
F6
  9
$CSHADOW
280
     0
  9
$SHADOWPLANELOCATION
 40
0.0
  0
ENDSEC
  0
SECTION
  2
CLASSES
  0
CLASS
  1
ACDBDICTIONARYWDFLT
  2
AcDbDictionaryWithDefault
  3
ObjectDBX Classes
 90
        0
 91
        1
280
     0
281
     0
  0
CLASS
  1
DICTIONARYVAR
  2
AcDbDictionaryVar
  3
ObjectDBX Classes
 90
        0
 91
       11
280
     0
281
     0
  0
CLASS
  1
TABLESTYLE
  2
AcDbTableStyle
  3
ObjectDBX Classes
 90
     4095
 91
        1
280
     0
281
     0
  0
CLASS
  1
MATERIAL
  2
AcDbMaterial
  3
ObjectDBX Classes
 90
     1153
 91
        3
280
     0
281
     0
  0
CLASS
  1
VISUALSTYLE
  2
AcDbVisualStyle
  3
ObjectDBX Classes
 90
     4095
 91
       25
280
     0
281
     0
  0
CLASS
  1
SCALE
  2
AcDbScale
  3
ObjectDBX Classes
 90
     1153
 91
       17
280
     0
281
     0
  0
CLASS
  1
MLEADERSTYLE
  2
AcDbMLeaderStyle
  3
ACDB_MLEADERSTYLE_CLASS
 90
     4095
 91
        2
280
     0
281
     0
  0
CLASS
  1
CELLSTYLEMAP
  2
AcDbCellStyleMap
  3
ObjectDBX Classes
 90
     1152
 91
        2
280
     0
281
     0
  0
CLASS
  1
EXACXREFPANELOBJECT
  2
ExAcXREFPanelObject
  3
EXAC_ESW
 90
     1025
 91
        0
280
     0
281
     0
  0
CLASS
  1
NPOCOLLECTION
  2
AcDbImpNonPersistentObjectsCollection
  3
ObjectDBX Classes
 90
     1153
 91
        0
280
     0
281
     0
  0
CLASS
  1
LAYER_INDEX
  2
AcDbLayerIndex
  3
ObjectDBX Classes
 90
        0
 91
        0
280
     0
281
     0
  0
CLASS
  1
SPATIAL_INDEX
  2
AcDbSpatialIndex
  3
ObjectDBX Classes
 90
        0
 91
        0
280
     0
281
     0
  0
CLASS
  1
IDBUFFER
  2
AcDbIdBuffer
  3
ObjectDBX Classes
 90
        0
 91
        0
280
     0
281
     0
  0
CLASS
  1
ACDBSECTIONVIEWSTYLE
  2
AcDbSectionViewStyle
  3
ObjectDBX Classes
 90
     1025
 91
        1
280
     0
281
     0
  0
CLASS
  1
ACDBDETAILVIEWSTYLE
  2
AcDbDetailViewStyle
  3
ObjectDBX Classes
 90
     1025
 91
        1
280
     0
281
     0
  0
CLASS
  1
SORTENTSTABLE
  2
AcDbSortentsTable
  3
ObjectDBX Classes
 90
        0
 91
        1
280
     0
281
     0
  0
ENDSEC
  0
SECTION
  2
TABLES
  0
TABLE
  2
VPORT
  5
8
102
{ACAD_XDICTIONARY
360
F96
102
}
330
0
100
AcDbSymbolTable
 70
     1
  0
VPORT
  5
EA
330
8
100
AcDbSymbolTableRecord
100
AcDbViewportTableRecord
  2
*Active
 70
     0
 10
0.0
 20
0.0
 11
1.0
 21
1.0
 12
2856.496004584489
 22
1863.26538393174
 13
0.0
 23
0.0
 14
10.0
 24
10.0
 15
10.0
 25
10.0
 16
0.0
 26
0.0
 36
1.0
 17
0.0
 27
0.0
 37
0.0
 40
82.23617391833329
 41
2.555259653794939
 42
50.0
 43
0.0
 44
0.0
 50
0.0
 51
0.0
 71
     0
 72
  1000
 73
     1
 74
     3
 75
     0
 76
     0
 77
     0
 78
     0
281
     0
 65
     1
110
0.0
120
0.0
130
0.0
111
1.0
121
0.0
131
0.0
112
0.0
122
1.0
132
0.0
 79
     0
146
0.0
348
F5
 60
     3
 61
     5
292
     1
282
     1
141
0.0
142
0.0
 63
   250
421
  3355443
1001
ACAD_NAV_VCDISPLAY
1070
     3
  0
ENDTAB
  0
TABLE
  2
LTYPE
  5
5
330
0
100
AcDbSymbolTable
 70
     3
  0
LTYPE
  5
14
330
5
100
AcDbSymbolTableRecord
100
AcDbLinetypeTableRecord
  2
ByBlock
 70
     0
  3

 72
    65
 73
     0
 40
0.0
  0
LTYPE
  5
15
330
5
100
AcDbSymbolTableRecord
100
AcDbLinetypeTableRecord
  2
ByLayer
 70
     0
  3

 72
    65
 73
     0
 40
0.0
  0
LTYPE
  5
16
330
5
100
AcDbSymbolTableRecord
100
AcDbLinetypeTableRecord
  2
Continuous
 70
     0
  3
Solid line
 72
    65
 73
     0
 40
0.0
  0
LTYPE
  5
278
330
5
100
AcDbSymbolTableRecord
100
AcDbLinetypeTableRecord
  2
ACAD_ISO02W100
 70
     0
  3
ISO dash __ __ __ __ __ __ __ __ __ __ __ __ __
 72
    65
 73
     2
 40
15.0
 49
12.0
 74
     0
 49
-3.0
 74
     0
  0
LTYPE
  5
52B
330
5
100
AcDbSymbolTableRecord
100
AcDbLinetypeTableRecord
  2
HIDDEN2
 70
     0
  3
Hidden (.5x) _ _ _ _ _ _ _ _ _ _ _ _ _ _ _ _ _
 72
    65
 73
     2
 40
4.762499999999999
 49
3.174999999999999
 74
     0
 49
-1.587499999999999
 74
     0
  0
ENDTAB
  0
TABLE
  2
LAYER
  5
2
102
{ACAD_XDICTIONARY
360
1FF
102
}
330
0
100
AcDbSymbolTable
 70
     4
  0
LAYER
  5
10
102
{ACAD_XDICTIONARY
360
13C
102
}
330
2
100
AcDbSymbolTableRecord
100
AcDbLayerTableRecord
  2
0
 70
     0
 62
     7
  6
Continuous
370
    -3
390
F
347
EE
348
0
  0
LAYER
  5
279
102
{ACAD_XDICTIONARY
360
27A
102
}
330
2
100
AcDbSymbolTableRecord
100
AcDbLayerTableRecord
  2
ARQ-FOLHA
 70
     0
 62
     7
  6
Continuous
370
    -3
390
F
347
EE
348
0
1001
AcAecLayerStandard
1000

1000

  0
LAYER
  5
27B
102
{ACAD_XDICTIONARY
360
27C
102
}
330
2
100
AcDbSymbolTableRecord
100
AcDbLayerTableRecord
  2
PLANTA_BAIXA
 70
     0
 62
     6
  6
Continuous
370
    -3
390
F
347
EE
348
0
  0
LAYER
  5
465
102
{ACAD_XDICTIONARY
360
466
102
}
330
2
100
AcDbSymbolTableRecord
100
AcDbLayerTableRecord
  2
ARQ-COTAS
 70
     0
 62
    30
  6
Continuous
370
    -3
390
F
347
EE
348
0
  0
ENDTAB
  0
TABLE
  2
STYLE
  5
3
330
0
100
AcDbSymbolTable
 70
     4
  0
STYLE
  5
11
330
3
100
AcDbSymbolTableRecord
100
AcDbTextStyleTableRecord
  2
Standard
 70
     0
 40
0.0
 41
1.0
 50
0.0
 71
     0
 42
2.5
  3
arial.ttf
  4

1001
ACAD
1000
Arial
1071
       34
  0
STYLE
  5
132
330
3
100
AcDbSymbolTableRecord
100
AcDbTextStyleTableRecord
  2
Annotative
 70
     0
 40
0.0
 41
1.0
 50
0.0
 71
     0
 42
2.5
  3
arial.ttf
  4

1001
AcadAnnotative
1000
AnnotativeData
1002
{
1070
     1
1070
     1
1002
}
1001
ACAD
1000
Arial
1071
       34
  0
STYLE
  5
27D
330
3
100
AcDbSymbolTableRecord
100
AcDbTextStyleTableRecord
  2
ROMANS
 70
     0
 40
0.0
 41
1.0
 50
0.0
 71
     0
 42
0.2
  3
romans.shx
  4

  0
STYLE
  5
27E
330
3
100
AcDbSymbolTableRecord
100
AcDbTextStyleTableRecord
  2
arial
 70
     0
 40
0.0
 41
1.0
 50
0.0
 71
     0
 42
0.001
  3
arial.ttf
  4

1001
ACAD
1000
Arial
1071
       34
  0
ENDTAB
  0
TABLE
  2
VIEW
  5
6
330
0
100
AcDbSymbolTable
 70
     0
  0
ENDTAB
  0
TABLE
  2
UCS
  5
7
330
0
100
AcDbSymbolTable
 70
     0
  0
ENDTAB
  0
TABLE
  2
APPID
  5
9
330
0
100
AcDbSymbolTable
 70
    20
  0
APPID
  5
12
330
9
100
AcDbSymbolTableRecord
100
AcDbRegAppTableRecord
  2
ACAD
 70
     0
  0
APPID
  5
9E
330
9
100
AcDbSymbolTableRecord
100
AcDbRegAppTableRecord
  2
ACAD_PSEXT
 70
     0
  0
APPID
  5
133
330
9
100
AcDbSymbolTableRecord
100
AcDbRegAppTableRecord
  2
AcadAnnoPO
 70
     0
  0
APPID
  5
134
330
9
100
AcDbSymbolTableRecord
100
AcDbRegAppTableRecord
  2
AcadAnnotative
 70
     0
  0
APPID
  5
135
330
9
100
AcDbSymbolTableRecord
100
AcDbRegAppTableRecord
  2
ACAD_DSTYLE_DIMJAG
 70
     0
  0
APPID
  5
136
330
9
100
AcDbSymbolTableRecord
100
AcDbRegAppTableRecord
  2
ACAD_DSTYLE_DIMTALN
 70
     0
  0
APPID
  5
165
330
9
100
AcDbSymbolTableRecord
100
AcDbRegAppTableRecord
  2
ACAD_MLEADERVER
 70
     0
  0
APPID
  5
217
330
9
100
AcDbSymbolTableRecord
100
AcDbRegAppTableRecord
  2
ACAD_NAV_VCDISPLAY
 70
     0
  0
APPID
  5
283
330
9
100
AcDbSymbolTableRecord
100
AcDbRegAppTableRecord
  2
ACAD_DSTYLE_DIMJOGGED_JOGANGLE_SYMBOL
 70
     0
  0
APPID
  5
284
330
9
100
AcDbSymbolTableRecord
100
AcDbRegAppTableRecord
  2
AcAecLayerStandard
 70
     0
  0
APPID
  5
285
330
9
100
AcDbSymbolTableRecord
100
AcDbRegAppTableRecord
  2
AcLayerTools
 70
     0
  0
APPID
  5
286
330
9
100
AcDbSymbolTableRecord
100
AcDbRegAppTableRecord
  2
AcDbBlockRepETag
 70
     0
  0
APPID
  5
287
330
9
100
AcDbSymbolTableRecord
100
AcDbRegAppTableRecord
  2
AcDbDynamicBlockGUID
 70
     0
  0
APPID
  5
288
330
9
100
AcDbSymbolTableRecord
100
AcDbRegAppTableRecord
  2
GradientColor1ACI
 70
     0
  0
APPID
  5
289
330
9
100
AcDbSymbolTableRecord
100
AcDbRegAppTableRecord
  2
GradientColor2ACI
 70
     0
  0
APPID
  5
4AE
330
9
100
AcDbSymbolTableRecord
100
AcDbRegAppTableRecord
  2
ACAD_EXEMPT_FROM_CAD_STANDARDS
 70
     0
  0
APPID
  5
FCF
330
9
100
AcDbSymbolTableRecord
100
AcDbRegAppTableRecord
  2
ACAD_DSTYLE_DIMEXT_LENGTH
 70
     0
  0
APPID
  5
FD0
330
9
100
AcDbSymbolTableRecord
100
AcDbRegAppTableRecord
  2
ACAD_DSTYLE_DIM_LINETYPE
 70
     0
  0
APPID
  5
FD1
330
9
100
AcDbSymbolTableRecord
100
AcDbRegAppTableRecord
  2
ACAD_DSTYLE_DIM_EXT1_LINETYPE
 70
     0
  0
APPID
  5
FD2
330
9
100
AcDbSymbolTableRecord
100
AcDbRegAppTableRecord
  2
ACAD_DSTYLE_DIM_EXT2_LINETYPE
 70
     0
  0
ENDTAB
  0
TABLE
  2
DIMSTYLE
  5
A
330
0
100
AcDbSymbolTable
 70
     7
100
AcDbDimStyleTable
 71
     2
340
27
340
137
  0
DIMSTYLE
105
1B0
330
A
100
AcDbSymbolTableRecord
100
AcDbDimStyleTableRecord
  2
Standard
 70
     0
340
11
  0
DIMSTYLE
105
137
330
A
100
AcDbSymbolTableRecord
100
AcDbDimStyleTableRecord
  2
Annotative
 70
     0
 40
0.0
 41
2.5
 42
0.625
 43
3.75
 44
1.25
 73
     0
 74
     0
 77
     1
 78
     8
140
2.5
141
2.5
143
0.03937007874016
147
0.625
171
     3
172
     1
271
     2
272
     2
274
     3
278
    44
283
     0
284
     8
340
11
1001
AcadAnnotative
1000
AnnotativeData
1002
{
1070
     1
1070
     1
1002
}
1001
ACAD_DSTYLE_DIMJAG
1070
   388
1040
1.5
1001
ACAD_DSTYLE_DIMTALN
1070
   392
1070
     0
  0
DIMSTYLE
105
27
330
A
100
AcDbSymbolTableRecord
100
AcDbDimStyleTableRecord
  2
ISO-25
 70
     0
 41
2.5
 42
0.625
 43
3.75
 44
1.25
 73
     0
 74
     0
 77
     1
 78
     8
140
2.5
141
2.5
143
0.03937007874016
147
0.625
171
     3
172
     1
271
     2
272
     2
274
     3
278
    44
283
     0
284
     8
340
11
  0
DIMSTYLE
105
27F
330
A
100
AcDbSymbolTableRecord
100
AcDbDimStyleTableRecord
  2
1-100
 70
     0
 41
0.1
 42
0.1
 43
0.0
 44
0.05
 49
0.04
 73
     0
 74
     0
 77
     1
 78
     5
140
0.15
141
0.0
147
0.03
176
   256
177
   256
178
     2
271
     2
272
     2
279
     2
284
     1
340
27D
342
259
1001
ACAD_DSTYLE_DIMJOGGED_JOGANGLE_SYMBOL
1070
   384
1040
0.7853981633974483
  0
DIMSTYLE
105
280
330
A
100
AcDbSymbolTableRecord
100
AcDbDimStyleTableRecord
  2
ELOI
 70
     0
 41
0.0
 42
0.15
 44
0.1
 46
0.05
 73
     0
 77
     1
140
0.08
142
0.05
172
     1
174
     1
178
   256
271
     2
272
     2
279
     2
340
27D
  0
DIMSTYLE
105
281
330
A
100
AcDbSymbolTableRecord
100
AcDbDimStyleTableRecord
  2
T100M-ROMANS
 70
     0
 40
0.05
 41
2.0
 42
1.0
 43
3.75
 44
2.0
 73
     0
 74
     0
 77
     1
 78
     4
140
2.0
141
2.5
143
0.0394
144
2.0
147
0.8
171
     4
172
     1
176
   256
177
   256
178
   256
271
     2
272
     2
273
     8
274
     4
340
27D
342
25D
371
    -1
372
    -1
  0
DIMSTYLE
105
282
330
A
100
AcDbSymbolTableRecord
100
AcDbDimStyleTableRecord
  2
500M
 70
     0
 40
0.05
 41
1.5
 42
1.0
 43
3.75
 44
1.5
 49
1.25
 50
89.99999999999998
 73
     0
 74
     0
 77
     1
 78
     4
140
1.25
141
2.5
143
0.03937007874016
144
10.0
147
0.8
171
     3
172
     1
176
     6
177
     6
178
     1
271
     2
272
     2
274
     3
283
     0
284
     8
340
27D
342
25D
345
15
346
15
347
15
371
    -1
372
    -1
1001
ACAD_DSTYLE_DIMJOGGED_JOGANGLE_SYMBOL
1070
   384
1040
1.570796326794896
  0
ENDTAB
  0
TABLE
  2
BLOCK_RECORD
  5
1
330
0
100
AcDbSymbolTable
 70
     4
  0
BLOCK_RECORD
  5
1F
102
{ACAD_XDICTIONARY
360
1CE
102
}
330
1
100
AcDbSymbolTableRecord
100
AcDbBlockTableRecord
  2
*Model_Space
340
22
 70
     0
280
     1
281
     0
  0
BLOCK_RECORD
  5
D2
330
1
100
AcDbSymbolTableRecord
100
AcDbBlockTableRecord
  2
*Paper_Space
340
D3
 70
     0
280
     1
281
     0
  0
BLOCK_RECORD
  5
D6
330
1
100
AcDbSymbolTableRecord
100
AcDbBlockTableRecord
  2
*Paper_Space0
340
D7
 70
     0
280
     1
281
     0
  0
BLOCK_RECORD
  5
259
330
1
100
AcDbSymbolTableRecord
100
AcDbBlockTableRecord
  2
_Oblique
340
0
 70
     0
280
     1
281
     0
  0
BLOCK_RECORD
  5
25D
330
1
100
AcDbSymbolTableRecord
100
AcDbBlockTableRecord
  2
_ArchTick
340
0
 70
     0
280
     1
281
     0
  0
BLOCK_RECORD
  5
261
102
{ACAD_XDICTIONARY
360
262
102
}
330
1
100
AcDbSymbolTableRecord
100
AcDbBlockTableRecord
  2
A0
340
0
310
2800000020000000200000000100080000000000000400000000000000000000000000000000000000000000000080000080000000808000800000008000800080800000C0C0C000C0DCC000F0CAA6000020400000206000002080000020A0000020C0000020E00000400000004020000040400000406000004080000040A0
310
000040C0000040E00000600000006020000060400000606000006080000060A0000060C0000060E00000800000008020000080400000806000008080000080A0000080C0000080E00000A0000000A0200000A0400000A0600000A0800000A0A00000A0C00000A0E00000C0000000C0200000C0400000C0600000C0800000C0
310
A00000C0C00000C0E00000E0000000E0200000E0400000E0600000E0800000E0A00000E0C00000E0E00040000000400020004000400040006000400080004000A0004000C0004000E00040200000402020004020400040206000402080004020A0004020C0004020E000404000004040200040404000404060004040800040
310
40A0004040C0004040E00040600000406020004060400040606000406080004060A0004060C0004060E00040800000408020004080400040806000408080004080A0004080C0004080E00040A0000040A0200040A0400040A0600040A0800040A0A00040A0C00040A0E00040C0000040C0200040C0400040C0600040C08000
310
40C0A00040C0C00040C0E00040E0000040E0200040E0400040E0600040E0800040E0A00040E0C00040E0E00080000000800020008000400080006000800080008000A0008000C0008000E00080200000802020008020400080206000802080008020A0008020C0008020E00080400000804020008040400080406000804080
310
008040A0008040C0008040E00080600000806020008060400080606000806080008060A0008060C0008060E00080800000808020008080400080806000808080008080A0008080C0008080E00080A0000080A0200080A0400080A0600080A0800080A0A00080A0C00080A0E00080C0000080C0200080C0400080C0600080C0
310
800080C0A00080C0C00080C0E00080E0000080E0200080E0400080E0600080E0800080E0A00080E0C00080E0E000C0000000C0002000C0004000C0006000C0008000C000A000C000C000C000E000C0200000C0202000C0204000C0206000C0208000C020A000C020C000C020E000C0400000C0402000C0404000C0406000C0
310
408000C040A000C040C000C040E000C0600000C0602000C0604000C0606000C0608000C060A000C060C000C060E000C0800000C0802000C0804000C0806000C0808000C080A000C080C000C080E000C0A00000C0A02000C0A04000C0A06000C0A08000C0A0A000C0A0C000C0A0E000C0C00000C0C02000C0C04000C0C06000
310
C0C08000C0C0A000F0FBFF00A4A0A000808080000000FF0000FF000000FFFF00FF000000FF00FF00FFFF0000FFFFFF0000000000000000000000000000000000000000000000000000000000000000000000000000000000000000000000000000000000000000000000000000000000000000000000000000000000000000
310
000000000000000000000000000000000000000000000000000000000000000000000000000000000000000000000000000000000000000000000000000000000000000000000000000000000000000000000000000000000000000000000000000000000000000000000000000000000000F9F9FDFDFDF9FDFDF9FDF9FDFD
310
FDFDF9FDFDFDF9FDFDFDFDF9FDFDFDFDF90000F9F90000000000000000000000000000000000000000000000000000FDF90000F9FD0000000000000000000000000000000000000000000000000000FDF90000F9FD0000000000000000000000000000000000000000000000000000FDF90000F9FD00000000000000000000
310
00000000000000000000000000000000FDF90000F9FD0000000000000000000000000000000000000000000000000000FDF90000F9FD0000000000000000000000000000000000000000000000000000FDF90000F9FD0000000000000000000000000000000000000000000000000000FDF90000F9FD000000000000000000
310
0000000000000000000000000000000000FDF90000F9FD0000000000000000000000000000000000000000000000000000FDF90000F9FD0000000000000000000000000000000000000000000000000000FDF90000F9FD0000000000000000000000000000000000000000000000000000FDF90000F9FD0000000000000000
310
000000000000000000000000000000000000FDF90000F9FD0000000000000000000000000000000000000000000000000000FDF90000F9F90000000000000000000000000000000000000000000000000000F9F90000F9FD0000000000000000000000000000000000000000000000000000FDF90000F9FD00000000000000
310
00000000000000000000000000000000000000FDF90000F9FD0000000000000000000000000000000000000000000000000000FDF90000F9FD0000000000000000000000000000000000000000000000000000FDF90000F9F9FDFDFDF9FDFDF9FDF9FDFDFDFDF9FDFDFDF9FDFDFDFDF9FDFDFDFDF900000000000000000000
310
00000000000000000000000000000000000000000000000000000000000000000000000000000000000000000000000000000000000000000000000000000000000000000000000000000000000000000000000000000000000000000000000000000000000000000000000000000000000000000000000000000000000000
310
0000000000000000000000000000000000000000000000000000000000000000000000000000000000000000000000000000000000000000
102
{BLKREFS
331
1D78
102
}
 70
     0
280
     1
281
     0
1001
AcDbBlockRepETag
1070
     1
1071
       20
1001
AcDbDynamicBlockGUID
1000
{CD8A11FE-A0D8-4933-9CBC-A36378508203}
  0
ENDTAB
  0
ENDSEC
  0
SECTION
  2
BLOCKS
  0
BLOCK
  5
20
330
1F
100
AcDbEntity
  8
0
100
AcDbBlockBegin
  2
*Model_Space
 70
     0
 10
0.0
 20
0.0
 30
0.0
  3
*Model_Space
  1

  0
ENDBLK
  5
21
330
1F
100
AcDbEntity
  8
0
100
AcDbBlockEnd
  0
BLOCK
  5
D4
330
D2
100
AcDbEntity
 67
     1
  8
0
100
AcDbBlockBegin
  2
*Paper_Space
 70
     0
 10
0.0
 20
0.0
 30
0.0
  3
*Paper_Space
  1

  0
ENDBLK
  5
D5
330
D2
100
AcDbEntity
 67
     1
  8
0
100
AcDbBlockEnd
  0
BLOCK
  5
D8
330
D6
100
AcDbEntity
 67
     1
  8
0
100
AcDbBlockBegin
  2
*Paper_Space0
 70
     0
 10
0.0
 20
0.0
 30
0.0
  3
*Paper_Space0
  1

  0
ENDBLK
  5
D9
330
D6
100
AcDbEntity
 67
     1
  8
0
100
AcDbBlockEnd
  0
BLOCK
  5
25A
330
259
100
AcDbEntity
  8
0
100
AcDbBlockBegin
  2
_Oblique
 70
     0
 10
0.0
 20
0.0
 30
0.0
  3
_Oblique
  1

  0
LINE
  5
25B
330
259
100
AcDbEntity
  8
0
  6
ByBlock
 62
     0
370
    -2
100
AcDbLine
 10
-0.5
 20
-0.5
 30
0.0
 11
0.5
 21
0.5
 31
0.0
  0
ENDBLK
  5
25C
330
259
100
AcDbEntity
  8
0
100
AcDbBlockEnd
  0
BLOCK
  5
25E
330
25D
100
AcDbEntity
  8
0
 62
     0
100
AcDbBlockBegin
  2
_ArchTick
 70
     0
 10
0.0
 20
0.0
 30
0.0
  3
_ArchTick
  1

  0
LWPOLYLINE
  5
25F
330
25D
100
AcDbEntity
  8
0
  6
ByBlock
 62
     0
100
AcDbPolyline
 90
        2
 70
     0
 43
0.15
 10
-0.5
 20
-0.5
 10
0.5
 20
0.5
  0
ENDBLK
  5
260
330
25D
100
AcDbEntity
  8
0
 62
     0
100
AcDbBlockEnd
  0
BLOCK
  5
263
330
261
100
AcDbEntity
  8
0
100
AcDbBlockBegin
  2
A0
 70
     0
 10
0.0
 20
0.0
 30
0.0
  3
A0
  1

  0
LWPOLYLINE
  5
264
330
261
100
AcDbEntity
  8
0
 62
     1
100
AcDbPolyline
 90
        8
 70
     0
 43
0.0
 10
125.0000070284441
 20
1485.000002410452
 10
75.00000694728806
 20
1485.000002410452
 10
0.000006825546734
 20
1410.00000228871
 10
0.0
 20
0.0
 10
5945.000009649928
 20
0.0
 10
5945.000016475475
 20
4205.000006825561
 10
75.00000694728806
 20
4205.000006825561
 10
75.00000694728806
 20
1485.000002410452
1001
AcDbBlockRepETag
1070
     1
1071
        0
1005
264
  0
LWPOLYLINE
  5
265
330
261
100
AcDbEntity
  8
0
 62
     7
100
AcDbPolyline
 90
        4
 70
     1
 43
0.0
 10
125.0000070284441
 20
4155.000006744398
 10
5895.000016394319
 20
4155.000006744398
 10
5895.000009568772
 20
50.0000000811633
 10
125.0000002028973
 20
50.0000000811633
1001
AcDbBlockRepETag
1070
     1
1071
        1
1005
265
  0
LINE
  5
266
330
261
100
AcDbEntity
  8
0
 62
     1
100
AcDbLine
 10
75.00000012174132
 20
4205.00001359704
 30
0.0
 11
0.0
 21
4205.00001359704
 31
0.0
1001
AcDbBlockRepETag
1070
     1
1071
        2
1005
266
  0
LINE
  5
267
330
261
100
AcDbEntity
  8
0
 62
     1
100
AcDbLine
 10
0.0
 20
4205.00001359704
 30
0.0
 11
0.0
 21
1410.000009060211
 31
0.0
1001
AcDbBlockRepETag
1070
     1
1071
        3
1005
267
  0
LINE
  5
268
330
261
100
AcDbEntity
  8
0
 62
     1
100
AcDbLine
 10
1050.000001704349
 20
-0.0000681434175931
 30
0.0
 11
1050.000001704349
 21
50.0000000811633
 31
0.0
1001
AcDbBlockRepETag
1070
     1
1071
        5
1005
268
  0
LINE
  5
269
330
261
100
AcDbEntity
  8
0
 62
     1
100
AcDbLine
 10
2045.000030621639
 20
-0.0000399656491936
 30
0.0
 11
2045.000030621639
 21
50.0000000811633
 31
0.0
1001
AcDbBlockRepETag
1070
     1
1071
        6
1005
269
  0
LINE
  5
26A
330
261
100
AcDbEntity
  8
0
 62
     1
100
AcDbLine
 10
3020.0000253787
 20
-0.0000564690344618
 30
0.0
 11
3020.0000253787
 21
50.0000000811633
 31
0.0
1001
AcDbBlockRepETag
1070
     1
1071
        7
1005
26A
  0
LINE
  5
26B
330
261
100
AcDbEntity
  8
0
 62
     1
100
AcDbLine
 10
3995.000020135776
 20
-0.0000564690344618
 30
0.0
 11
3995.000020135776
 21
50.0000000811633
 31
0.0
1001
AcDbBlockRepETag
1070
     1
1071
        8
1005
26B
  0
LINE
  5
26C
330
261
100
AcDbEntity
  8
0
 62
     1
100
AcDbLine
 10
4970.000014892867
 20
-0.0000564690344618
 30
0.0
 11
4970.000014892867
 21
50.0000000811633
 31
0.0
1001
AcDbBlockRepETag
1070
     1
1071
        9
1005
26C
  0
LINE
  5
26D
330
261
100
AcDbEntity
  8
0
 62
     1
100
AcDbLine
 10
1050.000001704349
 20
4155.000006744398
 30
0.0
 11
1050.000001704349
 21
4205.000006825561
 31
0.0
1001
AcDbBlockRepETag
1070
     1
1071
       10
1005
26D
  0
LINE
  5
26E
330
261
100
AcDbEntity
  8
0
 62
     1
100
AcDbLine
 10
2045.000030621639
 20
4155.000006744398
 30
0.0
 11
2045.000030621639
 21
4205.000006825561
 31
0.0
1001
AcDbBlockRepETag
1070
     1
1071
       11
1005
26E
  0
LINE
  5
26F
330
261
100
AcDbEntity
  8
0
 62
     1
100
AcDbLine
 10
3020.0000253787
 20
4155.000006744398
 30
0.0
 11
3020.0000253787
 21
4205.000006825561
 31
0.0
1001
AcDbBlockRepETag
1070
     1
1071
       12
1005
26F
  0
LINE
  5
270
330
261
100
AcDbEntity
  8
0
 62
     1
100
AcDbLine
 10
3995.000020135776
 20
4155.000006744398
 30
0.0
 11
3995.000020135776
 21
4205.000006825561
 31
0.0
1001
AcDbBlockRepETag
1070
     1
1071
       13
1005
270
  0
LINE
  5
271
330
261
100
AcDbEntity
  8
0
 62
     1
100
AcDbLine
 10
4970.000014892867
 20
4155.000006744398
 30
0.0
 11
4970.000014892867
 21
4205.000006825561
 31
0.0
1001
AcDbBlockRepETag
1070
     1
1071
       14
1005
271
  0
LINE
  5
272
330
261
100
AcDbEntity
  8
0
 62
     1
100
AcDbLine
 10
1547.500016162987
 20
0.0
 30
0.0
 11
1547.500016162987
 21
50.0000000811633
 31
0.0
1001
AcDbBlockRepETag
1070
     1
1071
       15
1005
272
  0
LINE
  5
273
330
261
100
AcDbEntity
  8
0
 62
     1
100
AcDbLine
 10
1547.500016162987
 20
4155.000006744398
 30
0.0
 11
1547.500016162987
 21
4205.000006825561
 31
0.0
1001
AcDbBlockRepETag
1070
     1
1071
       16
1005
273
  0
LINE
  5
274
330
261
100
AcDbEntity
  8
0
 62
     1
100
AcDbLine
 10
75.00000694728806
 20
2969.999936555745
 30
0.0
 11
125.0000050581002
 21
2969.999936474597
 31
0.0
1001
AcDbBlockRepETag
1070
     1
1071
       17
1005
274
  0
LINE
  5
275
330
261
100
AcDbEntity
  8
0
 62
     1
100
AcDbLine
 10
5895.000014423975
 20
2969.999927108751
 30
0.0
 11
5945.000014470831
 21
2969.999927027588
 31
0.0
1001
AcDbBlockRepETag
1070
     1
1071
       18
1005
275
  0
LINE
  5
276
330
261
100
AcDbEntity
  8
0
 62
     1
100
AcDbLine
 10
5895.000016394319
 20
1484.999993044606
 30
0.0
 11
5945.000016441176
 21
1484.999992963443
 31
0.0
1001
AcDbBlockRepETag
1070
     1
1071
       19
1005
276
  0
ENDBLK
  5
277
330
261
100
AcDbEntity
  8
0
100
AcDbBlockEnd
  0
ENDSEC
  0
SECTION
  2
ENTITIES
  0
INSERT
  5
1D78
330
1F
100
AcDbEntity
  8
0
100
AcDbBlockReference
  2
A0
 10
2759.956546524773
 20
1858.404129106574
 30
0.0
 41
0.0199999999999818
 42
0.0199999999999818
 43
0.0199999999999818
  0
LINE
  5
1D79
330
1F
100
AcDbEntity
  8
0
100
AcDbLine
 10
2863.492923782612
 20
1860.276129124921
 30
0.0
 11
2877.856546716041
 21
1860.276129124921
 31
0.0
  0
LINE
  5
1D7A
330
1F
100
AcDbEntity
  8
0
100
AcDbLine
 10
2863.492923782612
 20
1868.492729526792
 30
0.0
 11
2877.85654671604
 21
1868.492729526792
 31
0.0
  0
TEXT
  5
1D7B
330
1F
100
AcDbEntity
  8
0
100
AcDbText
 10
2871.988954139478
 20
1859.648347138652
 30
0.0
 40
0.4304475
  1
DATA:
  7
arial
100
AcDbText
  0
TEXT
  5
1D7C
330
1F
100
AcDbEntity
  8
0
100
AcDbText
 10
2863.840732258891
 20
1859.661200719219
 30
0.0
 40
0.4304475
  1
ESCALA:
  7
arial
100
AcDbText
  0
TEXT
  5
1D7D
330
1F
100
AcDbEntity
  8
0
100
AcDbText
 10
2863.828421895484
 20
1866.11763363025
 30
0.0
 40
0.21522375
  1
RESPONSÁVEL TÉCNICO/REG. NO CREA:
  7
arial
100
AcDbText
  0
TEXT
  5
1D7E
330
1F
100
AcDbEntity
  8
0
100
AcDbText
 10
2863.847010123691
 20
1872.208849484925
 30
0.0
 40
0.21522375
  1
ENDEREÇO DA EDIIFICAÇÃO/UNIDADE:
  7
arial
100
AcDbText
  0
TEXT
  5
1D7F
330
1F
100
AcDbEntity
  8
0
100
AcDbText
 10
2864.042961901551
 20
1873.383581906202
 30
0.0
 40
0.5076525636000002
  1
GERAÇÃO DISTRIBUIDA
  7
arial
100
AcDbText
  0
LINE
  5
1D80
330
1F
100
AcDbEntity
  8
0
100
AcDbLine
 10
2863.492923782612
 20
1866.421908590269
 30
0.0
 11
2877.856546716041
 21
1866.421908590269
 31
0.0
  0
TEXT
  5
1D81
330
1F
100
AcDbEntity
  8
0
100
AcDbText
 10
2863.859309247761
 20
1868.140070558375
 30
0.0
 40
0.21522375
  1
AUTOR DO PROJETO:
  7
arial
100
AcDbText
  0
TEXT
  5
1D82
330
1F
100
AcDbEntity
  8
0
100
AcDbText
 10
2863.859309257116
 20
1870.210891494899
 30
0.0
 40
0.21522375
  1
PROPRIETÁRIO:
  7
arial
100
AcDbText
  0
LINE
  5
1D83
330
1F
100
AcDbEntity
  8
0
100
AcDbLine
 10
2863.589236913832
 20
1870.563550463315
 30
0.0
 11
2877.85654671604
 21
1870.563550463315
 31
0.0
  0
LINE
  5
1D84
330
1F
100
AcDbEntity
  8
0
100
AcDbLine
 10
2863.492923782612
 20
1870.563550463315
 30
0.0
 11
2877.85654671604
 21
1870.563550463315
 31
0.0
  0
LINE
  5
1D85
330
1F
100
AcDbEntity
  8
0
100
AcDbLine
 10
2863.492923782612
 20
1872.634371399838
 30
0.0
 11
2877.85654671604
 21
1872.634371399838
 31
0.0
  0
LINE
  5
1D86
330
1F
100
AcDbEntity
  8
0
100
AcDbLine
 10
2863.492923781903
 20
1864.446789904146
 30
0.0
 11
2877.85654671604
 21
1864.446789904146
 31
0.0
  0
LINE
  5
1D87
330
1F
100
AcDbEntity
  8
0
100
AcDbLine
 10
2863.492923782612
 20
1861.177148048145
 30
0.0
 11
2877.856546716041
 21
1861.177148048145
 31
0.0
  0
TEXT
  5
1D88
330
1F
100
AcDbEntity
  8
0
100
AcDbText
 10
2863.820407992879
 20
1860.528950204662
 30
0.0
 40
0.4304475
  1
N° DA ART:
  7
arial
100
AcDbText
  0
LINE
  5
1D89
330
1F
100
AcDbEntity
  8
0
100
AcDbLine
 10
2871.739017470806
 20
1860.283704001206
 30
0.0
 11
2871.739017470806
 21
1859.441097894302
 31
0.0
  0
TEXT
  5
1D8A
330
1F
100
AcDbEntity
  8
0
100
AcDbText
 10
2863.659157145706
 20
1863.730567597777
 30
0.0
 40
0.4304475
  1
DESCRITIVO:
  7
arial
100
AcDbText
  0
LINE
  5
1D8B
330
1F
100
AcDbEntity
  8
0
 62
     7
 48
0.1
100
AcDbLine
 10
2863.492923780091
 20
1859.404129108036
 30
0.0
 11
2863.492923785488
 21
1874.432090033791
 31
0.0
  0
TEXT
  5
1D8C
330
1F
100
AcDbEntity
  8
0
100
AcDbText
 10
2870.715163318223
 20
1860.544069686705
 30
0.0
 40
0.4304475
  1
VIA DE PROJETO:
  7
arial
100
AcDbText
  0
LINE
  5
1D8D
330
1F
100
AcDbEntity
  8
0
 62
     7
 48
0.1
100
AcDbLine
 10
2863.492923785488
 20
1874.432090033791
 30
0.0
 11
2877.856546716041
 21
1874.432090033791
 31
0.0
  0
LINE
  5
1D8E
330
1F
100
AcDbEntity
  8
0
100
AcDbLine
 10
2763.30835011372
 20
1935.417849755934
 30
0.0
 11
2795.959831259147
 21
1935.417849755934
 31
0.0
  0
LINE
  5
1D8F
330
1F
100
AcDbEntity
  8
0
  6
ACAD_ISO02W100
 62
     5
 48
0.2
100
AcDbLine
 10
2763.226618230271
 20
1930.043708264244
 30
0.0
 11
2795.831951629342
 21
1930.043708264244
 31
0.0
  0
TEXT
  5
1D90
330
1F
100
AcDbEntity
  8
0
100
AcDbText
 10
2762.765581316732
 20
1936.488870699416
 30
0.0
 40
1.384578674050097
  1
Rede Secundária (BT) da Consessionária
  7
arial
100
AcDbText
  0
HATCH
  5
1D91
330
1F
100
AcDbEntity
  8
0
100
AcDbHatch
 10
0.0
 20
0.0
 30
0.0
210
0.0
220
0.0
230
1.0
  2
SOLID
 70
     1
 71
     0
 91
        4
 92
       16
 93
        4
 72
     1
 10
2793.522169233397
 20
1927.17411881078
 11
2792.562428821407
 21
1927.17411881078
 72
     1
 10
2792.562428821403
 20
1927.17411881078
 11
2792.562428821403
 21
1928.453772693435
 72
     1
 10
2792.562428821403
 20
1928.453772693435
 11
2793.522169233394
 21
1928.453772693435
 72
     1
 10
2793.522169233397
 20
1928.453772693435
 11
2793.522169233397
 21
1927.174118810781
 97
        0
 92
       48
 93
        5
 72
     1
 10
2793.522169233397
 20
1927.17411881078
 11
2792.562428821407
 21
1927.17411881078
 72
     1
 10
2793.522169233397
 20
1927.17411881078
 11
2794.161996174724
 21
1927.17411881078
 72
     1
 10
2794.161996174724
 20
1927.17411881078
 11
2793.039215771917
 21
1926.052967338252
 72
     1
 10
2793.039215771912
 20
1926.052967338252
 11
2791.922601880074
 21
1927.17411881078
 72
     1
 10
2792.562428821403
 20
1927.17411881078
 11
2791.922601880076
 21
1927.17411881078
 97
        0
 92
       33
 93
        7
 72
     1
 10
2792.562428821403
 20
1927.17411881078
 11
2791.922601880076
 21
1927.17411881078
 72
     1
 10
2791.922601880079
 20
1927.17411881078
 11
2793.039215771917
 21
1926.052967338252
 72
     1
 10
2794.161996174724
 20
1927.17411881078
 11
2793.039215771917
 21
1926.052967338252
 72
     1
 10
2793.522169233397
 20
1927.17411881078
 11
2794.161996174724
 21
1927.17411881078
 72
     1
 10
2793.522169233397
 20
1928.453772693435
 11
2793.522169233397
 21
1927.174118810781
 72
     1
 10
2792.562428821403
 20
1928.453772693435
 11
2793.522169233394
 21
1928.453772693435
 72
     1
 10
2792.562428821403
 20
1927.17411881078
 11
2792.562428821403
 21
1928.453772693435
 97
        0
 92
       32
 93
        1
 72
     1
 10
2794.161996174724
 20
1927.17411881078
 11
2792.882342292069
 21
1927.17411881078
 97
        0
 75
     0
 76
     1
 98
        1
 10
2210.061520561844
 20
2938.48989222151
450
        0
451
        0
460
0.0
461
0.0
452
        0
462
0.0
453
        0
470

1001
ACAD
1010
0.0
1020
0.0
1030
0.0
  0
LINE
  5
1D92
330
1F
100
AcDbEntity
  8
0
100
AcDbLine
 10
2793.522169233397
 20
1928.453772693435
 30
0.0
 11
2793.522169233397
 21
1927.17411881078
 31
0.0
  0
LINE
  5
1D93
330
1F
100
AcDbEntity
  8
0
100
AcDbLine
 10
2793.522169233397
 20
1927.17411881078
 30
0.0
 11
2792.562428821403
 21
1927.17411881078
 31
0.0
  0
LINE
  5
1D94
330
1F
100
AcDbEntity
  8
0
100
AcDbLine
 10
2792.562428821403
 20
1927.17411881078
 30
0.0
 11
2792.562428821403
 21
1928.453772693435
 31
0.0
  0
LINE
  5
1D95
330
1F
100
AcDbEntity
  8
0
100
AcDbLine
 10
2792.562428821403
 20
1928.453772693435
 30
0.0
 11
2793.522169233397
 21
1928.453772693435
 31
0.0
  0
LINE
  5
1D96
330
1F
100
AcDbEntity
  8
0
100
AcDbLine
 10
2793.522169233397
 20
1927.17411881078
 30
0.0
 11
2794.161996174724
 21
1927.17411881078
 31
0.0
  0
HATCH
  5
1D97
330
1F
100
AcDbEntity
  8
0
100
AcDbHatch
 10
0.0
 20
0.0
 30
0.0
210
0.0
220
0.0
230
1.0
  2
SOLID
 70
     1
 71
     1
 91
        1
 92
        1
 93
        3
 72
     1
 10
2791.922601880079
 20
1927.17411881078
 11
2793.039215771912
 21
1926.052967338252
 72
     1
 10
2793.039215771912
 20
1926.052967338252
 11
2794.161996174724
 21
1927.17411881078
 72
     1
 10
2794.161996174724
 20
1927.17411881078
 11
2791.922601880079
 21
1927.17411881078
 97
        3
330
1D99
330
1D98
330
1D9A
 75
     0
 76
     1
 98
        1
 10
2210.061520561844
 20
2938.48989222151
450
        0
451
        0
460
0.0
461
0.0
452
        0
462
0.0
453
        0
470

1001
ACAD
1010
0.0
1020
0.0
1030
0.0
  0
LINE
  5
1D98
102
{ACAD_REACTORS
330
1D97
102
}
330
1F
100
AcDbEntity
  8
0
100
AcDbLine
 10
2794.161996174724
 20
1927.17411881078
 30
0.0
 11
2793.039215771912
 21
1926.052967338252
 31
0.0
  0
LINE
  5
1D99
102
{ACAD_REACTORS
330
1D97
102
}
330
1F
100
AcDbEntity
  8
0
100
AcDbLine
 10
2791.922601880079
 20
1927.17411881078
 30
0.0
 11
2793.039215771912
 21
1926.052967338252
 31
0.0
  0
LINE
  5
1D9A
102
{ACAD_REACTORS
330
1D97
102
}
330
1F
100
AcDbEntity
  8
0
100
AcDbLine
 10
2794.161996174724
 20
1927.17411881078
 30
0.0
 11
2791.922601880079
 21
1927.17411881078
 31
0.0
  0
HATCH
  5
1D9B
330
1F
100
AcDbEntity
  8
0
100
AcDbHatch
 10
0.0
 20
0.0
 30
0.0
210
0.0
220
0.0
230
1.0
  2
SOLID
 70
     1
 71
     0
 91
        4
 92
       16
 93
        4
 72
     1
 10
2792.561539371851
 20
1933.000747526081
 11
2793.521279783842
 21
1933.000747526081
 72
     1
 10
2793.521279783844
 20
1933.000747526081
 11
2793.521279783844
 21
1931.721093643426
 72
     1
 10
2793.521279783844
 20
1931.721093643426
 11
2792.561539371854
 21
1931.721093643426
 72
     1
 10
2792.561539371851
 20
1931.721093643426
 11
2792.561539371851
 21
1933.00074752608
 97
        0
 92
       48
 93
        5
 72
     1
 10
2792.561539371851
 20
1933.000747526081
 11
2793.521279783842
 21
1933.000747526081
 72
     1
 10
2792.561539371851
 20
1933.000747526081
 11
2791.921712430524
 21
1933.000747526081
 72
     1
 10
2791.921712430524
 20
1933.000747526081
 11
2793.044492833331
 21
1934.121898998609
 72
     1
 10
2793.044492833332
 20
1934.121898998609
 11
2794.16110672517
 21
1933.000747526081
 72
     1
 10
2793.521279783844
 20
1933.000747526081
 11
2794.161106725172
 21
1933.000747526081
 97
        0
 92
       33
 93
        7
 72
     1
 10
2793.521279783844
 20
1933.000747526081
 11
2794.161106725172
 21
1933.000747526081
 72
     1
 10
2794.161106725169
 20
1933.000747526081
 11
2793.044492833331
 21
1934.121898998609
 72
     1
 10
2791.921712430524
 20
1933.000747526081
 11
2793.044492833331
 21
1934.121898998609
 72
     1
 10
2792.561539371851
 20
1933.000747526081
 11
2791.921712430524
 21
1933.000747526081
 72
     1
 10
2792.561539371851
 20
1931.721093643426
 11
2792.561539371851
 21
1933.00074752608
 72
     1
 10
2793.521279783844
 20
1931.721093643426
 11
2792.561539371854
 21
1931.721093643426
 72
     1
 10
2793.521279783844
 20
1933.000747526081
 11
2793.521279783844
 21
1931.721093643426
 97
        0
 92
       32
 93
        1
 72
     1
 10
2791.921712430524
 20
1933.000747526081
 11
2793.201366313179
 21
1933.000747526081
 97
        0
 75
     0
 76
     1
 98
        1
 10
3376.022188043403
 20
921.6849741153499
450
        0
451
        0
460
0.0
461
0.0
452
        0
462
0.0
453
        0
470

1001
ACAD
1010
0.0
1020
0.0
1030
0.0
  0
LINE
  5
1D9C
330
1F
100
AcDbEntity
  8
0
100
AcDbLine
 10
2792.561539371851
 20
1931.721093643426
 30
0.0
 11
2792.561539371851
 21
1933.000747526081
 31
0.0
  0
LINE
  5
1D9D
330
1F
100
AcDbEntity
  8
0
100
AcDbLine
 10
2792.561539371851
 20
1933.000747526081
 30
0.0
 11
2793.521279783844
 21
1933.000747526081
 31
0.0
  0
LINE
  5
1D9E
330
1F
100
AcDbEntity
  8
0
100
AcDbLine
 10
2793.521279783844
 20
1933.000747526081
 30
0.0
 11
2793.521279783844
 21
1931.721093643426
 31
0.0
  0
LINE
  5
1D9F
330
1F
100
AcDbEntity
  8
0
100
AcDbLine
 10
2793.521279783844
 20
1931.721093643426
 30
0.0
 11
2792.561539371851
 21
1931.721093643426
 31
0.0
  0
LINE
  5
1DA0
330
1F
100
AcDbEntity
  8
0
100
AcDbLine
 10
2792.561539371851
 20
1933.000747526081
 30
0.0
 11
2791.921712430524
 21
1933.000747526081
 31
0.0
  0
HATCH
  5
1DA1
330
1F
100
AcDbEntity
  8
0
100
AcDbHatch
 10
0.0
 20
0.0
 30
0.0
210
0.0
220
0.0
230
1.0
  2
SOLID
 70
     1
 71
     1
 91
        1
 92
        1
 93
        3
 72
     1
 10
2794.161106725169
 20
1933.000747526081
 11
2793.044492833332
 21
1934.121898998609
 72
     1
 10
2793.044492833332
 20
1934.121898998609
 11
2791.921712430524
 21
1933.000747526081
 72
     1
 10
2791.921712430524
 20
1933.000747526081
 11
2794.161106725169
 21
1933.000747526081
 97
        3
330
1DA3
330
1DA2
330
1DA4
 75
     0
 76
     1
 98
        1
 10
3376.022188043403
 20
921.6849741153499
450
        0
451
        0
460
0.0
461
0.0
452
        0
462
0.0
453
        0
470

1001
ACAD
1010
0.0
1020
0.0
1030
0.0
  0
LINE
  5
1DA2
102
{ACAD_REACTORS
330
1DA1
102
}
330
1F
100
AcDbEntity
  8
0
100
AcDbLine
 10
2791.921712430524
 20
1933.000747526081
 30
0.0
 11
2793.044492833332
 21
1934.121898998609
 31
0.0
  0
LINE
  5
1DA3
102
{ACAD_REACTORS
330
1DA1
102
}
330
1F
100
AcDbEntity
  8
0
100
AcDbLine
 10
2794.161106725169
 20
1933.000747526081
 30
0.0
 11
2793.044492833332
 21
1934.121898998609
 31
0.0
  0
LINE
  5
1DA4
102
{ACAD_REACTORS
330
1DA1
102
}
330
1F
100
AcDbEntity
  8
0
100
AcDbLine
 10
2791.921712430524
 20
1933.000747526081
 30
0.0
 11
2794.161106725169
 21
1933.000747526081
 31
0.0
  0
TEXT
  5
1DA5
330
1F
100
AcDbEntity
  8
0
100
AcDbText
 10
2791.131405594076
 20
1928.911344074909
 30
0.0
 40
1.107662939240078
  1
Acessante
  7
arial
100
AcDbText
  0
TEXT
  5
1DA6
330
1F
100
AcDbEntity
  8
0
100
AcDbText
 10
2791.151860685136
 20
1930.689553579702
 30
0.0
 40
1.107662939240078
  1
Acessada
  7
arial
100
AcDbText
  0
LINE
  5
1DA7
330
1F
100
AcDbEntity
  8
0
100
AcDbLine
 10
2772.488685653727
 20
1919.303025396407
 30
0.0
 11
2772.488685653727
 21
1919.76569255991
 31
0.0
  0
LINE
  5
1DA8
330
1F
100
AcDbEntity
  8
0
100
AcDbLine
 10
2772.489325733244
 20
1921.458290508143
 30
0.0
 11
2772.495712849607
 21
1935.417849755934
 31
0.0
  0
LINE
  5
1DA9
330
1F
100
AcDbEntity
  8
0
100
AcDbLine
 10
2772.488685653727
 20
1909.64552188027
 30
0.0
 11
2772.488685653727
 21
1893.102964643104
 31
0.0
  0
LINE
  5
1DAA
330
1F
100
AcDbEntity
  8
0
100
AcDbLine
 10
2772.488685653727
 20
1901.69927753694
 30
0.0
 11
2787.166940373746
 21
1901.69927753694
 31
0.0
  0
LINE
  5
1DAB
330
1F
100
AcDbEntity
  8
0
100
AcDbLine
 10
2787.166940373746
 20
1901.69927753694
 30
0.0
 11
2787.166940373746
 21
1897.737737341845
 31
0.0
  0
LINE
  5
1DAC
330
1F
100
AcDbEntity
  8
0
100
AcDbLine
 10
2772.489325733244
 20
1915.929306554902
 30
0.0
 11
2781.312620471408
 21
1915.929306554902
 31
0.0
  0
LINE
  5
1DAD
330
1F
100
AcDbEntity
  8
0
100
AcDbLine
 10
2781.312620471408
 20
1915.929306554902
 30
0.0
 11
2781.312620471408
 21
1917.433932459536
 31
0.0
  0
LINE
  5
1DAE
330
1F
100
AcDbEntity
  8
0
100
AcDbLine
 10
2781.213974190459
 20
1919.767588442701
 30
0.0
 11
2781.213974190459
 21
1921.458290508143
 31
0.0
  0
LINE
  5
1DAF
330
1F
100
AcDbEntity
  8
0
100
AcDbLine
 10
2781.213974190459
 20
1921.458290508143
 30
0.0
 11
2776.446845065459
 21
1921.458290508143
 31
0.0
  0
LINE
  5
1DB0
330
1F
100
AcDbEntity
  8
0
100
AcDbLine
 10
2775.206170590074
 20
1921.458290508143
 30
0.0
 11
2772.489325733244
 21
1921.458290508143
 31
0.0
  0
LWPOLYLINE
  5
1DB1
330
1F
100
AcDbEntity
  8
0
  6
ACAD_ISO02W100
 62
     5
 48
0.2
100
AcDbPolyline
 90
        4
 70
     1
 43
0.0
 10
2770.675809102419
 20
1923.825842284243
 10
2789.915260897671
 20
1923.825842284243
 10
2789.915260897671
 20
1906.719951305814
 10
2770.675809102419
 20
1906.719951305814
  0
ARC
  5
1DB2
330
1F
100
AcDbEntity
  8
0
100
AcDbCircle
 10
2776.687029791129
 20
1920.887683597497
 30
0.0
 40
0.6190968816926806
100
AcDbArc
 50
112.8276139624016
 51
266.2217969957493
  0
ARC
  5
1DB3
330
1F
100
AcDbEntity
  8
0
100
AcDbCircle
 10
2775.01560078881
 20
1922.015399332811
 30
0.0
 40
0.5888014025792752
100
AcDbArc
 50
288.8842404552542
 51
91.38904943005782
  0
ARC
  5
1DB4
330
1F
100
AcDbEntity
  8
0
100
AcDbCircle
 10
2775.001327588498
 20
1920.915718596395
 30
0.0
 40
0.579952527983405
100
AcDbArc
 50
269.904182456468
 51
69.31643522278972
  0
ARC
  5
1DB5
330
1F
100
AcDbEntity
  8
0
100
AcDbCircle
 10
2776.643512901941
 20
1922.010805824687
 30
0.0
 40
0.586473710343013
100
AcDbArc
 50
89.73407884030619
 51
250.406812217777
  0
LINE
  5
1DB6
330
1F
100
AcDbEntity
  8
0
100
AcDbLine
 10
2787.167074544248
 20
1897.740646160501
 30
0.0
 11
2787.167074544248
 21
1897.594485861876
 31
0.0
  0
LINE
  5
1DB7
330
1F
100
AcDbEntity
  8
0
100
AcDbLine
 10
2787.167074544248
 20
1897.594485861876
 30
0.0
 11
2787.871400826478
 21
1898.001128830521
 31
0.0
  0
LINE
  5
1DB8
330
1F
100
AcDbEntity
  8
0
100
AcDbLine
 10
2787.167074544248
 20
1897.594485861876
 30
0.0
 11
2786.462748262014
 21
1898.001128830521
 31
0.0
  0
TEXT
  5
1DB9
330
1F
100
AcDbEntity
  8
0
100
AcDbText
 10
2784.918507493939
 20
1895.890079413362
 30
0.0
 40
0.8426037184345325
  1
Cargas
  7
arial
100
AcDbText
  0
TEXT
  5
1DBA
330
1F
100
AcDbEntity
  8
0
100
AcDbText
 10
2778.379624597714
 20
1918.111642300974
 30
0.0
 40
1.107662939240078
  1
Medição
  7
arial
100
AcDbText
  0
TEXT
  5
1DBB
330
1F
100
AcDbEntity
  8
0
100
AcDbText
 10
2769.168199445948
 20
1908.521229136228
 30
0.0
 40
1.107662939240078
  1
Caixa de Medição
 50
90.0
  7
arial
100
AcDbText
  0
TEXT
  5
1DBC
330
1F
100
AcDbEntity
  8
0
 62
     7
100
AcDbText
 10
2773.481485366183
 20
1911.882852712907
 30
0.0
 40
1.107662939240078
  1
Dispositivo de Proteção 200 A
  7
arial
100
AcDbText
  0
LINE
  5
1DBD
330
1F
100
AcDbEntity
  8
0
100
AcDbLine
 10
2772.488753698866
 20
1912.600692031525
 30
0.0
 11
2772.489325733244
 21
1921.458290508143
 31
0.0
  0
TEXT
  5
1DBE
330
1F
100
AcDbEntity
  8
0
100
AcDbText
 10
2790.401014226457
 20
1909.527362012105
 30
0.0
 40
1.107662939240078
  1
Padrão de Entrada
  7
arial
100
AcDbText
  0
HATCH
  5
1DC2
330
1F
100
AcDbEntity
  8
0
 62
     1
 48
0.1
100
AcDbHatch
 10
0.0
 20
0.0
 30
0.0
210
0.0
220
0.0
230
1.0
  2
ANSI31
 70
     0
 71
     1
 91
        1
 92
        1
 93
        4
 72
     1
 10
2771.711716916578
 20
1912.600692031525
 11
2773.265654390876
 21
1912.600692031525
 72
     1
 10
2773.265654390876
 20
1912.600692031525
 11
2773.265654390876
 21
1909.64552188027
 72
     1
 10
2773.265654390876
 20
1909.64552188027
 11
2771.711716916578
 21
1909.64552188027
 72
     1
 10
2771.711716916578
 20
1909.64552188027
 11
2771.711716916578
 21
1912.600692031525
 97
        1
330
1DC3
 75
     0
 76
     1
 52
0.0
 41
0.1898804527407118
 77
     0
 78
     1
 53
45.0
 43
-92.59405721343595
 44
2104.858120915371
 45
-0.4262937744990398
 46
0.42629377449904
 79
     0
 98
        1
 10
-92.59405721343595
 20
2104.858120915371
1001
ACAD
1010
0.0
1020
0.0
1030
0.0
  0
LWPOLYLINE
  5
1DC3
102
{ACAD_REACTORS
330
1DC2
102
}
330
1F
100
AcDbEntity
  8
0
 62
     1
 48
0.1
100
AcDbPolyline
 90
        4
 70
     1
 43
0.0
 10
2771.711716916578
 20
1912.600692031525
 10
2773.265654390876
 20
1912.600692031525
 10
2773.265654390876
 20
1909.64552188027
 10
2771.711716916578
 20
1909.64552188027
  0
TEXT
  5
1DC4
330
1F
100
AcDbEntity
  8
0
 62
     7
100
AcDbText
 10
2779.349413101734
 20
1904.493645509839
 30
0.0
 40
1.107662939240078
  1
Dispositivo de Seccionamento Visível
  7
arial
100
AcDbText
  0
TEXT
  5
1DC5
330
1F
100
AcDbEntity
  8
0
 62
     7
100
AcDbText
 10
2773.481485366183
 20
1910.275402686385
 30
0.0
 40
1.107662939240078
  1
Padrão EDP
  7
arial
100
AcDbText
  0
LINE
  5
1DC6
330
1F
100
AcDbEntity
  8
0
 62
     7
 48
0.1
100
AcDbLine
 10
2805.469305827952
 20
1903.94043036573
 30
0.0
 11
2778.970745905417
 21
1903.94043036573
 31
0.0
  0
LINE
  5
1DC7
330
1F
100
AcDbEntity
  8
0
 62
     7
 48
0.1
100
AcDbLine
 10
2774.089437484055
 20
1908.821738787092
 30
0.0
 11
2778.970745905416
 21
1903.94043036573
 31
0.0
  0
HATCH
  5
1DC8
330
1F
100
AcDbEntity
  8
0
 62
     7
 48
0.1
100
AcDbHatch
 10
0.0
 20
0.0
 30
0.0
210
0.0
220
0.0
230
1.0
  2
SOLID
 70
     1
 71
     0
 91
        1
 92
        7
 72
     0
 73
     1
 93
        3
 10
2773.597294311841
 20
1908.329595614878
 10
2774.581580656266
 20
1909.313881959304
 10
2773.265654390876
 20
1909.645521880272
 97
        0
 75
     0
 76
     1
 47
0.0132666009269585
 98
        1
 10
2773.709437006045
 20
1909.072473283071
450
        0
451
        0
460
0.0
461
0.0
452
        1
462
1.0
453
        2
463
0.0
 63
     5
421
      255
463
1.0
 63
     7
421
 16777215
470
LINEAR
1001
ACAD
1010
0.0
1020
0.0
1030
0.0
  0
LINE
  5
1DC9
330
1F
100
AcDbEntity
  8
0
 62
     7
 48
0.1
100
AcDbLine
 10
2773.265654390876
 20
1909.64552188027
 30
0.0
 11
2773.597294311841
 21
1908.329595614878
 31
0.0
  0
LINE
  5
1DCA
330
1F
100
AcDbEntity
  8
0
 62
     7
 48
0.1
100
AcDbLine
 10
2773.597294311841
 20
1908.329595614878
 30
0.0
 11
2774.581580656267
 21
1909.313881959304
 31
0.0
  0
LINE
  5
1DCB
330
1F
100
AcDbEntity
  8
0
 62
     7
 48
0.1
100
AcDbLine
 10
2773.265654390877
 20
1909.645521880272
 30
0.0
 11
2774.581580656269
 21
1909.313881959303
 31
0.0
  0
ARC
  5
1DCC
330
1F
100
AcDbEntity
  8
0
100
AcDbCircle
 10
2772.729510458912
 20
1915.358699644256
 30
0.0
 40
0.6190968816926806
100
AcDbArc
 50
112.8276139624016
 51
266.2217969957493
  0
ARC
  5
1DCD
330
1F
100
AcDbEntity
  8
0
100
AcDbCircle
 10
2772.685993569727
 20
1916.481821871446
 30
0.0
 40
0.586473710343013
100
AcDbArc
 50
89.73407884030619
 51
250.406812217777
  0
LWPOLYLINE
  5
1DCE
330
1F
100
AcDbEntity
  8
0
 62
     7
 48
0.1
100
AcDbPolyline
 90
        4
 70
     1
 43
0.0
 10
2778.194422201003
 20
1919.767588442701
 10
2784.430818741813
 20
1919.767588442701
 10
2784.430818741813
 20
1917.433932459536
 10
2778.194422201003
 20
1917.433932459536
  0
TEXT
  5
1DD5
330
1F
100
AcDbEntity
  8
0
100
AcDbText
 10
2868.805086053638
 20
1880.688790680139
 30
0.0
 40
0.279790875
  1
DETALHE DA PLACA DE
  7
arial
 72
     1
 11
2871.053241996382
 21
1880.828686117639
 31
0.0
100
AcDbText
 73
     2
  0
TEXT
  5
1DD6
330
1F
100
AcDbEntity
  8
0
100
AcDbText
 10
2868.205885175384
 20
1880.21742004749
 30
0.0
 40
0.279790875
  1
ADVERTÊNCIA DE SEGURANÇA
  7
arial
 72
     1
 11
2871.21392336152
 21
1880.35731548499
 31
0.0
100
AcDbText
 73
     2
  0
LWPOLYLINE
  5
1DD7
330
1F
100
AcDbEntity
  8
0
 62
   250
100
AcDbPolyline
 90
        4
 70
     1
 43
0.0
 10
2869.552383056822
 20
1883.694570224383
 10
2872.739912221714
 20
1883.694570224383
 10
2872.739912221714
 20
1881.69172289433
 10
2869.552383056822
 20
1881.69172289433
  0
HATCH
  5
1DD8
330
1F
100
AcDbEntity
  8
0
 62
   250
100
AcDbHatch
 10
0.0
 20
0.0
 30
0.0
210
0.0
220
0.0
230
1.0
  2
SOLID
 70
     1
 71
     0
 91
        1
 92
        1
 93
        4
 72
     1
 10
2869.777416104734
 20
1883.572392612124
 11
2872.485102404856
 21
1883.572392612124
 72
     1
 10
2872.485102404856
 20
1883.572392612124
 11
2872.485102404856
 21
1882.943463684232
 72
     1
 10
2872.485102404856
 20
1882.943463684232
 11
2869.777416104734
 21
1882.943463684232
 72
     1
 10
2869.777416104734
 20
1882.943463684232
 11
2869.777416104734
 21
1883.572392612124
 97
        0
 75
     0
 76
     1
 98
        1
 10
2912.765899521227
 20
1891.040367075074
450
        0
451
        0
460
0.0
461
0.0
452
        0
462
0.0
453
        0
470

1001
ACAD
1010
0.0
1020
0.0
1030
0.0
  0
HATCH
  5
1DD9
330
1F
100
AcDbEntity
  8
0
 62
     2
100
AcDbHatch
 10
0.0
 20
0.0
 30
0.0
210
0.0
220
0.0
230
1.0
  2
SOLID
 70
     1
 71
     1
 91
        2
 92
        7
 72
     0
 73
     1
 93
        4
 10
2869.552383056822
 20
1883.694570224383
 10
2869.552383056822
 20
1881.69172289433
 10
2872.739912221714
 20
1881.69172289433
 10
2872.739912221714
 20
1883.694570224383
 97
        1
330
1DEE
 92
       24
 93
        4
 72
     1
 10
2870.149494310066
 20
1882.949143056407
 11
2872.245761933531
 21
1882.949143056407
 72
     1
 10
2872.245761933531
 20
1882.949143056407
 11
2872.245761933531
 21
1883.571411356544
 72
     1
 10
2872.245761933531
 20
1883.571411356544
 11
2870.149494310066
 21
1883.571411356544
 72
     1
 10
2870.149494310066
 20
1883.571411356544
 11
2870.149494310066
 21
1882.949143056407
 97
        1
330
1DEF
 75
     1
 76
     1
 47
0.4700850936995802
 98
        1
 10
2871.523670814266
 20
1883.630042971435
450
        0
451
        0
460
0.0
461
0.0
452
        0
462
0.0
453
        0
470

1001
GradientColor1ACI
1070
     5
1001
GradientColor2ACI
1070
     2
1001
ACAD
1010
0.0
1020
0.0
1030
0.0
  0
LINE
  5
1DDA
330
1F
100
AcDbEntity
  8
0
 62
   253
100
AcDbLine
 10
2872.806176042486
 20
1883.688609624935
 30
0.0
 11
2873.057564426854
 21
1883.688609624935
 31
0.0
  0
LINE
  5
1DDB
330
1F
100
AcDbEntity
  8
0
 62
   253
100
AcDbLine
 10
2872.93187023467
 20
1883.612933265213
 30
0.0
 11
2872.931877606263
 21
1881.767399254053
 31
0.0
  0
LINE
  5
1DDC
330
1F
100
AcDbEntity
  8
0
 62
   253
100
AcDbLine
 10
2873.057564426854
 20
1881.692276276601
 30
0.0
 11
2872.806176042486
 21
1881.691838332608
 31
0.0
  0
LINE
  5
1DDD
330
1F
100
AcDbEntity
  8
0
 62
   253
100
AcDbLine
 10
2872.93187023467
 20
1883.688609624935
 30
0.0
 11
2872.883178249885
 21
1883.612933265213
 31
0.0
  0
LINE
  5
1DDE
330
1F
100
AcDbEntity
  8
0
 62
   253
100
AcDbLine
 10
2872.98054747627
 20
1883.612933265213
 30
0.0
 11
2872.93187023467
 21
1883.688609624935
 31
0.0
  0
LINE
  5
1DDF
330
1F
100
AcDbEntity
  8
0
 62
   253
100
AcDbLine
 10
2872.883178249885
 20
1883.612933265213
 30
0.0
 11
2872.98054747627
 21
1883.612933265213
 31
0.0
  0
LINE
  5
1DE0
330
1F
100
AcDbEntity
  8
0
 62
   253
100
AcDbLine
 10
2872.93187023467
 20
1881.69172289433
 30
0.0
 11
2872.980562219455
 21
1881.767399254053
 31
0.0
  0
LINE
  5
1DE1
330
1F
100
AcDbEntity
  8
0
 62
   253
100
AcDbLine
 10
2872.88319299307
 20
1881.767399254053
 30
0.0
 11
2872.93187023467
 21
1881.69172289433
 31
0.0
  0
LINE
  5
1DE2
330
1F
100
AcDbEntity
  8
0
 62
   253
100
AcDbLine
 10
2872.980562219455
 20
1881.767399254053
 30
0.0
 11
2872.88319299307
 21
1881.767399254053
 31
0.0
  0
LINE
  5
1DE3
330
1F
100
AcDbEntity
  8
0
 62
   253
100
AcDbLine
 10
2869.552383056822
 20
1881.394864256653
 30
0.0
 11
2869.552383056822
 21
1881.646252641021
 31
0.0
  0
LINE
  5
1DE4
330
1F
100
AcDbEntity
  8
0
 62
   253
100
AcDbLine
 10
2869.628059416545
 20
1881.520558448837
 30
0.0
 11
2872.663901451717
 21
1881.52056582043
 31
0.0
  0
LINE
  5
1DE5
330
1F
100
AcDbEntity
  8
0
 62
   253
100
AcDbLine
 10
2872.739358839443
 20
1881.646252641021
 30
0.0
 11
2872.739796783436
 21
1881.394864256653
 31
0.0
  0
LINE
  5
1DE6
330
1F
100
AcDbEntity
  8
0
 62
   253
100
AcDbLine
 10
2869.552383056822
 20
1881.520558448837
 30
0.0
 11
2869.628059416545
 21
1881.471866464052
 31
0.0
  0
LINE
  5
1DE7
330
1F
100
AcDbEntity
  8
0
 62
   253
100
AcDbLine
 10
2869.628059416545
 20
1881.569235690437
 30
0.0
 11
2869.552383056822
 21
1881.520558448837
 31
0.0
  0
LINE
  5
1DE8
330
1F
100
AcDbEntity
  8
0
 62
   253
100
AcDbLine
 10
2869.628059416545
 20
1881.471866464052
 30
0.0
 11
2869.628059416545
 21
1881.569235690437
 31
0.0
  0
LINE
  5
1DE9
330
1F
100
AcDbEntity
  8
0
 62
   253
100
AcDbLine
 10
2872.739577811439
 20
1881.520558448837
 30
0.0
 11
2872.663901451717
 21
1881.569250433622
 31
0.0
  0
LINE
  5
1DEA
330
1F
100
AcDbEntity
  8
0
 62
   253
100
AcDbLine
 10
2872.663901451717
 20
1881.471881207237
 30
0.0
 11
2872.739577811439
 21
1881.520558448837
 31
0.0
  0
LINE
  5
1DEB
330
1F
100
AcDbEntity
  8
0
 62
   253
100
AcDbLine
 10
2872.663901451717
 20
1881.569250433622
 30
0.0
 11
2872.663901451717
 21
1881.471881207237
 31
0.0
  0
MTEXT
  5
1DEC
330
1F
100
AcDbEntity
  8
0
 62
     3
100
AcDbMText
 10
2870.965422714669
 20
1881.427851603321
 30
0.0
 40
0.1811808
 41
82.59518912139174
 46
0.0
 71
     1
 72
     5
  1
250
 73
     1
 44
1.0
101
Embedded Object
 70
     1
 10
1.0
 20
0.0
 30
0.0
 11
2870.965422714669
 21
1881.427851603321
 31
0.0
 40
82.59518912139174
 41
0.0
 42
0.4027750526603003
 43
0.1850120447476126
 71
     2
 72
     1
 44
82.59518912139174
 45
12.5
 73
     0
 74
     0
 46
0.0
  0
MTEXT
  5
1DED
330
1F
100
AcDbEntity
  8
0
 62
     3
100
AcDbMText
 10
2873.189021468517
 20
1882.897165353036
 30
0.0
 40
0.1811808
 41
82.59518912139174
 46
0.0
 71
     1
 72
     5
  1
150
 11
-0.0000000000000002
 21
-1.0
 31
0.0
 73
     1
 44
1.0
101
Embedded Object
 70
     1
 10
-0.0000000000000002
 20
-1.0
 30
0.0
 11
2873.189021468517
 21
1882.897165353036
 31
0.0
 40
82.59518912139174
 41
0.0
 42
0.382630120600273
 43
0.1850120447476126
 71
     2
 72
     1
 44
82.59518912139174
 45
12.5
 73
     0
 74
     0
 46
0.0
  0
LWPOLYLINE
  5
1DEE
102
{ACAD_REACTORS
330
1DD9
102
}
330
1F
100
AcDbEntity
  8
0
 62
   250
100
AcDbPolyline
 90
        4
 70
     1
 43
0.0
 10
2869.552383056822
 20
1883.694570224383
 10
2872.739912221714
 20
1883.694570224383
 10
2872.739912221714
 20
1881.69172289433
 10
2869.552383056822
 20
1881.69172289433
  0
MTEXT
  5
1DEF
102
{ACAD_REACTORS
330
1DD9
102
}
330
1F
100
AcDbEntity
  8
0
 62
     2
100
AcDbMText
 10
2870.245996361907
 20
1883.421354270596
 30
0.0
 40
0.301968
 41
202.1347572503546
 46
0.0
 71
     1
 72
     5
  1
CUIDADO
 73
     1
 44
1.0
101
Embedded Object
 70
     1
 10
1.0
 20
0.0
 30
0.0
 11
2870.245996361907
 21
1883.421354270596
 31
0.0
 40
202.1347572503546
 41
0.0
 42
1.905323328785811
 43
0.3124730259208732
 71
     2
 72
     1
 44
202.1347572503546
 45
12.5
 73
     0
 74
     0
 46
0.0
  0
MTEXT
  5
1DF0
330
1F
100
AcDbEntity
  8
0
 62
   250
100
AcDbMText
 10
2869.945396097881
 20
1882.833903902716
 30
0.0
 40
0.1811808
 41
632.7657901162855
 46
0.0
 71
     1
 72
     5
  1
RISCO DE CHOQUE
 73
     1
 44
1.0
101
Embedded Object
 70
     1
 10
1.0
 20
0.0
 30
0.0
 11
2869.945396097881
 21
1882.833903902716
 31
0.0
 40
632.7657901162855
 41
0.0
 42
2.371293321691678
 43
0.1984831956343793
 71
     2
 72
     1
 44
632.7657901162855
 45
12.5
 73
     0
 74
     0
 46
0.0
  0
MTEXT
  5
1DF1
102
{ACAD_XDICTIONARY
360
1DF2
102
}
330
1F
100
AcDbEntity
  8
0
 62
   250
100
AcDbMText
 10
2870.479831487051
 20
1882.567452606947
 30
0.0
 40
0.1811808
 41
523.010011733986
 46
0.0
 71
     1
 72
     5
  1
ELÉTRICO
 73
     1
 44
1.0
101
Embedded Object
 70
     1
 10
1.0
 20
0.0
 30
0.0
 11
2870.479831487051
 21
1882.567452606947
 31
0.0
 40
523.010011733986
 41
0.0
 42
1.234402339972715
 43
0.2299982733969987
 71
     2
 72
     1
 44
523.010011733986
 45
12.5
 73
     0
 74
     0
 46
0.0
  0
MTEXT
  5
1DF3
102
{ACAD_XDICTIONARY
360
1DF4
102
}
330
1F
100
AcDbEntity
  8
0
 62
   250
100
AcDbMText
 10
2869.945396097881
 20
1882.270871594271
 30
0.0
 40
0.1811808
 41
624.2886007917039
 46
0.0
 71
     1
 72
     5
  1
GERAÇÃO PRÓPRIA
 73
     1
 44
1.0
101
Embedded Object
 70
     1
 10
1.0
 20
0.0
 30
0.0
 11
2869.945396097881
 21
1882.270871594271
 31
0.0
 40
624.2886007917039
 41
0.0
 42
2.462254487312415
 43
0.2789393353342429
 71
     2
 72
     1
 44
624.2886007917039
 45
12.5
 73
     0
 74
     0
 46
0.0
  0
LWPOLYLINE
  5
1DF5
330
1F
100
AcDbEntity
  8
0
 62
   250
100
AcDbPolyline
 90
        4
 70
     1
 43
0.0
 10
2869.552383056822
 20
1883.694570224383
 10
2872.739912221714
 20
1883.694570224383
 10
2872.739912221714
 20
1881.69172289433
 10
2869.552383056822
 20
1881.69172289433
  0
OLE2FRAME
  5
1DF6
330
1F
100
AcDbEntity
  8
ARQ-FOLHA
 62
     7
 48
0.1
100
AcDbOle2Frame
 70
     2
  1
OLE
1001
ACAD
1000
OLEBEGIN
1070
    70
1070
     1
1070
    71
1070
     1
1070
    40
1040
0.0
1070
    41
1040
10.71416488962677
1070
    42
1040
2.288469877303896
1070
    72
1070
     0
1070
     3
1000

1070
    90
1071
        0
1070
    43
1040
0.0
1070
     4
1000

1070
    91
1071
        0
1070
    44
1040
0.0
1000
OLEEND
  0
OLE2FRAME
  5
1DF7
330
1F
100
AcDbEntity
  8
ARQ-FOLHA
 48
0.1
100
AcDbOle2Frame
 70
     2
  1
OLE
1001
ACAD
1000
OLEBEGIN
1070
    70
1070
     1
1070
    71
1070
     1
1070
    40
1040
0.0
1070
    41
1040
6.699052685550668
1070
    42
1040
4.78572496476363
1070
    72
1070
     0
1070
     3
1000

1070
    90
1071
        0
1070
    43
1040
0.0
1070
     4
1000

1070
    91
1071
        0
1070
    44
1040
0.0
1000
OLEEND
  0
OLE2FRAME
  5
1DF8
330
1F
100
AcDbEntity
  8
ARQ-FOLHA
 48
0.1
100
AcDbOle2Frame
 70
     2
  1
OLE
1001
ACAD
1000
OLEBEGIN
1070
    70
1070
     1
1070
    71
1070
     1
1070
    40
1040
0.0
1070
    41
1040
6.996183040330834
1070
    42
1040
4.774609391565036
1070
    72
1070
     0
1070
     3
1000

1070
    90
1071
        0
1070
    43
1040
0.0
1070
     4
1000

1070
    91
1071
        0
1070
    44
1040
0.0
1000
OLEEND
  0
OLE2FRAME
  5
1DF9
330
1F
100
AcDbEntity
  8
ARQ-FOLHA
 62
     1
 48
0.1
100
AcDbOle2Frame
 70
     2
  1
OLE
1001
ACAD
1000
OLEBEGIN
1070
    70
1070
     1
1070
    71
1070
     1
1070
    40
1040
0.0
1070
    41
1040
8.592227893378094
1070
    42
1040
4.108269437070703
1070
    72
1070
     0
1070
     3
1000

1070
    90
1071
        0
1070
    43
1040
0.0
1070
     4
1000

1070
    91
1071
        0
1070
    44
1040
0.0
1000
OLEEND
  0
TEXT
  5
1DFA
330
1F
100
AcDbEntity
  8
0
100
AcDbText
 10
2853.813196003842
 20
1902.67409636761
 30
0.0
 40
0.55958175
  1
OPERACIONAIS DE SEGURANÇA DA EDP
  7
arial
 72
     1
 11
2861.588748553893
 21
1902.953887242609
 31
0.0
100
AcDbText
 73
     2
  0
TEXT
  5
1DFB
330
1F
100
AcDbEntity
  8
0
100
AcDbText
 10
2847.885102983122
 20
1903.970617590592
 30
0.0
 40
0.55958175
  1
OS CRITÉRIOS PARA  ATENDIMENTOS ADMINISTRATIVOS  E TÉCNICOS 
  7
arial
 72
     1
 11
2861.588748553893
 21
1904.250408465592
 31
0.0
100
AcDbText
 73
     2
  0
TEXT
  5
1DFC
330
1F
100
AcDbEntity
  8
0
100
AcDbText
 10
2846.516685129268
 20
1905.396802120977
 30
0.0
 40
0.55958175
  1
RECOMENDAÇÕES PARA COMPOSIÇÃO DO PROJETO EM QUESTÃO SEGUNDO
  7
arial
 72
     1
 11
2861.588748553893
 21
1905.676592995977
 31
0.0
100
AcDbText
 73
     2
  0
LWPOLYLINE
  5
1DFD
330
1F
100
AcDbEntity
  8
ARQ-FOLHA
 62
     7
 48
0.1
100
AcDbPolyline
 90
        4
 70
     1
 43
0.0
 10
2846.282191746644
 20
1906.287891125023
 10
2876.815508143185
 20
1906.287891125023
 10
2876.815508143185
 20
1902.429701670203
 10
2846.282191746644
 20
1902.429701670203
  0
LWPOLYLINE
  5
1DFE
330
1F
100
AcDbEntity
  8
ARQ-FOLHA
 62
     7
 48
0.1
100
AcDbPolyline
 90
        4
 70
     1
 43
0.0
 10
2846.161564843098
 20
1906.435702262165
 10
2876.93724892906
 20
1906.435702262165
 10
2876.93724892906
 20
1902.247370508695
 10
2846.161564843098
 20
1902.247370508695
  0
LINE
  5
1DFF
330
1F
100
AcDbEntity
  8
ARQ-FOLHA
 62
     7
 48
0.1
100
AcDbLine
 10
2847.248192241322
 20
1938.881251876733
 30
0.0
 11
2847.248192241322
 21
1932.737787524171
 31
0.0
  0
LINE
  5
1E00
330
1F
100
AcDbEntity
  8
ARQ-FOLHA
 62
     7
 48
0.1
100
AcDbLine
 10
2855.849042334909
 20
1937.345385788592
 30
0.0
 11
2855.849042334909
 21
1929.66605534789
 31
0.0
  0
LINE
  5
1E01
330
1F
100
AcDbEntity
  8
ARQ-FOLHA
 62
     7
 48
0.1
100
AcDbLine
 10
2847.248192241322
 20
1932.737787524171
 30
0.0
 11
2857.077735205422
 21
1932.737787524171
 31
0.0
  0
LINE
  5
1E02
330
1F
100
AcDbEntity
  8
ARQ-FOLHA
 62
     7
 48
0.1
100
AcDbLine
 10
2871.942495850987
 20
1929.66605534789
 30
0.0
 11
2871.942495850987
 21
1938.881251876733
 31
0.0
  0
LINE
  5
1E03
330
1F
100
AcDbEntity
  8
ARQ-FOLHA
 62
     7
 48
0.1
100
AcDbLine
 10
2871.942495850987
 20
1938.881251876733
 30
0.0
 11
2847.248192241322
 21
1938.881251876733
 31
0.0
  0
LINE
  5
1E04
330
1F
100
AcDbEntity
  8
ARQ-FOLHA
 62
     7
 48
0.1
100
AcDbLine
 10
2871.942495850987
 20
1937.345385788593
 30
0.0
 11
2847.248192241322
 21
1937.345385788592
 31
0.0
  0
LINE
  5
1E05
330
1F
100
AcDbEntity
  8
ARQ-FOLHA
 62
     7
 48
0.1
100
AcDbLine
 10
2871.942495850987
 20
1935.809519700452
 30
0.0
 11
2847.248192241322
 21
1935.809519700452
 31
0.0
  0
LINE
  5
1E06
330
1F
100
AcDbEntity
  8
ARQ-FOLHA
 62
     7
 48
0.1
100
AcDbLine
 10
2871.942495850987
 20
1934.273653612311
 30
0.0
 11
2847.248192241322
 21
1934.273653612311
 31
0.0
  0
TEXT
  5
1E07
330
1F
100
AcDbEntity
  8
0
 62
     7
100
AcDbText
 10
2853.961946300963
 20
1937.919873196465
 30
0.0
 40
0.6402984108515662
  1
MÓDULOS 
  7
arial
100
AcDbText
1001
ACAD
1000
ACAD_MTEXT_DEFINED_HEIGHT_BEGIN
1070
    46
1040
0.0
1000
ACAD_MTEXT_DEFINED_HEIGHT_END
  0
TEXT
  5
1E08
330
1F
100
AcDbEntity
  8
0
 62
     7
100
AcDbText
 10
2848.019493587647
 20
1936.246252348934
 30
0.0
 40
0.6402984108515662
  1
Fabricante
  7
arial
100
AcDbText
1001
ACAD
1000
ACAD_MTEXT_DEFINED_HEIGHT_BEGIN
1070
    46
1040
0.0
1000
ACAD_MTEXT_DEFINED_HEIGHT_END
  0
TEXT
  5
1E09
330
1F
100
AcDbEntity
  8
0
 62
     7
100
AcDbText
 10
2848.019493587647
 20
1934.745769382451
 30
0.0
 40
0.6402984108515662
  1
Modelo
  7
arial
100
AcDbText
1001
ACAD
1000
ACAD_MTEXT_DEFINED_HEIGHT_BEGIN
1070
    46
1040
0.0
1000
ACAD_MTEXT_DEFINED_HEIGHT_END
  0
TEXT
  5
1E0A
330
1F
100
AcDbEntity
  8
0
 62
     7
100
AcDbText
 10
2848.019493587647
 20
1933.216418768478
 30
0.0
 40
0.6402984108515662
  1
Potência Nominal
  7
arial
100
AcDbText
1001
ACAD
1000
ACAD_MTEXT_DEFINED_HEIGHT_BEGIN
1070
    46
1040
0.0
1000
ACAD_MTEXT_DEFINED_HEIGHT_END
  0
LINE
  5
1E0B
330
1F
100
AcDbEntity
  8
ARQ-FOLHA
 62
     7
 48
0.1
100
AcDbLine
 10
2847.248192241322
 20
1932.737787524171
 30
0.0
 11
2847.248192241322
 21
1929.66605534789
 31
0.0
  0
LINE
  5
1E0C
330
1F
100
AcDbEntity
  8
ARQ-FOLHA
 62
     7
 48
0.1
100
AcDbLine
 10
2871.942495850987
 20
1932.737787524171
 30
0.0
 11
2847.248192241322
 21
1932.737787524171
 31
0.0
  0
LINE
  5
1E0D
330
1F
100
AcDbEntity
  8
ARQ-FOLHA
 62
     7
 48
0.1
100
AcDbLine
 10
2871.942495850987
 20
1931.20192143603
 30
0.0
 11
2847.248192241322
 21
1931.20192143603
 31
0.0
  0
LINE
  5
1E0E
330
1F
100
AcDbEntity
  8
ARQ-FOLHA
 62
     7
 48
0.1
100
AcDbLine
 10
2871.942495850987
 20
1929.66605534789
 30
0.0
 11
2847.248192241322
 21
1929.66605534789
 31
0.0
  0
TEXT
  5
1E0F
330
1F
100
AcDbEntity
  8
0
 62
     7
100
AcDbText
 10
2848.019493587647
 20
1930.102787996372
 30
0.0
 40
0.6402984108515662
  1
Potência Total
  7
arial
100
AcDbText
1001
ACAD
1000
ACAD_MTEXT_DEFINED_HEIGHT_BEGIN
1070
    46
1040
0.0
1000
ACAD_MTEXT_DEFINED_HEIGHT_END
  0
TEXT
  5
1E10
330
1F
100
AcDbEntity
  8
0
 62
     7
100
AcDbText
 10
2848.019493587647
 20
1931.669307807583
 30
0.0
 40
0.6402984108515662
  1
Quantidade
  7
arial
100
AcDbText
1001
ACAD
1000
ACAD_MTEXT_DEFINED_HEIGHT_BEGIN
1070
    46
1040
0.0
1000
ACAD_MTEXT_DEFINED_HEIGHT_END
  0
TEXT
  5
1E11
330
1F
100
AcDbEntity
  8
0
 62
     7
100
AcDbText
 10
2861.892741677018
 20
1936.21349440783
 30
0.0
 40
0.6402984108515662
  1
HELIUS
  7
arial
100
AcDbText
1001
ACAD
1000
ACAD_MTEXT_DEFINED_HEIGHT_BEGIN
1070
    46
1040
0.0
1000
ACAD_MTEXT_DEFINED_HEIGHT_END
  0
TEXT
  5
1E12
330
1F
100
AcDbEntity
  8
0
 62
     7
100
AcDbText
 10
2856.00146418594
 20
1934.745298194263
 30
0.0
 40
0.6402984108515662
  1
HMB132T12R-620CB - Bifacial N-Type 
  7
arial
100
AcDbText
1001
ACAD
1000
ACAD_MTEXT_DEFINED_HEIGHT_BEGIN
1070
    46
1040
0.0
1000
ACAD_MTEXT_DEFINED_HEIGHT_END
  0
TEXT
  5
1E13
330
1F
100
AcDbEntity
  8
0
 62
     7
100
AcDbText
 10
2861.879723573417
 20
1933.302351295667
 30
0.0
 40
0.6402984108515662
  1
620 W
  7
arial
100
AcDbText
1001
ACAD
1000
ACAD_MTEXT_DEFINED_HEIGHT_BEGIN
1070
    46
1040
0.0
1000
ACAD_MTEXT_DEFINED_HEIGHT_END
  0
TEXT
  5
1E14
330
1F
100
AcDbEntity
  8
0
 62
     7
100
AcDbText
 10
2862.747738261617
 20
1931.694269516031
 30
0.0
 40
0.6402984108515662
  1
35
  7
arial
100
AcDbText
1001
ACAD
1000
ACAD_MTEXT_DEFINED_HEIGHT_BEGIN
1070
    46
1040
0.0
1000
ACAD_MTEXT_DEFINED_HEIGHT_END
  0
TEXT
  5
1E15
330
1F
100
AcDbEntity
  8
0
 62
     7
100
AcDbText
 10
2861.366792358593
 20
1930.100963791993
 30
0.0
 40
0.6402984108515662
  1
21,7 KWP
  7
arial
100
AcDbText
1001
ACAD
1000
ACAD_MTEXT_DEFINED_HEIGHT_BEGIN
1070
    46
1040
0.0
1000
ACAD_MTEXT_DEFINED_HEIGHT_END
  0
TEXT
  5
1E16
330
1F
100
AcDbEntity
  8
0
100
AcDbText
 10
2766.650567334948
 20
1902.682952873886
 30
0.0
 40
0.6613012471662975
  1
3#95(95)MM²
  7
arial
100
AcDbText
  0
MTEXT
  5
1E17
102
{ACAD_XDICTIONARY
360
1E18
102
}
330
1F
100
AcDbEntity
  8
0
100
AcDbMText
 10
2865.998258316916
 20
1871.801555978392
 30
0.0
 40
0.1629173469112987
 41
8.112559342390795
 46
0.0
 71
     1
 72
     5
  1
CRG SESMARIA SANTANA, S/N, KM 13, CHAPADÃO  - LINHARES/ES 
  7
arial
 73
     1
 44
1.0
101
Embedded Object
 70
     1
 10
1.0
 20
0.0
 30
0.0
 11
2865.998258316916
 21
1871.801555978392
 31
0.0
 40
8.112559342390795
 41
0.0
 42
7.324723910143662
 43
0.2308180965448618
 71
     2
 72
     1
 44
8.112559342390795
 45
12.5
 73
     0
 74
     0
 46
0.2508215907085956
  0
MTEXT
  5
1E19
330
1F
100
AcDbEntity
  8
0
100
AcDbMText
 10
2865.998258316916
 20
1869.8611193383
 30
0.0
 40
0.2526697942659965
 41
10.04116787255952
 46
0.0
 71
     1
 72
     5
  1
{\H1.33333x;HUMBERTO CALMON FERNANDES}
  7
arial
 73
     1
 44
1.0
101
Embedded Object
 70
     1
 10
1.0
 20
0.0
 30
0.0
 11
2865.998258316916
 21
1869.8611193383
 31
0.0
 40
10.04116787255952
 41
0.0
 42
7.808499750520186
 43
0.3486122052308521
 71
     2
 72
     1
 44
10.04116787255952
 45
19.38634828152799
 73
     0
 74
     0
 46
0.0
  0
MTEXT
  5
1E1A
330
1F
100
AcDbEntity
  8
0
100
AcDbMText
 10
2865.998258316916
 20
1867.667925302791
 30
0.0
 40
0.1629173469112987
 41
6.474380661291888
 46
0.0
 71
     1
 72
     5
  1
ELVIS CEOLIN PESTANA\PCREA ES 39309/D
  7
arial
 73
     1
 44
1.0
101
Embedded Object
 70
     1
 10
1.0
 20
0.0
 30
0.0
 11
2865.998258316916
 21
1867.667925302791
 31
0.0
 40
6.474380661291888
 41
0.0
 42
2.663798639470552
 43
0.4430033087112827
 71
     2
 72
     1
 44
6.474380661291888
 45
12.5
 73
     0
 74
     0
 46
0.0
  0
MTEXT
  5
1E1B
330
1F
100
AcDbEntity
  8
0
100
AcDbMText
 10
2865.998258316916
 20
1865.575575168425
 30
0.0
 40
0.1629173469112987
 41
6.474380661291888
 46
0.0
 71
     1
 72
     5
  1
CRISTIANO FERNANDES PESTANA\PCREA ES 2899/D
  7
arial
 73
     1
 44
1.0
101
Embedded Object
 70
     1
 10
1.0
 20
0.0
 30
0.0
 11
2865.998258316916
 21
1865.575575168425
 31
0.0
 40
6.474380661291888
 41
0.0
 42
3.820778515796289
 43
0.4428921781881509
 71
     2
 72
     1
 44
6.474380661291888
 45
12.5
 73
     0
 74
     0
 46
0.0
  0
TEXT
  5
1E1C
330
1F
100
AcDbEntity
  8
0
100
AcDbText
 10
2865.785306912745
 20
1862.843673770923
 30
0.0
 40
0.1629173469112987
  1
PROJETO DE MICROGERAÇÃO DISTRBUIDA SOLAR FOTOVOLTAICA DE POTÊNCIA 21,7 KWP 
  7
arial
100
AcDbText
  0
TEXT
  5
1E1D
330
1F
100
AcDbEntity
  8
0
100
AcDbText
 10
2874.345845896643
 20
1859.761537020255
 30
0.0
 40
0.2147908979801766
  1
17/06/2026
  7
arial
100
AcDbText
  0
LINE
  5
1E1F
330
1F
100
AcDbEntity
  8
0
 62
     7
 48
0.1
100
AcDbLine
 10
2826.975547808983
 20
1934.990806760724
 30
0.0
 11
2826.975547808983
 21
1929.559606154339
 31
0.0
  0
HATCH
  5
1E20
330
1F
100
AcDbEntity
  8
0
 62
     1
 48
0.1
100
AcDbHatch
 10
0.0
 20
0.0
 30
0.0
210
0.0
220
0.0
230
0.9999999999999998
  2
ANSI31
 70
     0
 71
     1
 91
        1
 92
        1
 93
        4
 72
     1
 10
2826.49872652888
 20
1936.804377818442
 11
2827.452369089086
 21
1936.804377818442
 72
     1
 10
2827.452369089086
 20
1936.804377818442
 11
2827.452369089086
 21
1934.990806760724
 72
     1
 10
2827.452369089086
 20
1934.990806760724
 11
2826.49872652888
 21
1934.990806760724
 72
     1
 10
2826.49872652888
 20
1934.990806760724
 11
2826.49872652888
 21
1936.804377818442
 97
        1
330
1E21
 75
     0
 76
     1
 52
0.0
 41
0.1165285502666546
 77
     0
 78
     1
 53
44.99999999999997
 43
1068.690618521273
 44
2054.791664779579
 45
-0.2616140567028598
 46
0.2616140567028597
 79
     0
 98
        1
 10
1068.690618521273
 20
2054.791664779579
1001
ACAD
1010
0.0
1020
0.0
1030
0.0
  0
LWPOLYLINE
  5
1E21
102
{ACAD_REACTORS
330
1E20
102
}
330
1F
100
AcDbEntity
  8
0
 62
     1
 48
0.1
100
AcDbPolyline
 90
        4
 70
     1
 43
0.0
 10
2826.49872652888
 20
1936.804377818442
 10
2827.452369089086
 20
1936.804377818442
 10
2827.452369089086
 20
1934.990806760724
 10
2826.49872652888
 20
1934.990806760724
  0
TEXT
  5
1E22
330
1F
100
AcDbEntity
  8
0
 62
     7
100
AcDbText
 10
2829.313116287564
 20
1933.701950436643
 30
0.0
 40
0.6797664247725553
  1
Dispositivo de Seccionamento Visível
  7
arial
100
AcDbText
  0
LINE
  5
1E23
330
1F
100
AcDbEntity
  8
0
 62
     7
 48
0.1
100
AcDbLine
 10
2845.342745396692
 20
1933.362445459707
 30
0.0
 11
2829.080730390105
 21
1933.362445459707
 31
0.0
  0
LINE
  5
1E24
330
1F
100
AcDbEntity
  8
0
 62
     7
 48
0.1
100
AcDbLine
 10
2827.957920072333
 20
1934.485255777478
 30
0.0
 11
2829.080730390105
 21
1933.362445459707
 31
0.0
  0
HATCH
  5
1E25
330
1F
100
AcDbEntity
  8
0
 62
     7
 48
0.1
100
AcDbHatch
 10
0.0
 20
0.0
 30
0.0
210
0.0
220
0.0
230
0.9999999999999998
  2
SOLID
 70
     1
 71
     0
 91
        1
 92
        7
 72
     0
 73
     1
 93
        3
 10
2827.655894616031
 20
1934.183230321177
 10
2828.259945528632
 20
1934.787281233778
 10
2827.452369089085
 20
1934.990806760725
 97
        0
 75
     0
 76
     1
 47
0.0132666009269585
 98
        1
 10
2827.724715947506
 20
1934.639130106807
450
        0
451
        0
460
0.0
461
0.0
452
        1
462
1.0
453
        2
463
0.0
 63
     5
421
      255
463
1.0
 63
     7
421
 16777215
470
LINEAR
1001
ACAD
1010
0.0
1020
0.0
1030
0.0
  0
LINE
  5
1E26
330
1F
100
AcDbEntity
  8
0
 62
     7
 48
0.1
100
AcDbLine
 10
2827.452369089086
 20
1934.990806760724
 30
0.0
 11
2827.655894616031
 21
1934.183230321177
 31
0.0
  0
LINE
  5
1E27
330
1F
100
AcDbEntity
  8
0
 62
     7
 48
0.1
100
AcDbLine
 10
2827.655894616031
 20
1934.183230321177
 30
0.0
 11
2828.259945528632
 21
1934.787281233779
 31
0.0
  0
LINE
  5
1E28
330
1F
100
AcDbEntity
  8
0
 62
     7
 48
0.1
100
AcDbLine
 10
2827.452369089087
 20
1934.990806760725
 30
0.0
 11
2828.259945528634
 21
1934.787281233778
 31
0.0
  0
LWPOLYLINE
  5
1E29
330
1F
100
AcDbEntity
  8
0
  6
HIDDEN2
 62
     7
100
AcDbPolyline
 90
        5
 70
     0
 43
0.0
 10
2843.310936793726
 20
1932.294516690667
 10
2843.310936793726
 20
1901.965083141639
 10
2810.45440845036
 20
1901.965083141639
 10
2810.45440845036
 20
1932.294516690667
 10
2843.310936793726
 20
1932.294516690667
  0
TEXT
  5
1E2A
330
1F
100
AcDbEntity
  8
0
100
AcDbText
 10
2813.808231505055
 20
1910.891667791249
 30
0.0
 40
0.8739641269999093
  1
PROJETO ELÉTRICO INTERNO APÓS 
  7
arial
 72
     1
 11
2824.866023871806
 21
1911.328649854749
 31
0.0
100
AcDbText
 73
     2
  0
TEXT
  5
1E2B
330
1F
100
AcDbEntity
  8
0
100
AcDbText
 10
2813.784293111225
 20
1909.553075817123
 30
0.0
 40
0.8739641269999093
  1
O DISPOTIVO DE SECCIONAMENTO 
  7
arial
 72
     1
 11
2824.502574857017
 21
1909.990057880623
 31
0.0
100
AcDbText
 73
     2
  0
TEXT
  5
1E2C
330
1F
100
AcDbEntity
  8
0
100
AcDbText
 10
2813.885494641772
 20
1906.786706877461
 30
0.0
 40
0.8739641269999093
  1
DE CONEXÃO PARA GERAÇÃO
  7
arial
 72
     1
 11
2823.010550514844
 21
1907.22368894096
 31
0.0
100
AcDbText
 73
     2
  0
TEXT
  5
1E2D
330
1F
100
AcDbEntity
  8
0
100
AcDbText
 10
2813.812502688709
 20
1905.408372435008
 30
0.0
 40
0.8739641269999093
  1
DISTRIBUÍDA DE INTEIRA RESPONSABILIDADE
  7
arial
 72
     1
 11
2827.618572426177
 21
1905.845354498509
 31
0.0
100
AcDbText
 73
     2
  0
TEXT
  5
1E2E
330
1F
100
AcDbEntity
  8
0
100
AcDbText
 10
2813.798017781986
 20
1904.098652732301
 30
0.0
 40
0.8739641269999093
  1
DO PROFISSIONAL QUE O ELABOROU.
  7
arial
 72
     1
 11
2825.263580587257
 21
1904.535634795801
 31
0.0
100
AcDbText
 73
     2
  0
TEXT
  5
1E2F
330
1F
100
AcDbEntity
  8
0
100
AcDbText
 10
2813.858911100216
 20
1908.165041319912
 30
0.0
 40
0.8739641269999093
  1
VISÍVEL (DSV) DAS INSTALAÇÕES 
  7
arial
 72
     1
 11
2824.036181628237
 21
1908.602023383412
 31
0.0
100
AcDbText
 73
     2
  0
LWPOLYLINE
  5
1E30
330
1F
100
AcDbEntity
  8
0
 62
     7
 48
0.1
100
AcDbPolyline
 90
        4
 70
     1
 43
0.0
 10
2813.196797439661
 20
1912.578787311269
 10
2841.99769385796
 20
1912.578787311269
 10
2841.99769385796
 20
1903.286671929355
 10
2813.196797439661
 20
1903.286671929355
  0
TEXT
  5
1E31
330
1F
100
AcDbEntity
  8
0
 62
     7
100
AcDbText
 10
2829.337475309007
 20
1934.960797333551
 30
0.0
 40
0.6797664247725553
  1
DISJUNTOR 200 A
  7
arial
100
AcDbText
  0
LINE
  5
1E32
330
1F
100
AcDbEntity
  8
0
100
AcDbLine
 10
2817.445059949742
 20
1929.559606154339
 30
0.0
 11
2836.278396822403
 21
1929.559606154339
 31
0.0
  0
LINE
  5
1E33
330
1F
100
AcDbEntity
  8
0
100
AcDbLine
 10
2820.822303414323
 20
1929.559606154339
 30
0.0
 11
2820.822303414323
 21
1927.480222945583
 31
0.0
  0
LINE
  5
1E34
330
1F
100
AcDbEntity
  8
0
100
AcDbLine
 10
2820.822303414323
 20
1926.835656504033
 30
0.0
 11
2820.822303414323
 21
1924.585535961508
 31
0.0
  0
LINE
  5
1E35
330
1F
100
AcDbEntity
  8
0
100
AcDbLine
 10
2822.544872658677
 20
1929.559606154339
 30
0.0
 11
2822.544872658677
 21
1927.480222945583
 31
0.0
  0
LINE
  5
1E36
330
1F
100
AcDbEntity
  8
0
100
AcDbLine
 10
2822.544872658677
 20
1926.835656504033
 30
0.0
 11
2822.544872658677
 21
1924.585535961508
 31
0.0
  0
LINE
  5
1E37
330
1F
100
AcDbEntity
  8
0
100
AcDbLine
 10
2824.314314127457
 20
1929.559606154339
 30
0.0
 11
2824.314314127457
 21
1927.480222945583
 31
0.0
  0
LINE
  5
1E38
330
1F
100
AcDbEntity
  8
0
100
AcDbLine
 10
2824.314314127457
 20
1926.835656504033
 30
0.0
 11
2824.314314127457
 21
1924.585535961508
 31
0.0
  0
LINE
  5
1E39
330
1F
100
AcDbEntity
  8
0
100
AcDbLine
 10
2825.99478010191
 20
1929.559606154339
 30
0.0
 11
2825.99478010191
 21
1927.480222945583
 31
0.0
  0
LINE
  5
1E3A
330
1F
100
AcDbEntity
  8
0
100
AcDbLine
 10
2825.99478010191
 20
1926.835656504033
 30
0.0
 11
2825.99478010191
 21
1924.585535961508
 31
0.0
  0
LINE
  5
1E3B
330
1F
100
AcDbEntity
  8
0
100
AcDbLine
 10
2827.755266658833
 20
1929.559606154339
 30
0.0
 11
2827.755266658833
 21
1927.480222945583
 31
0.0
  0
LINE
  5
1E3C
330
1F
100
AcDbEntity
  8
0
100
AcDbLine
 10
2827.755266658833
 20
1926.835656504033
 30
0.0
 11
2827.755266658833
 21
1924.585535961508
 31
0.0
  0
TEXT
  5
1E3D
330
1F
100
AcDbEntity
  8
0
100
AcDbText
 10
2828.03811099188
 20
1914.869677204119
 30
0.0
 40
0.459280113853635
  1
Ar Condicionado - 4 x 12000 BTU
 50
90.0
  7
arial
100
AcDbText
  0
LINE
  5
1E3E
330
1F
100
AcDbEntity
  8
0
100
AcDbLine
 10
2829.475743861815
 20
1929.559606154339
 30
0.0
 11
2829.475743861815
 21
1927.480222945583
 31
0.0
  0
LINE
  5
1E3F
330
1F
100
AcDbEntity
  8
0
100
AcDbLine
 10
2829.475743861815
 20
1926.835656504033
 30
0.0
 11
2829.475743861815
 21
1924.585535961508
 31
0.0
  0
TEXT
  5
1E40
330
1F
100
AcDbEntity
  8
0
100
AcDbText
 10
2829.758588194863
 20
1918.623752482964
 30
0.0
 40
0.459280113853635
  1
Freezer - 02 x 400W
 50
90.0
  7
arial
100
AcDbText
  0
LINE
  5
1E41
330
1F
100
AcDbEntity
  8
0
100
AcDbLine
 10
2831.236232293326
 20
1929.559606154339
 30
0.0
 11
2831.236232293326
 21
1927.480222945583
 31
0.0
  0
LINE
  5
1E42
330
1F
100
AcDbEntity
  8
0
100
AcDbLine
 10
2831.236232293326
 20
1926.835656504033
 30
0.0
 11
2831.236232293326
 21
1924.585535961508
 31
0.0
  0
TEXT
  5
1E43
330
1F
100
AcDbEntity
  8
0
100
AcDbText
 10
2831.519076626373
 20
1919.165245140062
 30
0.0
 40
0.459280113853635
  1
Iluminação - 500W
 50
90.0
  7
arial
100
AcDbText
  0
LINE
  5
1E44
330
1F
100
AcDbEntity
  8
0
100
AcDbLine
 10
2832.952055629986
 20
1929.559606154339
 30
0.0
 11
2832.952055629986
 21
1927.428474409041
 31
0.0
  0
LINE
  5
1E45
330
1F
100
AcDbEntity
  8
0
100
AcDbLine
 10
2832.952055629986
 20
1926.887405040575
 30
0.0
 11
2832.952055629986
 21
1924.585535961508
 31
0.0
  0
TEXT
  5
1E46
330
1F
100
AcDbEntity
  8
0
100
AcDbText
 10
2833.234899963033
 20
1918.904676203236
 30
0.0
 40
0.459280113853635
  1
Bomba - 01 x 7 CV
 50
90.0
  7
arial
100
AcDbText
  0
CIRCLE
  5
1E47
330
1F
100
AcDbEntity
  8
0
100
AcDbCircle
 10
2820.822303414323
 20
1927.428474409041
 30
0.0
 40
0.0517485365423519
  0
CIRCLE
  5
1E48
330
1F
100
AcDbEntity
  8
0
100
AcDbCircle
 10
2820.822303414323
 20
1926.887405040575
 30
0.0
 40
0.0517485365423519
  0
CIRCLE
  5
1E49
330
1F
100
AcDbEntity
  8
0
100
AcDbCircle
 10
2822.544872658677
 20
1927.428474409041
 30
0.0
 40
0.0517485365423519
  0
CIRCLE
  5
1E4A
330
1F
100
AcDbEntity
  8
0
100
AcDbCircle
 10
2822.544872658677
 20
1926.887405040575
 30
0.0
 40
0.0517485365423519
  0
CIRCLE
  5
1E4B
330
1F
100
AcDbEntity
  8
0
100
AcDbCircle
 10
2824.314314127457
 20
1927.428474409041
 30
0.0
 40
0.0517485365423519
  0
CIRCLE
  5
1E4C
330
1F
100
AcDbEntity
  8
0
100
AcDbCircle
 10
2824.314314127457
 20
1926.887405040575
 30
0.0
 40
0.0517485365423519
  0
CIRCLE
  5
1E4D
330
1F
100
AcDbEntity
  8
0
100
AcDbCircle
 10
2825.99478010191
 20
1927.428474409041
 30
0.0
 40
0.0517485365423519
  0
CIRCLE
  5
1E4E
330
1F
100
AcDbEntity
  8
0
100
AcDbCircle
 10
2825.99478010191
 20
1926.887405040575
 30
0.0
 40
0.0517485365423519
  0
CIRCLE
  5
1E4F
330
1F
100
AcDbEntity
  8
0
100
AcDbCircle
 10
2827.755266658833
 20
1927.428474409041
 30
0.0
 40
0.0517485365423519
  0
CIRCLE
  5
1E50
330
1F
100
AcDbEntity
  8
0
100
AcDbCircle
 10
2827.755266658833
 20
1926.887405040575
 30
0.0
 40
0.0517485365423519
  0
CIRCLE
  5
1E51
330
1F
100
AcDbEntity
  8
0
100
AcDbCircle
 10
2829.475743861815
 20
1927.428474409041
 30
0.0
 40
0.0517485365423519
  0
CIRCLE
  5
1E52
330
1F
100
AcDbEntity
  8
0
100
AcDbCircle
 10
2829.475743861815
 20
1926.887405040575
 30
0.0
 40
0.0517485365423519
  0
CIRCLE
  5
1E53
330
1F
100
AcDbEntity
  8
0
100
AcDbCircle
 10
2831.236232293326
 20
1927.428474409041
 30
0.0
 40
0.0517485365423519
  0
CIRCLE
  5
1E54
330
1F
100
AcDbEntity
  8
0
100
AcDbCircle
 10
2831.236232293326
 20
1926.887405040575
 30
0.0
 40
0.0517485365423519
  0
CIRCLE
  5
1E55
330
1F
100
AcDbEntity
  8
0
100
AcDbCircle
 10
2832.952055629986
 20
1927.428474409041
 30
0.0
 40
0.0517485365423519
  0
CIRCLE
  5
1E56
330
1F
100
AcDbEntity
  8
0
100
AcDbCircle
 10
2832.952055629986
 20
1926.887405040575
 30
0.0
 40
0.0517485365423519
  0
ARC
  5
1E57
330
1F
100
AcDbEntity
  8
0
100
AcDbCircle
 10
2820.836854682299
 20
1927.15689359857
 30
0.0
 40
0.2836510398771852
100
AcDbArc
 50
108.2329070619657
 51
251.8181154596037
  0
LINE
  5
1E58
330
1F
100
AcDbEntity
  8
0
100
AcDbLine
 10
2820.416166705866
 20
1927.180139000576
 30
0.0
 11
2820.734366948343
 21
1927.180139000576
 31
0.0
  0
LINE
  5
1E59
330
1F
100
AcDbEntity
  8
0
100
AcDbLine
 10
2820.416166705866
 20
1927.110621525012
 30
0.0
 11
2820.734366948343
 21
1927.110621525012
 31
0.0
  0
LINE
  5
1E5A
330
1F
100
AcDbEntity
  8
0
100
AcDbLine
 10
2820.416166705866
 20
1927.244691926138
 30
0.0
 11
2820.734366948343
 21
1927.244691926138
 31
0.0
  0
ARC
  5
1E5B
330
1F
100
AcDbEntity
  8
0
100
AcDbCircle
 10
2822.56608996529
 20
1927.15689359857
 30
0.0
 40
0.2836510398771852
100
AcDbArc
 50
108.2329070619657
 51
251.8181154596037
  0
LINE
  5
1E5C
330
1F
100
AcDbEntity
  8
0
100
AcDbLine
 10
2822.145401988856
 20
1927.180139000576
 30
0.0
 11
2822.463602231334
 21
1927.180139000576
 31
0.0
  0
LINE
  5
1E5D
330
1F
100
AcDbEntity
  8
0
100
AcDbLine
 10
2822.145401988856
 20
1927.110621525012
 30
0.0
 11
2822.463602231334
 21
1927.110621525012
 31
0.0
  0
LINE
  5
1E5E
330
1F
100
AcDbEntity
  8
0
100
AcDbLine
 10
2822.145401988856
 20
1927.244691926138
 30
0.0
 11
2822.463602231334
 21
1927.244691926138
 31
0.0
  0
ARC
  5
1E5F
330
1F
100
AcDbEntity
  8
0
100
AcDbCircle
 10
2824.326542779609
 20
1927.15689359857
 30
0.0
 40
0.2836510398771852
100
AcDbArc
 50
108.2329070619657
 51
251.8181154596037
  0
LINE
  5
1E60
330
1F
100
AcDbEntity
  8
0
100
AcDbLine
 10
2823.905854803176
 20
1927.180139000576
 30
0.0
 11
2824.224055045653
 21
1927.180139000576
 31
0.0
  0
LINE
  5
1E61
330
1F
100
AcDbEntity
  8
0
100
AcDbLine
 10
2823.905854803176
 20
1927.110621525012
 30
0.0
 11
2824.224055045653
 21
1927.110621525012
 31
0.0
  0
LINE
  5
1E62
330
1F
100
AcDbEntity
  8
0
100
AcDbLine
 10
2823.905854803176
 20
1927.244691926138
 30
0.0
 11
2824.224055045653
 21
1927.244691926138
 31
0.0
  0
ARC
  5
1E63
330
1F
100
AcDbEntity
  8
0
100
AcDbCircle
 10
2826.012960574273
 20
1927.15689359857
 30
0.0
 40
0.2836510398771852
100
AcDbArc
 50
108.2329070619657
 51
251.8181154596037
  0
LINE
  5
1E64
330
1F
100
AcDbEntity
  8
0
100
AcDbLine
 10
2825.59227259784
 20
1927.180139000576
 30
0.0
 11
2825.910472840317
 21
1927.180139000576
 31
0.0
  0
LINE
  5
1E65
330
1F
100
AcDbEntity
  8
0
100
AcDbLine
 10
2825.59227259784
 20
1927.110621525012
 30
0.0
 11
2825.910472840317
 21
1927.110621525012
 31
0.0
  0
LINE
  5
1E66
330
1F
100
AcDbEntity
  8
0
100
AcDbLine
 10
2825.59227259784
 20
1927.244691926138
 30
0.0
 11
2825.910472840317
 21
1927.244691926138
 31
0.0
  0
ARC
  5
1E67
330
1F
100
AcDbEntity
  8
0
100
AcDbCircle
 10
2827.7870472747
 20
1927.15689359857
 30
0.0
 40
0.2836510398771852
100
AcDbArc
 50
108.2329070619657
 51
251.8181154596037
  0
LINE
  5
1E68
330
1F
100
AcDbEntity
  8
0
100
AcDbLine
 10
2827.366359298268
 20
1927.180139000576
 30
0.0
 11
2827.684559540744
 21
1927.180139000576
 31
0.0
  0
LINE
  5
1E69
330
1F
100
AcDbEntity
  8
0
100
AcDbLine
 10
2827.366359298268
 20
1927.110621525012
 30
0.0
 11
2827.684559540744
 21
1927.110621525012
 31
0.0
  0
LINE
  5
1E6A
330
1F
100
AcDbEntity
  8
0
100
AcDbLine
 10
2827.366359298268
 20
1927.244691926138
 30
0.0
 11
2827.684559540744
 21
1927.244691926138
 31
0.0
  0
ARC
  5
1E6B
330
1F
100
AcDbEntity
  8
0
100
AcDbCircle
 10
2829.49908882699
 20
1927.15689359857
 30
0.0
 40
0.2836510398771852
100
AcDbArc
 50
108.2329070619657
 51
251.8181154596037
  0
LINE
  5
1E6C
330
1F
100
AcDbEntity
  8
0
100
AcDbLine
 10
2829.078400850557
 20
1927.180139000576
 30
0.0
 11
2829.396601093034
 21
1927.180139000576
 31
0.0
  0
LINE
  5
1E6D
330
1F
100
AcDbEntity
  8
0
100
AcDbLine
 10
2829.078400850557
 20
1927.110621525012
 30
0.0
 11
2829.396601093034
 21
1927.110621525012
 31
0.0
  0
LINE
  5
1E6E
330
1F
100
AcDbEntity
  8
0
100
AcDbLine
 10
2829.078400850557
 20
1927.244691926138
 30
0.0
 11
2829.396601093034
 21
1927.244691926138
 31
0.0
  0
ARC
  5
1E6F
330
1F
100
AcDbEntity
  8
0
100
AcDbCircle
 10
2831.258225679802
 20
1927.15689359857
 30
0.0
 40
0.2836510398771852
100
AcDbArc
 50
108.2329070619657
 51
251.8181154596037
  0
LINE
  5
1E70
330
1F
100
AcDbEntity
  8
0
100
AcDbLine
 10
2830.837537703369
 20
1927.180139000576
 30
0.0
 11
2831.155737945846
 21
1927.180139000576
 31
0.0
  0
LINE
  5
1E71
330
1F
100
AcDbEntity
  8
0
100
AcDbLine
 10
2830.837537703369
 20
1927.110621525012
 30
0.0
 11
2831.155737945846
 21
1927.110621525012
 31
0.0
  0
LINE
  5
1E72
330
1F
100
AcDbEntity
  8
0
100
AcDbLine
 10
2830.837537703369
 20
1927.244691926138
 30
0.0
 11
2831.155737945846
 21
1927.244691926138
 31
0.0
  0
ARC
  5
1E73
330
1F
100
AcDbEntity
  8
0
100
AcDbCircle
 10
2832.967036178852
 20
1927.15689359857
 30
0.0
 40
0.2836510398771852
100
AcDbArc
 50
108.2329070619657
 51
251.8181154596037
  0
LINE
  5
1E74
330
1F
100
AcDbEntity
  8
0
100
AcDbLine
 10
2832.54634820242
 20
1927.180139000576
 30
0.0
 11
2832.864548444897
 21
1927.180139000576
 31
0.0
  0
LINE
  5
1E75
330
1F
100
AcDbEntity
  8
0
100
AcDbLine
 10
2832.54634820242
 20
1927.110621525012
 30
0.0
 11
2832.864548444897
 21
1927.110621525012
 31
0.0
  0
LINE
  5
1E76
330
1F
100
AcDbEntity
  8
0
100
AcDbLine
 10
2832.54634820242
 20
1927.244691926138
 30
0.0
 11
2832.864548444897
 21
1927.244691926138
 31
0.0
  0
TEXT
  5
1E77
330
1F
100
AcDbEntity
  8
0
100
AcDbText
 10
2820.314456370909
 20
1926.485044549125
 30
0.0
 40
0.459280113853635
  1
63 A
 50
90.0
  7
arial
100
AcDbText
  0
TEXT
  5
1E78
330
1F
100
AcDbEntity
  8
0
100
AcDbText
 10
2821.968669691571
 20
1926.497193044667
 30
0.0
 40
0.459280113853635
  1
63 A
 50
90.0
  7
arial
100
AcDbText
  0
TEXT
  5
1E79
330
1F
100
AcDbEntity
  8
0
100
AcDbText
 10
2823.77099520134
 20
1926.497193044667
 30
0.0
 40
0.459280113853635
  1
63 A
 50
90.0
  7
arial
100
AcDbText
  0
TEXT
  5
1E7A
330
1F
100
AcDbEntity
  8
0
100
AcDbText
 10
2825.555690201161
 20
1926.497193044667
 30
0.0
 40
0.459280113853635
  1
63 A
 50
90.0
  7
arial
100
AcDbText
  0
TEXT
  5
1E7B
330
1F
100
AcDbEntity
  8
0
100
AcDbText
 10
2827.269536982699
 20
1926.497193044667
 30
0.0
 40
0.459280113853635
  1
20 A
 50
90.0
  7
arial
100
AcDbText
  0
TEXT
  5
1E7C
330
1F
100
AcDbEntity
  8
0
100
AcDbText
 10
2829.017795595294
 20
1926.497193044667
 30
0.0
 40
0.459280113853635
  1
63 A
 50
90.0
  7
arial
100
AcDbText
  0
TEXT
  5
1E7D
330
1F
100
AcDbEntity
  8
0
100
AcDbText
 10
2830.747810707327
 20
1926.497193044667
 30
0.0
 40
0.459280113853635
  1
20 A
 50
90.0
  7
arial
100
AcDbText
  0
TEXT
  5
1E7E
330
1F
100
AcDbEntity
  8
0
100
AcDbText
 10
2832.496587444769
 20
1926.497193044667
 30
0.0
 40
0.459280113853635
  1
20 A
 50
90.0
  7
arial
100
AcDbText
  0
TEXT
  5
1E7F
330
1F
100
AcDbEntity
  8
0
100
AcDbText
 10
2826.284211027639
 20
1919.075621470875
 30
0.0
 40
0.459280113853635
  1
Tomadas - 1000W
 50
90.0
  7
arial
100
AcDbText
  0
TEXT
  5
1E80
330
1F
100
AcDbEntity
  8
0
100
AcDbText
 10
2824.507089434595
 20
1918.8435414355
 30
0.0
 40
0.459280113853635
  1
Microondas - 600W
 50
90.0
  7
arial
100
AcDbText
  0
TEXT
  5
1E81
330
1F
100
AcDbEntity
  8
0
100
AcDbText
 10
2822.823500717821
 20
1916.975200847133
 30
0.0
 40
0.459280113853635
  1
Maquina de Lavar - 500W
 50
90.0
  7
arial
100
AcDbText
  0
TEXT
  5
1E82
330
1F
100
AcDbEntity
  8
0
100
AcDbText
 10
2821.093145562911
 20
1915.93060864354
 30
0.0
 40
0.459280113853635
  1
Chuveiro Elétrico - 2 x 4500W
 50
90.0
  7
arial
100
AcDbText
  0
LINE
  5
1E83
330
1F
100
AcDbEntity
  8
0
100
AcDbLine
 10
2819.072908409246
 20
1929.559606154339
 30
0.0
 11
2819.072908409246
 21
1927.480222945583
 31
0.0
  0
LINE
  5
1E84
330
1F
100
AcDbEntity
  8
0
100
AcDbLine
 10
2819.072908409246
 20
1926.835656504033
 30
0.0
 11
2819.072908409246
 21
1924.585535961508
 31
0.0
  0
TEXT
  5
1E85
330
1F
100
AcDbEntity
  8
0
100
AcDbText
 10
2819.355752742294
 20
1917.55972891572
 30
0.0
 40
0.459280113853635
  1
Computador - 1 x 400W
 50
90.0
  7
arial
100
AcDbText
  0
CIRCLE
  5
1E86
330
1F
100
AcDbEntity
  8
0
100
AcDbCircle
 10
2819.072908409246
 20
1927.428474409041
 30
0.0
 40
0.0517485365423519
  0
CIRCLE
  5
1E87
330
1F
100
AcDbEntity
  8
0
100
AcDbCircle
 10
2819.072908409246
 20
1926.887405040575
 30
0.0
 40
0.0517485365423519
  0
ARC
  5
1E88
330
1F
100
AcDbEntity
  8
0
100
AcDbCircle
 10
2819.104689025114
 20
1927.15689359857
 30
0.0
 40
0.2836510398771852
100
AcDbArc
 50
108.2329070619657
 51
251.8181154596037
  0
LINE
  5
1E89
330
1F
100
AcDbEntity
  8
0
100
AcDbLine
 10
2818.68400104868
 20
1927.180139000576
 30
0.0
 11
2819.002201291158
 21
1927.180139000576
 31
0.0
  0
LINE
  5
1E8A
330
1F
100
AcDbEntity
  8
0
100
AcDbLine
 10
2818.68400104868
 20
1927.110621525012
 30
0.0
 11
2819.002201291158
 21
1927.110621525012
 31
0.0
  0
LINE
  5
1E8B
330
1F
100
AcDbEntity
  8
0
100
AcDbLine
 10
2818.68400104868
 20
1927.244691926138
 30
0.0
 11
2819.002201291158
 21
1927.244691926138
 31
0.0
  0
TEXT
  5
1E8C
330
1F
100
AcDbEntity
  8
0
100
AcDbText
 10
2818.587178733112
 20
1926.497193044667
 30
0.0
 40
0.459280113853635
  1
20 A
 50
90.0
  7
arial
100
AcDbText
  0
LINE
  5
1E8D
330
1F
100
AcDbEntity
  8
0
100
AcDbLine
 10
2834.616022102975
 20
1929.559606154339
 30
0.0
 11
2834.616022102975
 21
1927.480222945583
 31
0.0
  0
LINE
  5
1E8E
330
1F
100
AcDbEntity
  8
0
100
AcDbLine
 10
2834.616022102975
 20
1926.835656504033
 30
0.0
 11
2834.616022102975
 21
1924.585535961508
 31
0.0
  0
TEXT
  5
1E8F
330
1F
100
AcDbEntity
  8
0
100
AcDbText
 10
2834.898866436022
 20
1915.787880045178
 30
0.0
 40
0.459280113853635
  1
Impressora a laser - 3 x 600W
 50
90.0
  7
arial
100
AcDbText
  0
CIRCLE
  5
1E90
330
1F
100
AcDbEntity
  8
0
100
AcDbCircle
 10
2834.616022102975
 20
1927.428474409041
 30
0.0
 40
0.0517485365423519
  0
CIRCLE
  5
1E91
330
1F
100
AcDbEntity
  8
0
100
AcDbCircle
 10
2834.616022102975
 20
1926.887405040575
 30
0.0
 40
0.0517485365423519
  0
ARC
  5
1E92
330
1F
100
AcDbEntity
  8
0
100
AcDbCircle
 10
2834.647802718843
 20
1927.15689359857
 30
0.0
 40
0.2836510398771852
100
AcDbArc
 50
108.2329070619657
 51
251.8181154596037
  0
LINE
  5
1E93
330
1F
100
AcDbEntity
  8
0
100
AcDbLine
 10
2834.227114742409
 20
1927.180139000576
 30
0.0
 11
2834.545314984886
 21
1927.180139000576
 31
0.0
  0
LINE
  5
1E94
330
1F
100
AcDbEntity
  8
0
100
AcDbLine
 10
2834.227114742409
 20
1927.110621525012
 30
0.0
 11
2834.545314984886
 21
1927.110621525012
 31
0.0
  0
LINE
  5
1E95
330
1F
100
AcDbEntity
  8
0
100
AcDbLine
 10
2834.227114742409
 20
1927.244691926138
 30
0.0
 11
2834.545314984886
 21
1927.244691926138
 31
0.0
  0
TEXT
  5
1E96
330
1F
100
AcDbEntity
  8
0
100
AcDbText
 10
2834.130292426841
 20
1926.497193044667
 30
0.0
 40
0.459280113853635
  1
20 A
 50
90.0
  7
arial
100
AcDbText
  0
LINE
  5
1E97
330
1F
100
AcDbEntity
  8
0
100
AcDbLine
 10
2817.445059949742
 20
1929.559606154339
 30
0.0
 11
2817.445059949742
 21
1927.480222945583
 31
0.0
  0
LINE
  5
1E98
330
1F
100
AcDbEntity
  8
0
100
AcDbLine
 10
2817.445059949742
 20
1926.835656504033
 30
0.0
 11
2817.445059949742
 21
1924.585535961508
 31
0.0
  0
TEXT
  5
1E99
330
1F
100
AcDbEntity
  8
0
100
AcDbText
 10
2817.72790428279
 20
1916.281173099489
 30
0.0
 40
0.459280113853635
  1
Luminárias Externas - 500W
 50
90.0
  7
arial
100
AcDbText
  0
CIRCLE
  5
1E9A
330
1F
100
AcDbEntity
  8
0
100
AcDbCircle
 10
2817.445059949742
 20
1927.428474409041
 30
0.0
 40
0.0517485365423519
  0
CIRCLE
  5
1E9B
330
1F
100
AcDbEntity
  8
0
100
AcDbCircle
 10
2817.445059949742
 20
1926.887405040575
 30
0.0
 40
0.0517485365423519
  0
ARC
  5
1E9C
330
1F
100
AcDbEntity
  8
0
100
AcDbCircle
 10
2817.476840565611
 20
1927.15689359857
 30
0.0
 40
0.2836510398771852
100
AcDbArc
 50
108.2329070619657
 51
251.8181154596037
  0
LINE
  5
1E9D
330
1F
100
AcDbEntity
  8
0
100
AcDbLine
 10
2817.056152589177
 20
1927.180139000576
 30
0.0
 11
2817.374352831655
 21
1927.180139000576
 31
0.0
  0
LINE
  5
1E9E
330
1F
100
AcDbEntity
  8
0
100
AcDbLine
 10
2817.056152589177
 20
1927.110621525012
 30
0.0
 11
2817.374352831655
 21
1927.110621525012
 31
0.0
  0
LINE
  5
1E9F
330
1F
100
AcDbEntity
  8
0
100
AcDbLine
 10
2817.056152589177
 20
1927.244691926138
 30
0.0
 11
2817.374352831655
 21
1927.244691926138
 31
0.0
  0
TEXT
  5
1EA0
330
1F
100
AcDbEntity
  8
0
100
AcDbText
 10
2816.959330273608
 20
1926.497193044667
 30
0.0
 40
0.459280113853635
  1
20 A
 50
90.0
  7
arial
100
AcDbText
  0
LINE
  5
1EA1
330
1F
100
AcDbEntity
  8
0
100
AcDbLine
 10
2836.278396822403
 20
1929.559606154339
 30
0.0
 11
2836.278396822403
 21
1927.531971482126
 31
0.0
  0
LINE
  5
1EA2
330
1F
100
AcDbEntity
  8
0
100
AcDbLine
 10
2836.278396822403
 20
1926.887405040575
 30
0.0
 11
2836.278396822403
 21
1924.63728449805
 31
0.0
  0
TEXT
  5
1EA3
330
1F
100
AcDbEntity
  8
0
100
AcDbText
 10
2836.428369442543
 20
1914.578649358959
 30
0.0
 40
0.459280113853635
  1
Sistema e Equipamentos - 1500W
 50
90.0
  7
arial
100
AcDbText
  0
CIRCLE
  5
1EA4
330
1F
100
AcDbEntity
  8
0
100
AcDbCircle
 10
2836.278396822403
 20
1927.480222945583
 30
0.0
 40
0.0517485365423519
  0
CIRCLE
  5
1EA5
330
1F
100
AcDbEntity
  8
0
100
AcDbCircle
 10
2836.278396822403
 20
1926.939153577117
 30
0.0
 40
0.0517485365423519
  0
ARC
  5
1EA6
330
1F
100
AcDbEntity
  8
0
100
AcDbCircle
 10
2836.310177438271
 20
1927.208642135113
 30
0.0
 40
0.2836510398771852
100
AcDbArc
 50
108.2329070619657
 51
251.8181154596037
  0
LINE
  5
1EA7
330
1F
100
AcDbEntity
  8
0
100
AcDbLine
 10
2835.889489461837
 20
1927.231887537118
 30
0.0
 11
2836.207689704315
 21
1927.231887537118
 31
0.0
  0
LINE
  5
1EA8
330
1F
100
AcDbEntity
  8
0
100
AcDbLine
 10
2835.889489461837
 20
1927.162370061554
 30
0.0
 11
2836.207689704315
 21
1927.162370061554
 31
0.0
  0
LINE
  5
1EA9
330
1F
100
AcDbEntity
  8
0
100
AcDbLine
 10
2835.889489461837
 20
1927.29644046268
 30
0.0
 11
2836.207689704315
 21
1927.29644046268
 31
0.0
  0
TEXT
  5
1EAA
330
1F
100
AcDbEntity
  8
0
100
AcDbText
 10
2835.792667146268
 20
1926.548941581209
 30
0.0
 40
0.459280113853635
  1
20 A
 50
90.0
  7
arial
100
AcDbText
  0
LINE
  5
1F25
330
1F
100
AcDbEntity
  8
0
100
AcDbLine
 10
2772.468451227175
 20
1890.14779449185
 30
0.0
 11
2772.468451227175
 21
1886.025900550455
 31
0.0
  0
LINE
  5
1F26
330
1F
100
AcDbEntity
  8
0
100
AcDbLine
 10
2772.468451227175
 20
1886.025900550455
 30
0.0
 11
2769.816142475614
 21
1886.025900550455
 31
0.0
  0
LINE
  5
1F27
330
1F
100
AcDbEntity
  8
0
100
AcDbLine
 10
2769.816142475614
 20
1886.025900550455
 30
0.0
 11
2769.816142475614
 21
1882.814879667755
 31
0.0
  0
LINE
  5
1F28
330
1F
100
AcDbEntity
  8
0
100
AcDbLine
 10
2769.816142475614
 20
1882.814879667755
 30
0.0
 11
2775.270955463208
 21
1882.814879667755
 31
0.0
  0
LINE
  5
1F29
330
1F
100
AcDbEntity
  8
0
100
AcDbLine
 10
2775.270955463208
 20
1882.814879667755
 30
0.0
 11
2775.270955463208
 21
1886.025900550455
 31
0.0
  0
LINE
  5
1F2A
330
1F
100
AcDbEntity
  8
0
100
AcDbLine
 10
2775.270955463208
 20
1886.025900550455
 30
0.0
 11
2769.816142475614
 21
1882.814879667755
 31
0.0
  0
LINE
  5
1F2B
330
1F
100
AcDbEntity
  8
0
100
AcDbLine
 10
2772.543548969409
 20
1882.814879667755
 30
0.0
 11
2772.543548969409
 21
1878.268250146883
 31
0.0
  0
CIRCLE
  5
1F2C
330
1F
100
AcDbEntity
  8
0
100
AcDbCircle
 10
2772.416753444142
 20
1876.274641785742
 30
0.0
 40
2.048432941076809
  0
TEXT
  5
1F2D
330
1F
100
AcDbEntity
  8
0
100
AcDbText
 10
2770.830444879204
 20
1884.917112053418
 30
0.0
 40
0.7483858312299723
  1
CA
  7
arial
100
AcDbText
  0
TEXT
  5
1F2E
330
1F
100
AcDbEntity
  8
0
100
AcDbText
 10
2773.365298234751
 20
1883.515304707246
 30
0.0
 40
0.7483858312299723
  1
CC
  7
arial
100
AcDbText
  0
TEXT
  5
1F2F
330
1F
100
AcDbEntity
  8
0
100
AcDbText
 10
2772.079238633546
 20
1875.868185904849
 30
0.0
 40
0.7483858312299723
  1
G
  7
arial
100
AcDbText
  0
LINE
  5
1F30
330
1F
100
AcDbEntity
  8
0
100
AcDbLine
 10
2772.468451227175
 20
1886.025900550455
 30
0.0
 11
2775.270955463208
 21
1886.025900550455
 31
0.0
  0
TEXT
  5
1F31
330
1F
100
AcDbEntity
  8
0
100
AcDbText
 10
2775.704654316988
 20
1883.516212327351
 30
0.0
 40
0.6613012471662975
  1
Marca
  7
arial
100
AcDbText
  0
TEXT
  5
1F32
330
1F
100
AcDbEntity
  8
0
100
AcDbText
 10
2775.67378831202
 20
1882.577504786067
 30
0.0
 40
0.6613012471662975
  1
Modelo
  7
arial
100
AcDbText
  0
TEXT
  5
1F33
330
1F
100
AcDbEntity
  8
0
100
AcDbText
 10
2775.67378831202
 20
1881.684458266999
 30
0.0
 40
0.6613012471662975
  1
Quantidade
  7
arial
100
AcDbText
  0
TEXT
  5
1F34
330
1F
100
AcDbEntity
  8
0
 62
     1
 48
0.1
100
AcDbText
 10
2778.895086201382
 20
1882.505464114547
 30
0.0
 40
0.6613012471662975
  1
CSI-5K-S22003-E
  7
arial
100
AcDbText
  0
TEXT
  5
1F35
330
1F
100
AcDbEntity
  8
0
 62
     1
 48
0.1
100
AcDbText
 10
2780.563561870125
 20
1881.608433584933
 30
0.0
 40
0.6613012471662975
  1
01
  7
arial
100
AcDbText
  0
TEXT
  5
1F36
330
1F
100
AcDbEntity
  8
0
 62
     1
 48
0.1
100
AcDbText
 10
2778.475626141999
 20
1883.456482013708
 30
0.0
 40
0.6613012471662975
  1
CANADIAN
  7
arial
100
AcDbText
  0
TEXT
  5
1F37
330
1F
100
AcDbEntity
  8
0
100
AcDbText
 10
2775.735520321957
 20
1884.454919868635
 30
0.0
 40
0.6613012471662975
  1
Inversor 
  7
arial
100
AcDbText
  0
TEXT
  5
1F38
330
1F
100
AcDbEntity
  8
0
100
AcDbText
 10
2769.995935862251
 20
1872.119194711964
 30
0.0
 40
0.6613012471662975
  1
Marca
  7
arial
100
AcDbText
  0
TEXT
  5
1F39
330
1F
100
AcDbEntity
  8
0
100
AcDbText
 10
2769.995935862251
 20
1871.270001206008
 30
0.0
 40
0.6613012471662975
  1
Modelo
  7
arial
100
AcDbText
  0
TEXT
  5
1F3A
330
1F
100
AcDbEntity
  8
0
100
AcDbText
 10
2769.995935862251
 20
1870.37695468694
 30
0.0
 40
0.6613012471662975
  1
Quantidade
  7
arial
100
AcDbText
  0
TEXT
  5
1F3B
330
1F
100
AcDbEntity
  8
0
 62
     1
 48
0.1
100
AcDbText
 10
2772.854187858652
 20
1872.014488470026
 30
0.0
 40
0.6613012471662975
  1
HELIUS
  7
arial
100
AcDbText
  0
TEXT
  5
1F3C
330
1F
100
AcDbEntity
  8
0
 62
     1
 48
0.1
100
AcDbText
 10
2773.217233751614
 20
1871.197960534488
 30
0.0
 40
0.6613012471662975
  1
HMB132T12R-620CB - Bifacial N-Type 
  7
arial
100
AcDbText
  0
TEXT
  5
1F3D
330
1F
100
AcDbEntity
  8
0
 62
     1
 48
0.1
100
AcDbText
 10
2774.885709420356
 20
1870.300930004874
 30
0.0
 40
0.6613012471662975
  1
12
  7
arial
100
AcDbText
  0
TEXT
  5
1F3E
330
1F
100
AcDbEntity
  8
0
100
AcDbText
 10
2769.995935862251
 20
1872.96838821792
 30
0.0
 40
0.6613012471662975
  1
Gerador 
  7
arial
100
AcDbText
  0
TEXT
  5
1F3F
330
1F
100
AcDbEntity
  8
0
100
AcDbText
 10
2772.772126603187
 20
1887.261660367649
 30
0.0
 40
0.6613012471662975
  1
2#6(6)MM²
  7
arial
100
AcDbText
  0
HATCH
  5
1F40
330
1F
100
AcDbEntity
  8
0
 62
     7
 48
0.1
100
AcDbHatch
 10
0.0
 20
0.0
 30
0.0
210
0.0
220
0.0
230
1.0
  2
ANSI31
 70
     0
 71
     1
 91
        1
 92
        1
 93
        4
 72
     1
 10
2771.711716916578
 20
1893.102964643104
 11
2773.265654390876
 21
1893.102964643104
 72
     1
 10
2773.265654390876
 20
1893.102964643104
 11
2773.265654390876
 21
1890.14779449185
 72
     1
 10
2773.265654390876
 20
1890.14779449185
 11
2771.711716916578
 21
1890.14779449185
 72
     1
 10
2771.711716916578
 20
1890.14779449185
 11
2771.711716916578
 21
1893.102964643104
 97
        1
330
1F41
 75
     0
 76
     1
 52
0.0
 41
0.1898804527407118
 77
     0
 78
     1
 53
45.0
 43
-92.59405721343595
 44
2085.360393526951
 45
-0.4262937744990398
 46
0.42629377449904
 79
     0
 98
        1
 10
-92.59405721343595
 20
2085.360393526951
1001
ACAD
1010
0.0
1020
0.0
1030
0.0
  0
LWPOLYLINE
  5
1F41
102
{ACAD_REACTORS
330
1F40
102
}
330
1F
100
AcDbEntity
  8
0
 62
     7
 48
0.1
100
AcDbPolyline
 90
        4
 70
     1
 43
0.0
 10
2771.711716916578
 20
1893.102964643104
 10
2773.265654390876
 20
1893.102964643104
 10
2773.265654390876
 20
1890.14779449185
 10
2771.711716916578
 20
1890.14779449185
  0
TEXT
  5
1F42
330
1F
100
AcDbEntity
  8
0
100
AcDbText
 10
2773.529560294121
 20
1891.540687682548
 30
0.0
 40
0.5753754423749839
  1
Dispositivo de Proteção 50A
  7
arial
100
AcDbText
  0
LINE
  5
1F43
330
1F
100
AcDbEntity
  8
ARQ-FOLHA
 62
     7
 48
0.1
100
AcDbLine
 10
2851.337013628429
 20
1917.935370414308
 30
0.0
 11
2851.337013628429
 21
1910.256039973606
 31
0.0
  0
LINE
  5
1F44
330
1F
100
AcDbEntity
  8
ARQ-FOLHA
 62
     7
 48
0.1
100
AcDbLine
 10
2859.937863722015
 20
1916.399504326168
 30
0.0
 11
2859.937863722015
 21
1910.256039973606
 31
0.0
  0
LINE
  5
1F45
330
1F
100
AcDbEntity
  8
ARQ-FOLHA
 62
     7
 48
0.1
100
AcDbLine
 10
2851.337013628429
 20
1911.791906061746
 30
0.0
 11
2861.166556592528
 21
1911.791906061746
 31
0.0
  0
LINE
  5
1F46
330
1F
100
AcDbEntity
  8
ARQ-FOLHA
 62
     7
 48
0.1
100
AcDbLine
 10
2868.326198892683
 20
1910.256039973606
 30
0.0
 11
2868.326198892683
 21
1917.935370414308
 31
0.0
  0
LINE
  5
1F47
330
1F
100
AcDbEntity
  8
ARQ-FOLHA
 62
     7
 48
0.1
100
AcDbLine
 10
2868.326198892683
 20
1917.935370414308
 30
0.0
 11
2851.337013628429
 21
1917.935370414308
 31
0.0
  0
LINE
  5
1F48
330
1F
100
AcDbEntity
  8
ARQ-FOLHA
 62
     7
 48
0.1
100
AcDbLine
 10
2868.326198892683
 20
1916.399504326168
 30
0.0
 11
2851.337013628429
 21
1916.399504326168
 31
0.0
  0
LINE
  5
1F49
330
1F
100
AcDbEntity
  8
ARQ-FOLHA
 62
     7
 48
0.1
100
AcDbLine
 10
2868.326198892683
 20
1914.863638238027
 30
0.0
 11
2851.337013628429
 21
1914.863638238027
 31
0.0
  0
LINE
  5
1F4A
330
1F
100
AcDbEntity
  8
ARQ-FOLHA
 62
     7
 48
0.1
100
AcDbLine
 10
2868.326198892683
 20
1913.327772149887
 30
0.0
 11
2851.337013628429
 21
1913.327772149887
 31
0.0
  0
TEXT
  5
1F4B
330
1F
100
AcDbEntity
  8
0
 62
     7
100
AcDbText
 10
2857.175354551701
 20
1916.97399173404
 30
0.0
 40
0.6402984108515662
  1
INVERSOR 02
  7
arial
100
AcDbText
1001
ACAD
1000
ACAD_MTEXT_DEFINED_HEIGHT_BEGIN
1070
    46
1040
0.0
1000
ACAD_MTEXT_DEFINED_HEIGHT_END
  0
TEXT
  5
1F4C
330
1F
100
AcDbEntity
  8
0
 62
     7
100
AcDbText
 10
2852.108314974753
 20
1915.300370886509
 30
0.0
 40
0.6402984108515662
  1
Fabricante
  7
arial
100
AcDbText
1001
ACAD
1000
ACAD_MTEXT_DEFINED_HEIGHT_BEGIN
1070
    46
1040
0.0
1000
ACAD_MTEXT_DEFINED_HEIGHT_END
  0
TEXT
  5
1F4D
330
1F
100
AcDbEntity
  8
0
 62
     7
100
AcDbText
 10
2852.108314974753
 20
1913.799887920026
 30
0.0
 40
0.6402984108515662
  1
Modelo
  7
arial
100
AcDbText
1001
ACAD
1000
ACAD_MTEXT_DEFINED_HEIGHT_BEGIN
1070
    46
1040
0.0
1000
ACAD_MTEXT_DEFINED_HEIGHT_END
  0
TEXT
  5
1F4E
330
1F
100
AcDbEntity
  8
0
 62
     7
100
AcDbText
 10
2852.108314974753
 20
1912.270537306054
 30
0.0
 40
0.6402984108515662
  1
Potência Nominal
  7
arial
100
AcDbText
1001
ACAD
1000
ACAD_MTEXT_DEFINED_HEIGHT_BEGIN
1070
    46
1040
0.0
1000
ACAD_MTEXT_DEFINED_HEIGHT_END
  0
LINE
  5
1F50
330
1F
100
AcDbEntity
  8
ARQ-FOLHA
 62
     7
 48
0.1
100
AcDbLine
 10
2868.326198892683
 20
1911.791906061746
 30
0.0
 11
2851.337013628429
 21
1911.791906061746
 31
0.0
  0
LINE
  5
1F51
330
1F
100
AcDbEntity
  8
ARQ-FOLHA
 62
     7
 48
0.1
100
AcDbLine
 10
2868.326198892683
 20
1910.256039973605
 30
0.0
 11
2851.337013628429
 21
1910.256039973606
 31
0.0
  0
TEXT
  5
1F52
330
1F
100
AcDbEntity
  8
0
 62
     7
100
AcDbText
 10
2852.108314974753
 20
1910.723426345158
 30
0.0
 40
0.6402984108515662
  1
Quantidade
  7
arial
100
AcDbText
1001
ACAD
1000
ACAD_MTEXT_DEFINED_HEIGHT_BEGIN
1070
    46
1040
0.0
1000
ACAD_MTEXT_DEFINED_HEIGHT_END
  0
TEXT
  5
1F53
330
1F
100
AcDbEntity
  8
0
 62
     7
100
AcDbText
 10
2861.890989919379
 20
1915.404646970259
 30
0.0
 40
0.6402984108515662
  1
CANADIAN
  7
arial
100
AcDbText
1001
ACAD
1000
ACAD_MTEXT_DEFINED_HEIGHT_BEGIN
1070
    46
1040
0.0
1000
ACAD_MTEXT_DEFINED_HEIGHT_END
  0
TEXT
  5
1F54
330
1F
100
AcDbEntity
  8
0
 62
     7
100
AcDbText
 10
2860.16764232417
 20
1913.856832343334
 30
0.0
 40
0.6402984108515662
  1
CSI-9K-S22002-ED
  7
arial
100
AcDbText
1001
ACAD
1000
ACAD_MTEXT_DEFINED_HEIGHT_BEGIN
1070
    46
1040
0.0
1000
ACAD_MTEXT_DEFINED_HEIGHT_END
  0
TEXT
  5
1F55
330
1F
100
AcDbEntity
  8
0
 62
     7
100
AcDbText
 10
2862.340887525715
 20
1912.386386785327
 30
0.0
 40
0.6402984108515662
  1
9000 W
  7
arial
100
AcDbText
1001
ACAD
1000
ACAD_MTEXT_DEFINED_HEIGHT_BEGIN
1070
    46
1040
0.0
1000
ACAD_MTEXT_DEFINED_HEIGHT_END
  0
TEXT
  5
1F56
330
1F
100
AcDbEntity
  8
0
 62
     7
100
AcDbText
 10
2863.806029861106
 20
1910.799853420109
 30
0.0
 40
0.6402984108515662
  1
1
  7
arial
100
AcDbText
1001
ACAD
1000
ACAD_MTEXT_DEFINED_HEIGHT_BEGIN
1070
    46
1040
0.0
1000
ACAD_MTEXT_DEFINED_HEIGHT_END
  0
TEXT
  5
1F57
330
1F
100
AcDbEntity
  8
0
100
AcDbText
 10
2772.830163145056
 20
1879.378627367152
 30
0.0
 40
0.6613012471662975
  1
2#4MM²
  7
arial
100
AcDbText
  0
MTEXT
  5
1F58
330
1F
100
AcDbEntity
  8
0
100
AcDbMText
 10
2867.428819780475
 20
1860.93436728219
 30
0.0
 40
0.1629173469112987
 41
6.474380661291888
 46
0.0
 71
     1
 72
     5
  1
0820260084318\P0820260084320
  7
arial
 73
     1
 44
1.0
101
Embedded Object
 70
     1
 10
1.0
 20
0.0
 30
0.0
 11
2867.428819780475
 21
1860.93436728219
 31
0.0
 40
6.474380661291888
 41
0.0
 42
1.626061814465295
 43
0.4386692183091405
 71
     2
 72
     1
 44
6.474380661291888
 45
12.5
 73
     0
 74
     0
 46
0.0
  0
MTEXT
  5
1F7C
330
1F
100
AcDbEntity
  8
0
100
AcDbMText
 10
2867.428819780475
 20
1859.926508181069
 30
0.0
 40
0.1629173469112987
 41
6.474380661291888
 46
0.0
 71
     1
 72
     5
  1
SEM ESCALA
  7
arial
 73
     1
 44
1.0
101
Embedded Object
 70
     1
 10
1.0
 20
0.0
 30
0.0
 11
2867.428819780475
 21
1859.926508181069
 31
0.0
 40
6.474380661291888
 41
0.0
 42
1.444696800714108
 43
0.1684738730678914
 71
     2
 72
     1
 44
6.474380661291888
 45
12.5
 73
     0
 74
     0
 46
0.0
  0
TEXT
  5
2351
330
1F
100
AcDbEntity
  8
0
 62
     1
 48
0.1
100
AcDbText
 10
2779.333662620252
 20
1884.227089205422
 30
0.0
 40
0.6613012471662975
  1
01
  7
arial
100
AcDbText
  0
LINE
  5
29C2
330
1F
100
AcDbEntity
  8
0
 62
     7
 48
0.1
100
AcDbLine
 10
2820.844398830433
 20
1892.150042790595
 30
0.0
 11
2820.844398830433
 21
1888.539433562769
 31
0.0
  0
HATCH
  5
29C4
330
1F
100
AcDbEntity
  8
0
 62
     1
 48
0.1
100
AcDbHatch
 10
0.0
 20
0.0
 30
0.0
210
0.0
220
0.0
230
1.0
  2
ANSI31
 70
     0
 71
     1
 91
        1
 92
        1
 93
        4
 72
     1
 10
2820.278849152299
 20
1894.301088833974
 11
2821.409948508566
 21
1894.301088833974
 72
     1
 10
2821.409948508566
 20
1894.301088833974
 11
2821.409948508566
 21
1892.150042790595
 72
     1
 10
2821.409948508566
 20
1892.150042790595
 11
2820.278849152299
 21
1892.150042790595
 72
     1
 10
2820.278849152299
 20
1892.150042790595
 11
2820.278849152299
 21
1894.301088833974
 97
        1
330
29C5
 75
     0
 76
     1
 52
0.0
 41
0.1382125480692203
 77
     0
 78
     1
 53
44.99999999999998
 43
735.372299911648
 44
2034.243819893073
 45
-0.3102960202017951
 46
0.310296020201795
 79
     0
 98
        1
 10
735.372299911648
 20
2034.243819893073
1001
ACAD
1010
0.0
1020
0.0
1030
0.0
  0
LWPOLYLINE
  5
29C5
102
{ACAD_REACTORS
330
29C4
102
}
330
1F
100
AcDbEntity
  8
0
 62
     1
 48
0.1
100
AcDbPolyline
 90
        4
 70
     1
 43
0.0
 10
2820.278849152299
 20
1894.301088833974
 10
2821.409948508566
 20
1894.301088833974
 10
2821.409948508566
 20
1892.150042790595
 10
2820.278849152299
 20
1892.150042790595
  0
TEXT
  5
29C6
330
1F
100
AcDbEntity
  8
0
 62
     7
100
AcDbText
 10
2823.616949376816
 20
1890.621352042802
 30
0.0
 40
0.806259491298279
  1
Dispositivo de Seccionamento Visível
  7
arial
100
AcDbText
  0
LINE
  5
29C7
330
1F
100
AcDbEntity
  8
0
 62
     7
 48
0.1
100
AcDbLine
 10
2842.629422103091
 20
1890.218670915841
 30
0.0
 11
2823.341320383322
 21
1890.218670915841
 31
0.0
  0
LINE
  5
29C8
330
1F
100
AcDbEntity
  8
0
 62
     7
 48
0.1
100
AcDbLine
 10
2822.009574003036
 20
1891.550417296127
 30
0.0
 11
2823.341320383322
 21
1890.218670915841
 31
0.0
  0
HATCH
  5
29C9
330
1F
100
AcDbEntity
  8
0
 62
     7
 48
0.1
100
AcDbHatch
 10
0.0
 20
0.0
 30
0.0
210
0.0
220
0.0
230
1.0
  2
SOLID
 70
     1
 71
     0
 91
        1
 92
        7
 72
     0
 73
     1
 93
        3
 10
2821.65134670336
 20
1891.19218999645
 10
2822.367801302709
 20
1891.9086445958
 10
2821.409948508565
 20
1892.150042790596
 97
        0
 75
     0
 76
     1
 47
0.0132666009269585
 98
        1
 10
2821.732974523862
 20
1891.732925042857
450
        0
451
        0
460
0.0
461
0.0
452
        1
462
1.0
453
        2
463
0.0
 63
     5
421
      255
463
1.0
 63
     7
421
 16777215
470
LINEAR
1001
ACAD
1010
0.0
1020
0.0
1030
0.0
  0
LINE
  5
29CA
330
1F
100
AcDbEntity
  8
0
 62
     7
 48
0.1
100
AcDbLine
 10
2821.409948508566
 20
1892.150042790595
 30
0.0
 11
2821.65134670336
 21
1891.192189996451
 31
0.0
  0
LINE
  5
29CB
330
1F
100
AcDbEntity
  8
0
 62
     7
 48
0.1
100
AcDbLine
 10
2821.65134670336
 20
1891.192189996451
 30
0.0
 11
2822.367801302709
 21
1891.908644595802
 31
0.0
  0
LINE
  5
29CC
330
1F
100
AcDbEntity
  8
0
 62
     7
 48
0.1
100
AcDbLine
 10
2821.409948508567
 20
1892.150042790596
 30
0.0
 11
2822.367801302711
 21
1891.9086445958
 31
0.0
  0
LWPOLYLINE
  5
29CD
330
1F
100
AcDbEntity
  8
0
  6
HIDDEN2
 62
     7
100
AcDbPolyline
 90
        5
 70
     0
 43
0.0
 10
2860.406480329853
 20
1889.988519195422
 10
2860.406480329853
 20
1861.867234876269
 10
2809.464270687049
 20
1861.867234876269
 10
2809.464270687049
 20
1889.988519195423
 10
2860.406480329853
 20
1889.988519195422
  0
TEXT
  5
29CE
330
1F
100
AcDbEntity
  8
0
 62
     7
100
AcDbText
 10
2823.645841201304
 20
1892.114449115172
 30
0.0
 40
0.806259491298279
  1
DISJUNTOR 200A
  7
arial
100
AcDbText
  0
LINE
  5
29CF
330
1F
100
AcDbEntity
  8
0
100
AcDbLine
 10
2844.908050683486
 20
1881.786836172897
 30
0.0
 11
2843.14410676568
 21
1881.786836172897
 31
0.0
  0
LINE
  5
29D0
330
1F
100
AcDbEntity
  8
0
100
AcDbLine
 10
2843.14410676568
 20
1881.786836172897
 30
0.0
 11
2843.14410676568
 21
1879.651315279014
 31
0.0
  0
LINE
  5
29D1
330
1F
100
AcDbEntity
  8
0
100
AcDbLine
 10
2846.771883579588
 20
1879.651315279014
 30
0.0
 11
2846.771883579588
 21
1881.786836172897
 31
0.0
  0
LINE
  5
29D2
330
1F
100
AcDbEntity
  8
0
100
AcDbLine
 10
2846.771883579588
 20
1881.786836172897
 30
0.0
 11
2843.14410676568
 21
1879.651315279014
 31
0.0
  0
TEXT
  5
29D3
330
1F
100
AcDbEntity
  8
0
100
AcDbText
 10
2843.81867851551
 20
1881.049425521015
 30
0.0
 40
0.497721328406367
  1
CA
  7
arial
100
AcDbText
  0
TEXT
  5
29D4
330
1F
100
AcDbEntity
  8
0
100
AcDbText
 10
2845.504507571579
 20
1880.11713981304
 30
0.0
 40
0.497721328406367
  1
CC
  7
arial
100
AcDbText
  0
TEXT
  5
29D5
330
1F
100
AcDbEntity
  8
0
100
AcDbText
 10
2847.255006067014
 20
1880.432570696369
 30
0.0
 40
0.7366620886434991
  1
Marca
  7
arial
100
AcDbText
  0
LINE
  5
29D6
330
1F
100
AcDbEntity
  8
0
100
AcDbLine
 10
2844.908050683486
 20
1881.786836172897
 30
0.0
 11
2846.771883579588
 21
1881.786836172897
 31
0.0
  0
TEXT
  5
29D7
330
1F
100
AcDbEntity
  8
0
100
AcDbText
 10
2847.220622621064
 20
1879.386889532223
 30
0.0
 40
0.7366620886434991
  1
Modelo
  7
arial
100
AcDbText
  0
TEXT
  5
29D8
330
1F
100
AcDbEntity
  8
0
 62
     1
 48
0.1
100
AcDbText
 10
2850.341753447168
 20
1880.3660336109
 30
0.0
 40
0.7366620886434991
  1
CANADIAN
  7
arial
100
AcDbText
  0
TEXT
  5
29D9
330
1F
100
AcDbEntity
  8
0
100
AcDbText
 10
2847.289389512963
 20
1881.478251860514
 30
0.0
 40
0.7366620886434991
  1
Inversor 
  7
arial
100
AcDbText
  0
TEXT
  5
29DA
330
1F
100
AcDbEntity
  8
0
100
AcDbText
 10
2811.760359060562
 20
1886.954510375218
 30
0.0
 40
0.3143475927657841
  1
Cargas Internas
  7
arial
100
AcDbText
  0
LINE
  5
29DB
330
1F
100
AcDbEntity
  8
0
100
AcDbLine
 10
2820.844398830433
 20
1889.390322423965
 30
0.0
 11
2813.460259409239
 21
1889.390322423965
 31
0.0
  0
LINE
  5
29DC
330
1F
100
AcDbEntity
  8
0
100
AcDbLine
 10
2813.46025940924
 20
1889.390322423965
 30
0.0
 11
2813.46025940924
 21
1887.855934104209
 31
0.0
  0
LWPOLYLINE
  5
29DD
330
1F
100
AcDbEntity
  8
0
 62
     1
 48
0.1
100
AcDbPolyline
 90
        4
 70
     1
 43
0.0
 10
2810.364655836806
 20
1887.855934104209
 10
2816.555862981673
 20
1887.855934104209
 10
2816.555862981673
 20
1885.913171838852
 10
2810.364655836806
 20
1885.913171838852
  0
TEXT
  5
29DE
330
1F
100
AcDbEntity
  8
0
100
AcDbText
 10
2810.890575898631
 20
1886.454361383243
 30
0.0
 40
0.3143475927657841
  1
(Quadro de Distribuição)
  7
arial
100
AcDbText
  0
LINE
  5
29DF
330
1F
100
AcDbEntity
  8
0
 62
     2
100
AcDbLine
 10
2813.460259409239
 20
1885.913171838852
 30
0.0
 11
2813.460259409239
 21
1885.538661489967
 31
0.0
  0
LINE
  5
29E0
330
1F
100
AcDbEntity
  8
0
 62
     3
100
AcDbLine
 10
2813.460259409239
 20
1885.538661489967
 30
0.0
 11
2814.184872364727
 21
1885.538661489967
 31
0.0
  0
LINE
  5
29E1
330
1F
100
AcDbEntity
  8
0
 62
     3
100
AcDbLine
 10
2814.184872364727
 20
1885.538661489967
 30
0.0
 11
2814.184872364727
 21
1885.035171374905
 31
0.0
  0
CIRCLE
  5
29E6
330
1F
100
AcDbEntity
  8
0
 62
     3
100
AcDbCircle
 10
2813.460259409239
 20
1885.538661489967
 30
0.0
 40
0.0349667670230231
  0
LINE
  5
29EA
330
1F
100
AcDbEntity
  8
0
100
AcDbLine
 10
2843.14410676568
 20
1879.651315279014
 30
0.0
 11
2846.771883579588
 21
1879.651315279014
 31
0.0
  0
LINE
  5
29EB
330
1F
100
AcDbEntity
  8
0
100
AcDbLine
 10
2844.824966602977
 20
1876.58228525135
 30
0.0
 11
2844.824966602976
 21
1872.016193432456
 31
0.0
  0
LINE
  5
29EC
330
1F
100
AcDbEntity
  8
0
100
AcDbLine
 10
2844.824966602977
 20
1871.322648737366
 30
0.0
 11
2844.824966602977
 21
1868.923298238752
 31
0.0
  0
LINE
  5
29ED
330
1F
100
AcDbEntity
  8
0
100
AcDbLine
 10
2845.469681273712
 20
1874.975981079499
 30
0.0
 11
2844.180251932241
 21
1874.975981079499
 31
0.0
  0
LINE
  5
29EE
330
1F
100
AcDbEntity
  8
0
100
AcDbLine
 10
2845.469681273712
 20
1874.661489421241
 30
0.0
 11
2844.180251932241
 21
1874.661489421241
 31
0.0
  0
LWPOLYLINE
  5
29EF
330
1F
100
AcDbEntity
  8
0
100
AcDbPolyline
 90
        4
 70
     1
 43
0.0
 10
2842.970975810079
 20
1872.898584679526
 10
2844.468939816238
 20
1872.898584679526
 10
2844.468939816238
 20
1873.704826603715
 10
2842.970975810079
 20
1873.704826603715
  0
LINE
  5
29F0
330
1F
100
AcDbEntity
  8
0
100
AcDbLine
 10
2842.970975810079
 20
1873.704826603715
 30
0.0
 11
2844.468939816238
 21
1872.898584679526
 31
0.0
  0
LINE
  5
29F1
330
1F
100
AcDbEntity
  8
0
100
AcDbLine
 10
2842.695602801308
 20
1873.301705641621
 30
0.0
 11
2842.970975810079
 21
1873.301705641621
 31
0.0
  0
LINE
  5
29F2
330
1F
100
AcDbEntity
  8
0
100
AcDbLine
 10
2844.468939816238
 20
1873.301705641621
 30
0.0
 11
2844.824966602977
 21
1873.301705641621
 31
0.0
  0
LINE
  5
29F3
330
1F
100
AcDbEntity
  8
0
100
AcDbLine
 10
2842.695602801308
 20
1873.529861936
 30
0.0
 11
2842.695602801308
 21
1873.073549347242
 31
0.0
  0
LINE
  5
29F4
330
1F
100
AcDbEntity
  8
0
100
AcDbLine
 10
2842.695602801308
 20
1873.529861936
 30
0.0
 11
2842.467446506928
 21
1873.301705641621
 31
0.0
  0
LINE
  5
29F5
330
1F
100
AcDbEntity
  8
0
100
AcDbLine
 10
2842.467446506928
 20
1873.301705641621
 30
0.0
 11
2842.695602801308
 21
1873.073549347242
 31
0.0
  0
LWPOLYLINE
  5
29F6
330
1F
100
AcDbEntity
  8
0
100
AcDbPolyline
 90
        4
 70
     1
 43
0.0
 10
2844.421845640882
 20
1868.923298238752
 10
2844.421845640882
 20
1867.425334232593
 10
2845.22808756507
 20
1867.425334232593
 10
2845.22808756507
 20
1868.923298238752
  0
LINE
  5
29F7
330
1F
100
AcDbEntity
  8
0
100
AcDbLine
 10
2845.22808756507
 20
1867.425334232593
 30
0.0
 11
2844.824966602977
 21
1867.949983997383
 31
0.0
  0
LINE
  5
29F8
330
1F
100
AcDbEntity
  8
0
100
AcDbLine
 10
2844.824966602977
 20
1867.949983997383
 30
0.0
 11
2844.421845640882
 21
1867.425334232593
 31
0.0
  0
LINE
  5
29F9
330
1F
100
AcDbEntity
  8
0
100
AcDbLine
 10
2844.657981177128
 20
1872.016193432456
 30
0.0
 11
2844.990911502363
 21
1872.016193432456
 31
0.0
  0
LWPOLYLINE
  5
29FA
330
1F
100
AcDbEntity
  8
0
100
AcDbPolyline
 90
        4
 70
     1
 43
0.0
 10
2844.757350186199
 20
1872.016193432456
 10
2844.891542493292
 20
1872.016193432456
 10
2844.891542493292
 20
1871.737859380574
 10
2844.757350186199
 20
1871.737859380574
  0
LINE
  5
29FB
330
1F
100
AcDbEntity
  8
0
100
AcDbLine
 10
2844.468971533625
 20
1871.912231657729
 30
0.0
 11
2844.824966602977
 21
1871.322648737366
 31
0.0
  0
LWPOLYLINE
  5
29FC
330
1F
100
AcDbEntity
  8
0
100
AcDbPolyline
 90
        4
 70
     1
 43
0.0
 10
2844.487852366733
 20
1871.739259222526
 10
2844.616643786117
 20
1871.817024552375
 10
2844.861390382279
 20
1871.41168631784
 10
2844.732598962896
 20
1871.333920987991
  0
TEXT
  5
29FD
330
1F
100
AcDbEntity
  8
0
100
AcDbText
 10
2841.397508494225
 20
1877.808732074365
 30
0.0
 40
0.4658929592271505
  1
MPPT 1
  7
arial
100
AcDbText
  0
TEXT
  5
29FE
330
1F
100
AcDbEntity
  8
0
100
AcDbText
 10
2844.051169205645
 20
1866.47002152591
 30
0.0
 40
0.2843230634678178
  1
Marca
  7
arial
100
AcDbText
  0
TEXT
  5
29FF
330
1F
100
AcDbEntity
  8
0
100
AcDbText
 10
2843.935245607002
 20
1865.622514740626
 30
0.0
 40
0.2843230634678178
  1
Modelo
  7
arial
100
AcDbText
  0
TEXT
  5
2A00
330
1F
100
AcDbEntity
  8
0
100
AcDbText
 10
2843.232622249358
 20
1864.329909516541
 30
0.0
 40
0.2843230634678178
  1
Quantidade
  7
arial
100
AcDbText
  0
TEXT
  5
2A01
330
1F
100
AcDbEntity
  8
0
 62
     1
 48
0.1
100
AcDbText
 10
2845.369521920231
 20
1864.3110778624
 30
0.0
 40
0.2843230634678178
  1
08
  7
arial
100
AcDbText
  0
TEXT
  5
2A02
330
1F
100
AcDbEntity
  8
0
100
AcDbText
 10
2843.232622249358
 20
1863.998847819583
 30
0.0
 40
0.2843230634678178
  1
2x4mm²
  7
arial
100
AcDbText
  0
TEXT
  5
2A03
330
1F
100
AcDbEntity
  8
0
100
AcDbText
 10
2843.297692489089
 20
1863.43561223084
 30
0.0
 40
0.2843230634678178
  1
Gerador: P2
  7
arial
100
AcDbText
  0
LINE
  5
2A04
330
1F
100
AcDbEntity
  8
0
 62
     3
100
AcDbLine
 10
2845.22808756507
 20
1868.923298238752
 30
0.0
 11
2845.721753133296
 21
1868.923298238752
 31
0.0
  0
LINE
  5
2A05
330
1F
100
AcDbEntity
  8
0
 62
     3
100
AcDbLine
 10
2845.721753133296
 20
1868.549598206305
 30
0.0
 11
2845.721753133296
 21
1869.296998271198
 31
0.0
  0
LINE
  5
2A06
330
1F
100
AcDbEntity
  8
0
 62
     3
100
AcDbLine
 10
2845.829491945025
 20
1868.704298323844
 30
0.0
 11
2845.829491945025
 21
1869.156494399685
 31
0.0
  0
LINE
  5
2A07
330
1F
100
AcDbEntity
  8
0
 62
     3
100
AcDbLine
 10
2845.941109409426
 20
1868.836697583322
 30
0.0
 11
2845.941109409426
 21
1869.035664980623
 31
0.0
  0
LINE
  5
2A08
330
1F
100
AcDbEntity
  8
0
 62
     3
100
AcDbLine
 10
2846.055303416001
 20
1868.895312153188
 30
0.0
 11
2846.055303416001
 21
1868.967663455077
 31
0.0
  0
TEXT
  5
2A09
330
1F
100
AcDbEntity
  8
0
100
AcDbText
 10
2840.856945320857
 20
1883.92622622853
 30
0.0
 40
0.4658929592271505
  1
2#16(16)MM²
  7
arial
100
AcDbText
  0
LINE
  5
2A0A
330
1F
100
AcDbEntity
  8
0
 62
     3
100
AcDbLine
 10
2842.940848152224
 20
1879.651315279014
 30
0.0
 11
2842.940848152224
 21
1879.320266558378
 31
0.0
  0
LINE
  5
2A0B
330
1F
100
AcDbEntity
  8
0
 62
     3
100
AcDbLine
 10
2842.69024749136
 20
1879.320266558378
 30
0.0
 11
2843.191448813086
 21
1879.320266558378
 31
0.0
  0
LINE
  5
2A0C
330
1F
100
AcDbEntity
  8
0
 62
     3
100
AcDbLine
 10
2842.793988321771
 20
1879.248017655313
 30
0.0
 11
2843.097227887216
 21
1879.248017655313
 31
0.0
  0
LINE
  5
2A0D
330
1F
100
AcDbEntity
  8
0
 62
     3
100
AcDbLine
 10
2842.882774350785
 20
1879.173167754554
 30
0.0
 11
2843.016200513281
 21
1879.173167754554
 31
0.0
  0
LINE
  5
2A0E
330
1F
100
AcDbEntity
  8
0
 62
     3
100
AcDbLine
 10
2842.922080876525
 20
1879.096590042406
 30
0.0
 11
2842.970599159891
 21
1879.096590042406
 31
0.0
  0
LINE
  5
2A0F
330
1F
100
AcDbEntity
  8
0
 62
     3
100
AcDbLine
 10
2843.14410676568
 20
1879.651315279014
 30
0.0
 11
2842.940848152224
 21
1879.651315279014
 31
0.0
  0
TEXT
  5
2A10
330
1F
100
AcDbEntity
  8
0
 62
     1
 48
0.1
100
AcDbText
 10
2845.155400324336
 20
1872.313907701396
 30
0.0
 40
0.2843230634678178
  1
2P-15A
 50
270.0
  7
arial
100
AcDbText
  0
LWPOLYLINE
  5
2A11
330
1F
100
AcDbEntity
  8
0
  6
ACAD_ISO02W100
 62
   251
420
  6513766
100
AcDbPolyline
 90
        4
 70
     1
 43
0.0
 10
2834.801199815906
 20
1876.012278572417
 10
2853.941225711317
 20
1876.012278572417
 10
2853.941225711317
 20
1870.432191225061
 10
2834.801199815906
 20
1870.432191225061
  0
TEXT
  5
2A12
330
1F
100
AcDbEntity
  8
0
 62
   251
420
  6513766
100
AcDbText
 10
2853.109050672386
 20
1874.309912801303
 30
0.0
 40
0.2843230634678178
  1
PROTEÇÃO
 50
270.0
  7
arial
100
AcDbText
  0
TEXT
  5
2A13
330
1F
100
AcDbEntity
  8
0
100
AcDbText
 10
2845.537677043897
 20
1874.858535803866
 30
0.0
 40
0.2502592572629116
  1
+
  7
arial
100
AcDbText
  0
TEXT
  5
2A14
330
1F
100
AcDbEntity
  8
0
100
AcDbText
 10
2845.548660427415
 20
1874.724818201026
 30
0.0
 40
0.2502592572629116
  1
-
 50
270.0
  7
arial
100
AcDbText
  0
TEXT
  5
2A15
330
1F
100
AcDbEntity
  8
0
100
AcDbText
 10
2847.04949402613
 20
1876.997077213162
 30
0.0
 40
0.4658929592271505
  1
MPPT 2
  7
arial
100
AcDbText
  0
LINE
  5
2A16
330
1F
100
AcDbEntity
  8
0
100
AcDbLine
 10
2844.957995172634
 20
1879.651315279014
 30
0.0
 11
2844.957995172634
 21
1877.34107830273
 31
0.0
  0
LINE
  5
2A17
330
1F
100
AcDbEntity
  8
0
100
AcDbLine
 10
2850.971724537137
 20
1876.58228525135
 30
0.0
 11
2850.971724537137
 21
1872.016193432456
 31
0.0
  0
LINE
  5
2A18
330
1F
100
AcDbEntity
  8
0
100
AcDbLine
 10
2850.971724537137
 20
1871.322648737366
 30
0.0
 11
2850.971724537137
 21
1868.923298238752
 31
0.0
  0
LINE
  5
2A19
330
1F
100
AcDbEntity
  8
0
100
AcDbLine
 10
2851.616439207872
 20
1874.975981079499
 30
0.0
 11
2850.327009866401
 21
1874.975981079499
 31
0.0
  0
LINE
  5
2A1A
330
1F
100
AcDbEntity
  8
0
100
AcDbLine
 10
2851.616439207872
 20
1874.661489421241
 30
0.0
 11
2850.327009866401
 21
1874.661489421241
 31
0.0
  0
LWPOLYLINE
  5
2A1B
330
1F
100
AcDbEntity
  8
0
100
AcDbPolyline
 90
        4
 70
     1
 43
0.0
 10
2849.11773374424
 20
1872.898584679526
 10
2850.615697750399
 20
1872.898584679526
 10
2850.615697750399
 20
1873.704826603715
 10
2849.11773374424
 20
1873.704826603715
  0
LINE
  5
2A1C
330
1F
100
AcDbEntity
  8
0
100
AcDbLine
 10
2849.11773374424
 20
1873.704826603715
 30
0.0
 11
2850.615697750399
 21
1872.898584679526
 31
0.0
  0
LINE
  5
2A1D
330
1F
100
AcDbEntity
  8
0
100
AcDbLine
 10
2848.842360735467
 20
1873.301705641621
 30
0.0
 11
2849.11773374424
 21
1873.301705641621
 31
0.0
  0
LINE
  5
2A1E
330
1F
100
AcDbEntity
  8
0
100
AcDbLine
 10
2850.615697750399
 20
1873.301705641621
 30
0.0
 11
2850.971724537137
 21
1873.301705641621
 31
0.0
  0
LINE
  5
2A1F
330
1F
100
AcDbEntity
  8
0
100
AcDbLine
 10
2848.842360735467
 20
1873.529861936
 30
0.0
 11
2848.842360735467
 21
1873.073549347242
 31
0.0
  0
LINE
  5
2A20
330
1F
100
AcDbEntity
  8
0
100
AcDbLine
 10
2848.842360735467
 20
1873.529861936
 30
0.0
 11
2848.614204441087
 21
1873.301705641621
 31
0.0
  0
LINE
  5
2A21
330
1F
100
AcDbEntity
  8
0
100
AcDbLine
 10
2848.614204441087
 20
1873.301705641621
 30
0.0
 11
2848.842360735467
 21
1873.073549347242
 31
0.0
  0
LWPOLYLINE
  5
2A22
330
1F
100
AcDbEntity
  8
0
100
AcDbPolyline
 90
        4
 70
     1
 43
0.0
 10
2850.568603575042
 20
1868.923298238752
 10
2850.568603575042
 20
1867.425334232593
 10
2851.374845499231
 20
1867.425334232593
 10
2851.374845499231
 20
1868.923298238752
  0
LINE
  5
2A23
330
1F
100
AcDbEntity
  8
0
100
AcDbLine
 10
2851.374845499231
 20
1867.425334232593
 30
0.0
 11
2850.971724537137
 21
1867.949983997383
 31
0.0
  0
LINE
  5
2A24
330
1F
100
AcDbEntity
  8
0
100
AcDbLine
 10
2850.971724537137
 20
1867.949983997383
 30
0.0
 11
2850.568603575042
 21
1867.425334232593
 31
0.0
  0
LINE
  5
2A25
330
1F
100
AcDbEntity
  8
0
100
AcDbLine
 10
2850.804739111288
 20
1872.016193432456
 30
0.0
 11
2851.137669436522
 21
1872.016193432456
 31
0.0
  0
LWPOLYLINE
  5
2A26
330
1F
100
AcDbEntity
  8
0
100
AcDbPolyline
 90
        4
 70
     1
 43
0.0
 10
2850.904108120359
 20
1872.016193432456
 10
2851.038300427451
 20
1872.016193432456
 10
2851.038300427451
 20
1871.737859380574
 10
2850.904108120359
 20
1871.737859380574
  0
LINE
  5
2A27
330
1F
100
AcDbEntity
  8
0
100
AcDbLine
 10
2850.615729467786
 20
1871.912231657729
 30
0.0
 11
2850.971724537137
 21
1871.322648737366
 31
0.0
  0
LWPOLYLINE
  5
2A28
330
1F
100
AcDbEntity
  8
0
100
AcDbPolyline
 90
        4
 70
     1
 43
0.0
 10
2850.634610300894
 20
1871.739259222526
 10
2850.763401720278
 20
1871.817024552375
 10
2851.008148316439
 20
1871.41168631784
 10
2850.879356897056
 20
1871.333920987991
  0
TEXT
  5
2A29
330
1F
100
AcDbEntity
  8
0
100
AcDbText
 10
2850.584513317806
 20
1866.47002152591
 30
0.0
 40
0.2843230634678178
  1
Marca
  7
arial
100
AcDbText
  0
TEXT
  5
2A2A
330
1F
100
AcDbEntity
  8
0
100
AcDbText
 10
2850.468589719163
 20
1865.622514740626
 30
0.0
 40
0.2843230634678178
  1
Modelo
  7
arial
100
AcDbText
  0
TEXT
  5
2A2B
330
1F
100
AcDbEntity
  8
0
100
AcDbText
 10
2849.765966361519
 20
1864.329909516541
 30
0.0
 40
0.2843230634678178
  1
Quantidade
  7
arial
100
AcDbText
  0
TEXT
  5
2A2C
330
1F
100
AcDbEntity
  8
0
 62
     1
 48
0.1
100
AcDbText
 10
2851.902866032391
 20
1864.3110778624
 30
0.0
 40
0.2843230634678178
  1
08
  7
arial
100
AcDbText
  0
TEXT
  5
2A2D
330
1F
100
AcDbEntity
  8
0
100
AcDbText
 10
2849.765966361519
 20
1863.998847819583
 30
0.0
 40
0.2843230634678178
  1
2x4mm²
  7
arial
100
AcDbText
  0
TEXT
  5
2A2E
330
1F
100
AcDbEntity
  8
0
100
AcDbText
 10
2849.83103660125
 20
1863.43561223084
 30
0.0
 40
0.2843230634678178
  1
Gerador: P3 
  7
arial
100
AcDbText
  0
LINE
  5
2A2F
330
1F
100
AcDbEntity
  8
0
 62
     3
100
AcDbLine
 10
2851.374845499231
 20
1868.923298238752
 30
0.0
 11
2851.868511067456
 21
1868.923298238752
 31
0.0
  0
LINE
  5
2A30
330
1F
100
AcDbEntity
  8
0
 62
     3
100
AcDbLine
 10
2851.868511067456
 20
1868.549598206305
 30
0.0
 11
2851.868511067456
 21
1869.296998271198
 31
0.0
  0
LINE
  5
2A31
330
1F
100
AcDbEntity
  8
0
 62
     3
100
AcDbLine
 10
2851.976249879186
 20
1868.704298323844
 30
0.0
 11
2851.976249879186
 21
1869.156494399685
 31
0.0
  0
LINE
  5
2A32
330
1F
100
AcDbEntity
  8
0
 62
     3
100
AcDbLine
 10
2852.087867343586
 20
1868.836697583322
 30
0.0
 11
2852.087867343586
 21
1869.035664980623
 31
0.0
  0
LINE
  5
2A33
330
1F
100
AcDbEntity
  8
0
 62
     3
100
AcDbLine
 10
2852.202061350162
 20
1868.895312153188
 30
0.0
 11
2852.202061350162
 21
1868.967663455077
 31
0.0
  0
TEXT
  5
2A34
330
1F
100
AcDbEntity
  8
0
 62
     1
 48
0.1
100
AcDbText
 10
2851.302158258496
 20
1872.313907701396
 30
0.0
 40
0.2843230634678178
  1
2P-15A
 50
270.0
  7
arial
100
AcDbText
  0
TEXT
  5
2A35
330
1F
100
AcDbEntity
  8
0
100
AcDbText
 10
2851.684434978058
 20
1874.858535803866
 30
0.0
 40
0.2502592572629116
  1
+
  7
arial
100
AcDbText
  0
TEXT
  5
2A36
330
1F
100
AcDbEntity
  8
0
100
AcDbText
 10
2851.695418361575
 20
1874.724818201026
 30
0.0
 40
0.2502592572629116
  1
-
 50
270.0
  7
arial
100
AcDbText
  0
LINE
  5
2A37
330
1F
100
AcDbEntity
  8
0
100
AcDbLine
 10
2844.824966602977
 20
1876.58228525135
 30
0.0
 11
2850.971724537137
 21
1876.58228525135
 31
0.0
  0
TEXT
  5
2A38
330
1F
100
AcDbEntity
  8
0
 62
     1
 48
0.1
100
AcDbText
 10
2850.918834014585
 20
1879.306639220014
 30
0.0
 40
0.7366620886434991
  1
CSI-9K-S22002-ED
  7
arial
100
AcDbText
  0
LINE
  5
2A39
330
1F
100
AcDbEntity
  8
0
100
AcDbLine
 10
2838.266254109075
 20
1877.393940112553
 30
0.0
 11
2843.97781747635
 21
1877.393940112553
 31
0.0
  0
LINE
  5
2A3A
330
1F
100
AcDbEntity
  8
0
100
AcDbLine
 10
2843.97781747635
 20
1877.393940112553
 30
0.0
 11
2843.97781747635
 21
1879.651315279014
 31
0.0
  0
LINE
  5
2A3B
330
1F
100
AcDbEntity
  8
0
100
AcDbLine
 10
2844.957995172635
 20
1877.34107830273
 30
0.0
 11
2846.881974570033
 21
1877.34107830273
 31
0.0
  0
LINE
  5
2A3C
330
1F
100
AcDbEntity
  8
0
100
AcDbLine
 10
2846.881974570033
 20
1877.34107830273
 30
0.0
 11
2846.881974570033
 21
1876.58228525135
 31
0.0
  0
LINE
  5
2A3D
330
1F
100
AcDbEntity
  8
0
100
AcDbLine
 10
2838.266254109075
 20
1876.58228525135
 30
0.0
 11
2838.266254109074
 21
1872.016193432456
 31
0.0
  0
LINE
  5
2A3E
330
1F
100
AcDbEntity
  8
0
100
AcDbLine
 10
2838.266254109075
 20
1871.322648737366
 30
0.0
 11
2838.266254109075
 21
1868.923298238752
 31
0.0
  0
LINE
  5
2A3F
330
1F
100
AcDbEntity
  8
0
100
AcDbLine
 10
2838.91096877981
 20
1874.975981079499
 30
0.0
 11
2837.621539438339
 21
1874.975981079499
 31
0.0
  0
LINE
  5
2A40
330
1F
100
AcDbEntity
  8
0
100
AcDbLine
 10
2838.91096877981
 20
1874.661489421241
 30
0.0
 11
2837.621539438339
 21
1874.661489421241
 31
0.0
  0
LWPOLYLINE
  5
2A41
330
1F
100
AcDbEntity
  8
0
100
AcDbPolyline
 90
        4
 70
     1
 43
0.0
 10
2836.412263316177
 20
1872.898584679526
 10
2837.910227322336
 20
1872.898584679526
 10
2837.910227322336
 20
1873.704826603715
 10
2836.412263316177
 20
1873.704826603715
  0
LINE
  5
2A42
330
1F
100
AcDbEntity
  8
0
100
AcDbLine
 10
2836.412263316177
 20
1873.704826603715
 30
0.0
 11
2837.910227322336
 21
1872.898584679526
 31
0.0
  0
LINE
  5
2A43
330
1F
100
AcDbEntity
  8
0
100
AcDbLine
 10
2836.136890307406
 20
1873.301705641621
 30
0.0
 11
2836.412263316177
 21
1873.301705641621
 31
0.0
  0
LINE
  5
2A44
330
1F
100
AcDbEntity
  8
0
100
AcDbLine
 10
2837.910227322336
 20
1873.301705641621
 30
0.0
 11
2838.266254109075
 21
1873.301705641621
 31
0.0
  0
LINE
  5
2A45
330
1F
100
AcDbEntity
  8
0
100
AcDbLine
 10
2836.136890307406
 20
1873.529861936
 30
0.0
 11
2836.136890307406
 21
1873.073549347242
 31
0.0
  0
LINE
  5
2A46
330
1F
100
AcDbEntity
  8
0
100
AcDbLine
 10
2836.136890307406
 20
1873.529861936
 30
0.0
 11
2835.908734013026
 21
1873.301705641621
 31
0.0
  0
LINE
  5
2A47
330
1F
100
AcDbEntity
  8
0
100
AcDbLine
 10
2835.908734013026
 20
1873.301705641621
 30
0.0
 11
2836.136890307406
 21
1873.073549347242
 31
0.0
  0
LWPOLYLINE
  5
2A48
330
1F
100
AcDbEntity
  8
0
100
AcDbPolyline
 90
        4
 70
     1
 43
0.0
 10
2837.86313314698
 20
1868.923298238752
 10
2837.86313314698
 20
1867.425334232593
 10
2838.669375071169
 20
1867.425334232593
 10
2838.669375071169
 20
1868.923298238752
  0
LINE
  5
2A49
330
1F
100
AcDbEntity
  8
0
100
AcDbLine
 10
2838.669375071169
 20
1867.425334232593
 30
0.0
 11
2838.266254109075
 21
1867.949983997383
 31
0.0
  0
LINE
  5
2A4A
330
1F
100
AcDbEntity
  8
0
100
AcDbLine
 10
2838.266254109075
 20
1867.949983997383
 30
0.0
 11
2837.86313314698
 21
1867.425334232593
 31
0.0
  0
LINE
  5
2A4B
330
1F
100
AcDbEntity
  8
0
100
AcDbLine
 10
2838.099268683226
 20
1872.016193432456
 30
0.0
 11
2838.432199008461
 21
1872.016193432456
 31
0.0
  0
LWPOLYLINE
  5
2A4C
330
1F
100
AcDbEntity
  8
0
100
AcDbPolyline
 90
        4
 70
     1
 43
0.0
 10
2838.198637692297
 20
1872.016193432456
 10
2838.332829999389
 20
1872.016193432456
 10
2838.332829999389
 20
1871.737859380574
 10
2838.198637692297
 20
1871.737859380574
  0
LINE
  5
2A4D
330
1F
100
AcDbEntity
  8
0
100
AcDbLine
 10
2837.910259039724
 20
1871.912231657729
 30
0.0
 11
2838.266254109075
 21
1871.322648737366
 31
0.0
  0
LWPOLYLINE
  5
2A4E
330
1F
100
AcDbEntity
  8
0
100
AcDbPolyline
 90
        4
 70
     1
 43
0.0
 10
2837.929139872831
 20
1871.739259222526
 10
2838.057931292215
 20
1871.817024552375
 10
2838.302677888377
 20
1871.41168631784
 10
2838.173886468993
 20
1871.333920987991
  0
TEXT
  5
2A4F
330
1F
100
AcDbEntity
  8
0
100
AcDbText
 10
2837.492456711743
 20
1866.47002152591
 30
0.0
 40
0.2843230634678178
  1
Marca
  7
arial
100
AcDbText
  0
TEXT
  5
2A50
330
1F
100
AcDbEntity
  8
0
100
AcDbText
 10
2837.3765331131
 20
1865.622514740626
 30
0.0
 40
0.2843230634678178
  1
Modelo
  7
arial
100
AcDbText
  0
TEXT
  5
2A51
330
1F
100
AcDbEntity
  8
0
100
AcDbText
 10
2836.673909755456
 20
1864.261877246478
 30
0.0
 40
0.2843230634678178
  1
Quantidade
  7
arial
100
AcDbText
  0
TEXT
  5
2A52
330
1F
100
AcDbEntity
  8
0
 62
     1
 48
0.1
100
AcDbText
 10
2838.810809426329
 20
1864.243045592337
 30
0.0
 40
0.2843230634678178
  1
07
  7
arial
100
AcDbText
  0
TEXT
  5
2A53
330
1F
100
AcDbEntity
  8
0
100
AcDbText
 10
2836.673909755456
 20
1863.930815549521
 30
0.0
 40
0.2843230634678178
  1
2x4mm²
  7
arial
100
AcDbText
  0
TEXT
  5
2A54
330
1F
100
AcDbEntity
  8
0
100
AcDbText
 10
2836.738979995187
 20
1863.367579960777
 30
0.0
 40
0.2843230634678178
  1
Gerador: P1 
  7
arial
100
AcDbText
  0
LINE
  5
2A55
330
1F
100
AcDbEntity
  8
0
 62
     3
100
AcDbLine
 10
2838.669375071169
 20
1868.923298238752
 30
0.0
 11
2839.163040639395
 21
1868.923298238752
 31
0.0
  0
LINE
  5
2A56
330
1F
100
AcDbEntity
  8
0
 62
     3
100
AcDbLine
 10
2839.163040639395
 20
1868.549598206305
 30
0.0
 11
2839.163040639395
 21
1869.296998271198
 31
0.0
  0
LINE
  5
2A57
330
1F
100
AcDbEntity
  8
0
 62
     3
100
AcDbLine
 10
2839.270779451124
 20
1868.704298323844
 30
0.0
 11
2839.270779451124
 21
1869.156494399685
 31
0.0
  0
LINE
  5
2A58
330
1F
100
AcDbEntity
  8
0
 62
     3
100
AcDbLine
 10
2839.382396915524
 20
1868.836697583322
 30
0.0
 11
2839.382396915524
 21
1869.035664980623
 31
0.0
  0
LINE
  5
2A59
330
1F
100
AcDbEntity
  8
0
 62
     3
100
AcDbLine
 10
2839.496590922099
 20
1868.895312153188
 30
0.0
 11
2839.496590922099
 21
1868.967663455077
 31
0.0
  0
TEXT
  5
2A5A
330
1F
100
AcDbEntity
  8
0
 62
     1
 48
0.1
100
AcDbText
 10
2838.596687830435
 20
1872.313907701396
 30
0.0
 40
0.2843230634678178
  1
2P-15A
 50
270.0
  7
arial
100
AcDbText
  0
TEXT
  5
2A5B
330
1F
100
AcDbEntity
  8
0
100
AcDbText
 10
2838.978964549995
 20
1874.858535803866
 30
0.0
 40
0.2502592572629116
  1
+
  7
arial
100
AcDbText
  0
TEXT
  5
2A5C
330
1F
100
AcDbEntity
  8
0
100
AcDbText
 10
2838.989947933513
 20
1874.724818201026
 30
0.0
 40
0.2502592572629116
  1
-
 50
270.0
  7
arial
100
AcDbText
  0
LINE
  5
2A7E
330
1F
100
AcDbEntity
  8
0
100
AcDbLine
 10
2838.266254109075
 20
1877.393940112553
 30
0.0
 11
2838.266254109075
 21
1876.58228525135
 31
0.0
  0
TEXT
  5
2A7F
330
1F
100
AcDbEntity
  8
0
 62
     1
 48
0.1
100
AcDbText
 10
2837.31352420565
 20
1866.058379302584
 30
0.0
 40
0.2843230634678178
  1
HELIUS
  7
arial
100
AcDbText
  0
TEXT
  5
2A80
330
1F
100
AcDbEntity
  8
0
 62
     1
 48
0.1
100
AcDbText
 10
2835.939527206116
 20
1865.163409247205
 30
0.0
 40
0.2843230634678178
  1
HMB132T12R-620CB
  7
arial
100
AcDbText
  0
TEXT
  5
2B0B
330
1F
100
AcDbEntity
  8
0
 62
     1
 48
0.1
100
AcDbText
 10
2836.448806838553
 20
1864.77546516645
 30
0.0
 40
0.2843230634678178
  1
Bifacial N-Type 
  7
arial
100
AcDbText
  0
TEXT
  5
2B0F
330
1F
100
AcDbEntity
  8
0
 62
     1
 48
0.1
100
AcDbText
 10
2843.9034906676
 20
1866.058379302584
 30
0.0
 40
0.2843230634678178
  1
HELIUS
  7
arial
100
AcDbText
  0
TEXT
  5
2B10
330
1F
100
AcDbEntity
  8
0
 62
     1
 48
0.1
100
AcDbText
 10
2842.529493668065
 20
1865.163409247205
 30
0.0
 40
0.2843230634678178
  1
HMB132T12R-620CB
  7
arial
100
AcDbText
  0
TEXT
  5
2B11
330
1F
100
AcDbEntity
  8
0
 62
     1
 48
0.1
100
AcDbText
 10
2843.038773300503
 20
1864.77546516645
 30
0.0
 40
0.2843230634678178
  1
Bifacial N-Type 
  7
arial
100
AcDbText
  0
TEXT
  5
2B12
330
1F
100
AcDbEntity
  8
0
 62
     1
 48
0.1
100
AcDbText
 10
2850.512834370871
 20
1866.058379302584
 30
0.0
 40
0.2843230634678178
  1
HELIUS
  7
arial
100
AcDbText
  0
TEXT
  5
2B13
330
1F
100
AcDbEntity
  8
0
 62
     1
 48
0.1
100
AcDbText
 10
2849.138837371337
 20
1865.163409247205
 30
0.0
 40
0.2843230634678178
  1
HMB132T12R-620CB
  7
arial
100
AcDbText
  0
TEXT
  5
2B14
330
1F
100
AcDbEntity
  8
0
 62
     1
 48
0.1
100
AcDbText
 10
2849.648117003773
 20
1864.77546516645
 30
0.0
 40
0.2843230634678178
  1
Bifacial N-Type 
  7
arial
100
AcDbText
  0
LINE
  5
2DB9
330
1F
100
AcDbEntity
  8
0
100
AcDbLine
 10
2844.891968291579
 20
1888.850827013333
 30
0.0
 11
2820.836357634479
 21
1888.850827013333
 31
0.0
  0
LINE
  5
2DCC
330
1F
100
AcDbEntity
  8
0
 62
     3
100
AcDbLine
 10
2813.794614501663
 20
1885.039875103251
 30
0.0
 11
2814.556888739306
 21
1885.039875103251
 31
0.0
  0
LINE
  5
2DCD
330
1F
100
AcDbEntity
  8
0
 62
     3
100
AcDbLine
 10
2813.952393340198
 20
1884.92999215778
 30
0.0
 11
2814.413588669404
 21
1884.92999215778
 31
0.0
  0
LINE
  5
2DCE
330
1F
100
AcDbEntity
  8
0
 62
     3
100
AcDbLine
 10
2814.087427506402
 20
1884.81615336972
 30
0.0
 11
2814.290354597551
 21
1884.81615336972
 31
0.0
  0
LINE
  5
2DCF
330
1F
100
AcDbEntity
  8
0
 62
     3
100
AcDbLine
 10
2814.147208577688
 20
1884.699686763154
 30
0.0
 11
2814.220999758717
 21
1884.699686763154
 31
0.0
  0
LINE
  5
2DDB
330
1F
100
AcDbEntity
  8
0
 62
     7
 48
0.1
100
AcDbLine
 10
2844.891968291579
 20
1886.565318903069
 30
0.0
 11
2844.908050683486
 21
1881.786836172897
 31
0.0
  0
TEXT
  5
2DDC
330
1F
100
AcDbEntity
  8
0
100
AcDbText
 10
2845.603814193703
 20
1887.210864105585
 30
0.0
 40
0.7366620886434991
  1
DISJUNTOR 50A
  7
arial
100
AcDbText
  0
HATCH
  5
2DDD
330
1F
100
AcDbEntity
  8
0
 62
     7
 48
0.1
100
AcDbHatch
 10
0.0
 20
0.0
 30
0.0
210
0.0
220
0.0
230
1.0
  2
ANSI31
 70
     0
 71
     1
 91
        1
 92
        1
 93
        4
 72
     1
 10
2844.375237621587
 20
1888.530683761636
 11
2845.408698961572
 21
1888.530683761636
 72
     1
 10
2845.408698961572
 20
1888.530683761636
 11
2845.408698961572
 21
1886.565318903069
 72
     1
 10
2845.408698961572
 20
1886.565318903069
 11
2844.375237621587
 21
1886.565318903069
 72
     1
 10
2844.375237621587
 20
1886.565318903069
 11
2844.375237621587
 21
1888.530683761636
 97
        1
330
2DDE
 75
     0
 76
     1
 52
0.0
 41
0.1262818552045357
 77
     0
 78
     1
 53
44.99999999999998
 43
939.4406231874777
 44
2016.393370235527
 45
-0.2835108507951252
 46
0.283510850795125
 79
     0
 98
        1
 10
939.4406231874777
 20
2016.393370235527
1001
ACAD
1010
0.0
1020
0.0
1030
0.0
  0
LWPOLYLINE
  5
2DDE
102
{ACAD_REACTORS
330
2DDD
102
}
330
1F
100
AcDbEntity
  8
0
 62
     7
 48
0.1
100
AcDbPolyline
 90
        4
 70
     1
 43
0.0
 10
2844.375237621587
 20
1888.530683761636
 10
2845.408698961572
 20
1888.530683761636
 10
2845.408698961572
 20
1886.565318903069
 10
2844.375237621587
 20
1886.565318903069
  0
LINE
  5
2DDF
330
1F
100
AcDbEntity
  8
0
100
AcDbLine
 10
2844.891968291579
 20
1888.530683761636
 30
0.0
 11
2844.891968291579
 21
1888.850827013333
 31
0.0
  0
LINE
  5
2EAF
330
1F
100
AcDbEntity
  8
0
100
AcDbLine
 10
2820.86048122234
 20
1881.79558597403
 30
0.0
 11
2819.096537304533
 21
1881.79558597403
 31
0.0
  0
LINE
  5
2EB0
330
1F
100
AcDbEntity
  8
0
100
AcDbLine
 10
2819.096537304533
 20
1881.79558597403
 30
0.0
 11
2819.096537304533
 21
1879.660065080146
 31
0.0
  0
LINE
  5
2EB1
330
1F
100
AcDbEntity
  8
0
100
AcDbLine
 10
2822.724314118442
 20
1879.660065080146
 30
0.0
 11
2822.724314118442
 21
1881.79558597403
 31
0.0
  0
LINE
  5
2EB2
330
1F
100
AcDbEntity
  8
0
100
AcDbLine
 10
2822.724314118442
 20
1881.79558597403
 30
0.0
 11
2819.096537304533
 21
1879.660065080146
 31
0.0
  0
TEXT
  5
2EB3
330
1F
100
AcDbEntity
  8
0
100
AcDbText
 10
2819.771109054363
 20
1881.058175322148
 30
0.0
 40
0.497721328406367
  1
CA
  7
arial
100
AcDbText
  0
TEXT
  5
2EB4
330
1F
100
AcDbEntity
  8
0
100
AcDbText
 10
2821.456938110432
 20
1880.125889614172
 30
0.0
 40
0.497721328406367
  1
CC
  7
arial
100
AcDbText
  0
TEXT
  5
2EB5
330
1F
100
AcDbEntity
  8
0
100
AcDbText
 10
2823.207436605867
 20
1880.441320497501
 30
0.0
 40
0.7366620886434991
  1
Marca
  7
arial
100
AcDbText
  0
LINE
  5
2EB6
330
1F
100
AcDbEntity
  8
0
100
AcDbLine
 10
2820.86048122234
 20
1881.79558597403
 30
0.0
 11
2822.724314118442
 21
1881.79558597403
 31
0.0
  0
TEXT
  5
2EB7
330
1F
100
AcDbEntity
  8
0
100
AcDbText
 10
2823.173053159917
 20
1879.395639333356
 30
0.0
 40
0.7366620886434991
  1
Modelo
  7
arial
100
AcDbText
  0
TEXT
  5
2EB8
330
1F
100
AcDbEntity
  8
0
 62
     1
 48
0.1
100
AcDbText
 10
2826.294183986022
 20
1880.374783412032
 30
0.0
 40
0.7366620886434991
  1
CANADIAN
  7
arial
100
AcDbText
  0
TEXT
  5
2EB9
330
1F
100
AcDbEntity
  8
0
100
AcDbText
 10
2823.241820051816
 20
1881.487001661647
 30
0.0
 40
0.7366620886434991
  1
Inversor 
  7
arial
100
AcDbText
  0
LINE
  5
2EBA
330
1F
100
AcDbEntity
  8
0
100
AcDbLine
 10
2819.096537304533
 20
1879.660065080146
 30
0.0
 11
2822.724314118442
 21
1879.660065080146
 31
0.0
  0
LINE
  5
2EBB
330
1F
100
AcDbEntity
  8
0
100
AcDbLine
 10
2824.795042963684
 20
1876.591035052483
 30
0.0
 11
2824.795042963683
 21
1872.024943233588
 31
0.0
  0
LINE
  5
2EBC
330
1F
100
AcDbEntity
  8
0
100
AcDbLine
 10
2824.795042963684
 20
1871.331398538498
 30
0.0
 11
2824.795042963684
 21
1868.932048039884
 31
0.0
  0
LINE
  5
2EBD
330
1F
100
AcDbEntity
  8
0
100
AcDbLine
 10
2825.440939502071
 20
1874.984730880631
 30
0.0
 11
2824.1515101606
 21
1874.984730880631
 31
0.0
  0
LINE
  5
2EBE
330
1F
100
AcDbEntity
  8
0
100
AcDbLine
 10
2825.439757634419
 20
1874.670239222373
 30
0.0
 11
2824.150328292948
 21
1874.670239222373
 31
0.0
  0
LWPOLYLINE
  5
2EBF
330
1F
100
AcDbEntity
  8
0
100
AcDbPolyline
 90
        4
 70
     1
 43
0.0
 10
2822.941052170786
 20
1872.907334480659
 10
2824.439016176945
 20
1872.907334480659
 10
2824.439016176945
 20
1873.713576404847
 10
2822.941052170786
 20
1873.713576404847
  0
LINE
  5
2EC0
330
1F
100
AcDbEntity
  8
0
100
AcDbLine
 10
2822.941052170786
 20
1873.713576404847
 30
0.0
 11
2824.439016176945
 21
1872.907334480659
 31
0.0
  0
LINE
  5
2EC1
330
1F
100
AcDbEntity
  8
0
100
AcDbLine
 10
2822.665679162014
 20
1873.310455442753
 30
0.0
 11
2822.941052170786
 21
1873.310455442753
 31
0.0
  0
LINE
  5
2EC2
330
1F
100
AcDbEntity
  8
0
100
AcDbLine
 10
2824.439016176945
 20
1873.310455442753
 30
0.0
 11
2824.795042963684
 21
1873.310455442753
 31
0.0
  0
LINE
  5
2EC3
330
1F
100
AcDbEntity
  8
0
100
AcDbLine
 10
2822.665679162014
 20
1873.538611737133
 30
0.0
 11
2822.665679162014
 21
1873.082299148374
 31
0.0
  0
LINE
  5
2EC4
330
1F
100
AcDbEntity
  8
0
100
AcDbLine
 10
2822.665679162014
 20
1873.538611737133
 30
0.0
 11
2822.437522867634
 21
1873.310455442753
 31
0.0
  0
LINE
  5
2EC5
330
1F
100
AcDbEntity
  8
0
100
AcDbLine
 10
2822.437522867634
 20
1873.310455442753
 30
0.0
 11
2822.665679162014
 21
1873.082299148374
 31
0.0
  0
LWPOLYLINE
  5
2EC6
330
1F
100
AcDbEntity
  8
0
100
AcDbPolyline
 90
        4
 70
     1
 43
0.0
 10
2824.391922001589
 20
1868.932048039884
 10
2824.391922001589
 20
1867.434084033726
 10
2825.198163925778
 20
1867.434084033726
 10
2825.198163925778
 20
1868.932048039884
  0
LINE
  5
2EC7
330
1F
100
AcDbEntity
  8
0
100
AcDbLine
 10
2825.198163925778
 20
1867.434084033726
 30
0.0
 11
2824.795042963684
 21
1867.958733798516
 31
0.0
  0
LINE
  5
2EC8
330
1F
100
AcDbEntity
  8
0
100
AcDbLine
 10
2824.795042963684
 20
1867.958733798516
 30
0.0
 11
2824.391922001589
 21
1867.434084033726
 31
0.0
  0
LINE
  5
2EC9
330
1F
100
AcDbEntity
  8
0
100
AcDbLine
 10
2824.628057537835
 20
1872.024943233588
 30
0.0
 11
2824.96098786307
 21
1872.024943233588
 31
0.0
  0
LWPOLYLINE
  5
2ECA
330
1F
100
AcDbEntity
  8
0
100
AcDbPolyline
 90
        4
 70
     1
 43
0.0
 10
2824.727426546906
 20
1872.024943233588
 10
2824.861618853999
 20
1872.024943233588
 10
2824.861618853999
 20
1871.746609181706
 10
2824.727426546906
 20
1871.746609181706
  0
LINE
  5
2ECB
330
1F
100
AcDbEntity
  8
0
100
AcDbLine
 10
2824.439047894332
 20
1871.920981458861
 30
0.0
 11
2824.795042963684
 21
1871.331398538498
 31
0.0
  0
LWPOLYLINE
  5
2ECC
330
1F
100
AcDbEntity
  8
0
100
AcDbPolyline
 90
        4
 70
     1
 43
0.0
 10
2824.45792872744
 20
1871.748009023658
 10
2824.586720146824
 20
1871.825774353508
 10
2824.831466742986
 20
1871.420436118973
 10
2824.702675323603
 20
1871.342670789124
  0
TEXT
  5
2ECD
330
1F
100
AcDbEntity
  8
0
100
AcDbText
 10
2817.349939033078
 20
1877.817481875498
 30
0.0
 40
0.4658929592271505
  1
MPPT 1
  7
arial
100
AcDbText
  0
TEXT
  5
2ECE
330
1F
100
AcDbEntity
  8
0
100
AcDbText
 10
2824.021245566353
 20
1866.478771327043
 30
0.0
 40
0.2843230634678178
  1
Marca
  7
arial
100
AcDbText
  0
TEXT
  5
2ECF
330
1F
100
AcDbEntity
  8
0
100
AcDbText
 10
2823.905321967709
 20
1865.631264541758
 30
0.0
 40
0.2843230634678178
  1
Modelo
  7
arial
100
AcDbText
  0
TEXT
  5
2ED0
330
1F
100
AcDbEntity
  8
0
100
AcDbText
 10
2823.202698610065
 20
1864.338659317673
 30
0.0
 40
0.2843230634678178
  1
Quantidade
  7
arial
100
AcDbText
  0
TEXT
  5
2ED1
330
1F
100
AcDbEntity
  8
0
 62
     1
 48
0.1
100
AcDbText
 10
2825.339598280938
 20
1864.319827663532
 30
0.0
 40
0.2843230634678178
  1
06
  7
arial
100
AcDbText
  0
TEXT
  5
2ED2
330
1F
100
AcDbEntity
  8
0
100
AcDbText
 10
2823.202698610065
 20
1864.007597620716
 30
0.0
 40
0.2843230634678178
  1
2x4mm²
  7
arial
100
AcDbText
  0
TEXT
  5
2ED3
330
1F
100
AcDbEntity
  8
0
100
AcDbText
 10
2823.240901771903
 20
1863.222040116914
 30
0.0
 40
0.2843230634678178
  1
Gerador: P2 
  7
arial
100
AcDbText
  0
LINE
  5
2ED4
330
1F
100
AcDbEntity
  8
0
 62
     3
100
AcDbLine
 10
2825.198163925778
 20
1868.932048039884
 30
0.0
 11
2825.691829494003
 21
1868.932048039884
 31
0.0
  0
LINE
  5
2ED5
330
1F
100
AcDbEntity
  8
0
 62
     3
100
AcDbLine
 10
2825.691829494003
 20
1868.558348007438
 30
0.0
 11
2825.691829494003
 21
1869.305748072331
 31
0.0
  0
LINE
  5
2ED6
330
1F
100
AcDbEntity
  8
0
 62
     3
100
AcDbLine
 10
2825.799568305733
 20
1868.713048124976
 30
0.0
 11
2825.799568305733
 21
1869.165244200818
 31
0.0
  0
LINE
  5
2ED7
330
1F
100
AcDbEntity
  8
0
 62
     3
100
AcDbLine
 10
2825.911185770133
 20
1868.845447384455
 30
0.0
 11
2825.911185770133
 21
1869.044414781756
 31
0.0
  0
LINE
  5
2ED8
330
1F
100
AcDbEntity
  8
0
 62
     3
100
AcDbLine
 10
2826.025379776708
 20
1868.90406195432
 30
0.0
 11
2826.025379776708
 21
1868.976413256209
 31
0.0
  0
TEXT
  5
2ED9
330
1F
100
AcDbEntity
  8
0
100
AcDbText
 10
2816.80937585971
 20
1883.934976029663
 30
0.0
 40
0.4658929592271505
  1
2#6(6)MM²
  7
arial
100
AcDbText
  0
LINE
  5
2EDA
330
1F
100
AcDbEntity
  8
0
 62
     3
100
AcDbLine
 10
2818.893278691076
 20
1879.660065080146
 30
0.0
 11
2818.893278691076
 21
1879.329016359512
 31
0.0
  0
LINE
  5
2EDB
330
1F
100
AcDbEntity
  8
0
 62
     3
100
AcDbLine
 10
2818.642678030214
 20
1879.329016359512
 30
0.0
 11
2819.143879351939
 21
1879.329016359512
 31
0.0
  0
LINE
  5
2EDC
330
1F
100
AcDbEntity
  8
0
 62
     3
100
AcDbLine
 10
2818.746418860625
 20
1879.256767456446
 30
0.0
 11
2819.049658426069
 21
1879.256767456446
 31
0.0
  0
LINE
  5
2EDD
330
1F
100
AcDbEntity
  8
0
 62
     3
100
AcDbLine
 10
2818.835204889639
 20
1879.181917555687
 30
0.0
 11
2818.968631052134
 21
1879.181917555687
 31
0.0
  0
LINE
  5
2EDE
330
1F
100
AcDbEntity
  8
0
 62
     3
100
AcDbLine
 10
2818.874511415378
 20
1879.105339843539
 30
0.0
 11
2818.923029698744
 21
1879.105339843539
 31
0.0
  0
LINE
  5
2EDF
330
1F
100
AcDbEntity
  8
0
 62
     3
100
AcDbLine
 10
2819.096537304533
 20
1879.660065080146
 30
0.0
 11
2818.893278691076
 21
1879.660065080146
 31
0.0
  0
TEXT
  5
2EE0
330
1F
100
AcDbEntity
  8
0
 62
     1
 48
0.1
100
AcDbText
 10
2825.125476685043
 20
1872.322657502528
 30
0.0
 40
0.2843230634678178
  1
2P-15A
 50
270.0
  7
arial
100
AcDbText
  0
LWPOLYLINE
  5
2EE1
330
1F
100
AcDbEntity
  8
0
  6
ACAD_ISO02W100
 62
   251
420
  6513766
100
AcDbPolyline
 90
        4
 70
     1
 43
0.0
 10
2810.753630354759
 20
1876.021028373549
 10
2829.89365625017
 20
1876.021028373549
 10
2829.89365625017
 20
1870.440941026194
 10
2810.753630354759
 20
1870.440941026194
  0
TEXT
  5
2EE2
330
1F
100
AcDbEntity
  8
0
 62
   251
420
  6513766
100
AcDbText
 10
2829.061481211239
 20
1874.318662602436
 30
0.0
 40
0.2843230634678178
  1
PROTEÇÃO
 50
270.0
  7
arial
100
AcDbText
  0
TEXT
  5
2EE3
330
1F
100
AcDbEntity
  8
0
100
AcDbText
 10
2825.508935272256
 20
1874.867285604998
 30
0.0
 40
0.2502592572629116
  1
+
  7
arial
100
AcDbText
  0
TEXT
  5
2EE4
330
1F
100
AcDbEntity
  8
0
100
AcDbText
 10
2825.518736788122
 20
1874.733568002159
 30
0.0
 40
0.2502592572629116
  1
-
 50
270.0
  7
arial
100
AcDbText
  0
TEXT
  5
2EE5
330
1F
100
AcDbEntity
  8
0
100
AcDbText
 10
2821.337685785351
 20
1877.607298517661
 30
0.0
 40
0.4658929592271505
  1
MPPT 2
  7
arial
100
AcDbText
  0
LINE
  5
2EE6
330
1F
100
AcDbEntity
  8
0
100
AcDbLine
 10
2820.910425711487
 20
1879.660065080146
 30
0.0
 11
2820.910425711487
 21
1877.349828103863
 31
0.0
  0
TEXT
  5
2F08
330
1F
100
AcDbEntity
  8
0
 62
     1
 48
0.1
100
AcDbText
 10
2826.871264553438
 20
1879.315389021147
 30
0.0
 40
0.7366620886434991
  1
CSI-5K-S22003-E
  7
arial
100
AcDbText
  0
LINE
  5
2F09
330
1F
100
AcDbEntity
  8
0
100
AcDbLine
 10
2815.828799053975
 20
1877.402689913686
 30
0.0
 11
2819.930248015203
 21
1877.402689913686
 31
0.0
  0
LINE
  5
2F0A
330
1F
100
AcDbEntity
  8
0
100
AcDbLine
 10
2819.930248015203
 20
1877.402689913686
 30
0.0
 11
2819.930248015203
 21
1879.660065080147
 31
0.0
  0
LINE
  5
2F0B
330
1F
100
AcDbEntity
  8
0
100
AcDbLine
 10
2820.910425711488
 20
1877.349828103863
 30
0.0
 11
2824.795042963684
 21
1877.349828103863
 31
0.0
  0
LINE
  5
2F0C
330
1F
100
AcDbEntity
  8
0
100
AcDbLine
 10
2824.795042963684
 20
1877.349828103862
 30
0.0
 11
2824.795042963684
 21
1876.591035052483
 31
0.0
  0
LINE
  5
2F0D
330
1F
100
AcDbEntity
  8
0
100
AcDbLine
 10
2815.828799053975
 20
1876.591035052483
 30
0.0
 11
2815.828799053973
 21
1872.024943233588
 31
0.0
  0
LINE
  5
2F0E
330
1F
100
AcDbEntity
  8
0
100
AcDbLine
 10
2815.828799053975
 20
1871.331398538498
 30
0.0
 11
2815.828799053975
 21
1868.932048039884
 31
0.0
  0
LINE
  5
2F0F
330
1F
100
AcDbEntity
  8
0
100
AcDbLine
 10
2816.47351372471
 20
1874.984730880631
 30
0.0
 11
2815.184084383238
 21
1874.984730880631
 31
0.0
  0
LINE
  5
2F10
330
1F
100
AcDbEntity
  8
0
100
AcDbLine
 10
2816.47351372471
 20
1874.670239222373
 30
0.0
 11
2815.184084383238
 21
1874.670239222373
 31
0.0
  0
LWPOLYLINE
  5
2F11
330
1F
100
AcDbEntity
  8
0
100
AcDbPolyline
 90
        4
 70
     1
 43
0.0
 10
2813.974808261077
 20
1872.907334480659
 10
2815.472772267236
 20
1872.907334480659
 10
2815.472772267236
 20
1873.713576404847
 10
2813.974808261077
 20
1873.713576404847
  0
LINE
  5
2F12
330
1F
100
AcDbEntity
  8
0
100
AcDbLine
 10
2813.974808261077
 20
1873.713576404847
 30
0.0
 11
2815.472772267236
 21
1872.907334480659
 31
0.0
  0
LINE
  5
2F13
330
1F
100
AcDbEntity
  8
0
100
AcDbLine
 10
2813.699435252305
 20
1873.310455442753
 30
0.0
 11
2813.974808261077
 21
1873.310455442753
 31
0.0
  0
LINE
  5
2F14
330
1F
100
AcDbEntity
  8
0
100
AcDbLine
 10
2815.472772267236
 20
1873.310455442753
 30
0.0
 11
2815.828799053975
 21
1873.310455442753
 31
0.0
  0
LINE
  5
2F15
330
1F
100
AcDbEntity
  8
0
100
AcDbLine
 10
2813.699435252305
 20
1873.538611737133
 30
0.0
 11
2813.699435252305
 21
1873.082299148374
 31
0.0
  0
LINE
  5
2F16
330
1F
100
AcDbEntity
  8
0
100
AcDbLine
 10
2813.699435252305
 20
1873.538611737133
 30
0.0
 11
2813.471278957925
 21
1873.310455442753
 31
0.0
  0
LINE
  5
2F17
330
1F
100
AcDbEntity
  8
0
100
AcDbLine
 10
2813.471278957925
 20
1873.310455442753
 30
0.0
 11
2813.699435252305
 21
1873.082299148374
 31
0.0
  0
LWPOLYLINE
  5
2F18
330
1F
100
AcDbEntity
  8
0
100
AcDbPolyline
 90
        4
 70
     1
 43
0.0
 10
2815.425678091879
 20
1868.932048039884
 10
2815.425678091879
 20
1867.434084033726
 10
2816.231920016068
 20
1867.434084033726
 10
2816.231920016068
 20
1868.932048039884
  0
LINE
  5
2F19
330
1F
100
AcDbEntity
  8
0
100
AcDbLine
 10
2816.231920016068
 20
1867.434084033726
 30
0.0
 11
2815.828799053975
 21
1867.958733798516
 31
0.0
  0
LINE
  5
2F1A
330
1F
100
AcDbEntity
  8
0
100
AcDbLine
 10
2815.828799053975
 20
1867.958733798516
 30
0.0
 11
2815.425678091879
 21
1867.434084033726
 31
0.0
  0
LINE
  5
2F1B
330
1F
100
AcDbEntity
  8
0
100
AcDbLine
 10
2815.661813628125
 20
1872.024943233588
 30
0.0
 11
2815.994743953361
 21
1872.024943233588
 31
0.0
  0
LWPOLYLINE
  5
2F1C
330
1F
100
AcDbEntity
  8
0
100
AcDbPolyline
 90
        4
 70
     1
 43
0.0
 10
2815.761182637196
 20
1872.024943233588
 10
2815.895374944289
 20
1872.024943233588
 10
2815.895374944289
 20
1871.746609181706
 10
2815.761182637196
 20
1871.746609181706
  0
LINE
  5
2F1D
330
1F
100
AcDbEntity
  8
0
100
AcDbLine
 10
2815.472803984622
 20
1871.920981458861
 30
0.0
 11
2815.828799053975
 21
1871.331398538498
 31
0.0
  0
LWPOLYLINE
  5
2F1E
330
1F
100
AcDbEntity
  8
0
100
AcDbPolyline
 90
        4
 70
     1
 43
0.0
 10
2815.491684817731
 20
1871.748009023658
 10
2815.620476237114
 20
1871.825774353508
 10
2815.865222833276
 20
1871.420436118973
 10
2815.736431413893
 20
1871.342670789124
  0
TEXT
  5
2F1F
330
1F
100
AcDbEntity
  8
0
100
AcDbText
 10
2815.055001656643
 20
1866.478771327043
 30
0.0
 40
0.2843230634678178
  1
Marca
  7
arial
100
AcDbText
  0
TEXT
  5
2F20
330
1F
100
AcDbEntity
  8
0
100
AcDbText
 10
2814.939078057999
 20
1865.631264541758
 30
0.0
 40
0.2843230634678178
  1
Modelo
  7
arial
100
AcDbText
  0
TEXT
  5
2F21
330
1F
100
AcDbEntity
  8
0
100
AcDbText
 10
2814.236454700355
 20
1864.27062704761
 30
0.0
 40
0.2843230634678178
  1
Quantidade
  7
arial
100
AcDbText
  0
TEXT
  5
2F22
330
1F
100
AcDbEntity
  8
0
 62
     1
 48
0.1
100
AcDbText
 10
2816.373354371228
 20
1864.251795393469
 30
0.0
 40
0.2843230634678178
  1
06
  7
arial
100
AcDbText
  0
TEXT
  5
2F23
330
1F
100
AcDbEntity
  8
0
100
AcDbText
 10
2814.236454700355
 20
1863.939565350653
 30
0.0
 40
0.2843230634678178
  1
2x4mm²
  7
arial
100
AcDbText
  0
TEXT
  5
2F24
330
1F
100
AcDbEntity
  8
0
100
AcDbText
 10
2814.274657862193
 20
1863.154007846851
 30
0.0
 40
0.2843230634678178
  1
Gerador: P1 
  7
arial
100
AcDbText
  0
LINE
  5
2F25
330
1F
100
AcDbEntity
  8
0
 62
     3
100
AcDbLine
 10
2816.231920016068
 20
1868.932048039884
 30
0.0
 11
2816.725585584294
 21
1868.932048039884
 31
0.0
  0
LINE
  5
2F26
330
1F
100
AcDbEntity
  8
0
 62
     3
100
AcDbLine
 10
2816.725585584294
 20
1868.558348007438
 30
0.0
 11
2816.725585584294
 21
1869.305748072331
 31
0.0
  0
LINE
  5
2F27
330
1F
100
AcDbEntity
  8
0
 62
     3
100
AcDbLine
 10
2816.833324396023
 20
1868.713048124976
 30
0.0
 11
2816.833324396023
 21
1869.165244200818
 31
0.0
  0
LINE
  5
2F28
330
1F
100
AcDbEntity
  8
0
 62
     3
100
AcDbLine
 10
2816.944941860423
 20
1868.845447384455
 30
0.0
 11
2816.944941860423
 21
1869.044414781756
 31
0.0
  0
LINE
  5
2F29
330
1F
100
AcDbEntity
  8
0
 62
     3
100
AcDbLine
 10
2817.059135866998
 20
1868.90406195432
 30
0.0
 11
2817.059135866998
 21
1868.976413256209
 31
0.0
  0
TEXT
  5
2F2A
330
1F
100
AcDbEntity
  8
0
 62
     1
 48
0.1
100
AcDbText
 10
2816.159232775334
 20
1872.322657502528
 30
0.0
 40
0.2843230634678178
  1
2P-15A
 50
270.0
  7
arial
100
AcDbText
  0
TEXT
  5
2F2B
330
1F
100
AcDbEntity
  8
0
100
AcDbText
 10
2816.541509494895
 20
1874.867285604998
 30
0.0
 40
0.2502592572629116
  1
+
  7
arial
100
AcDbText
  0
TEXT
  5
2F2C
330
1F
100
AcDbEntity
  8
0
100
AcDbText
 10
2816.552492878413
 20
1874.733568002159
 30
0.0
 40
0.2502592572629116
  1
-
 50
270.0
  7
arial
100
AcDbText
  0
LINE
  5
2F2D
330
1F
100
AcDbEntity
  8
0
100
AcDbLine
 10
2815.828799053975
 20
1877.402689913686
 30
0.0
 11
2815.828799053975
 21
1876.591035052483
 31
0.0
  0
TEXT
  5
2F2E
330
1F
100
AcDbEntity
  8
0
 62
     1
 48
0.1
100
AcDbText
 10
2814.87606915055
 20
1866.067129103717
 30
0.0
 40
0.2843230634678178
  1
HELIUS
  7
arial
100
AcDbText
  0
TEXT
  5
2F2F
330
1F
100
AcDbEntity
  8
0
 62
     1
 48
0.1
100
AcDbText
 10
2813.502072151015
 20
1865.172159048338
 30
0.0
 40
0.2843230634678178
  1
HMB132T12R-620CB
  7
arial
100
AcDbText
  0
TEXT
  5
2F30
330
1F
100
AcDbEntity
  8
0
 62
     1
 48
0.1
100
AcDbText
 10
2814.011351783452
 20
1864.784214967583
 30
0.0
 40
0.2843230634678178
  1
Bifacial N-Type 
  7
arial
100
AcDbText
  0
TEXT
  5
2F31
330
1F
100
AcDbEntity
  8
0
 62
     1
 48
0.1
100
AcDbText
 10
2823.873567028307
 20
1866.067129103717
 30
0.0
 40
0.2843230634678178
  1
HELIUS
  7
arial
100
AcDbText
  0
TEXT
  5
2F32
330
1F
100
AcDbEntity
  8
0
 62
     1
 48
0.1
100
AcDbText
 10
2822.499570028773
 20
1865.172159048338
 30
0.0
 40
0.2843230634678178
  1
HMB132T12R-620CB
  7
arial
100
AcDbText
  0
TEXT
  5
2F33
330
1F
100
AcDbEntity
  8
0
 62
     1
 48
0.1
100
AcDbText
 10
2823.00884966121
 20
1864.784214967583
 30
0.0
 40
0.2843230634678178
  1
Bifacial N-Type 
  7
arial
100
AcDbText
  0
LINE
  5
2F37
330
1F
100
AcDbEntity
  8
0
 62
     7
 48
0.1
100
AcDbLine
 10
2820.844398830433
 20
1886.574068704202
 30
0.0
 11
2820.86048122234
 21
1881.79558597403
 31
0.0
  0
TEXT
  5
2F38
330
1F
100
AcDbEntity
  8
0
100
AcDbText
 10
2821.556244732557
 20
1887.219613906718
 30
0.0
 40
0.7366620886434991
  1
DISJUNTOR 32A
  7
arial
100
AcDbText
  0
HATCH
  5
2F39
330
1F
100
AcDbEntity
  8
0
 62
     7
 48
0.1
100
AcDbHatch
 10
0.0
 20
0.0
 30
0.0
210
0.0
220
0.0
230
1.0
  2
ANSI31
 70
     0
 71
     1
 91
        1
 92
        1
 93
        4
 72
     1
 10
2820.327668160441
 20
1888.539433562769
 11
2821.361129500425
 21
1888.539433562769
 72
     1
 10
2821.361129500425
 20
1888.539433562769
 11
2821.361129500425
 21
1886.574068704202
 72
     1
 10
2821.361129500425
 20
1886.574068704202
 11
2820.327668160441
 21
1886.574068704202
 72
     1
 10
2820.327668160441
 20
1886.574068704202
 11
2820.327668160441
 21
1888.539433562769
 97
        1
330
2F3A
 75
     0
 76
     1
 52
0.0
 41
0.1262818552045357
 77
     0
 78
     1
 53
44.99999999999998
 43
915.3930537263308
 44
2016.402120036659
 45
-0.2835108507951252
 46
0.283510850795125
 79
     0
 98
        1
 10
915.3930537263308
 20
2016.402120036659
1001
ACAD
1010
0.0
1020
0.0
1030
0.0
  0
LWPOLYLINE
  5
2F3A
102
{ACAD_REACTORS
330
2F39
102
}
330
1F
100
AcDbEntity
  8
0
 62
     7
 48
0.1
100
AcDbPolyline
 90
        4
 70
     1
 43
0.0
 10
2820.327668160441
 20
1888.539433562769
 10
2821.361129500425
 20
1888.539433562769
 10
2821.361129500425
 20
1886.574068704202
 10
2820.327668160441
 20
1886.574068704202
  0
LINE
  5
2F9A
330
1F
100
AcDbEntity
  8
0
100
AcDbLine
 10
2792.027369876758
 20
1889.947181578278
 30
0.0
 11
2792.027369876758
 21
1885.825287636883
 31
0.0
  0
LINE
  5
2F9B
330
1F
100
AcDbEntity
  8
0
100
AcDbLine
 10
2792.027369876758
 20
1885.825287636883
 30
0.0
 11
2789.375061125197
 21
1885.825287636883
 31
0.0
  0
LINE
  5
2F9C
330
1F
100
AcDbEntity
  8
0
100
AcDbLine
 10
2789.375061125197
 20
1885.825287636883
 30
0.0
 11
2789.375061125197
 21
1882.614266754183
 31
0.0
  0
LINE
  5
2F9D
330
1F
100
AcDbEntity
  8
0
100
AcDbLine
 10
2789.375061125197
 20
1882.614266754183
 30
0.0
 11
2794.829874112791
 21
1882.614266754183
 31
0.0
  0
LINE
  5
2F9E
330
1F
100
AcDbEntity
  8
0
100
AcDbLine
 10
2794.829874112791
 20
1882.614266754183
 30
0.0
 11
2794.829874112791
 21
1885.825287636883
 31
0.0
  0
LINE
  5
2F9F
330
1F
100
AcDbEntity
  8
0
100
AcDbLine
 10
2794.829874112791
 20
1885.825287636883
 30
0.0
 11
2789.375061125197
 21
1882.614266754183
 31
0.0
  0
LINE
  5
2FA0
330
1F
100
AcDbEntity
  8
0
100
AcDbLine
 10
2792.102467618992
 20
1882.614266754183
 30
0.0
 11
2792.102467618992
 21
1878.067637233311
 31
0.0
  0
CIRCLE
  5
2FA1
330
1F
100
AcDbEntity
  8
0
100
AcDbCircle
 10
2791.975672093725
 20
1876.07402887217
 30
0.0
 40
2.048432941076809
  0
TEXT
  5
2FA2
330
1F
100
AcDbEntity
  8
0
100
AcDbText
 10
2790.389363528787
 20
1884.716499139846
 30
0.0
 40
0.7483858312299723
  1
CA
  7
arial
100
AcDbText
  0
TEXT
  5
2FA3
330
1F
100
AcDbEntity
  8
0
100
AcDbText
 10
2792.924216884334
 20
1883.314691793674
 30
0.0
 40
0.7483858312299723
  1
CC
  7
arial
100
AcDbText
  0
TEXT
  5
2FA4
330
1F
100
AcDbEntity
  8
0
100
AcDbText
 10
2791.638157283129
 20
1875.667572991277
 30
0.0
 40
0.7483858312299723
  1
G
  7
arial
100
AcDbText
  0
LINE
  5
2FA5
330
1F
100
AcDbEntity
  8
0
100
AcDbLine
 10
2792.027369876758
 20
1885.825287636883
 30
0.0
 11
2794.829874112791
 21
1885.825287636883
 31
0.0
  0
TEXT
  5
2FA6
330
1F
100
AcDbEntity
  8
0
100
AcDbText
 10
2795.263572966571
 20
1883.315599413779
 30
0.0
 40
0.6613012471662975
  1
Marca
  7
arial
100
AcDbText
  0
TEXT
  5
2FA7
330
1F
100
AcDbEntity
  8
0
100
AcDbText
 10
2795.232706961602
 20
1882.376891872495
 30
0.0
 40
0.6613012471662975
  1
Modelo
  7
arial
100
AcDbText
  0
TEXT
  5
2FA8
330
1F
100
AcDbEntity
  8
0
100
AcDbText
 10
2795.232706961602
 20
1881.483845353427
 30
0.0
 40
0.6613012471662975
  1
Quantidade
  7
arial
100
AcDbText
  0
TEXT
  5
2FA9
330
1F
100
AcDbEntity
  8
0
 62
     1
 48
0.1
100
AcDbText
 10
2798.454004850965
 20
1882.304851200975
 30
0.0
 40
0.6613012471662975
  1
CSI-9K-S22002-ED
  7
arial
100
AcDbText
  0
TEXT
  5
2FAA
330
1F
100
AcDbEntity
  8
0
 62
     1
 48
0.1
100
AcDbText
 10
2800.122480519708
 20
1881.407820671361
 30
0.0
 40
0.6613012471662975
  1
01
  7
arial
100
AcDbText
  0
TEXT
  5
2FAB
330
1F
100
AcDbEntity
  8
0
 62
     1
 48
0.1
100
AcDbText
 10
2798.034544791581
 20
1883.255869100136
 30
0.0
 40
0.6613012471662975
  1
CANADIAN
  7
arial
100
AcDbText
  0
TEXT
  5
2FAC
330
1F
100
AcDbEntity
  8
0
100
AcDbText
 10
2795.294438971539
 20
1884.254306955063
 30
0.0
 40
0.6613012471662975
  1
Inversor 
  7
arial
100
AcDbText
  0
TEXT
  5
2FAD
330
1F
100
AcDbEntity
  8
0
100
AcDbText
 10
2789.554854511834
 20
1871.918581798392
 30
0.0
 40
0.6613012471662975
  1
Marca
  7
arial
100
AcDbText
  0
TEXT
  5
2FAE
330
1F
100
AcDbEntity
  8
0
100
AcDbText
 10
2789.554854511834
 20
1871.069388292436
 30
0.0
 40
0.6613012471662975
  1
Modelo
  7
arial
100
AcDbText
  0
TEXT
  5
2FAF
330
1F
100
AcDbEntity
  8
0
100
AcDbText
 10
2789.554854511834
 20
1870.176341773369
 30
0.0
 40
0.6613012471662975
  1
Quantidade
  7
arial
100
AcDbText
  0
TEXT
  5
2FB0
330
1F
100
AcDbEntity
  8
0
 62
     1
 48
0.1
100
AcDbText
 10
2792.413106508234
 20
1871.813875556454
 30
0.0
 40
0.6613012471662975
  1
HELIUS
  7
arial
100
AcDbText
  0
TEXT
  5
2FB1
330
1F
100
AcDbEntity
  8
0
 62
     1
 48
0.1
100
AcDbText
 10
2792.776152401196
 20
1870.997347620916
 30
0.0
 40
0.6613012471662975
  1
HMB132T12R-620CB - Bifacial N-Type 
  7
arial
100
AcDbText
  0
TEXT
  5
2FB2
330
1F
100
AcDbEntity
  8
0
 62
     1
 48
0.1
100
AcDbText
 10
2794.444628069939
 20
1870.100317091302
 30
0.0
 40
0.6613012471662975
  1
23
  7
arial
100
AcDbText
  0
TEXT
  5
2FB3
330
1F
100
AcDbEntity
  8
0
100
AcDbText
 10
2789.554854511834
 20
1872.767775304347
 30
0.0
 40
0.6613012471662975
  1
Gerador 
  7
arial
100
AcDbText
  0
TEXT
  5
2FB4
330
1F
100
AcDbEntity
  8
0
100
AcDbText
 10
2792.331045252769
 20
1887.061047454077
 30
0.0
 40
0.6613012471662975
  1
2#16(16)MM²
  7
arial
100
AcDbText
  0
HATCH
  5
2FB5
330
1F
100
AcDbEntity
  8
0
 62
     7
 48
0.1
100
AcDbHatch
 10
0.0
 20
0.0
 30
0.0
210
0.0
220
0.0
230
1.0
  2
ANSI31
 70
     0
 71
     1
 91
        1
 92
        1
 93
        4
 72
     1
 10
2791.270635566161
 20
1892.902351729532
 11
2792.824573040458
 21
1892.902351729532
 72
     1
 10
2792.824573040458
 20
1892.902351729532
 11
2792.824573040458
 21
1889.947181578278
 72
     1
 10
2792.824573040458
 20
1889.947181578278
 11
2791.270635566161
 21
1889.947181578278
 72
     1
 10
2791.270635566161
 20
1889.947181578278
 11
2791.270635566161
 21
1892.902351729532
 97
        1
330
2FB6
 75
     0
 76
     1
 52
0.0
 41
0.1898804527407118
 77
     0
 78
     1
 53
45.0
 43
-73.03513856385325
 44
2085.159780613378
 45
-0.4262937744990398
 46
0.42629377449904
 79
     0
 98
        1
 10
-73.03513856385325
 20
2085.159780613378
1001
ACAD
1010
0.0
1020
0.0
1030
0.0
  0
LWPOLYLINE
  5
2FB6
102
{ACAD_REACTORS
330
2FB5
102
}
330
1F
100
AcDbEntity
  8
0
 62
     7
 48
0.1
100
AcDbPolyline
 90
        4
 70
     1
 43
0.0
 10
2791.270635566161
 20
1892.902351729532
 10
2792.824573040458
 20
1892.902351729532
 10
2792.824573040458
 20
1889.947181578278
 10
2791.270635566161
 20
1889.947181578278
  0
TEXT
  5
2FB7
330
1F
100
AcDbEntity
  8
0
100
AcDbText
 10
2793.088478943704
 20
1891.340074768976
 30
0.0
 40
0.5753754423749839
  1
Dispositivo de Proteção 50A
  7
arial
100
AcDbText
  0
TEXT
  5
2FB8
330
1F
100
AcDbEntity
  8
0
100
AcDbText
 10
2792.389081794639
 20
1879.178014453579
 30
0.0
 40
0.6613012471662975
  1
2#4MM²
  7
arial
100
AcDbText
  0
TEXT
  5
2FB9
330
1F
100
AcDbEntity
  8
0
 62
     1
 48
0.1
100
AcDbText
 10
2798.892581269835
 20
1884.02647629185
 30
0.0
 40
0.6613012471662975
  1
01
  7
arial
100
AcDbText
  0
LINE
  5
2FBA
330
1F
100
AcDbEntity
  8
0
100
AcDbLine
 10
2772.488685653727
 20
1893.956200330951
 30
0.0
 11
2792.04760430331
 21
1893.956200330951
 31
0.0
  0
LINE
  5
2FBB
330
1F
100
AcDbEntity
  8
0
100
AcDbLine
 10
2792.04760430331
 20
1892.902351729532
 30
0.0
 11
2792.04760430331
 21
1893.956200330952
 31
0.0
  0
LINE
  5
3035
330
1F
100
AcDbEntity
  8
ARQ-FOLHA
 62
     7
 48
0.1
100
AcDbLine
 10
2851.400820366983
 20
1927.719718647888
 30
0.0
 11
2851.400820366983
 21
1920.040388207186
 31
0.0
  0
LINE
  5
3036
330
1F
100
AcDbEntity
  8
ARQ-FOLHA
 62
     7
 48
0.1
100
AcDbLine
 10
2860.001670460569
 20
1926.183852559748
 30
0.0
 11
2860.001670460569
 21
1920.040388207186
 31
0.0
  0
LINE
  5
3037
330
1F
100
AcDbEntity
  8
ARQ-FOLHA
 62
     7
 48
0.1
100
AcDbLine
 10
2851.400820366983
 20
1921.576254295326
 30
0.0
 11
2861.230363331081
 21
1921.576254295326
 31
0.0
  0
LINE
  5
3038
330
1F
100
AcDbEntity
  8
ARQ-FOLHA
 62
     7
 48
0.1
100
AcDbLine
 10
2868.390005631237
 20
1920.040388207186
 30
0.0
 11
2868.390005631237
 21
1927.719718647888
 31
0.0
  0
LINE
  5
3039
330
1F
100
AcDbEntity
  8
ARQ-FOLHA
 62
     7
 48
0.1
100
AcDbLine
 10
2868.390005631237
 20
1927.719718647888
 30
0.0
 11
2851.400820366983
 21
1927.719718647888
 31
0.0
  0
LINE
  5
303A
330
1F
100
AcDbEntity
  8
ARQ-FOLHA
 62
     7
 48
0.1
100
AcDbLine
 10
2868.390005631237
 20
1926.183852559748
 30
0.0
 11
2851.400820366983
 21
1926.183852559748
 31
0.0
  0
LINE
  5
303B
330
1F
100
AcDbEntity
  8
ARQ-FOLHA
 62
     7
 48
0.1
100
AcDbLine
 10
2868.390005631237
 20
1924.647986471607
 30
0.0
 11
2851.400820366983
 21
1924.647986471607
 31
0.0
  0
LINE
  5
303C
330
1F
100
AcDbEntity
  8
ARQ-FOLHA
 62
     7
 48
0.1
100
AcDbLine
 10
2868.390005631237
 20
1923.112120383467
 30
0.0
 11
2851.400820366983
 21
1923.112120383467
 31
0.0
  0
TEXT
  5
303D
330
1F
100
AcDbEntity
  8
0
 62
     7
100
AcDbText
 10
2857.239161290255
 20
1926.75833996762
 30
0.0
 40
0.6402984108515662
  1
INVERSOR 01
  7
arial
100
AcDbText
1001
ACAD
1000
ACAD_MTEXT_DEFINED_HEIGHT_BEGIN
1070
    46
1040
0.0
1000
ACAD_MTEXT_DEFINED_HEIGHT_END
  0
TEXT
  5
303E
330
1F
100
AcDbEntity
  8
0
 62
     7
100
AcDbText
 10
2852.172121713307
 20
1925.084719120089
 30
0.0
 40
0.6402984108515662
  1
Fabricante
  7
arial
100
AcDbText
1001
ACAD
1000
ACAD_MTEXT_DEFINED_HEIGHT_BEGIN
1070
    46
1040
0.0
1000
ACAD_MTEXT_DEFINED_HEIGHT_END
  0
TEXT
  5
303F
330
1F
100
AcDbEntity
  8
0
 62
     7
100
AcDbText
 10
2852.172121713307
 20
1923.584236153606
 30
0.0
 40
0.6402984108515662
  1
Modelo
  7
arial
100
AcDbText
1001
ACAD
1000
ACAD_MTEXT_DEFINED_HEIGHT_BEGIN
1070
    46
1040
0.0
1000
ACAD_MTEXT_DEFINED_HEIGHT_END
  0
TEXT
  5
3040
330
1F
100
AcDbEntity
  8
0
 62
     7
100
AcDbText
 10
2852.172121713307
 20
1922.054885539633
 30
0.0
 40
0.6402984108515662
  1
Potência Nominal
  7
arial
100
AcDbText
1001
ACAD
1000
ACAD_MTEXT_DEFINED_HEIGHT_BEGIN
1070
    46
1040
0.0
1000
ACAD_MTEXT_DEFINED_HEIGHT_END
  0
LINE
  5
3041
330
1F
100
AcDbEntity
  8
ARQ-FOLHA
 62
     7
 48
0.1
100
AcDbLine
 10
2868.390005631237
 20
1921.576254295326
 30
0.0
 11
2851.400820366983
 21
1921.576254295326
 31
0.0
  0
LINE
  5
3042
330
1F
100
AcDbEntity
  8
ARQ-FOLHA
 62
     7
 48
0.1
100
AcDbLine
 10
2868.390005631237
 20
1920.040388207185
 30
0.0
 11
2851.400820366983
 21
1920.040388207186
 31
0.0
  0
TEXT
  5
3043
330
1F
100
AcDbEntity
  8
0
 62
     7
100
AcDbText
 10
2852.172121713307
 20
1920.507774578738
 30
0.0
 40
0.6402984108515662
  1
Quantidade
  7
arial
100
AcDbText
1001
ACAD
1000
ACAD_MTEXT_DEFINED_HEIGHT_BEGIN
1070
    46
1040
0.0
1000
ACAD_MTEXT_DEFINED_HEIGHT_END
  0
TEXT
  5
3044
330
1F
100
AcDbEntity
  8
0
 62
     7
100
AcDbText
 10
2861.954796657933
 20
1925.188995203839
 30
0.0
 40
0.6402984108515662
  1
CANADIAN
  7
arial
100
AcDbText
1001
ACAD
1000
ACAD_MTEXT_DEFINED_HEIGHT_BEGIN
1070
    46
1040
0.0
1000
ACAD_MTEXT_DEFINED_HEIGHT_END
  0
TEXT
  5
3045
330
1F
100
AcDbEntity
  8
0
 62
     7
100
AcDbText
 10
2860.231449062724
 20
1923.641180576914
 30
0.0
 40
0.6402984108515662
  1
CSI-5K-S22003-E
  7
arial
100
AcDbText
1001
ACAD
1000
ACAD_MTEXT_DEFINED_HEIGHT_BEGIN
1070
    46
1040
0.0
1000
ACAD_MTEXT_DEFINED_HEIGHT_END
  0
TEXT
  5
3046
330
1F
100
AcDbEntity
  8
0
 62
     7
100
AcDbText
 10
2862.404694264269
 20
1922.170735018907
 30
0.0
 40
0.6402984108515662
  1
5000 W
  7
arial
100
AcDbText
1001
ACAD
1000
ACAD_MTEXT_DEFINED_HEIGHT_BEGIN
1070
    46
1040
0.0
1000
ACAD_MTEXT_DEFINED_HEIGHT_END
  0
TEXT
  5
3047
330
1F
100
AcDbEntity
  8
0
 62
     7
100
AcDbText
 10
2863.86983659966
 20
1920.584201653689
 30
0.0
 40
0.6402984108515662
  1
1
  7
arial
100
AcDbText
1001
ACAD
1000
ACAD_MTEXT_DEFINED_HEIGHT_BEGIN
1070
    46
1040
0.0
1000
ACAD_MTEXT_DEFINED_HEIGHT_END
  0
ENDSEC
  0
SECTION
  2
OBJECTS
  0
DICTIONARY
  5
C
330
0
100
AcDbDictionary
281
     1
  3
ACAD_CIP_PREVIOUS_PRODUCT_INFO
350
216
  3
ACAD_COLOR
350
6B
  3
ACAD_DETAILVIEWSTYLE
350
21B
  3
ACAD_GROUP
350
D
  3
ACAD_LAST_SAVED_VERSION_INFO
350
2B27
  3
ACAD_LAYOUT
350
1A
  3
ACAD_MATERIAL
350
6A
  3
ACAD_MLEADERSTYLE
350
12D
  3
ACAD_MLINESTYLE
350
17
  3
ACAD_PLOTSETTINGS
350
19
  3
ACAD_PLOTSTYLENAME
350
E
  3
ACAD_SCALELIST
350
10C
  3
ACAD_SECTIONVIEWSTYLE
350
219
  3
ACAD_TABLESTYLE
350
7E
  3
ACAD_VISUALSTYLE
350
EF
  3
ACDB_RECOMPOSE_DATA
350
3089
  3
AcDbVariableDictionary
350
5E
  3
AEC_PROPERTY_SET_DEFS
350
5C1
  0
DICTIONARY
  5
F96
330
8
100
AcDbDictionary
280
     1
281
     1
  0
DICTIONARY
  5
1FF
330
2
100
AcDbDictionary
280
     1
281
     1
  3
ACAD_LAYERSTATES
360
200
  0
DICTIONARY
  5
13C
330
10
100
AcDbDictionary
280
     1
281
     1
  0
DICTIONARY
  5
27A
330
279
100
AcDbDictionary
280
     1
281
     1
  0
DICTIONARY
  5
27C
330
27B
100
AcDbDictionary
280
     1
281
     1
  0
DICTIONARY
  5
466
330
465
100
AcDbDictionary
280
     1
281
     1
  0
DICTIONARY
  5
1CE
330
1F
100
AcDbDictionary
280
     1
281
     1
  3
ACAD_SORTENTS
360
4F6
  0
DICTIONARY
  5
262
330
261
100
AcDbDictionary
280
     1
281
     1
  0
DICTIONARY
  5
1DF2
330
1DF1
100
AcDbDictionary
280
     1
281
     1
  0
DICTIONARY
  5
1DF4
330
1DF3
100
AcDbDictionary
280
     1
281
     1
  0
DICTIONARY
  5
1E18
330
1E17
100
AcDbDictionary
280
     1
281
     1
  0
XRECORD
  5
216
102
{ACAD_REACTORS
330
C
102
}
330
C
100
AcDbXrecord
280
     1
300
ACD
300
2025
300
ACD_F_S
  0
DICTIONARY
  5
6B
102
{ACAD_REACTORS
330
C
102
}
330
C
100
AcDbDictionary
281
     1
  0
DICTIONARY
  5
21B
102
{ACAD_REACTORS
330
C
102
}
330
C
100
AcDbDictionary
281
     1
  3
Metric50
350
21C
  0
DICTIONARY
  5
D
102
{ACAD_REACTORS
330
C
102
}
330
C
100
AcDbDictionary
281
     1
  0
XRECORD
  5
2B27
102
{ACAD_REACTORS
330
C
102
}
330
C
100
AcDbXrecord
280
     1
300
{D77C02CB-6676-5246-BCA8-579903D17904}
301
{64779754-119B-9E4F-BDF8-700AC2116E83}
302
{D77C02CB-6676-5246-BCA8-579903D17904}
303
C:\Luan\Github\Solar-2.0\PROJETO - HUMBERTO 01.dxf
  0
DICTIONARY
  5
1A
102
{ACAD_REACTORS
330
C
102
}
330
C
100
AcDbDictionary
281
     1
  3
Layout1
350
D3
  3
Layout2
350
D7
  3
Model
350
22
  0
DICTIONARY
  5
6A
102
{ACAD_REACTORS
330
C
102
}
330
C
100
AcDbDictionary
281
     1
  3
ByBlock
350
ED
  3
ByLayer
350
EC
  3
Global
350
EE
  0
DICTIONARY
  5
12D
102
{ACAD_REACTORS
330
C
102
}
330
C
100
AcDbDictionary
281
     1
  3
Annotative
350
13B
  3
Standard
350
12E
  0
DICTIONARY
  5
17
102
{ACAD_REACTORS
330
C
102
}
330
C
100
AcDbDictionary
281
     1
  3
Standard
350
18
  0
DICTIONARY
  5
19
102
{ACAD_REACTORS
330
C
102
}
330
C
100
AcDbDictionary
281
     1
  0
ACDBDICTIONARYWDFLT
  5
E
102
{ACAD_REACTORS
330
C
102
}
330
C
100
AcDbDictionary
281
     1
  3
Normal
350
F
100
AcDbDictionaryWithDefault
340
F
  0
DICTIONARY
  5
10C
102
{ACAD_REACTORS
330
C
102
}
330
C
100
AcDbDictionary
281
     1
  3
A0
350
10D
  3
A1
350
1BE
  3
A2
350
1BF
  3
A3
350
1C0
  3
A4
350
1C1
  3
A5
350
1C2
  3
A6
350
1C3
  3
A7
350
1C4
  3
A8
350
1C5
  3
A9
350
1C6
  3
B0
350
1C7
  3
B1
350
1C8
  3
B2
350
1C9
  3
B3
350
1CA
  3
B4
350
1CB
  3
B5
350
1CC
  3
B6
350
1CD
  0
DICTIONARY
  5
219
102
{ACAD_REACTORS
330
C
102
}
330
C
100
AcDbDictionary
281
     1
  3
Metric50
350
21A
  0
DICTIONARY
  5
7E
102
{ACAD_REACTORS
330
C
102
}
330
C
100
AcDbDictionary
281
     1
  3
Standard
350
7F
  0
DICTIONARY
  5
EF
102
{ACAD_REACTORS
330
C
102
}
330
C
100
AcDbDictionary
281
     1
  3
2dWireframe
350
F5
  3
3dWireframe
350
28A
  3
Basic
350
F4
  3
Brighten
350
FB
  3
ColorChange
350
FF
  3
Conceptual
350
F8
  3
Dim
350
FA
  3
EdgeColorOff
350
1E6
  3
Facepattern
350
FE
  3
Flat
350
F0
  3
FlatWithEdges
350
F1
  3
Gouraud
350
F2
  3
GouraudWithEdges
350
F3
  3
Hidden
350
F7
  3
JitterOff
350
1E4
  3
Linepattern
350
FD
  3
OverhangOff
350
1E5
  3
Realistic
350
F9
  3
Shaded
350
1F3
  3
Shaded with edges
350
1F2
  3
Shades of Gray
350
1EF
  3
Sketchy
350
1F0
  3
Thicken
350
FC
  3
Wireframe
350
F6
  3
X-Ray
350
1F1
  0
XRECORD
  5
3089
102
{ACAD_REACTORS
330
C
102
}
330
C
100
AcDbXrecord
280
     1
 90
        1
330
7F
  0
DICTIONARY
  5
5E
102
{ACAD_REACTORS
330
C
102
}
330
C
100
AcDbDictionary
281
     1
  3
CANNOSCALE
350
146
  3
CMLEADERSTYLE
350
145
  3
CTABLESTYLE
350
84
  3
CVIEWDETAILSTYLE
350
227
  3
CVIEWSECTIONSTYLE
350
228
  3
DIMASSOC
350
5F
  3
HIDETEXT
350
63
  3
LAYEREVAL
350
1AE
  3
LAYERNOTIFY
350
1AF
  3
LIGHTINGUNITS
350
FDA
  3
MSLTSCALE
350
FD9
  0
DICTIONARY
  5
5C1
102
{ACAD_REACTORS
330
C
102
}
330
C
100
AcDbDictionary
281
     1
  0
DICTIONARY
  5
200
102
{ACAD_REACTORS
330
1FF
102
}
330
1FF
100
AcDbDictionary
281
     1
  0
SORTENTSTABLE
  5
4F6
102
{ACAD_REACTORS
330
1CE
102
}
330
1CE
100
AcDbSortentsTable
330
1F
  0
ACDBDETAILVIEWSTYLE
  5
21C
102
{ACAD_REACTORS
330
21B
102
}
330
21B
100
AcDbModelDocViewStyle
 70
     0
  3
Metric50
290
     0
300
Metric50
 90
        0
100
AcDbDetailViewStyle
 70
     0
 71
     0
 90
        3
 71
     1
340
11
 62
   256
 40
5.0
340
0
 62
   256
 40
5.0
300

 40
0.0
280
     1
 71
     2
340
16
 90
       25
 62
   256
 71
     3
340
11
 62
   256
 40
5.0
 90
        0
 40
15.0
 90
        1
300
%<\AcVar ViewDetailId>% (%<\AcVar ViewScale \f "%sn">%)
 71
     4
340
16
 90
       25
 62
   256
340
16
 90
       25
 62
   256
280
     0
  0
LAYOUT
  5
D3
102
{ACAD_REACTORS
330
1A
102
}
330
1A
100
AcDbPlotSettings
  1

  2
C:\Documents and Settings\basas\Application Data\Autodesk\AutoCAD 2005\R16.1\enu\plotters\Default Windows System Printer.pc3
  4

  6

 40
0.0
 41
0.0
 42
0.0
 43
0.0
 44
0.0
 45
0.0
 46
0.0
 47
0.0
 48
0.0
 49
0.0
140
0.0
141
0.0
142
1.0
143
1.0
 70
   688
 72
     0
 73
     0
 74
     5
  7

 75
    16
147
1.0
 76
     0
 77
     2
 78
   300
148
0.0
149
0.0
100
AcDbLayout
  1
Layout1
 70
     1
 71
     1
 10
0.0
 20
0.0
 11
12.0
 21
9.0
 12
0.0
 22
0.0
 32
0.0
 14
0.0
 24
0.0
 34
0.0
 15
0.0
 25
0.0
 35
0.0
146
0.0
 13
0.0
 23
0.0
 33
0.0
 16
1.0
 26
0.0
 36
0.0
 17
0.0
 27
1.0
 37
0.0
 76
     0
330
D2
  0
LAYOUT
  5
D7
102
{ACAD_REACTORS
330
1A
102
}
330
1A
100
AcDbPlotSettings
  1

  2
C:\Documents and Settings\basas\Application Data\Autodesk\AutoCAD 2005\R16.1\enu\plotters\Default Windows System Printer.pc3
  4

  6

 40
0.0
 41
0.0
 42
0.0
 43
0.0
 44
0.0
 45
0.0
 46
0.0
 47
0.0
 48
0.0
 49
0.0
140
0.0
141
0.0
142
1.0
143
1.0
 70
   688
 72
     0
 73
     0
 74
     5
  7

 75
    16
147
1.0
 76
     0
 77
     2
 78
   300
148
0.0
149
0.0
100
AcDbLayout
  1
Layout2
 70
     1
 71
     2
 10
0.0
 20
0.0
 11
12.0
 21
9.0
 12
0.0
 22
0.0
 32
0.0
 14
0.0
 24
0.0
 34
0.0
 15
0.0
 25
0.0
 35
0.0
146
0.0
 13
0.0
 23
0.0
 33
0.0
 16
1.0
 26
0.0
 36
0.0
 17
0.0
 27
1.0
 37
0.0
 76
     0
330
D6
  0
LAYOUT
  5
22
102
{ACAD_XDICTIONARY
360
205
102
}
102
{ACAD_REACTORS
330
1A
102
}
330
1A
100
AcDbPlotSettings
  1

  2
none_device
  4
ISO_A4_(210.00_x_297.00_MM)
  6

 40
7.5
 41
20.0
 42
7.5
 43
20.0
 44
210.0
 45
297.0
 46
11.54999923706054
 47
-13.65000009536743
 48
0.0
 49
0.0
140
0.0
141
0.0
142
1.0
143
8.704084754739808
 70
 11952
 72
     1
 73
     0
 74
     0
  7

 75
     0
147
0.1148885871608098
 76
     0
 77
     2
 78
   300
148
0.0
149
0.0
100
AcDbLayout
  1
Model
 70
     1
 71
     0
 10
0.0
 20
0.0
 11
12.0
 21
9.0
 12
0.0
 22
0.0
 32
0.0
 14
0.0
 24
0.0
 34
0.0
 15
0.0
 25
0.0
 35
0.0
146
0.0
 13
0.0
 23
0.0
 33
0.0
 16
1.0
 26
0.0
 36
0.0
 17
0.0
 27
1.0
 37
0.0
 76
     0
330
1F
331
EA
1001
ACAD_PSEXT
1000
None
1000
None
1000
Not applicable
1000
The layout will not be plotted unless a new plotter configuration name is selected.
1070
     0
  0
MATERIAL
  5
ED
102
{ACAD_XDICTIONARY
360
1F9
102
}
102
{ACAD_REACTORS
330
6A
102
}
330
6A
100
AcDbMaterial
  1
ByBlock
 94
       63
  0
MATERIAL
  5
EC
102
{ACAD_XDICTIONARY
360
1F7
102
}
102
{ACAD_REACTORS
330
6A
102
}
330
6A
100
AcDbMaterial
  1
ByLayer
 94
       63
  0
MATERIAL
  5
EE
102
{ACAD_XDICTIONARY
360
173
102
}
102
{ACAD_REACTORS
330
6A
102
}
330
6A
100
AcDbMaterial
  1
Global
 43
0.0007999999797903
 43
0.0
 43
0.0
 43
0.0
 43
0.0
 43
0.0007999999797903
 43
0.0
 43
0.0
 43
0.0
 43
0.0
 43
1.0
 43
0.0
 43
0.0
 43
0.0
 43
0.0
 43
1.0
 49
0.0007999999797903
 49
0.0
 49
0.0
 49
0.0
 49
0.0
 49
0.0007999999797903
 49
0.0
 49
0.0
 49
0.0
 49
0.0
 49
1.0
 49
0.0
 49
0.0
 49
0.0
 49
0.0
 49
1.0
142
0.0007999999797903
142
0.0
142
0.0
142
0.0
142
0.0
142
0.0007999999797903
142
0.0
142
0.0
142
0.0
142
0.0
142
1.0
142
0.0
142
0.0
142
0.0
142
0.0
142
1.0
144
0.0007999999797903
144
0.0
144
0.0
144
0.0
144
0.0
144
0.0007999999797903
144
0.0
144
0.0
144
0.0
144
0.0
144
1.0
144
0.0
144
0.0
144
0.0
144
0.0
144
1.0
 94
       63
1001
ACAD
1070
    -1
1070
     3
1070
     0
1000

1071
        0
1070
     0
  0
MLEADERSTYLE
  5
13B
102
{ACAD_REACTORS
330
12D
102
}
330
12D
100
AcDbMLeaderStyle
179
     2
170
     2
171
     1
172
     0
 90
        2
 40
0.0
 41
0.0
173
     1
 91
-1056964608
340
14
 92
       -2
290
     1
 42
2.0
291
     1
 43
8.0
  3
Standard
 44
4.0
300

342
11
174
     1
178
     1
175
     1
176
     0
 93
-1056964608
 45
4.0
292
     0
297
     0
 46
4.0
 94
-1056964608
 47
1.0
 49
1.0
140
1.0
293
     1
141
0.0
294
     1
177
     0
142
1.0
295
     0
296
     1
143
3.75
271
     0
272
     9
273
     9
298
     0
  0
MLEADERSTYLE
  5
12E
102
{ACAD_REACTORS
330
12D
102
}
330
12D
100
AcDbMLeaderStyle
179
     2
170
     2
171
     1
172
     0
 90
        2
 40
0.0
 41
0.0
173
     1
 91
-1056964608
340
14
 92
       -2
290
     1
 42
2.0
291
     1
 43
8.0
  3
Standard
 44
4.0
300

342
11
174
     1
178
     1
175
     1
176
     0
 93
-1056964608
 45
4.0
292
     0
297
     0
 46
4.0
 94
-1056964608
 47
1.0
 49
1.0
140
1.0
293
     1
141
0.0
294
     1
177
     0
142
1.0
295
     0
296
     0
143
3.75
271
     0
272
     9
273
     9
298
     0
  0
MLINESTYLE
  5
18
102
{ACAD_REACTORS
330
17
102
}
330
17
100
AcDbMlineStyle
  2
STANDARD
 70
     0
  3

 62
   256
 51
90.0
 52
90.0
 71
     2
 49
0.5
 62
   256
  6
BYLAYER
 49
-0.5
 62
   256
  6
BYLAYER
  0
ACDBPLACEHOLDER
  5
F
102
{ACAD_REACTORS
330
E
102
}
330
E
  0
SCALE
  5
10D
102
{ACAD_REACTORS
330
10C
102
}
330
10C
100
AcDbScale
 70
     0
300
1:1
140
1.0
141
1.0
290
     1
  0
SCALE
  5
1BE
102
{ACAD_REACTORS
330
10C
102
}
330
10C
100
AcDbScale
 70
     0
300
1:2
140
1.0
141
2.0
290
     0
  0
SCALE
  5
1BF
102
{ACAD_REACTORS
330
10C
102
}
330
10C
100
AcDbScale
 70
     0
300
1:4
140
1.0
141
4.0
290
     0
  0
SCALE
  5
1C0
102
{ACAD_REACTORS
330
10C
102
}
330
10C
100
AcDbScale
 70
     0
300
1:5
140
1.0
141
5.0
290
     0
  0
SCALE
  5
1C1
102
{ACAD_REACTORS
330
10C
102
}
330
10C
100
AcDbScale
 70
     0
300
1:8
140
1.0
141
8.0
290
     0
  0
SCALE
  5
1C2
102
{ACAD_REACTORS
330
10C
102
}
330
10C
100
AcDbScale
 70
     0
300
1:10
140
1.0
141
10.0
290
     0
  0
SCALE
  5
1C3
102
{ACAD_REACTORS
330
10C
102
}
330
10C
100
AcDbScale
 70
     0
300
1:16
140
1.0
141
16.0
290
     0
  0
SCALE
  5
1C4
102
{ACAD_REACTORS
330
10C
102
}
330
10C
100
AcDbScale
 70
     0
300
1:20
140
1.0
141
20.0
290
     0
  0
SCALE
  5
1C5
102
{ACAD_REACTORS
330
10C
102
}
330
10C
100
AcDbScale
 70
     0
300
1:30
140
1.0
141
30.0
290
     0
  0
SCALE
  5
1C6
102
{ACAD_REACTORS
330
10C
102
}
330
10C
100
AcDbScale
 70
     0
300
1:40
140
1.0
141
40.0
290
     0
  0
SCALE
  5
1C7
102
{ACAD_REACTORS
330
10C
102
}
330
10C
100
AcDbScale
 70
     0
300
1:50
140
1.0
141
50.0
290
     0
  0
SCALE
  5
1C8
102
{ACAD_REACTORS
330
10C
102
}
330
10C
100
AcDbScale
 70
     0
300
1:100
140
1.0
141
100.0
290
     0
  0
SCALE
  5
1C9
102
{ACAD_REACTORS
330
10C
102
}
330
10C
100
AcDbScale
 70
     0
300
2:1
140
2.0
141
1.0
290
     0
  0
SCALE
  5
1CA
102
{ACAD_REACTORS
330
10C
102
}
330
10C
100
AcDbScale
 70
     0
300
4:1
140
4.0
141
1.0
290
     0
  0
SCALE
  5
1CB
102
{ACAD_REACTORS
330
10C
102
}
330
10C
100
AcDbScale
 70
     0
300
8:1
140
8.0
141
1.0
290
     0
  0
SCALE
  5
1CC
102
{ACAD_REACTORS
330
10C
102
}
330
10C
100
AcDbScale
 70
     0
300
10:1
140
10.0
141
1.0
290
     0
  0
SCALE
  5
1CD
102
{ACAD_REACTORS
330
10C
102
}
330
10C
100
AcDbScale
 70
     0
300
100:1
140
100.0
141
1.0
290
     0
  0
ACDBSECTIONVIEWSTYLE
  5
21A
102
{ACAD_REACTORS
330
219
102
}
330
219
100
AcDbModelDocViewStyle
 70
     0
  3
Metric50
290
     0
300
Metric50
 90
        0
100
AcDbSectionViewStyle
 70
     0
 71
     0
 90
      102
 71
     1
340
11
 62
   256
 40
5.0
340
0
340
0
 62
   256
 40
5.0
300
I, O, Q, S, X, Z
 40
10.0
 90
        0
 40
2.5
 90
        0
 71
     2
340
16
 90
       25
 62
   256
340
16
 90
       50
 62
   256
 40
5.0
 40
2.5
 40
5.0
 71
     3
340
11
 62
   256
 40
5.0
 90
        0
 40
15.0
 90
        1
300
%<\AcVar ViewSectionStartId>%-%<\AcVar ViewSectionEndId>% (%<\AcVar ViewScale \f "%sn">%)
 71
     4
 62
   256
 62
   257
300
ANSI31
 40
1.0
 90
        0
290
     0
290
     0
 90
        6
 40
0.0
 40
1.570796326794896
 40
0.2617993877991494
 40
1.308996938995747
 40
-0.2617993877991494
 40
1.832595714594046
  0
TABLESTYLE
  5
7F
102
{ACAD_XDICTIONARY
360
162
102
}
102
{ACAD_REACTORS
330
7E
102
}
330
7E
100
AcDbTableStyle
280
     0
  3
Standard
 70
     0
 71
     0
 40
1.5
 41
1.5
280
     0
281
     0
  7
Standard
140
4.5
170
     2
 62
     0
 63
     7
283
     0
 90
      512
 91
        0
  1

274
    -2
284
     1
 64
     0
275
    -2
285
     1
 65
     0
276
    -2
286
     1
 66
     0
277
    -2
287
     1
 67
     0
278
    -2
288
     1
 68
     0
279
    -2
289
     1
 69
     0
  7
Standard
140
6.0
170
     5
 62
     0
 63
     7
283
     0
 90
      512
 91
        0
  1

274
    -2
284
     1
 64
     0
275
    -2
285
     1
 65
     0
276
    -2
286
     1
 66
     0
277
    -2
287
     1
 67
     0
278
    -2
288
     1
 68
     0
279
    -2
289
     1
 69
     0
  7
Standard
140
4.5
170
     5
 62
     0
 63
     7
283
     0
 90
      512
 91
        0
  1

274
    -2
284
     1
 64
     0
275
    -2
285
     1
 65
     0
276
    -2
286
     1
 66
     0
277
    -2
287
     1
 67
     0
278
    -2
288
     1
 68
     0
279
    -2
289
     1
 69
     0
  0
VISUALSTYLE
  5
F5
102
{ACAD_REACTORS
330
EF
102
}
330
EF
100
AcDbVisualStyle
  2
2dWireframe
 70
     4
177
     3
291
     0
 70
    58
 90
        0
176
     1
 90
        2
176
     1
 90
        1
176
     1
 90
        0
176
     1
 40
0.6
176
     1
 40
30.0
176
     1
 62
     7
420
 16777215
176
     1
 90
        1
176
     1
 90
        4
176
     1
 62
     7
176
     1
 62
   257
176
     1
 90
        1
176
     1
 90
        1
176
     1
 40
1.0
176
     1
 90
        0
176
     1
 62
   257
176
     1
 40
1.0
176
     1
 90
        1
176
     1
 90
        6
176
     1
 90
        2
176
     1
 62
     7
176
     1
 90
        5
176
     1
 90
        0
176
     1
 90
        0
176
     1
290
     0
176
     1
 90
        1
176
     1
 40
0.0
176
     1
 90
        0
176
     1
290
     1
176
     1
290
     1
176
     1
290
     0
176
     1
290
     0
176
     1
290
     0
176
     1
290
     0
176
     1
290
     0
176
     1
290
     0
176
     1
290
     0
176
     1
 90
       50
176
     1
 40
0.0
176
     1
 40
1.0
176
     1
 90
        0
176
     1
 62
    18
420
        0
176
     1
 90
       50
176
     1
 90
        3
176
     1
 62
     5
420
      255
176
     1
290
     0
176
     1
 90
       50
176
     1
 90
       50
176
     1
 90
       50
176
     1
290
     0
176
     1
 90
       50
176
     1
 62
   256
176
     0
 40
1.0
176
     0
 90
        2
176
     1
  1
strokes_ogs.tif
176
     1
290
     0
176
     1
 40
1.0
176
     1
 40
1.0
176
     1
  0
VISUALSTYLE
  5
28A
102
{ACAD_REACTORS
330
EF
102
}
330
EF
100
AcDbVisualStyle
  2
3dWireframe
 70
     5
177
     3
291
     0
 70
    58
 90
        0
176
     1
 90
        2
176
     1
 90
        1
176
     1
 90
        0
176
     1
 40
0.6
176
     1
 40
30.0
176
     1
 62
     7
176
     1
 90
        1
176
     1
 90
        4
176
     1
 62
     7
176
     1
 62
   257
176
     1
 90
        1
176
     1
 90
        1
176
     1
 40
1.0
176
     1
 90
        0
176
     1
 62
   257
176
     1
 40
1.0
176
     1
 90
        1
176
     1
 90
        6
176
     1
 90
        2
176
     1
 62
     7
176
     1
 90
        5
176
     1
 90
        0
176
     1
 90
        0
176
     1
290
     0
176
     1
 90
        1
176
     1
 40
0.0
176
     1
 90
        0
176
     1
290
     0
176
     1
290
     1
176
     1
290
     1
176
     1
290
     0
176
     1
290
     0
176
     1
290
     0
176
     1
290
     0
176
     1
290
     0
176
     1
290
     0
176
     1
 90
       50
176
     1
 40
0.0
176
     1
 40
1.0
176
     1
 90
        0
176
     1
 62
    18
420
        0
176
     1
 90
       50
176
     1
 90
        3
176
     1
 62
     5
420
      255
176
     1
290
     0
176
     1
 90
       50
176
     1
 90
       50
176
     1
 90
       50
176
     1
290
     0
176
     1
 90
       50
176
     1
 62
   256
176
     0
 40
1.0
176
     0
 90
        2
176
     1
  1
strokes_ogs.tif
176
     1
290
     0
176
     1
 40
1.0
176
     1
 40
1.0
176
     1
  0
VISUALSTYLE
  5
F4
102
{ACAD_REACTORS
330
EF
102
}
330
EF
100
AcDbVisualStyle
  2
Basic
 70
     7
177
     3
291
     1
 70
    58
 90
        1
176
     1
 90
        0
176
     1
 90
        1
176
     1
 90
        0
176
     1
 40
0.6
176
     1
 40
30.0
176
     1
 62
     7
420
 16777215
176
     1
 90
        0
176
     1
 90
        4
176
     1
 62
     7
176
     1
 62
   257
176
     1
 90
        1
176
     1
 90
        1
176
     1
 40
1.0
176
     1
 90
        8
176
     1
 62
     7
176
     1
 40
1.0
176
     1
 90
        1
176
     1
 90
        6
176
     1
 90
        2
176
     1
 62
     7
176
     1
 90
        5
176
     1
 90
        0
176
     1
 90
        0
176
     1
290
     0
176
     1
 90
        1
176
     1
 40
0.0
176
     1
 90
        0
176
     1
290
     0
176
     1
290
     1
176
     1
290
     1
176
     1
290
     0
176
     1
290
     0
176
     1
290
     0
176
     1
290
     0
176
     1
290
     0
176
     1
290
     0
176
     1
 90
       50
176
     1
 40
0.0
176
     1
 40
1.0
176
     1
 90
        0
176
     1
 62
    18
420
        0
176
     1
 90
       50
176
     1
 90
        3
176
     1
 62
     5
420
      255
176
     1
290
     0
176
     1
 90
       50
176
     1
 90
       50
176
     1
 90
       50
176
     1
290
     0
176
     1
 90
       50
176
     1
 62
   256
176
     0
 40
1.0
176
     0
 90
        2
176
     1
  1
strokes_ogs.tif
176
     1
290
     0
176
     1
 40
1.0
176
     1
 40
1.0
176
     1
  0
VISUALSTYLE
  5
FB
102
{ACAD_REACTORS
330
EF
102
}
330
EF
100
AcDbVisualStyle
  2
Brighten
 70
    12
177
     3
291
     1
 70
    58
 90
        2
176
     1
 90
        2
176
     1
 90
        1
176
     1
 90
        0
176
     1
 40
0.6
176
     1
 40
30.0
176
     1
 62
     7
420
 16777215
176
     1
 90
        1
176
     1
 90
        4
176
     1
 62
     7
176
     1
 62
   257
176
     1
 90
        1
176
     1
 90
        1
176
     1
 40
1.0
176
     1
 90
        8
176
     1
 62
     7
176
     1
 40
1.0
176
     1
 90
        1
176
     1
 90
        6
176
     1
 90
        2
176
     1
 62
     7
176
     1
 90
        5
176
     1
 90
        0
176
     1
 90
        0
176
     1
290
     0
176
     1
 90
        1
176
     1
 40
50.0
176
     1
 90
        0
176
     1
290
     0
176
     1
290
     1
176
     1
290
     1
176
     1
290
     0
176
     1
290
     0
176
     1
290
     0
176
     1
290
     0
176
     1
290
     0
176
     1
290
     0
176
     1
 90
       50
176
     1
 40
0.0
176
     1
 40
1.0
176
     1
 90
        0
176
     1
 62
    18
420
        0
176
     1
 90
       50
176
     1
 90
        3
176
     1
 62
     5
420
      255
176
     1
290
     0
176
     1
 90
       50
176
     1
 90
       50
176
     1
 90
       50
176
     1
290
     0
176
     1
 90
       50
176
     1
 62
   256
176
     0
 40
1.0
176
     0
 90
        2
176
     1
  1
strokes_ogs.tif
176
     1
290
     0
176
     1
 40
1.0
176
     1
 40
1.0
176
     1
  0
VISUALSTYLE
  5
FF
102
{ACAD_REACTORS
330
EF
102
}
330
EF
100
AcDbVisualStyle
  2
ColorChange
 70
    16
177
     3
291
     1
 70
    58
 90
        2
176
     1
 90
        2
176
     1
 90
        3
176
     1
 90
        0
176
     1
 40
0.6
176
     1
 40
30.0
176
     1
 62
     8
420
  8421504
176
     1
 90
        1
176
     1
 90
        4
176
     1
 62
     7
176
     1
 62
   257
176
     1
 90
        1
176
     1
 90
        1
176
     1
 40
1.0
176
     1
 90
        8
176
     1
 62
     8
420
  8421504
176
     1
 40
1.0
176
     1
 90
        1
176
     1
 90
        6
176
     1
 90
        2
176
     1
 62
     7
176
     1
 90
        5
176
     1
 90
        0
176
     1
 90
        0
176
     1
290
     0
176
     1
 90
        1
176
     1
 40
0.0
176
     1
 90
        0
176
     1
290
     0
176
     1
290
     1
176
     1
290
     1
176
     1
290
     0
176
     1
290
     0
176
     1
290
     0
176
     1
290
     0
176
     1
290
     0
176
     1
290
     0
176
     1
 90
       50
176
     1
 40
0.0
176
     1
 40
1.0
176
     1
 90
        0
176
     1
 62
    18
420
        0
176
     1
 90
       50
176
     1
 90
        3
176
     1
 62
     5
420
      255
176
     1
290
     0
176
     1
 90
       50
176
     1
 90
       50
176
     1
 90
       50
176
     1
290
     0
176
     1
 90
       50
176
     1
 62
   256
176
     0
 40
1.0
176
     0
 90
        2
176
     1
  1
strokes_ogs.tif
176
     1
290
     0
176
     1
 40
1.0
176
     1
 40
1.0
176
     1
  0
VISUALSTYLE
  5
F8
102
{ACAD_REACTORS
330
EF
102
}
330
EF
100
AcDbVisualStyle
  2
Conceptual
 70
     9
177
     3
291
     0
 70
    58
 90
        3
176
     1
 90
        2
176
     1
 90
        1
176
     1
 90
        0
176
     1
 40
0.6
176
     1
 40
30.0
176
     1
 62
     7
420
 16777215
176
     1
 90
        2
176
     1
 90
        2
176
     1
 62
     7
176
     1
 62
   257
176
     1
 90
        1
176
     1
 90
        1
176
     1
 40
40.0
176
     1
 90
        8
176
     1
 62
     7
176
     1
 40
1.0
176
     1
 90
        1
176
     1
 90
        6
176
     1
 90
        2
176
     1
 62
     7
176
     1
 90
        3
176
     1
 90
        0
176
     1
 90
        0
176
     1
290
     0
176
     1
 90
        1
176
     1
 40
0.0
176
     1
 90
        0
176
     1
290
     0
176
     1
290
     1
176
     1
290
     1
176
     1
290
     0
176
     1
290
     0
176
     1
290
     0
176
     1
290
     0
176
     1
290
     0
176
     1
290
     0
176
     1
 90
       50
176
     1
 40
0.0
176
     1
 40
1.0
176
     1
 90
        0
176
     1
 62
    18
420
        0
176
     1
 90
       50
176
     1
 90
        3
176
     1
 62
     5
420
      255
176
     1
290
     0
176
     1
 90
       50
176
     1
 90
       50
176
     1
 90
       50
176
     1
290
     0
176
     1
 90
       50
176
     1
 62
   256
176
     0
 40
1.0
176
     0
 90
        2
176
     1
  1
strokes_ogs.tif
176
     1
290
     0
176
     1
 40
1.0
176
     1
 40
1.0
176
     1
  0
VISUALSTYLE
  5
FA
102
{ACAD_REACTORS
330
EF
102
}
330
EF
100
AcDbVisualStyle
  2
Dim
 70
    11
177
     3
291
     1
 70
    58
 90
        2
176
     1
 90
        2
176
     1
 90
        1
176
     1
 90
        0
176
     1
 40
0.6
176
     1
 40
30.0
176
     1
 62
     7
420
 16777215
176
     1
 90
        1
176
     1
 90
        4
176
     1
 62
     7
176
     1
 62
   257
176
     1
 90
        1
176
     1
 90
        1
176
     1
 40
1.0
176
     1
 90
        8
176
     1
 62
     7
176
     1
 40
1.0
176
     1
 90
        1
176
     1
 90
        6
176
     1
 90
        2
176
     1
 62
     7
176
     1
 90
        5
176
     1
 90
        0
176
     1
 90
        0
176
     1
290
     0
176
     1
 90
        1
176
     1
 40
-50.0
176
     1
 90
        0
176
     1
290
     0
176
     1
290
     1
176
     1
290
     1
176
     1
290
     0
176
     1
290
     0
176
     1
290
     0
176
     1
290
     0
176
     1
290
     0
176
     1
290
     0
176
     1
 90
       50
176
     1
 40
0.0
176
     1
 40
1.0
176
     1
 90
        0
176
     1
 62
    18
420
        0
176
     1
 90
       50
176
     1
 90
        3
176
     1
 62
     5
420
      255
176
     1
290
     0
176
     1
 90
       50
176
     1
 90
       50
176
     1
 90
       50
176
     1
290
     0
176
     1
 90
       50
176
     1
 62
   256
176
     0
 40
1.0
176
     0
 90
        2
176
     1
  1
strokes_ogs.tif
176
     1
290
     0
176
     1
 40
1.0
176
     1
 40
1.0
176
     1
  0
VISUALSTYLE
  5
1E6
102
{ACAD_REACTORS
330
EF
102
}
330
EF
100
AcDbVisualStyle
  2
EdgeColorOff
 70
    22
177
     3
291
     1
 70
    58
 90
        2
176
     0
 90
        2
176
     0
 90
        0
176
     0
 90
        0
176
     0
 40
0.6
176
     0
 40
30.0
176
     0
 62
     7
420
 16777215
176
     0
 90
        1
176
     0
 90
        4
176
     0
 62
     7
176
     0
 62
   257
176
     0
 90
        1
176
     0
 90
        1
176
     0
 40
1.0
176
     0
 90
        8
176
     2
 62
     7
176
     0
 40
1.0
176
     0
 90
        1
176
     0
 90
        6
176
     0
 90
        2
176
     0
 62
     7
176
     0
 90
        5
176
     0
 90
        0
176
     0
 90
        0
176
     0
290
     0
176
     0
 90
        1
176
     0
 40
0.0
176
     0
 90
        0
176
     0
290
     0
176
     1
290
     1
176
     1
290
     1
176
     1
290
     0
176
     1
290
     0
176
     1
290
     0
176
     1
290
     0
176
     1
290
     0
176
     1
290
     0
176
     1
 90
       50
176
     1
 40
0.0
176
     1
 40
1.0
176
     1
 90
        0
176
     1
 62
    18
420
        0
176
     1
 90
       50
176
     1
 90
        3
176
     1
 62
     5
420
      255
176
     1
290
     0
176
     1
 90
       50
176
     1
 90
       50
176
     1
 90
       50
176
     1
290
     0
176
     1
 90
       50
176
     1
 62
   256
176
     0
 40
1.0
176
     0
 90
        2
176
     1
  1
strokes_ogs.tif
176
     1
290
     0
176
     1
 40
1.0
176
     1
 40
1.0
176
     1
  0
VISUALSTYLE
  5
FE
102
{ACAD_REACTORS
330
EF
102
}
330
EF
100
AcDbVisualStyle
  2
Facepattern
 70
    15
177
     3
291
     1
 70
    58
 90
        2
176
     1
 90
        2
176
     1
 90
        1
176
     1
 90
        0
176
     1
 40
0.6
176
     1
 40
30.0
176
     1
 62
     7
420
 16777215
176
     1
 90
        1
176
     1
 90
        4
176
     1
 62
     7
176
     1
 62
   257
176
     1
 90
        1
176
     1
 90
        1
176
     1
 40
1.0
176
     1
 90
        8
176
     1
 62
     7
176
     1
 40
1.0
176
     1
 90
        1
176
     1
 90
        6
176
     1
 90
        2
176
     1
 62
     7
176
     1
 90
        5
176
     1
 90
        0
176
     1
 90
        0
176
     1
290
     0
176
     1
 90
        1
176
     1
 40
0.0
176
     1
 90
        0
176
     1
290
     0
176
     1
290
     1
176
     1
290
     1
176
     1
290
     0
176
     1
290
     0
176
     1
290
     0
176
     1
290
     0
176
     1
290
     0
176
     1
290
     0
176
     1
 90
       50
176
     1
 40
0.0
176
     1
 40
1.0
176
     1
 90
        0
176
     1
 62
    18
420
        0
176
     1
 90
       50
176
     1
 90
        3
176
     1
 62
     5
420
      255
176
     1
290
     0
176
     1
 90
       50
176
     1
 90
       50
176
     1
 90
       50
176
     1
290
     0
176
     1
 90
       50
176
     1
 62
   256
176
     0
 40
1.0
176
     0
 90
        2
176
     1
  1
strokes_ogs.tif
176
     1
290
     0
176
     1
 40
1.0
176
     1
 40
1.0
176
     1
  0
VISUALSTYLE
  5
F0
102
{ACAD_REACTORS
330
EF
102
}
330
EF
100
AcDbVisualStyle
  2
Flat
 70
     0
177
     3
291
     1
 70
    58
 90
        2
176
     1
 90
        1
176
     1
 90
        1
176
     1
 90
        2
176
     1
 40
0.6
176
     1
 40
30.0
176
     1
 62
     7
420
 16777215
176
     1
 90
        0
176
     1
 90
        0
176
     1
 62
     7
176
     1
 62
   257
176
     1
 90
        1
176
     1
 90
        1
176
     1
 40
1.0
176
     1
 90
        8
176
     1
 62
     7
176
     1
 40
1.0
176
     1
 90
        1
176
     1
 90
        6
176
     1
 90
        2
176
     1
 62
     7
176
     1
 90
        5
176
     1
 90
        0
176
     1
 90
        0
176
     1
290
     0
176
     1
 90
       13
176
     1
 40
0.0
176
     1
 90
        0
176
     1
290
     0
176
     1
290
     1
176
     1
290
     1
176
     1
290
     0
176
     1
290
     0
176
     1
290
     0
176
     1
290
     0
176
     1
290
     0
176
     1
290
     0
176
     1
 90
       50
176
     1
 40
0.0
176
     1
 40
1.0
176
     1
 90
        0
176
     1
 62
    18
420
        0
176
     1
 90
       50
176
     1
 90
        3
176
     1
 62
     5
420
      255
176
     1
290
     0
176
     1
 90
       50
176
     1
 90
       50
176
     1
 90
       50
176
     1
290
     0
176
     1
 90
       50
176
     1
 62
   256
176
     0
 40
1.0
176
     0
 90
        2
176
     1
  1
strokes_ogs.tif
176
     1
290
     0
176
     1
 40
1.0
176
     1
 40
1.0
176
     1
  0
VISUALSTYLE
  5
F1
102
{ACAD_REACTORS
330
EF
102
}
330
EF
100
AcDbVisualStyle
  2
FlatWithEdges
 70
     1
177
     3
291
     1
 70
    58
 90
        2
176
     1
 90
        1
176
     1
 90
        1
176
     1
 90
        2
176
     1
 40
0.6
176
     1
 40
30.0
176
     1
 62
     7
420
 16777215
176
     1
 90
        1
176
     1
 90
        0
176
     1
 62
     7
176
     1
 62
   257
176
     1
 90
        1
176
     1
 90
        1
176
     1
 40
1.0
176
     1
 90
        0
176
     1
 62
   257
176
     1
 40
1.0
176
     1
 90
        1
176
     1
 90
        6
176
     1
 90
        2
176
     1
 62
     7
176
     1
 90
        5
176
     1
 90
        0
176
     1
 90
        0
176
     1
290
     0
176
     1
 90
       13
176
     1
 40
0.0
176
     1
 90
        0
176
     1
290
     0
176
     1
290
     1
176
     1
290
     1
176
     1
290
     0
176
     1
290
     0
176
     1
290
     0
176
     1
290
     0
176
     1
290
     0
176
     1
290
     0
176
     1
 90
       50
176
     1
 40
0.0
176
     1
 40
1.0
176
     1
 90
        0
176
     1
 62
    18
420
        0
176
     1
 90
       50
176
     1
 90
        3
176
     1
 62
     5
420
      255
176
     1
290
     0
176
     1
 90
       50
176
     1
 90
       50
176
     1
 90
       50
176
     1
290
     0
176
     1
 90
       50
176
     1
 62
   256
176
     0
 40
1.0
176
     0
 90
        2
176
     1
  1
strokes_ogs.tif
176
     1
290
     0
176
     1
 40
1.0
176
     1
 40
1.0
176
     1
  0
VISUALSTYLE
  5
F2
102
{ACAD_REACTORS
330
EF
102
}
330
EF
100
AcDbVisualStyle
  2
Gouraud
 70
     2
177
     3
291
     1
 70
    58
 90
        2
176
     1
 90
        2
176
     1
 90
        1
176
     1
 90
        2
176
     1
 40
0.6
176
     1
 40
30.0
176
     1
 62
     7
420
 16777215
176
     1
 90
        0
176
     1
 90
        0
176
     1
 62
     7
176
     1
 62
   257
176
     1
 90
        1
176
     1
 90
        1
176
     1
 40
1.0
176
     1
 90
        0
176
     1
 62
     7
176
     1
 40
1.0
176
     1
 90
        1
176
     1
 90
        6
176
     1
 90
        2
176
     1
 62
     7
176
     1
 90
        5
176
     1
 90
        0
176
     1
 90
        0
176
     1
290
     0
176
     1
 90
       13
176
     1
 40
0.0
176
     1
 90
        0
176
     1
290
     0
176
     1
290
     1
176
     1
290
     1
176
     1
290
     0
176
     1
290
     0
176
     1
290
     0
176
     1
290
     0
176
     1
290
     0
176
     1
290
     0
176
     1
 90
       50
176
     1
 40
0.0
176
     1
 40
1.0
176
     1
 90
        0
176
     1
 62
    18
420
        0
176
     1
 90
       50
176
     1
 90
        3
176
     1
 62
     5
420
      255
176
     1
290
     0
176
     1
 90
       50
176
     1
 90
       50
176
     1
 90
       50
176
     1
290
     0
176
     1
 90
       50
176
     1
 62
   256
176
     0
 40
1.0
176
     0
 90
        2
176
     1
  1
strokes_ogs.tif
176
     1
290
     0
176
     1
 40
1.0
176
     1
 40
1.0
176
     1
  0
VISUALSTYLE
  5
F3
102
{ACAD_REACTORS
330
EF
102
}
330
EF
100
AcDbVisualStyle
  2
GouraudWithEdges
 70
     3
177
     3
291
     1
 70
    58
 90
        2
176
     1
 90
        2
176
     1
 90
        1
176
     1
 90
        2
176
     1
 40
0.6
176
     1
 40
30.0
176
     1
 62
     7
420
 16777215
176
     1
 90
        1
176
     1
 90
        0
176
     1
 62
     7
176
     1
 62
   257
176
     1
 90
        1
176
     1
 90
        1
176
     1
 40
1.0
176
     1
 90
        0
176
     1
 62
   257
176
     1
 40
1.0
176
     1
 90
        1
176
     1
 90
        6
176
     1
 90
        2
176
     1
 62
     7
176
     1
 90
        5
176
     1
 90
        0
176
     1
 90
        0
176
     1
290
     0
176
     1
 90
       13
176
     1
 40
0.0
176
     1
 90
        0
176
     1
290
     0
176
     1
290
     1
176
     1
290
     1
176
     1
290
     0
176
     1
290
     0
176
     1
290
     0
176
     1
290
     0
176
     1
290
     0
176
     1
290
     0
176
     1
 90
       50
176
     1
 40
0.0
176
     1
 40
1.0
176
     1
 90
        0
176
     1
 62
    18
420
        0
176
     1
 90
       50
176
     1
 90
        3
176
     1
 62
     5
420
      255
176
     1
290
     0
176
     1
 90
       50
176
     1
 90
       50
176
     1
 90
       50
176
     1
290
     0
176
     1
 90
       50
176
     1
 62
   256
176
     0
 40
1.0
176
     0
 90
        2
176
     1
  1
strokes_ogs.tif
176
     1
290
     0
176
     1
 40
1.0
176
     1
 40
1.0
176
     1
  0
VISUALSTYLE
  5
F7
102
{ACAD_REACTORS
330
EF
102
}
330
EF
100
AcDbVisualStyle
  2
Hidden
 70
     6
177
     3
291
     0
 70
    58
 90
        1
176
     1
 90
        2
176
     1
 90
        2
176
     1
 90
        0
176
     1
 40
0.6
176
     1
 40
30.0
176
     1
 62
     7
420
 16777215
176
     1
 90
        2
176
     1
 90
        2
176
     1
 62
     7
176
     1
 62
   257
176
     1
 90
        2
176
     1
 90
        1
176
     1
 40
40.0
176
     1
 90
        0
176
     1
 62
   257
176
     1
 40
1.0
176
     1
 90
        1
176
     1
 90
        6
176
     1
 90
        2
176
     1
 62
     7
176
     1
 90
        3
176
     1
 90
        0
176
     1
 90
        0
176
     1
290
     0
176
     1
 90
        1
176
     1
 40
0.0
176
     1
 90
        0
176
     1
290
     0
176
     1
290
     1
176
     1
290
     1
176
     1
290
     0
176
     1
290
     0
176
     1
290
     0
176
     1
290
     0
176
     1
290
     0
176
     1
290
     0
176
     1
 90
       50
176
     1
 40
0.0
176
     1
 40
1.0
176
     1
 90
        0
176
     1
 62
    18
420
        0
176
     1
 90
       50
176
     1
 90
        3
176
     1
 62
     5
420
      255
176
     1
290
     0
176
     1
 90
       50
176
     1
 90
       50
176
     1
 90
       50
176
     1
290
     0
176
     1
 90
       50
176
     1
 62
   256
176
     0
 40
1.0
176
     0
 90
        2
176
     1
  1
strokes_ogs.tif
176
     1
290
     0
176
     1
 40
1.0
176
     1
 40
1.0
176
     1
  0
VISUALSTYLE
  5
1E4
102
{ACAD_REACTORS
330
EF
102
}
330
EF
100
AcDbVisualStyle
  2
JitterOff
 70
    20
177
     3
291
     1
 70
    58
 90
        2
176
     0
 90
        2
176
     0
 90
        0
176
     0
 90
        0
176
     0
 40
0.6
176
     0
 40
30.0
176
     0
 62
     7
420
 16777215
176
     0
 90
        1
176
     0
 90
        4
176
     0
 62
     7
176
     0
 62
   257
176
     0
 90
        1
176
     0
 90
        1
176
     0
 40
1.0
176
     0
 90
       10
176
     2
 62
     7
176
     0
 40
1.0
176
     0
 90
        1
176
     0
 90
        6
176
     0
 90
        2
176
     0
 62
     7
176
     0
 90
        5
176
     0
 90
        0
176
     0
 90
        0
176
     0
290
     0
176
     0
 90
        1
176
     0
 40
0.0
176
     0
 90
        0
176
     0
290
     0
176
     1
290
     1
176
     1
290
     1
176
     1
290
     0
176
     1
290
     0
176
     1
290
     0
176
     1
290
     0
176
     1
290
     0
176
     1
290
     0
176
     1
 90
       50
176
     1
 40
0.0
176
     1
 40
1.0
176
     1
 90
        0
176
     1
 62
    18
420
        0
176
     1
 90
       50
176
     1
 90
        3
176
     1
 62
     5
420
      255
176
     1
290
     0
176
     1
 90
       50
176
     1
 90
       50
176
     1
 90
       50
176
     1
290
     0
176
     1
 90
       50
176
     1
 62
   256
176
     0
 40
1.0
176
     0
 90
        2
176
     1
  1
strokes_ogs.tif
176
     1
290
     0
176
     1
 40
1.0
176
     1
 40
1.0
176
     1
  0
VISUALSTYLE
  5
FD
102
{ACAD_REACTORS
330
EF
102
}
330
EF
100
AcDbVisualStyle
  2
Linepattern
 70
    14
177
     3
291
     1
 70
    58
 90
        2
176
     1
 90
        2
176
     1
 90
        1
176
     1
 90
        0
176
     1
 40
0.6
176
     1
 40
30.0
176
     1
 62
     7
420
 16777215
176
     1
 90
        1
176
     1
 90
        4
176
     1
 62
     7
176
     1
 62
   257
176
     1
 90
        7
176
     1
 90
        7
176
     1
 40
1.0
176
     1
 90
        8
176
     1
 62
     7
176
     1
 40
1.0
176
     1
 90
        1
176
     1
 90
        6
176
     1
 90
        2
176
     1
 62
     7
176
     1
 90
        5
176
     1
 90
        0
176
     1
 90
        0
176
     1
290
     0
176
     1
 90
        1
176
     1
 40
0.0
176
     1
 90
        0
176
     1
290
     0
176
     1
290
     1
176
     1
290
     1
176
     1
290
     0
176
     1
290
     0
176
     1
290
     0
176
     1
290
     0
176
     1
290
     0
176
     1
290
     0
176
     1
 90
       50
176
     1
 40
0.0
176
     1
 40
1.0
176
     1
 90
        0
176
     1
 62
    18
420
        0
176
     1
 90
       50
176
     1
 90
        3
176
     1
 62
     5
420
      255
176
     1
290
     0
176
     1
 90
       50
176
     1
 90
       50
176
     1
 90
       50
176
     1
290
     0
176
     1
 90
       50
176
     1
 62
   256
176
     0
 40
1.0
176
     0
 90
        2
176
     1
  1
strokes_ogs.tif
176
     1
290
     0
176
     1
 40
1.0
176
     1
 40
1.0
176
     1
  0
VISUALSTYLE
  5
1E5
102
{ACAD_REACTORS
330
EF
102
}
330
EF
100
AcDbVisualStyle
  2
OverhangOff
 70
    21
177
     3
291
     1
 70
    58
 90
        2
176
     0
 90
        2
176
     0
 90
        0
176
     0
 90
        0
176
     0
 40
0.6
176
     0
 40
30.0
176
     0
 62
     7
420
 16777215
176
     0
 90
        1
176
     0
 90
        4
176
     0
 62
     7
176
     0
 62
   257
176
     0
 90
        1
176
     0
 90
        1
176
     0
 40
1.0
176
     0
 90
        9
176
     2
 62
     7
176
     0
 40
1.0
176
     0
 90
        1
176
     0
 90
        6
176
     0
 90
        2
176
     0
 62
     7
176
     0
 90
        5
176
     0
 90
        0
176
     0
 90
        0
176
     0
290
     0
176
     0
 90
        1
176
     0
 40
0.0
176
     0
 90
        0
176
     0
290
     0
176
     1
290
     1
176
     1
290
     1
176
     1
290
     0
176
     1
290
     0
176
     1
290
     0
176
     1
290
     0
176
     1
290
     0
176
     1
290
     0
176
     1
 90
       50
176
     1
 40
0.0
176
     1
 40
1.0
176
     1
 90
        0
176
     1
 62
    18
420
        0
176
     1
 90
       50
176
     1
 90
        3
176
     1
 62
     5
420
      255
176
     1
290
     0
176
     1
 90
       50
176
     1
 90
       50
176
     1
 90
       50
176
     1
290
     0
176
     1
 90
       50
176
     1
 62
   256
176
     0
 40
1.0
176
     0
 90
        2
176
     1
  1
strokes_ogs.tif
176
     1
290
     0
176
     1
 40
1.0
176
     1
 40
1.0
176
     1
  0
VISUALSTYLE
  5
F9
102
{ACAD_REACTORS
330
EF
102
}
330
EF
100
AcDbVisualStyle
  2
Realistic
 70
     8
177
     3
291
     0
 70
    58
 90
        2
176
     1
 90
        2
176
     1
 90
        0
176
     1
 90
        2
176
     1
 40
0.6
176
     1
 40
30.0
176
     1
 62
     7
420
 16777215
176
     1
 90
        0
176
     1
 90
        0
176
     1
 62
     7
176
     1
 62
   257
176
     1
 90
        1
176
     1
 90
        1
176
     1
 40
1.0
176
     1
 90
        8
176
     1
 62
   257
176
     1
 40
1.0
176
     1
 90
        1
176
     1
 90
        6
176
     1
 90
        2
176
     1
 62
     7
176
     1
 90
        3
176
     1
 90
        0
176
     1
 90
        0
176
     1
290
     0
176
     1
 90
       13
176
     1
 40
0.0
176
     1
 90
        0
176
     1
290
     0
176
     1
290
     1
176
     1
290
     1
176
     1
290
     0
176
     1
290
     0
176
     1
290
     0
176
     1
290
     0
176
     1
290
     0
176
     1
290
     0
176
     1
 90
       50
176
     1
 40
0.0
176
     1
 40
1.0
176
     1
 90
        0
176
     1
 62
    18
420
        0
176
     1
 90
       50
176
     1
 90
        3
176
     1
 62
     5
420
      255
176
     1
290
     0
176
     1
 90
       50
176
     1
 90
       50
176
     1
 90
       50
176
     1
290
     0
176
     1
 90
       50
176
     1
 62
   256
176
     0
 40
1.0
176
     0
 90
        2
176
     1
  1
strokes_ogs.tif
176
     1
290
     0
176
     1
 40
1.0
176
     1
 40
1.0
176
     1
  0
VISUALSTYLE
  5
1F3
102
{ACAD_REACTORS
330
EF
102
}
330
EF
100
AcDbVisualStyle
  2
Shaded
 70
    27
177
     3
291
     0
 70
    58
 90
        2
176
     1
 90
        2
176
     1
 90
        1
176
     1
 90
        2
176
     1
 40
0.6
176
     1
 40
30.0
176
     1
 62
     7
420
 16777215
176
     1
 90
        0
176
     1
 90
        4
176
     1
 62
     7
176
     1
 62
   257
176
     1
 90
        1
176
     1
 90
        1
176
     1
 40
1.0
176
     1
 90
        8
176
     1
 62
   257
176
     1
 40
1.0
176
     1
 90
        1
176
     1
 90
        6
176
     1
 90
        2
176
     1
 62
     8
420
  7895160
176
     1
 90
        3
176
     1
 90
        0
176
     1
 90
        0
176
     1
290
     0
176
     1
 90
        5
176
     1
 40
0.0
176
     1
 90
        0
176
     1
290
     0
176
     1
290
     1
176
     1
290
     1
176
     1
290
     0
176
     1
290
     0
176
     1
290
     0
176
     1
290
     0
176
     1
290
     0
176
     1
290
     0
176
     1
 90
       50
176
     1
 40
0.0
176
     1
 40
1.0
176
     1
 90
        0
176
     1
 62
    18
420
        0
176
     1
 90
       50
176
     1
 90
        3
176
     1
 62
     5
420
      255
176
     1
290
     0
176
     1
 90
       50
176
     1
 90
       50
176
     1
 90
       50
176
     1
290
     0
176
     1
 90
       50
176
     1
 62
   256
176
     0
 40
1.0
176
     0
 90
        2
176
     1
  1
strokes_ogs.tif
176
     1
290
     0
176
     1
 40
1.0
176
     1
 40
1.0
176
     1
  0
VISUALSTYLE
  5
1F2
102
{ACAD_REACTORS
330
EF
102
}
330
EF
100
AcDbVisualStyle
  2
Shaded with edges
 70
    26
177
     3
291
     0
 70
    58
 90
        2
176
     1
 90
        2
176
     1
 90
        1
176
     1
 90
        2
176
     1
 40
0.6
176
     1
 40
30.0
176
     1
 62
     7
420
 16777215
176
     1
 90
        1
176
     1
 90
        2
176
     1
 62
     7
176
     1
 62
   257
176
     1
 90
        2
176
     1
 90
        1
176
     1
 40
1.0
176
     1
 90
        8
176
     1
 62
   257
176
     1
 40
1.0
176
     1
 90
        1
176
     1
 90
        6
176
     1
 90
        2
176
     1
 62
     7
176
     1
 90
        3
176
     1
 90
        0
176
     1
 90
        0
176
     1
290
     0
176
     1
 90
        5
176
     1
 40
0.0
176
     1
 90
        0
176
     1
290
     0
176
     1
290
     1
176
     1
290
     1
176
     1
290
     0
176
     1
290
     0
176
     1
290
     0
176
     1
290
     0
176
     1
290
     0
176
     1
290
     0
176
     1
 90
       50
176
     1
 40
0.0
176
     1
 40
1.0
176
     1
 90
        0
176
     1
 62
    18
420
        0
176
     1
 90
       50
176
     1
 90
        3
176
     1
 62
     5
420
      255
176
     1
290
     0
176
     1
 90
       50
176
     1
 90
       50
176
     1
 90
       50
176
     1
290
     0
176
     1
 90
       50
176
     1
 62
   256
176
     0
 40
1.0
176
     0
 90
        2
176
     1
  1
strokes_ogs.tif
176
     1
290
     0
176
     1
 40
1.0
176
     1
 40
1.0
176
     1
  0
VISUALSTYLE
  5
1EF
102
{ACAD_REACTORS
330
EF
102
}
330
EF
100
AcDbVisualStyle
  2
Shades of Gray
 70
    23
177
     3
291
     0
 70
    58
 90
        2
176
     1
 90
        2
176
     1
 90
        3
176
     1
 90
        0
176
     1
 40
0.6
176
     1
 40
30.0
176
     1
 62
     7
420
 16777215
176
     1
 90
        2
176
     1
 90
        2
176
     1
 62
     7
176
     1
 62
     7
176
     1
 90
        1
176
     1
 90
        1
176
     1
 40
40.0
176
     1
 90
        8
176
     1
 62
     7
176
     1
 40
1.0
176
     1
 90
        1
176
     1
 90
        6
176
     1
 90
        2
176
     1
 62
     7
176
     1
 90
        3
176
     1
 90
        0
176
     1
 90
        0
176
     1
290
     0
176
     1
 90
        1
176
     1
 40
0.0
176
     1
 90
        0
176
     1
290
     0
176
     1
290
     1
176
     1
290
     1
176
     1
290
     0
176
     1
290
     0
176
     1
290
     0
176
     1
290
     0
176
     1
290
     0
176
     1
290
     0
176
     1
 90
       50
176
     1
 40
0.0
176
     1
 40
1.0
176
     1
 90
        0
176
     1
 62
    18
420
        0
176
     1
 90
       50
176
     1
 90
        3
176
     1
 62
     5
420
      255
176
     1
290
     0
176
     1
 90
       50
176
     1
 90
       50
176
     1
 90
       50
176
     1
290
     0
176
     1
 90
       50
176
     1
 62
   256
176
     0
 40
1.0
176
     0
 90
        2
176
     1
  1
strokes_ogs.tif
176
     1
290
     0
176
     1
 40
1.0
176
     1
 40
1.0
176
     1
  0
VISUALSTYLE
  5
1F0
102
{ACAD_REACTORS
330
EF
102
}
330
EF
100
AcDbVisualStyle
  2
Sketchy
 70
    24
177
     3
291
     0
 70
    58
 90
        1
176
     1
 90
        2
176
     1
 90
        2
176
     1
 90
        0
176
     1
 40
0.6
176
     1
 40
30.0
176
     1
 62
     7
420
 16777215
176
     1
 90
        2
176
     1
 90
        2
176
     1
 62
     7
176
     1
 62
     7
176
     1
 90
        1
176
     1
 90
        1
176
     1
 40
40.0
176
     1
 90
       11
176
     1
 62
     7
176
     1
 40
1.0
176
     1
 90
        1
176
     1
 90
        6
176
     1
 90
        2
176
     1
 62
     7
176
     1
 90
        6
176
     1
 90
        0
176
     1
 90
        0
176
     1
290
     0
176
     1
 90
        1
176
     1
 40
0.0
176
     1
 90
        0
176
     1
290
     0
176
     1
290
     1
176
     1
290
     1
176
     1
290
     0
176
     1
290
     0
176
     1
290
     0
176
     1
290
     0
176
     1
290
     0
176
     1
290
     0
176
     1
 90
       50
176
     1
 40
0.0
176
     1
 40
1.0
176
     1
 90
        0
176
     1
 62
    18
420
        0
176
     1
 90
       50
176
     1
 90
        3
176
     1
 62
     5
420
      255
176
     1
290
     0
176
     1
 90
       50
176
     1
 90
       50
176
     1
 90
       50
176
     1
290
     0
176
     1
 90
       50
176
     1
 62
   256
176
     0
 40
1.0
176
     0
 90
        2
176
     1
  1
strokes_ogs.tif
176
     1
290
     0
176
     1
 40
1.0
176
     1
 40
1.0
176
     1
  0
VISUALSTYLE
  5
FC
102
{ACAD_REACTORS
330
EF
102
}
330
EF
100
AcDbVisualStyle
  2
Thicken
 70
    13
177
     3
291
     1
 70
    58
 90
        2
176
     1
 90
        2
176
     1
 90
        1
176
     1
 90
        0
176
     1
 40
0.6
176
     1
 40
30.0
176
     1
 62
     7
420
 16777215
176
     1
 90
        1
176
     1
 90
        4
176
     1
 62
     7
176
     1
 62
   257
176
     1
 90
        1
176
     1
 90
        1
176
     1
 40
1.0
176
     1
 90
       12
176
     1
 62
     7
176
     1
 40
1.0
176
     1
 90
        1
176
     1
 90
        6
176
     1
 90
        2
176
     1
 62
     7
176
     1
 90
        5
176
     1
 90
        0
176
     1
 90
        0
176
     1
290
     0
176
     1
 90
        1
176
     1
 40
0.0
176
     1
 90
        0
176
     1
290
     0
176
     1
290
     1
176
     1
290
     1
176
     1
290
     0
176
     1
290
     0
176
     1
290
     0
176
     1
290
     0
176
     1
290
     0
176
     1
290
     0
176
     1
 90
       50
176
     1
 40
0.0
176
     1
 40
1.0
176
     1
 90
        0
176
     1
 62
    18
420
        0
176
     1
 90
       50
176
     1
 90
        3
176
     1
 62
     5
420
      255
176
     1
290
     0
176
     1
 90
       50
176
     1
 90
       50
176
     1
 90
       50
176
     1
290
     0
176
     1
 90
       50
176
     1
 62
   256
176
     0
 40
1.0
176
     0
 90
        2
176
     1
  1
strokes_ogs.tif
176
     1
290
     0
176
     1
 40
1.0
176
     1
 40
1.0
176
     1
  0
VISUALSTYLE
  5
F6
102
{ACAD_REACTORS
330
EF
102
}
330
EF
100
AcDbVisualStyle
  2
Wireframe
 70
     5
177
     3
291
     0
 70
    58
 90
        0
176
     1
 90
        2
176
     1
 90
        0
176
     1
 90
        0
176
     1
 40
0.6
176
     1
 40
30.0
176
     1
 62
     7
420
 16777215
176
     1
 90
        1
176
     1
 90
        4
176
     1
 62
     7
176
     1
 62
   257
176
     1
 90
        1
176
     1
 90
        1
176
     1
 40
1.0
176
     1
 90
        0
176
     1
 62
   257
176
     1
 40
1.0
176
     1
 90
        1
176
     1
 90
        6
176
     1
 90
        2
176
     1
 62
     7
176
     1
 90
        3
176
     1
 90
        0
176
     1
 90
        0
176
     1
290
     0
176
     1
 90
        1
176
     1
 40
0.0
176
     1
 90
        0
176
     1
290
     0
176
     1
290
     1
176
     1
290
     1
176
     1
290
     0
176
     1
290
     0
176
     1
290
     0
176
     1
290
     0
176
     1
290
     0
176
     1
290
     0
176
     1
 90
       50
176
     1
 40
0.0
176
     1
 40
1.0
176
     1
 90
        0
176
     1
 62
    18
420
        0
176
     1
 90
       50
176
     1
 90
        3
176
     1
 62
     5
420
      255
176
     1
290
     0
176
     1
 90
       50
176
     1
 90
       50
176
     1
 90
       50
176
     1
290
     0
176
     1
 90
       50
176
     1
 62
   256
176
     0
 40
1.0
176
     0
 90
        2
176
     1
  1
strokes_ogs.tif
176
     1
290
     0
176
     1
 40
1.0
176
     1
 40
1.0
176
     1
  0
VISUALSTYLE
  5
1F1
102
{ACAD_REACTORS
330
EF
102
}
330
EF
100
AcDbVisualStyle
  2
X-Ray
 70
    25
177
     3
291
     0
 70
    58
 90
        2
176
     1
 90
        2
176
     1
 90
        1
176
     1
 90
        1
176
     1
 40
0.5
176
     1
 40
30.0
176
     1
 62
     7
420
 16777215
176
     1
 90
        1
176
     1
 90
        0
176
     1
 62
     7
176
     1
 62
   257
176
     1
 90
        1
176
     1
 90
        1
176
     1
 40
1.0
176
     1
 90
        8
176
     1
 62
     7
176
     1
 40
1.0
176
     1
 90
        1
176
     1
 90
        6
176
     1
 90
        2
176
     1
 62
     7
176
     1
 90
        3
176
     1
 90
        0
176
     1
 90
        0
176
     1
290
     0
176
     1
 90
       13
176
     1
 40
0.0
176
     1
 90
        0
176
     1
290
     0
176
     1
290
     1
176
     1
290
     1
176
     1
290
     0
176
     1
290
     0
176
     1
290
     0
176
     1
290
     0
176
     1
290
     0
176
     1
290
     0
176
     1
 90
       50
176
     1
 40
0.0
176
     1
 40
1.0
176
     1
 90
        0
176
     1
 62
    18
420
        0
176
     1
 90
       50
176
     1
 90
        3
176
     1
 62
     5
420
      255
176
     1
290
     0
176
     1
 90
       50
176
     1
 90
       50
176
     1
 90
       50
176
     1
290
     0
176
     1
 90
       50
176
     1
 62
   256
176
     0
 40
1.0
176
     0
 90
        2
176
     1
  1
strokes_ogs.tif
176
     1
290
     0
176
     1
 40
1.0
176
     1
 40
1.0
176
     1
  0
DICTIONARYVAR
  5
146
102
{ACAD_REACTORS
330
5E
102
}
330
5E
100
DictionaryVariables
280
     0
  1
1:1
  0
DICTIONARYVAR
  5
145
102
{ACAD_REACTORS
330
5E
102
}
330
5E
100
DictionaryVariables
280
     0
  1
STANDARD
  0
DICTIONARYVAR
  5
84
102
{ACAD_REACTORS
330
5E
102
}
330
5E
100
DictionaryVariables
280
     0
  1
STANDARD
  0
DICTIONARYVAR
  5
227
102
{ACAD_REACTORS
330
5E
102
}
330
5E
100
DictionaryVariables
280
     0
  1
Metric50
  0
DICTIONARYVAR
  5
228
102
{ACAD_REACTORS
330
5E
102
}
330
5E
100
DictionaryVariables
280
     0
  1
Metric50
  0
DICTIONARYVAR
  5
5F
102
{ACAD_REACTORS
330
5E
102
}
330
5E
100
DictionaryVariables
280
     0
  1
2
  0
DICTIONARYVAR
  5
63
102
{ACAD_REACTORS
330
5E
102
}
330
5E
100
DictionaryVariables
280
     0
  1
1
  0
DICTIONARYVAR
  5
1AE
102
{ACAD_REACTORS
330
5E
102
}
330
5E
100
DictionaryVariables
280
     0
  1
0
  0
DICTIONARYVAR
  5
1AF
102
{ACAD_REACTORS
330
5E
102
}
330
5E
100
DictionaryVariables
280
     0
  1
0
  0
DICTIONARYVAR
  5
FDA
102
{ACAD_REACTORS
330
5E
102
}
330
5E
100
DictionaryVariables
280
     0
  1
2
  0
DICTIONARYVAR
  5
FD9
102
{ACAD_REACTORS
330
5E
102
}
330
5E
100
DictionaryVariables
280
     0
  1
1
  0
DICTIONARY
  5
205
330
22
100
AcDbDictionary
280
     1
281
     1
  0
DICTIONARY
  5
1F9
330
ED
100
AcDbDictionary
280
     1
281
     1
  3
FBXASSET
360
1FA
  0
DICTIONARY
  5
1F7
330
EC
100
AcDbDictionary
280
     1
281
     1
  3
FBXASSET
360
1F8
  0
DICTIONARY
  5
173
330
EE
100
AcDbDictionary
280
     1
281
     1
  3
BUMPTILE
360
175
  3
DIFFUSETILE
360
174
  3
FBXASSET
360
1FB
  3
OPACITYTILE
360
176
  3
REFLECTIONTILE
360
177
  0
DICTIONARY
  5
162
330
7F
100
AcDbDictionary
280
     1
281
     1
  3
ACAD_ROUNDTRIP_2008_TABLESTYLE_CELLSTYLEMAP
360
3088
  0
XRECORD
  5
1FA
102
{ACAD_REACTORS
330
1F9
102
}
330
1F9
100
AcDbXrecord
280
     1
 70
     1
 90
429727718
  1
D62C5603-E3A1-4AEA-B7FB-FE5D8D0755AF
310
504B03040A0000080000CC70623B3DEE336E79000000790000001B0000006175746F6465736B2D64657369676E2D7061636B6167652E786D6C3C3F786D6C2076657273696F6E3D22312E302220656E636F64696E673D227574662D3822203F3E3C666F726D6174733E3C666F726D61743E687474703A2F2F736368656D612E
310
6175746F6465736B2E636F6D2F64657369676E2D7061636B6167652F323030393C2F666F726D61743E3C2F666F726D6174733E504B0304140006080800CC70623BD486FD9CA0000000F4000000130000005B436F6E74656E745F54797065735D2E786D6C7D8EC10E82300C865F65E91D8A1E8C310C0EEA1BF002731658846E
310
D98AC1B77784ABF1D8FE5FBFBF75BBCE937A534CCEB38643598122B6FEE978D0B0485F9C41B54DDD7D022595594E1A469170414C76A4D9A4D207E29CF43ECE46F218070CC6BECC4078ACAA135ACF422C856C0E68EA1BF5669944DDD7BCDE7B1F8E415D77AECB980613C2E4AC91FC167A2B244592486606FC29C8FD7F045B9A
310
EF7053A7E60B504B0304140006080800CC70623B853B8169EB0000007C01000008000000636F72652E786D6C8D90416EC3201045AF62CDB6C206821CC7C244919D9CA01740401C94182C03558F5F9C3852BBEB6A467FFE9B197D7EFC9E1EC5975982F5AE035262288C535E5B377690E21535501C055FBC8FBF6C503839990E
310
5619041F179FE64D52DE45E362569DD7661365082642A11EB9E920A89B99642953CC8E702F67A9EE7234257977194EC9EAE275C4EABCCF5EAD5940D4AC6F0E35A568B8F43562CD7046CD199FD07E60174276A7BE677B5EADB0E0D14EEFFB6A31321A0D82627C4084204C3F096B71DD52F6819B16635EADF63F509AF53FA164
310
5DDCD1EDDD17164090FCC8732078B56691CB33A85CD7DCC40F504B0304140006080800CC70623B55019EA25F0000007C00000007000000636E782E786D6C4DCB3B0E80201045D1AD90E915ED2CF8AC45050C11660C8261F98AB1B07AC9C97D42D718D865D3E909258CFD00CCE24AC6E326A164D74DC0B4128928FF32603847
310
2BA13128B1252AC747C6BAB984FC68F0B87FE8960A5C09FE86CFB69FBA01504B0304140006080800CC70623BDBABAAF470010000D40300000C0000006662782F636F72652E786D6CC553D16E823014FD95A6AF4B694182CC941A83FA05FB810A9511A125A5257EFE2E82712ECEB8A7F100CD39F7F69E734AF9FADC366850B6
310
AF8DCE7018308C942E4C59EB2AC3DE1D498AD15A706B8CFB56869196ADCAF00863C12B6B7C374385D14E6907A836A59A41D9F7CA615434B0C8705F7CAA5606D23BA8E84F41278B93AC54100640439DE0BDB320004D43C63716C7C399D30917DCFBBA9CD9BA8469F5B156168B24CED3F7248AC8769F27244EB73B92EED8862C
310
B7F13E0C179B3C8F979C8ECD82BBBABDAA2BAC924E9558448CBD9330242CFA08E3154B5651FCC6D215639C8EE5774DBE2B5F6CF2B5768B68963BB5F5588420E442FC700B1139D4CB01F450C1E918227C2E09DF070D8140C84E1E9AAB8F1340832A9CB13130A5F1376A908D57309505ECF2A0DF179C4E9D30F5B239B87E3823
310
7A79C6F31DE1A8A5AEC08474B03C7837EAE4938639B44E5932B833D2C6B6B279CDC613877FA26EE21F4A2A4C63EC7F29A2F301D1F9F7A0E37D145F504B0304140006080800CC70623B9C113CC27E0000009D0000000B0000006662782F636E782E786D6C4DCCDF0A83201C86E15B91DFB94BFB330DD428C8FB886521330DA7
310
6397BF1A1DECE883878F57749FCDA1B7892F1BBC047A23808C7F84D9FA55424E0BE6803A256208E9EF06C84F9B91703228B1C690F78B66B34CD9A5439DF5CF0BFBF65E35BCA1B8D6A5C6F540381E886698B5741C695F9503EBA150A2F8958E3DC3EA0B504B0304140006080800CC70623B7DF2F77C2A010000120200003100
310
00006662782F41393633353835312D344632462D344230382D423046372D3739314545314133324237412F636F72652E786D6C8D51DB8EC22014FC15C2939B0D2DB4B45643319AE817EC0F6041255A68B86CFCFC856D4D76DF7CE190393373060EDB3DC707F856CE6B6B7A480A0C81328395DA5C7B18C3057510EC3873D686
310
3F34088C18550F330C39BB3A1BA7051AAC09CA84841A2BD5020AEF55806078A44B0FFD7053A328440C89E1EFC52486BBB8AA8214A99D789CF9E05200300FC927E4FB4D5B375D43103D5527440FB843077C5AA3F5861C8F645F5787F59E95B390B318B55CE45AA638FAA2957BD7248B390B7A7CC51F9C124149C82B8C378810
310
84AB2F42B7B8DD56F413775B8C5999E9FF4471926F8AA236A1AE96B8B3CC434E5839373893369E1FAF30EA395917409EB7F26AF8801C171837A4A6AC9C89E9F9C9B1A58BA30FD6A5EF5DDDCF894B9AD9B6A59C957943A9FCAE2FD5BC4DFE03504B0304140006080800CC70623BAD7543B64E01000033030000300000006662
310
782F41393633353835312D344632462D344230382D423046372D3739314545314133324237412F636E782E786D6CD593CD6EC32010845F0571AD6CE3D48AD20813A9873E410FBD12D82434182C7EAAE6EDBB2424CD25871E7B41D6EC30B3FA84F9E67BB2E40B4234DE8DB46F1925E094D7C6ED479AD3AE5951B2113C789FEE
310
6C943839C1488B4C05DF079FE72A69D8C96C13AAD6B8631503449F83828872B949AC57D26200B826A308D316B4064D6E46FCDA41C05550DC9E483A00797BFD207EFB092A45DE9514C1BBD22178396BD39D891265658C238DEA00936C654E5E433CB65A26D9F6EDB5EBC14EBF49A45CB856E66048291F6939A9A81BB5C89177
310
38143CA680F4AA299D66A042CEB3354A2684DC9D8D178FE0D9B8B41CAAD720F880EE7EF93C0C18769E099ECC04D5A102C8049A8A05632F4DDF376CF1DE0F6BB65C2F8627B65A33C6BB62177CEBBDAD973006829F89F22E814B54F4BC2BE347F8AA8F681390B50FA73F804400B5F542E796F19FF974E7F78DB802FE05E20750
310
4B0304140006080800CC70623BE75B7789680500003C100000340000006662782F41393633353835312D344632462D344230382D423046372D3739314545314133324237412F6F626A656374732E786D6CAD575B8F9B3818FD2B887D06C22499CB8AA1CA655245D5B455A356FB305264C061D8018C6C3393D95FBFC7600890
310
A4CD5EF210B0B1BFEBF98E3F7B1FF6596ABC522E1296DF9BAE3D320D9A872C4AF2F8DE2CE5CEBA358D0FBEC719939D65A691938CDE9B6ADAF4BD98B3B2D05311DD91329583D9D5FC0F438434A7A611A644887B5384CF34233629258BA878B12322891DEFF6B66BD70BFB62634E8AE781D082709A4B588AF91C528CDA28B73F
310
1C998EEF39EABBEFA97FBD6A7C7E9553F9D3D79FE442923C3C523610337627CB87ABE99D359D4CC6D6E4FACAB5E6ABF9D2726FC6A3C5F56271377BB88362213924694B38DD99FE47C48627A1E7D49F5A8BB5E1A74C0A599ED3B0F21F1E56366B89112D681E218F0915D0D6F17AD41FBA2A369DCF6335D62ABBD39779D5DDD1
310
11D4D8DE3CBB96B2E04FB8202E41051754A1AA8E8F76B4C6DFE810B580B1547F4B84911149794252234D024EF8BBE963A95AE27B3D310A9D5C215C7960FAEE415ED75694C6AFB17BCACA5D99A60A9AA65F217B0BFC53292ACB92BF283FAD0D3621576592CB5BED907C2FA8E9DF794E35E97BEA31BED21FEB401ABB94C44839
310
DCACBF0E1C5DA8DA5B2F4DFFD32AD86F543D9E565E7056502E157C00AD2671CD534549AB752FCA9CDA00677A313F04E51B22FF19E57B300579E3C97EB29F682D92935CEC18CF901B7B54FD8C51F362B56FC72FE0B3C1EAE335EDCCBF5AEC39ADB17DC238973F804BA5E6F6BFE7AF1FB32E523BE9F3BD571418E3631DCA4D48
310
5250CF639223210A9446CA30052EDF057BD35F8329C1ECD84552BF0DC8D18BE7BCE23BFE6BD960AB4A7DE79923A103BEBD80F911CBAA2C60DB19B01CF164A5583B772EE6D3FFA56666CBCDA74DC97724A48F9A58967497E489C4D979006FD7A05E227A1EBDD0F737C623387A9C844D3709995625106D157315F8B8392CD4E0
310
A0B9A720C4BE9829CEF37EA1E13111214D53925356365ADA634861B52519DD27A00AEB808EAF0628E6F435519D446F45CF2C9CF5214F0A15B2F6D06B79DA3EE3CBF7F56780D2F4E7EF73A0F5E5B02A38D07DC852C6B7C1FBB6664213E0C39E3EBA7FF4E1AD23EA2829407C85E586727488B751B2DB9502BC7B228A3FD68B6E
310
A65A22397E690AA8D158D7E404EC8CDA235CC3B7D1898680131CEC2CDF2638C65196279577750F15884AEE19F94199155B92B13297978469D4F8D358DF0AEF7631E28DC8F0D9F437D5D39A83B2231A1D52D543813A824EF8D44BCFF2FA6A31BD1E8DAD87F1CCB526B3879935BF59CDADD5C37479BB1CDD4CA7B3556B516589
310
EF352754B706114D9C885EC9131DE6EFEB43D99AFE2391C2F958179413D7CFEF6B1B6DB1E7600F00DE6E5C67454A339A4BA2E0FBA85ED26F045D454F463DBFCE484C2F90F2E5E3666003662ED8F755951A7D1BECD5B30B550B2785C8E7320B7292A4838DDA71BBC863ED7613CAF659337A3354231D4FF4A182A54904C2898C
310
98B28C4AD0CE056CCF332A80986E571EE9DBC305BB5FEB7E509220A58D25CF042D712A806AC0AD0C657FDEF80D2D9CEAA2EE4D1C76F60BFE74219A06527D6F82DF6412526107381E55E353090704D085B52408A8913C4ED159D79BDA71BB4BC506F4831350EB6F975CD22D69BF7AC49B91A2C0A9DDA3D5CA36AD20FC478E37
310
E61844E2352865EBCB61A275A65283CAAA9DD27703B4102F5AF51EF5F573B75CBB5AD38BC845F7A49F82A0966A49C2E3EA5EA0ECD326CD965F1DB402C6FA8B51A4658C5C5E2EC9E214602E55810345408596591009A82E7E7FFACA19EEA299B14A0081A705CB3296EBC14CDF658DCD336EA6D1136881AAEB87B81AB9EE53D5
310
F5EB8BC8362082DA24122F98680A4E7930C01A0079749CEA14382A0783E5EBA5A10F8C098456A03D6A4AEB6BB881E2513747552A5DB22C7EDAF83BD5528081A365F7FF06504B0304140006080000CC70623B000000000000000000000000350000006662782F41393633353835312D344632462D344230382D423046372D37
310
39314545314133324237412F76657274696365732E62696E504B0304140006080800CC70623BF270F1330600000004000000360000006662782F41393633353835312D344632462D344230382D423046372D3739314545314133324237412F747269616E676C65732E62696E636660600000504B0304140006080000CC7062
310
3B000000000000000000000000370000006662782F41393633353835312D344632462D344230382D423046372D3739314545314133324237412F617474726962757465732E62696E504B0304140006080800CC70623B08DA0BD19000000041010000360000006662782F41393633353835312D344632462D344230382D4230
310
46372D3739314545314133324237412F6469726563746F72792E786D6C858F410AC3201045AF22B36F53E9A60B35CBEEBAE80D244E44489C6234F4F835464A48035D0DF398FF9F8AF63D0E6CC63039F212F8F9020C7D47C6792B21C5FE7403D62A1188E2E60C98D7234A5830286103A55745067B9D86B8A3CF9C7F90C11DE6
310
07FB144396D7B6A82D282E9A152AD114D5EF2CB866EEE831B8EEA07A7BB5A8D7D61A2BAAEB7FD5F70921FF497D00504B0304140006080800CC70623BEDD1DC58FD000000A00100003B0000006662782F41393633353835312D344632462D344230382D423046372D3739314545314133324237412F7265736F75726365732F
310
636F72652E786D6C8D504B6E833010BD0A9A6D65B00922041947112427E8052C33A156828DFCA97AFC9A40A576D7CDCCE87D344F8F9FBFE667F689CE6B6B3A6039850C8DB2A336530731DC4903D95970676DF82583CCC8193B5861107C72362E3BA4AC096842428D1D7107A5F7182053CF7474E0D507CE32973124857FE48B
310
540F3961CEF244279DE03EB81420DB9EAC1384436FA353E879B1B182C7A8C75DA3C7F453DF353A1075D537A7BA6464B8F535A99AE14A9A2BBD90E350DD183B5CFABE3AF262350B1EF4FC9351399401471025A527C218A1E53BAB5A5AB765F5469B96525EACF23FA6B88CFF34456DC2A1DCE36E360F82A5202F42F062ED2BAD
310
579969AFDD8A6F504B010214000A0000080000CC70623B3DEE336E79000000790000001B00000000000000000000000000000000006175746F6465736B2D64657369676E2D7061636B6167652E786D6C504B01021400140006080800CC70623BD486FD9CA0000000F40000001300000000000000000000000000B20000005B
310
436F6E74656E745F54797065735D2E786D6C504B01021400140006080800CC70623B853B8169EB0000007C010000080000000000000000000000000083010000636F72652E786D6C504B01021400140006080800CC70623B55019EA25F0000007C000000070000000000000000000000000094020000636E782E786D6C504B
310
01021400140006080800CC70623BDBABAAF470010000D40300000C00000000000000000000000000180300006662782F636F72652E786D6C504B01021400140006080800CC70623B9C113CC27E0000009D0000000B00000000000000000000000000B20400006662782F636E782E786D6C504B01021400140006080800CC70
310
623B7DF2F77C2A010000120200003100000000000000000000000000590500006662782F41393633353835312D344632462D344230382D423046372D3739314545314133324237412F636F72652E786D6C504B01021400140006080800CC70623BAD7543B64E010000330300003000000000000000000000000000D2060000
310
6662782F41393633353835312D344632462D344230382D423046372D3739314545314133324237412F636E782E786D6C504B01021400140006080800CC70623BE75B7789680500003C10000034000000000000000000000000006E0800006662782F41393633353835312D344632462D344230382D423046372D3739314545
310
314133324237412F6F626A656374732E786D6C504B01021400140006080000CC70623B0000000000000000000000003500000000000000000000000000280E00006662782F41393633353835312D344632462D344230382D423046372D3739314545314133324237412F76657274696365732E62696E504B01021400140006
310
080800CC70623BF270F133060000000400000036000000000000000000000000007B0E00006662782F41393633353835312D344632462D344230382D423046372D3739314545314133324237412F747269616E676C65732E62696E504B01021400140006080000CC70623B0000000000000000000000003700000000000000
310
000000000000D50E00006662782F41393633353835312D344632462D344230382D423046372D3739314545314133324237412F617474726962757465732E62696E504B01021400140006080800CC70623B08DA0BD1900000004101000036000000000000000000000000002A0F00006662782F41393633353835312D344632
310
462D344230382D423046372D3739314545314133324237412F6469726563746F72792E786D6C504B01021400140006080800CC70623BEDD1DC58FD000000A00100003B000000000000000000000000000E1000006662782F41393633353835312D344632462D344230382D423046372D3739314545314133324237412F7265
310
736F75726365732F636F72652E786D6C504B0506000000000E000E0080040000641100000000
  0
XRECORD
  5
1F8
102
{ACAD_REACTORS
330
1F7
102
}
330
1F7
100
AcDbXrecord
280
     1
 70
     1
 90
429727718
  1
30362254-06B7-45E0-A893-8CFA70E3D6BC
310
504B03040A0000080000CC70623B3DEE336E79000000790000001B0000006175746F6465736B2D64657369676E2D7061636B6167652E786D6C3C3F786D6C2076657273696F6E3D22312E302220656E636F64696E673D227574662D3822203F3E3C666F726D6174733E3C666F726D61743E687474703A2F2F736368656D612E
310
6175746F6465736B2E636F6D2F64657369676E2D7061636B6167652F323030393C2F666F726D61743E3C2F666F726D6174733E504B0304140006080800CC70623BD486FD9CA0000000F4000000130000005B436F6E74656E745F54797065735D2E786D6C7D8EC10E82300C865F65E91D8A1E8C310C0EEA1BF002731658846E
310
D98AC1B77784ABF1D8FE5FBFBF75BBCE937A534CCEB38643598122B6FEE978D0B0485F9C41B54DDD7D022595594E1A469170414C76A4D9A4D207E29CF43ECE46F218070CC6BECC4078ACAA135ACF422C856C0E68EA1BF5669944DDD7BCDE7B1F8E415D77AECB980613C2E4AC91FC167A2B244592486606FC29C8FD7F045B9A
310
EF7053A7E60B504B0304140006080800CC70623B1EC5D7A3EB0000007C01000008000000636F72652E786D6C8D90416EC3201045AF82665B6103C6756C6122AB4D4ED00B204C5C94182C03558F5F9C3852BBEB6A467FFE9B197D71FC9E6FE8CBACC17AD7032D0820E3B41FAD9B7A48F1820F808E52ACDEC75F36404ECDA687
310
4D0629A6D5A76597B477D1B89855E747B38B2A041301E95B6E7A08FAD3CCAA50296647B8168BD2573599823EBB0CA76447F43862C7BCCF5EAC59410E4DDD9C7973C2755553CCCFA4C603E3040F1565ED3B1FDE4E432BCA0D9622DAF9795FAF464533826484B498524CD807E51D79ED187F21878E10516EF63F505AC67F42C9
310
BA58B1FDDD071640D2FCC87D2045B96591CB3DA85CB7DCE40F504B0304140006080800CC70623B55019EA25F0000007C00000007000000636E782E786D6C4DCB3B0E80201045D1AD90E915ED2CF8AC45050C11660C8261F98AB1B07AC9C97D42D718D865D3E909258CFD00CCE24AC6E326A164D74DC0B4128928FF32603847
310
2BA13128B1252AC747C6BAB984FC68F0B87FE8960A5C09FE86CFB69FBA01504B0304140006080800CC70623B8C9102E971010000D40300000C0000006662782F636F72652E786D6CC5535B6E833010BC8AE5DF0A6C08340F1947A84D4ED00B38C6A128602363A31CBFCB234A53A551FA553EC09AD9F5CE8C31DB9E9B1AF5CA
310
7695D1198E428A91D2D214952E33ECDD315861B4E5CC1AE3BE9561A445A3323CC098B3D21ADFCE9034DA29ED00D5A6503328BA4E398C640D8B0C77F253352214DE4145770A5B214FA2546114020D759C75CE8200340D19DE981F0F6746269C33EFAB6266AB02A655C74A59CCF365BADC27CB5D902ED22848F6340DF238A141
310
BE88E2F57B92BFEDF23523433367AE6A2EEAA455C2A902F398D2751045018D3FA264435F3771F242571B4A1919CA6F9A7C5B3CD9E42BED16F12C776AEB308F40C848FC700B1139D4891EF410CEC810227CC6846F8386402064270EF5C5C709A05E49676C024C61FC95EA45ED154CA5211D1FF4FB8291A913A68E9B83EBBB33
310
E2A7673CDE118E5AE8124C0807CB8377834E366998436B950D7A7746DAD846D4CFD978E0F04FD455FC5D49D2D4C6FE9722321F10997F0F32DC47FE05504B0304140006080800CC70623BFFEA85907E0000009D0000000B0000006662782F636E782E786D6C4DCCD10A83201886E15B91FFDC95D95A811AB6F23E625948A6C3
310
E9D8E5AF46073BFAE0E1E365ED67B3E8ADC3CB78C7815C7240DA3DFC64DCC221C519D7805AC182F7F1EF06C88D9BE6703008B6049F9E274D7A1E938DBB5AE3D6131B2589BA0D3D965551E0B2EA732C9B9A624AAEB41E3A557677029960D9AFB4EF11165F504B0304140006080800CC70623B4FEEA4082C0100001202000031
310
0000006662782F39464131463745442D413632322D343644302D413938332D3331353338454246344243312F636F72652E786D6C8D515B6EC32010BC0AE2AB55850DD871ED0813254D72825EC00192A2C460F1A872FC42ED48ED5F7E00CDCECCCEB26C731F6FE05B39AFADE921293004CA082BB5B9F43086336A21D870E6AC
310
0D7F68109861543DCC30E4ECE26C9C164858139409093556AA051CBC570102714B8F1E7AF1A5C6A11862480C7F2DA6415C878B2A4891CA89C7990F2E050073937C42DE1DB7E4F87ED8A36D4329AA9B3D46DBAEAD504556557BD81DEBDD0761E52CE42C462D17B996298E3E6BE59E35C962CE821E1FF18553435012728A7187
310
0841987E927A8D9B35ADDF70BBC6989599FE4F1427F9A4286A132ABAC49D651EF234CD5CE04CDA78BA3DC2A8FB645D00B9DF8B57E215725C60BCA2A463E54C4CE327C7A65E1C7DB02E7DEFCBF594B864C5CA6CDBD49C957943E9FA5D5FBAF336F90F504B0304140006080800CC70623BAD7543B64E01000033030000300000
310
006662782F39464131463745442D413632322D343644302D413938332D3331353338454246344243312F636E782E786D6CD593CD6EC32010845F0571AD6CE3D48AD20813A9873E410FBD12D82434182C7EAAE6EDBB2424CD25871E7B41D6EC30B3FA84F9E67BB2E40B4234DE8DB46F1925E094D7C6ED479AD3AE5951B2113C
310
789FEE6C943839C1488B4C05DF079FE72A69D8C96C13AAD6B8631503449F83828872B949AC57D26200B826A308D316B4064D6E46FCDA41C05550DC9E483A00797BFD207EFB092A45DE9514C1BBD22178396BD39D891265658C238DEA00936C654E5E433CB65A26D9F6EDB5EBC14EBF49A45CB856E66048291F6939A9A81BB5
310
C8917738143CA680F4AA299D66A042CEB3354A2684DC9D8D178FE0D9B8B41CAAD720F880EE7EF93C0C18769E099ECC04D5A102C8049A8A05632F4DDF376CF1DE0F6BB65C2F8627B65A33C6BB62177CEBBDAD973006829F89F22E814B54F4BC2BE347F8AA8F681390B50FA73F804400B5F542E796F19FF974E7F78DB802FE05
310
E207504B0304140006080800CC70623B16AB87BA640500003C100000340000006662782F39464131463745442D413632322D343644302D413938332D3331353338454246344243312F6F626A656374732E786D6CAD575B6FA33818FD2B887DE6924B3BED8A326A92B68A663B534DD4D13E548A0C38942D60649B369D5FBFC7
310
600890A493BDE42160637FD7F31D7FF63E6FB3D478A55C242CBF3247B66B1A340F5994E4F19559CA8D75611A9F7D8F33263BCB4C232719BD32D5B4E97B316765A1A722BA21652A07B3B7B33F0D11D29C9A46981221AE4C113ED38CD8A4942CA2E2C58E882476BCD9DA23BB5ED8171B73523C0F841684D35CC252CCE79062D4
310
468DFA43D7747CCF51DF7D4FFDEB5593E3AB9CCA9FBEFE241792E4E19EB28198C968BAB8199F5D5A67D3E9C49A9E8F47D6EC76B6B0469F26EEFC7C3EBFBCBEB98462213924694B38DD98FE1D62C393D073EA4FADC5DAF04326852CCF6958F90F0F2B9BB5C48816348F90C7840A68EB78EDF68723159BCEE7891A6B95DDE9D3
310
BCEAEEE8086A6C6F9E5D4B59F0175C10A7A0820BAA5055C7473B5AE3CFDD452D602CD5DF12616444529E90D448938013FE6EFA58AA96F85E4F8C42275708571E98FE6827AF6B2B4AE3D7D83D64E5A64C53054DD3AF90BD06FEA9149565C94FCA0F6B834DC85599E4F2423B24DF0B6AFA979E534DFA9E7A4CC6FA631D486393
310
921829879BF5D781A373557BCB85E97FB90DB62B558F8795179C15944B051F40AB495CF35451D26A4727654E6D8033BD98EF82F21D91FF8AF2DD9982BCF1643BDD4EB516C9492E368C67C88DED563FC36D5EACF66DFF057C3658BDBFA69DF9578B3DA735B64F18C7F20770A9D45CFCF7FCF563D6456A277DBEF78A02637CA2
310
43B90A490AEAB94F72244481D24819A6C0E59B606BFA4B3025981DBB48EAB701D97BF19C577CC77F2D1B6C55A9EF3C732474C0B727303F625995056C3B02963D9EAC146BE78EC5FCEC7FA999EBC5EACBAAE41B12D27B4D2C0BBA49F244E2ECDC81B76B502F113D8F5EE8FB1BE3111CDD4FC2AA9B844CAB1288B68AB90A7CDC
310
1C166AB0D3DC5310625FCC14E779BFD0709F8890A629C9292B1B2DED31A4B0DA928CEE135085754027E3018A397D4D5427D15BD1330B677DC8934285AC3DF45A9EB68FF8F2B8FC0A509AFEECFD0FF2DE25CC6047F7214B195F07EFEB9A094D800F7BFAE8FED187B78EA8A3A400F115961BCAD1215E47C966530AF0EE8128FE
310
58CEBB996A8964FFA529A046635D9353B0336A8F700DDF46271A024E70B0B37C9DE01847591E54DED53D54202AB947E4076556AC49C6CA5C9E1226B7F1A7B1BE15DEED62C41B91E1B3E9AFAAA735036547343A925075041DF0A9979E893B391F8FCFA6967B3EFB644DCF6E5CEBFAE272625DCC6FAF3FB93793C5F90CE1EF57
310
407342756B10D1C489E8953CD1617E5CEECAD6F4EF8914CE5D5D504E5C3F1F9736DA62CFC11E00BCDDB8CC8A9466349744C1F75EBDA4DF09BA8A9E8C7A7E9991989E20E5DBDD6A6003664ED8F7A04A8DBE0DF6EAD9B9AA858342E47399053949D2C146EDB85DE4B176BB0965FBAC19BD19AA918E27FA50C1D22402E144464C
310
59462568E704B6E71915404CB72B8FF4EDE184DDAF753F284990D2C6926782963815403548A70C657FDEF80D2D9CEAA2AE4C1C76F60BFE74219A06527D6582DF6412526107381E55E353090704D085B52408D0933C4ED159D79BDA71BB4BC506F4831350EB6F979CD22D69BF7AC49B91A2C0A9DDA3D5CA36AD20FC478E37E6
310
1844E2352865EBCB6EA275A652E3836BE04EFB400BF1A2556F515F1FBB35B2AB35BD889C744FFA1004B5544B121E57F70215746DD2F5E2C1412B602CBF19455AC6C8E5E9922C4E01E65215385004546899059180EAFCF7A707CE7017CD8CDB0410789AB32C63B91E5CEBBBACB17AC6CD347A022D5075FD106377347AAABA7E
310
7D11590744509B44E205134DC1290F06580320F78E537D3D73540E06CB970B431F185308AD40BBD794D6D77003C5A36E8EAA54BA64597CD8F83BD552A080A365F7FF06504B0304140006080000CC70623B000000000000000000000000350000006662782F39464131463745442D413632322D343644302D413938332D3331
310
353338454246344243312F76657274696365732E62696E504B0304140006080800CC70623BF270F1330600000004000000360000006662782F39464131463745442D413632322D343644302D413938332D3331353338454246344243312F747269616E676C65732E62696E636660600000504B0304140006080000CC70623B
310
000000000000000000000000370000006662782F39464131463745442D413632322D343644302D413938332D3331353338454246344243312F617474726962757465732E62696E504B0304140006080800CC70623B08DA0BD19000000041010000360000006662782F39464131463745442D413632322D343644302D413938
310
332D3331353338454246344243312F6469726563746F72792E786D6C858F410AC3201045AF22B36F53E9A60B35CBEEBAE80D244E44489C6234F4F835464A48035D0DF398FF9F8AF63D0E6CC63039F212F8F9020C7D47C6792B21C5FE7403D62A1188E2E60C98D7234A5830286103A55745067B9D86B8A3CF9C7F90C11DE607
310
FB144396D7B6A82D282E9A152AD114D5EF2CB866EEE831B8EEA07A7BB5A8D7D61A2BAAEB7FD5F70921FF497D00504B0304140006080800CC70623B0D6EF93BFE000000A00100003B0000006662782F39464131463745442D413632322D343644302D413938332D3331353338454246344243312F7265736F75726365732F63
310
6F72652E786D6C8D50596E833010BD0A9ADFCA60B334011947A8694ED00B586642AC041B79A97AFC9A40A5F6AF3F33A3B7689E1E3F7DCD8FEC139DD7D6F4C0720A191A65476DA61E62B892236427C19DB5E1970C322367EC618541F0C9D9B8EC90B226A009093576C41D94DE63804C3DD2D18357379C652E63480A7FCF17A9
310
EE72C29CE5894E3AC17D702940B63D59270887DE46A7D0F36263058F518FBB468FE9A7BE6A7420864373B8D4873369AA8691FA421B3294352543C5CAF65C0F6FEF43CB8BD52C78D0F34F46E550061C419494B6843142CB0F5677F4B52BEB177AEC28E5C52AFF638ACBF84F53D42654E51E77B379102C05791282176B5F693D
310
CB4C7BED567C03504B010214000A0000080000CC70623B3DEE336E79000000790000001B00000000000000000000000000000000006175746F6465736B2D64657369676E2D7061636B6167652E786D6C504B01021400140006080800CC70623BD486FD9CA0000000F40000001300000000000000000000000000B20000005B
310
436F6E74656E745F54797065735D2E786D6C504B01021400140006080800CC70623B1EC5D7A3EB0000007C010000080000000000000000000000000083010000636F72652E786D6C504B01021400140006080800CC70623B55019EA25F0000007C000000070000000000000000000000000094020000636E782E786D6C504B
310
01021400140006080800CC70623B8C9102E971010000D40300000C00000000000000000000000000180300006662782F636F72652E786D6C504B01021400140006080800CC70623BFFEA85907E0000009D0000000B00000000000000000000000000B30400006662782F636E782E786D6C504B01021400140006080800CC70
310
623B4FEEA4082C0100001202000031000000000000000000000000005A0500006662782F39464131463745442D413632322D343644302D413938332D3331353338454246344243312F636F72652E786D6C504B01021400140006080800CC70623BAD7543B64E010000330300003000000000000000000000000000D5060000
310
6662782F39464131463745442D413632322D343644302D413938332D3331353338454246344243312F636E782E786D6C504B01021400140006080800CC70623B16AB87BA640500003C1000003400000000000000000000000000710800006662782F39464131463745442D413632322D343644302D413938332D3331353338
310
454246344243312F6F626A656374732E786D6C504B01021400140006080000CC70623B0000000000000000000000003500000000000000000000000000270E00006662782F39464131463745442D413632322D343644302D413938332D3331353338454246344243312F76657274696365732E62696E504B01021400140006
310
080800CC70623BF270F133060000000400000036000000000000000000000000007A0E00006662782F39464131463745442D413632322D343644302D413938332D3331353338454246344243312F747269616E676C65732E62696E504B01021400140006080000CC70623B0000000000000000000000003700000000000000
310
000000000000D40E00006662782F39464131463745442D413632322D343644302D413938332D3331353338454246344243312F617474726962757465732E62696E504B01021400140006080800CC70623B08DA0BD190000000410100003600000000000000000000000000290F00006662782F39464131463745442D413632
310
322D343644302D413938332D3331353338454246344243312F6469726563746F72792E786D6C504B01021400140006080800CC70623B0D6EF93BFE000000A00100003B000000000000000000000000000D1000006662782F39464131463745442D413632322D343644302D413938332D3331353338454246344243312F7265
310
736F75726365732F636F72652E786D6C504B0506000000000E000E0080040000641100000000
  0
XRECORD
  5
175
102
{ACAD_REACTORS
330
173
102
}
330
173
100
AcDbXrecord
280
     1
270
     1
271
     1
  0
XRECORD
  5
174
102
{ACAD_REACTORS
330
173
102
}
330
173
100
AcDbXrecord
280
     1
270
     1
271
     1
  0
XRECORD
  5
1FB
102
{ACAD_REACTORS
330
173
102
}
330
173
100
AcDbXrecord
280
     1
 70
     0
 90
1673772943
  1
ECE7A1D2-D628-4531-984C-D00F80459256
310
504B03040A0000080000CC70623B3DEE336E79000000790000001B0000006175746F6465736B2D64657369676E2D7061636B6167652E786D6C3C3F786D6C2076657273696F6E3D22312E302220656E636F64696E673D227574662D3822203F3E3C666F726D6174733E3C666F726D61743E687474703A2F2F736368656D612E
310
6175746F6465736B2E636F6D2F64657369676E2D7061636B6167652F323030393C2F666F726D61743E3C2F666F726D6174733E504B0304140006080800CC70623BD486FD9CA0000000F4000000130000005B436F6E74656E745F54797065735D2E786D6C7D8EC10E82300C865F65E91D8A1E8C310C0EEA1BF002731658846E
310
D98AC1B77784ABF1D8FE5FBFBF75BBCE937A534CCEB38643598122B6FEE978D0B0485F9C41B54DDD7D022595594E1A469170414C76A4D9A4D207E29CF43ECE46F218070CC6BECC4078ACAA135ACF422C856C0E68EA1BF5669944DDD7BCDE7B1F8E415D77AECB980613C2E4AC91FC167A2B244592486606FC29C8FD7F045B9A
310
EF7053A7E60B504B0304140006080800CC70623BD9DDAED0EC0000007C01000008000000636F72652E786D6C8D90416EC3201045AF82665B61836D9CD8C2444DD39CA01740405C94182C03558F5F9C3852BBEB6A467FFE9B197D7EF89E6EE8CB2CC17A37002D0820E394D7D68D03A478C17B4007C117EFE32F1B20272733C0
310
2A83E0E3E2D3BC49CABB685CCCAAF3DA6CA20CC14440EA969B0182FA34932C648AD911AEC52CD5558EA6A0CF2EC329598D1E47ACCEFBECC59A050463A7EA5833865FEBDD0E37353BE3EE8DBDE3F6786A48D375FBF6CC78B9C282473B3DEFABC5C86834888A900E538A49F5419B9EB47DD5BC907D4F082F57FB1F28CDFA9F50
310
B22ED6D5F6EE030B20687EE43E10BC5CB3C8E51E54AE6B6EE207504B0304140006080800CC70623B55019EA25F0000007C00000007000000636E782E786D6C4DCB3B0E80201045D1AD90E915ED2CF8AC45050C11660C8261F98AB1B07AC9C97D42D718D865D3E909258CFD00CCE24AC6E326A164D74DC0B4128928FF326038
310
472BA13128B1252AC747C6BAB984FC68F0B87FE8960A5C09FE86CFB69FBA01504B0304140006080800CC70623BA24EB22D72010000D40300000C0000006662782F636F72652E786D6CC5535B6E833010BC8AE5DF0A6C5E49888CA3A6694ED00B38E05014B091B1518EDFE511A5A9D228FD2A1F60CDEC7A67C6986DCE4D8D7A
310
69BA4AAB0C073EC548AA5C17952A33ECECD15B61B4E1CC686DBF9561A44423333CC098B3D268D7CE50AE9595CA02AA74216750749DB418E5352C32DCE59FB211BE70162ABA93DF8AFC244AE9073ED050C759670D0840D390E18DF9F1706664C23973AE2A66B62A605A75ACA4C13C4976E1364A12EF355A2EBD384AF65EFA96
310
BC7B8BED2EA6719AAE16FB8491A199335B351775B991C2CA02F390D2D40B028F861F41BCA68B7518BFD0D59A524686F29B26D7164F36B94AD9289CE54E6D1DE6010819891F6E21228B3AD1831EC219194284CF98F06DD01008846CC5A1BEF83801D4CBDC6A1303536877A57A513B0953A94FC707FDBE6064EA84A9E3E6E0FA
310
EE8CF0E9198F7784A316AA0413C2C2F2E0ECA0934D1AE6D05A69BCDE9E91D2A611F573361E38FC1375157F5752AE6B6DFE4B11990F88CCBF0719EE23FF02504B0304140006080800CC70623B408A7D3B7C0000009D0000000B0000006662782F636E782E786D6C4DCCD10A83201886E15B91FFDC552A92A0064DBC8F581632
310
D3703A76F9ABD1C18E3E78F878E5F0D9027ABBFCF2292AE86E2D20171F69F6715550CB827B40839639A5F2770314A7CD293819B45C73AAFB45B35BA61ACAA1C1C7E7855C58C15BC331339661262CC762340413D68D77DA5B42298546CBE6573AF60CEB2F504B0304140006080800CC70623B449FB9BD290100001202000031
310
0000006662782F36394639363044362D344446342D343946362D394244322D3234314243333846323333332F636F72652E786D6C8D515B6EC32010BC0AE22B55850D98B871848994463E412FE002495162B07854397EA176A4F62F3F2C9A9D991D587EB84F37F0AD7D30CEF6905418026DA553C65E7A98E219ED203808EE9D
310
8B7F6810D871D23D2C3014FCE25D9A57483A1BB58D19B54EE9151C43D0110279CB971E06F9A5A7B11A53CC8C70ADE6515EC78BAE4895DB992778883E0700CB907242D17643D7E2538BD869608875438BBAE38922CAC8F1BDD90DB4691A5E2F42C153326A951B95E398B3D1FE599322163C9AE9115F7A3D46ADA0A018778810
310
84E907617BDCEE297BC5BB3DC6BC2EF47FA234AB2745C9D8D8D035EE220B50105E2F0DC1954B9FB747187D9F9D8FA0CCDB042D5FA0C015C65B42DF78BD10F3F3B363CB56C7109DCFDFBBB97E662ED92EB62D13BC2E1BCAE5777DB9966D8A1F504B0304140006080800CC70623BAD7543B64E01000033030000300000006662
310
782F36394639363044362D344446342D343946362D394244322D3234314243333846323333332F636E782E786D6CD593CD6EC32010845F0571AD6CE3D48AD20813A9873E410FBD12D82434182C7EAAE6EDBB2424CD25871E7B41D6EC30B3FA84F9E67BB2E40B4234DE8DB46F1925E094D7C6ED479AD3AE5951B2113C789FEE
310
6C943839C1488B4C05DF079FE72A69D8C96C13AAD6B8631503449F83828872B949AC57D26200B826A308D316B4064D6E46FCDA41C05550DC9E483A00797BFD207EFB092A45DE9514C1BBD22178396BD39D891265658C238DEA00936C654E5E433CB65A26D9F6EDB5EBC14EBF49A45CB856E66048291F6939A9A81BB5C89177
310
38143CA680F4AA299D66A042CEB3354A2684DC9D8D178FE0D9B8B41CAAD720F880EE7EF93C0C18769E099ECC04D5A102C8049A8A05632F4DDF376CF1DE0F6BB65C2F8627B65A33C6BB62177CEBBDAD973006829F89F22E814B54F4BC2BE347F8AA8F681390B50FA73F804400B5F542E796F19FF974E7F78DB802FE05E20750
310
4B0304140006080800CC70623B8D05915C650500003B100000340000006662782F36394639363044362D344446342D343946362D394244322D3234314243333846323333332F6F626A656374732E786D6CAD575B6FA33814FE2B887D06429276DA1565D4266D158D3A339A6846FB502932E050B66023DB74D2FDF5FB190C01
310
9276B2973C046C8ECFF53B17071F77456EBD502133CEAE6CDF9DD81665314F32965ED995DA3A17B6F5310C04E7AA47665B8C14F4CAD6DB7618A48257A5D94AE89654B91AEDDEDDFC61C998326A5B714EA4BCB265FC440BE2924AF184CA6737218AB8E976E7FA6E4338649B0A523E8D98964450A6A029F619B8588D52FE7039
310
B1BD30F0F4F730D0FF866AF6369557DB33949F31A9088B0F848DD8CCFCF9F2767A76E99CCDE733677E3EF59D9BBB9BA5E37F984D16E78BC5E5F5ED25044B25C0C96822E8D60EEFE11B91C581D77CEA34368A1F5329E68CD1B8B61F16D63A1B8E092D294B10C78C4A48EB593D192E7DED9BDEE7995E1B91FDEDD3ACEA9FE831
310
6A756F9F7D4D79F4274C90A7A04248AA51D5F8C718DAE06FB2F75AC4796EBE65D22A88A22223B995679120E2D50E41AA49C260C046A35368846B0BECD0DFF3EBEB8AD4F835768F69B9ADF25C43D30E6B646F807FAA64AD59F61715C7A54127C4AACA98BA3006A9D792DAE165E0D59B61A01FB3A9F9D838D2DAE62445C86166
310
F37564E842E7DE6A69879FEEA2DD5AE7E371E1A5E025154AC307D06A03D73EB5978C58FFA4C8E9033066E0F3BD53BEC1F39F91BE7B55103791EDE6BBB991A2046172CB4581D8B893FA674DDA17A77B3B7C413D1B511FD2743BFF8A38F03A658705E3ADF8015C3A3417FF3D7E439FF591DA0B5F18BC20C1B8981957AE6392A3
310
F43C640C01D1A0B4728E2DD4F26DB4B3C3152A252A3B4E913CEC1C72F012782FF88EFF8637AA552DBEF76408E8A8DE9E50F9E1CB3A2DA0DB1B6039A893B56063DC5B3E3FFB5F72E67AB9FEB4AEC496C4F4C1149625DD662C53E89D7BF0F6151A046260D1337DFDC94502430F83B0EE07A130A224BCAD7DAE1D9FB6CD422FF6
310
920702629C4BB9AE79C12F243C6432A6794E18E5552BA56B431AAB5D91317302B2B071E86C3A42B1A02F999E24061403B5D0EB639195DA655DD3EBEAB4FB862DDF579F014AD0E73C22F99E28DA57FB98E75C6CA2D74D53086D600F4786E0FE3144B771A8A7B900F03594DB8A633CBC49B2EDB69228BB479CF863B5E807AAAB
310
23872F6DFEB4129B949CA33823F58830E86D65621E10047D9DB34D862E8EAC3C2ABC2F7B2C40D67CDFE01F5545B92105AF983AC54D93D69E56FB8E797F88913F898A9FEC705D3F9D1B54EC8426FB500D40A03BD0119B06E1B95DDC7EB8F6975367793EBD70E66733DFB9BC982F9CE564727731999F5D4ECFCE3B8D6A4DC2A0
310
6D50FD148437D110834A64C6CDDF57FBACB5C307A2A477DFE4939736CFEF2B175371E0E10CF0DD1D5C15654E0BCA14D1E87DD02FF93782A162C0A3D95F1524A52770F972BF1EE9809D13CE7DD599467F8ECE9ADD85CE85A34CD45355448C64F9E8A031DC2D596ACC6E5DD93D9B82DE2EF5CAF81363A8E47996A0DE24564A79
310
4115AACE09C55E14540231FDA13C319787134EBF34E3A022514E5B4D9E0826E25C02D5805B15ABE1BEF51B26383D445DD9E875EE33FE4C22DA16427D65A3BCA92CA6D28DD01DF5DC53330704308475351050232CCD31583787BA75774AFB06E5070DD0C8EF484E19968C5D83BA5B90B244D31E54D55A372320FE4786B7EA58
310
44E135AA5467CB7EA333A61683CC6A8C3257034C10CF46F40EF9F5BE59BE5BD30C3C72D235E95D10345C1D45445A5F0BB47E46A5EBE5570F9380B5FA629579952296A773720405982B9DE04011506178964401AA8BDF1FBF0A8EAB6861DD6580C0E38217056766716DAEB2D6FA0917D3E4116581EADB879C4E7CFFB11EFACD
310
3D641311495D92C8676CB409A72D18610D803CE8A626049E8EC1887CB5B44CC39883690DDA8399B4B9855B481E7D71D4A9D22F96E5BB73BF5793020C02137BF837504B0304140006080000CC70623B000000000000000000000000350000006662782F36394639363044362D344446342D343946362D394244322D32343142
310
43333846323333332F76657274696365732E62696E504B0304140006080800CC70623BF270F1330600000004000000360000006662782F36394639363044362D344446342D343946362D394244322D3234314243333846323333332F747269616E676C65732E62696E636660600000504B0304140006080000CC70623B0000
310
00000000000000000000370000006662782F36394639363044362D344446342D343946362D394244322D3234314243333846323333332F617474726962757465732E62696E504B0304140006080800CC70623B08DA0BD19000000041010000360000006662782F36394639363044362D344446342D343946362D394244322D
310
3234314243333846323333332F6469726563746F72792E786D6C858F410AC3201045AF22B36F53E9A60B35CBEEBAE80D244E44489C6234F4F835464A48035D0DF398FF9F8AF63D0E6CC63039F212F8F9020C7D47C6792B21C5FE7403D62A1188E2E60C98D7234A5830286103A55745067B9D86B8A3CF9C7F90C11DE607FB14
310
4396D7B6A82D282E9A152AD114D5EF2CB866EEE831B8EEA07A7BB5A8D7D61A2BAAEB7FD5F70921FF497D00504B0304140006080800CC70623BCA768048FE000000A00100003B0000006662782F36394639363044362D344446342D343946362D394244322D3234314243333846323333332F7265736F75726365732F636F72
310
652E786D6C8D50596E833010BD0A9ADFCA60D600328E9AA639412F609909B1126CE4A5EAF16B0295DABFFECC8CDEA2797AECF8353F924FB44E193D409E5248504B332A3D0D10FC95B4901C39B3C6F85F3248B49871801506CE266BC2B243D2688FDA47549B11775038871E12F988C7004EDE7016A9083E2ADC3D5D84BC8B09
310
D33C8D74D471E6BC8D0192EDC93A815B742658898E651BCB59086ADC356A8C3FD555A1055ED7E7E254D615792D0F075295F585746FF53B694EE78A565DD736979A65AB9933AFE69F8CD2A2F038022F28ED489E135A7CE4554F9BBEA85E68DB53CAB255FEC71496F19FA6A0B42F8B3DEE6673C0F318E4497096AD7DC5F52C33
310
EEB55BFE0D504B010214000A0000080000CC70623B3DEE336E79000000790000001B00000000000000000000000000000000006175746F6465736B2D64657369676E2D7061636B6167652E786D6C504B01021400140006080800CC70623BD486FD9CA0000000F40000001300000000000000000000000000B20000005B436F
310
6E74656E745F54797065735D2E786D6C504B01021400140006080800CC70623BD9DDAED0EC0000007C010000080000000000000000000000000083010000636F72652E786D6C504B01021400140006080800CC70623B55019EA25F0000007C000000070000000000000000000000000095020000636E782E786D6C504B0102
310
1400140006080800CC70623BA24EB22D72010000D40300000C00000000000000000000000000190300006662782F636F72652E786D6C504B01021400140006080800CC70623B408A7D3B7C0000009D0000000B00000000000000000000000000B50400006662782F636E782E786D6C504B01021400140006080800CC70623B
310
449FB9BD290100001202000031000000000000000000000000005A0500006662782F36394639363044362D344446342D343946362D394244322D3234314243333846323333332F636F72652E786D6C504B01021400140006080800CC70623BAD7543B64E010000330300003000000000000000000000000000D20600006662
310
782F36394639363044362D344446342D343946362D394244322D3234314243333846323333332F636E782E786D6C504B01021400140006080800CC70623B8D05915C650500003B10000034000000000000000000000000006E0800006662782F36394639363044362D344446342D343946362D394244322D32343142433338
310
46323333332F6F626A656374732E786D6C504B01021400140006080000CC70623B0000000000000000000000003500000000000000000000000000250E00006662782F36394639363044362D344446342D343946362D394244322D3234314243333846323333332F76657274696365732E62696E504B010214001400060808
310
00CC70623BF270F13306000000040000003600000000000000000000000000780E00006662782F36394639363044362D344446342D343946362D394244322D3234314243333846323333332F747269616E676C65732E62696E504B01021400140006080000CC70623B00000000000000000000000037000000000000000000
310
00000000D20E00006662782F36394639363044362D344446342D343946362D394244322D3234314243333846323333332F617474726962757465732E62696E504B01021400140006080800CC70623B08DA0BD190000000410100003600000000000000000000000000270F00006662782F36394639363044362D344446342D
310
343946362D394244322D3234314243333846323333332F6469726563746F72792E786D6C504B01021400140006080800CC70623BCA768048FE000000A00100003B000000000000000000000000000B1000006662782F36394639363044362D344446342D343946362D394244322D3234314243333846323333332F7265736F
310
75726365732F636F72652E786D6C504B0506000000000E000E0080040000621100000000
  0
XRECORD
  5
176
102
{ACAD_REACTORS
330
173
102
}
330
173
100
AcDbXrecord
280
     1
270
     1
271
     1
  0
XRECORD
  5
177
102
{ACAD_REACTORS
330
173
102
}
330
173
100
AcDbXrecord
280
     1
270
     1
271
     1
  0
CELLSTYLEMAP
  5
3088
102
{ACAD_REACTORS
330
162
102
}
330
162
100
AcDbCellStyleMap
 90
        3
300
CELLSTYLE
  1
TABLEFORMAT_BEGIN
 90
        5
170
     1
 91
        0
 92
    32768
 62
   257
 93
        1
300
CONTENTFORMAT
  1
CONTENTFORMAT_BEGIN
 90
        0
 91
        0
 92
      512
 93
        0
300

 40
0.0
140
1.0
 94
        5
 62
     0
340
11
144
6.0
309
CONTENTFORMAT_END
171
     1
301
MARGIN
  1
CELLMARGIN_BEGIN
 40
1.5
 40
1.5
 40
1.5
 40
1.5
 40
4.5
 40
4.5
309
CELLMARGIN_END
 94
        6
 95
        1
302
GRIDFORMAT
  1
GRIDFORMAT_BEGIN
 90
        0
 91
        1
 62
     0
 92
       -2
340
14
 93
        0
 40
1.125
309
GRIDFORMAT_END
 95
        2
302
GRIDFORMAT
  1
GRIDFORMAT_BEGIN
 90
        0
 91
        1
 62
     0
 92
       -2
340
14
 93
        0
 40
1.125
309
GRIDFORMAT_END
 95
        4
302
GRIDFORMAT
  1
GRIDFORMAT_BEGIN
 90
        0
 91
        1
 62
     0
 92
       -2
340
14
 93
        0
 40
1.125
309
GRIDFORMAT_END
 95
        8
302
GRIDFORMAT
  1
GRIDFORMAT_BEGIN
 90
        0
 91
        1
 62
     0
 92
       -2
340
14
 93
        0
 40
1.125
309
GRIDFORMAT_END
 95
       16
302
GRIDFORMAT
  1
GRIDFORMAT_BEGIN
 90
        0
 91
        1
 62
     0
 92
       -2
340
14
 93
        0
 40
1.125
309
GRIDFORMAT_END
 95
       32
302
GRIDFORMAT
  1
GRIDFORMAT_BEGIN
 90
        0
 91
        1
 62
     0
 92
       -2
340
14
 93
        0
 40
1.125
309
GRIDFORMAT_END
309
TABLEFORMAT_END
  1
CELLSTYLE_BEGIN
 90
        1
 91
        1
300
_TITLE
309
CELLSTYLE_END
300
CELLSTYLE
  1
TABLEFORMAT_BEGIN
 90
        5
170
     1
 91
        0
 92
        0
 62
   257
 93
        1
300
CONTENTFORMAT
  1
CONTENTFORMAT_BEGIN
 90
        0
 91
        0
 92
      512
 93
        0
300

 40
0.0
140
1.0
 94
        5
 62
     0
340
11
144
4.5
309
CONTENTFORMAT_END
171
     1
301
MARGIN
  1
CELLMARGIN_BEGIN
 40
1.5
 40
1.5
 40
1.5
 40
1.5
 40
4.5
 40
4.5
309
CELLMARGIN_END
 94
        6
 95
        1
302
GRIDFORMAT
  1
GRIDFORMAT_BEGIN
 90
        0
 91
        1
 62
     0
 92
       -2
340
14
 93
        0
 40
1.125
309
GRIDFORMAT_END
 95
        2
302
GRIDFORMAT
  1
GRIDFORMAT_BEGIN
 90
        0
 91
        1
 62
     0
 92
       -2
340
14
 93
        0
 40
1.125
309
GRIDFORMAT_END
 95
        4
302
GRIDFORMAT
  1
GRIDFORMAT_BEGIN
 90
        0
 91
        1
 62
     0
 92
       -2
340
14
 93
        0
 40
1.125
309
GRIDFORMAT_END
 95
        8
302
GRIDFORMAT
  1
GRIDFORMAT_BEGIN
 90
        0
 91
        1
 62
     0
 92
       -2
340
14
 93
        0
 40
1.125
309
GRIDFORMAT_END
 95
       16
302
GRIDFORMAT
  1
GRIDFORMAT_BEGIN
 90
        0
 91
        1
 62
     0
 92
       -2
340
14
 93
        0
 40
1.125
309
GRIDFORMAT_END
 95
       32
302
GRIDFORMAT
  1
GRIDFORMAT_BEGIN
 90
        0
 91
        1
 62
     0
 92
       -2
340
14
 93
        0
 40
1.125
309
GRIDFORMAT_END
309
TABLEFORMAT_END
  1
CELLSTYLE_BEGIN
 90
        2
 91
        1
300
_HEADER
309
CELLSTYLE_END
300
CELLSTYLE
  1
TABLEFORMAT_BEGIN
 90
        5
170
     1
 91
        0
 92
        0
 62
   257
 93
        1
300
CONTENTFORMAT
  1
CONTENTFORMAT_BEGIN
 90
        0
 91
        0
 92
      512
 93
        0
300

 40
0.0
140
1.0
 94
        2
 62
     0
340
11
144
4.5
309
CONTENTFORMAT_END
171
     1
301
MARGIN
  1
CELLMARGIN_BEGIN
 40
1.5
 40
1.5
 40
1.5
 40
1.5
 40
4.5
 40
4.5
309
CELLMARGIN_END
 94
        6
 95
        1
302
GRIDFORMAT
  1
GRIDFORMAT_BEGIN
 90
        0
 91
        1
 62
     0
 92
       -2
340
14
 93
        0
 40
1.125
309
GRIDFORMAT_END
 95
        2
302
GRIDFORMAT
  1
GRIDFORMAT_BEGIN
 90
        0
 91
        1
 62
     0
 92
       -2
340
14
 93
        0
 40
1.125
309
GRIDFORMAT_END
 95
        4
302
GRIDFORMAT
  1
GRIDFORMAT_BEGIN
 90
        0
 91
        1
 62
     0
 92
       -2
340
14
 93
        0
 40
1.125
309
GRIDFORMAT_END
 95
        8
302
GRIDFORMAT
  1
GRIDFORMAT_BEGIN
 90
        0
 91
        1
 62
     0
 92
       -2
340
14
 93
        0
 40
1.125
309
GRIDFORMAT_END
 95
       16
302
GRIDFORMAT
  1
GRIDFORMAT_BEGIN
 90
        0
 91
        1
 62
     0
 92
       -2
340
14
 93
        0
 40
1.125
309
GRIDFORMAT_END
 95
       32
302
GRIDFORMAT
  1
GRIDFORMAT_BEGIN
 90
        0
 91
        1
 62
     0
 92
       -2
340
14
 93
        0
 40
1.125
309
GRIDFORMAT_END
309
TABLEFORMAT_END
  1
CELLSTYLE_BEGIN
 90
        3
 91
        2
300
_DATA
309
CELLSTYLE_END
  0
ENDSEC
  0
SECTION
  2
ACDSDATA
 70
     2
 71
     8
  0
ACDSSCHEMA
 90
        0
  1
AcDb_Thumbnail_Schema
  2
AcDbDs::ID
280
    10
 91
        8
  2
Thumbnail_Data
280
    15
 91
        0
101
ACDSRECORD
 95
        0
 90
        1
  2
AcDbDs::TreatedAsObjectData
280
     1
291
     1
101
ACDSRECORD
 95
        0
 90
        2
  2
AcDbDs::Legacy
280
     1
291
     1
101
ACDSRECORD
  1
AcDbDs::ID
 90
        3
  2
AcDs:Indexable
280
     1
291
     1
101
ACDSRECORD
  1
AcDbDs::ID
 90
        4
  2
AcDbDs::HandleAttribute
280
     7
282
     1
  0
ACDSSCHEMA
 90
        1
  1
AcDbDs::TreatedAsObjectDataSchema
  2
AcDbDs::TreatedAsObjectData
280
     1
 91
        0
  0
ACDSSCHEMA
 90
        2
  1
AcDbDs::LegacySchema
  2
AcDbDs::Legacy
280
     1
 91
        0
  0
ACDSSCHEMA
 90
        3
  1
AcDbDs::IndexedPropertySchema
  2
AcDs:Indexable
280
     1
 91
        0
  0
ACDSSCHEMA
 90
        4
  1
AcDbDs::HandleAttributeSchema
  2
AcDbDs::HandleAttribute
280
     7
 91
        1
284
     1
  0
ACDSRECORD
 90
        0
  2
AcDbDs::ID
280
    10
320
22
  2
Thumbnail_Data
280
    15
 94
     2170
310
89504E470D0A1A0A0000000D49484452000001000000006408030000005EBE1EAC00000300504C5445212830FFFFFF2128300000000000000000000000000000000000000000000000000000330000660000990000CC0000FF0033000033330033660033990033CC0033FF0066000066330066660066990066CC0066FF0099
310
000099330099660099990099CC0099FF00CC0000CC3300CC6600CC9900CCCC00CCFF00FF0000FF3300FF6600FF9900FFCC00FFFF3300003300333300663300993300CC3300FF3333003333333333663333993333CC3333FF3366003366333366663366993366CC3366FF3399003399333399663399993399CC3399FF33CC00
310
33CC3333CC6633CC9933CCCC33CCFF33FF0033FF3333FF6633FF9933FFCC33FFFF6600006600336600666600996600CC6600FF6633006633336633666633996633CC6633FF6666006666336666666666996666CC6666FF6699006699336699666699996699CC6699FF66CC0066CC3366CC6666CC9966CCCC66CCFF66FF0066
310
FF3366FF6666FF9966FFCC66FFFF9900009900339900669900999900CC9900FF9933009933339933669933999933CC9933FF9966009966339966669966999966CC9966FF9999009999339999669999999999CC9999FF99CC0099CC3399CC6699CC9999CCCC99CCFF99FF0099FF3399FF6699FF9999FFCC99FFFFCC0000CC00
310
33CC0066CC0099CC00CCCC00FFCC3300CC3333CC3366CC3399CC33CCCC33FFCC6600CC6633CC6666CC6699CC66CCCC66FFCC9900CC9933CC9966CC9999CC99CCCC99FFCCCC00CCCC33CCCC66CCCC99CCCCCCCCCCFFCCFF00CCFF33CCFF66CCFF99CCFFCCCCFFFFFF0000FF0033FF0066FF0099FF00CCFF00FFFF3300FF3333
310
FF3366FF3399FF33CCFF33FFFF6600FF6633FF6666FF6699FF66CCFF66FFFF9900FF9933FF9966FF9999FF99CCFF99FFFFCC00FFCC33FFCC66FFCC99FFCCCCFFCCFFFFFF00FFFF33FFFF66FFFF99FFFFCCFFFFFF0000000D0D0D1A1A1A2828283535354343435050505D5D5D6B6B6B787878868686939393A1A1A1AEAEAEBB
310
BBBBC9C9C9D6D6D6E4E4E4F1F1F1FFFFFF0000000000000000000000000000000000000000000000000000000000002E4550F10000031D4944415478DAED9B4D7283300C8595E965B8FF017C92ACB263D1A5F64D88F1AF6C6C688A4CDF3713A0C64CF14392259310390C19A600B65BAE135CB0DD6DD947FFA5C4B3A7A1BF45
310
16606BFCEBD8B8A5275B011A7A9D28C07A0FDC7535B777E336CEB7808AB54B26EB7AF92DA50D3C94003B1FF22FF10F053001FF5380E81002A81360230AFEC20DDC886ECFCF73A3D3023E7E03B7176A05E0CF5B80EE20F87901820C81C67601B3F7D639CC17156682DBF9E09504288CB445818302DCC61780A3826F580144BB
310
6FF1072E16BC2305C12E0B28947E0515D27291F38A52F12CC0C5C63D469FC53E4DB340B7004D6B63823C5A04304704F0295CD17B8AAE250A60CCDF5B00E5794031506502BC1B4D6201B5A52356E702B91197EE3E7F86CFC63BB3B5801687972CE0EC20183E0216033ED75281699A1A92686E8E8C270BC0EB42B7C9DD226F7F
310
2B40FB046085022CC35C06EA639B6D7FCFDE1436C7BE5316A01416FCE1E3C537A989014E0017DFE376F9191EB080C7FD7E7F28B0007B5B9900E45F6D848B1724E7D0B56497755B4020C01ADA2911200A022C5602D5324116E0FB851E0BD815C55D8E1F194ECB49A2E865A38644A83590850D937FB795BA8F7CD2C8AF61D55A
310
C09600DD99B07B0FFD1570BE00DC93C8702D4FCE6BFD8200AA2CA0349BCBED71362F0E94CB42284C8496717261FCE2FDCE0BFCFCB83F16DC49B67FF21C75D52A0071DF8A10CDC9497B6805089C9F9D95D0ACB716E88F01470490BF3571FA2CD0B7A83547F3E67AB8BAC0AA0787FBC805585B0CE848029C056C0B4065019459
310
80CDD5A40820B65B734E43FB5C710151004D166004B8D0BE3A7BFC1D8738062431C45D93541E4A5261A10A22A90AF21670701A1C2A089A722234F9A629E96217CCFC3E2E30D35279B459201E657C2809109EBEC43498953AD9CA7916043301742542BB04D87F35A7928D25806000543500C140AEE002ED1E90BB80BA5A6087
310
00418694264B6BF694EEAF1504771A801760740BC88BC1AE2038B40B547E2220FF9420DE0E2FC071068F01971140C6341CF3767B67F733BE22A30C020000000000000000000000000000000000000000000000000000809DFC000E401633420A07470000000049454E44AE42608235054013180E002B9854D8A479C57B7D8E
310
59DAC58F4E9DE1987CDB4500DC830278369D029038C3CBEEE0F65B2BA8AE02991220627F2B03163FA00C00EFA622BBCE9501809601C36FC81CC4468CEBA8280430E5062900308D2D8C00362FEF10FAB37BDD27750AAA1841B0D24D9242422160521F12407E38BCC6B994374354AC0720C715B60360FB652025C35A307D1E76
310
2F657F06BC23385E68A89E1132D800F000480918F6DF22D283FD95AB01A06701DE060C5B2156943A0460E7C50387B386062AC0FB01F42C702E007A89D915675A593F60F002BA6388F7E8B40760F706BA17D02C1B830EA02C295AFDE9056CC71308CF693E00780FE0F88B3B0900D1DC493500965F130C01C8940034970049A7
310
1A3200A46681C13C0B0C0D6C800D0055710B00EE781D1701E06560BDDF94701C804C1BA044DBFB12C804AB817D0CC07697158084552038EC9D01480100BFAD2EE808D59905C2A97089AE05E8004E75852BD8001E0053B15E3094CEB6270346A9EA0865648DCE00A08AC1450060F794C4D8D2C3AEC0316F6BDCC88A4E7A0338
310
B41B823000EFD8B8A56F748B05720058E289DDCF498522231DC05525E00400575681336E8540E0DD0B807401702109886B40F4673BC31A2048BFE07D1523D8C40408E7EA5CCB061CD73D630BDCFE32A95F33749EE2085DCA082AAD8E05D3DE3117D97A9959608E330FFAEA22BAECF42DE8E7718ED07F69823BA3AEFB254600
310
00000049454E44AE426082
  0
ENDSEC
  0
EOF
