  0
SECTION
  2
HEADER
  9
$ACADVER
  1
AC1032
  9
$ACADMAINTVER
 90
      329
  9
$DWGCODEPAGE
  3
ANSI_1252
  9
$LASTSAVEDBY
  1
lilip
  9
$REQUIREDVERSIONS
160
                 0
  9
$INSBASE
 10
0.0
 20
0.0
 30
0.0
  9
$EXTMIN
 10
2931.696618223322
 20
1740.868362151957
 30
0.0
  9
$EXTMAX
 10
3189.786957664325
 20
1824.968363786689
 30
0.0
  9
$LIMMIN
 10
0.0
 20
0.0
  9
$LIMMAX
 10
420.0
 20
297.0
  9
$ORTHOMODE
 70
     1
  9
$REGENMODE
 70
     1
  9
$FILLMODE
 70
     1
  9
$QTEXTMODE
 70
     0
  9
$MIRRTEXT
 70
     0
  9
$LTSCALE
 40
1.0
  9
$ATTMODE
 70
     1
  9
$TEXTSIZE
 40
2.5
  9
$TRACEWID
 40
1.0
  9
$TEXTSTYLE
  7
Standard
  9
$CLAYER
  8
0
  9
$CELTYPE
  6
ByLayer
  9
$CECOLOR
 62
   256
  9
$CELTSCALE
 40
1.0
  9
$DISPSILH
 70
     0
  9
$DIMSCALE
 40
1.0
  9
$DIMASZ
 40
2.5
  9
$DIMEXO
 40
0.625
  9
$DIMDLI
 40
3.75
  9
$DIMRND
 40
0.0
  9
$DIMDLE
 40
0.0
  9
$DIMEXE
 40
1.25
  9
$DIMTP
 40
0.0
  9
$DIMTM
 40
0.0
  9
$DIMTXT
 40
2.5
  9
$DIMCEN
 40
2.5
  9
$DIMTSZ
 40
0.0
  9
$DIMTOL
 70
     0
  9
$DIMLIM
 70
     0
  9
$DIMTIH
 70
     0
  9
$DIMTOH
 70
     0
  9
$DIMSE1
 70
     0
  9
$DIMSE2
 70
     0
  9
$DIMTAD
 70
     1
  9
$DIMZIN
 70
     8
  9
$DIMBLK
  1

  9
$DIMASO
 70
     1
  9
$DIMSHO
 70
     1
  9
$DIMPOST
  1

  9
$DIMAPOST
  1

  9
$DIMALT
 70
     0
  9
$DIMALTD
 70
     3
  9
$DIMALTF
 40
0.03937007874016
  9
$DIMLFAC
 40
1.0
  9
$DIMTOFL
 70
     1
  9
$DIMTVP
 40
0.0
  9
$DIMTIX
 70
     0
  9
$DIMSOXD
 70
     0
  9
$DIMSAH
 70
     0
  9
$DIMBLK1
  1

  9
$DIMBLK2
  1

  9
$DIMSTYLE
  2
ISO-25
  9
$DIMCLRD
 70
     0
  9
$DIMCLRE
 70
     0
  9
$DIMCLRT
 70
     0
  9
$DIMTFAC
 40
1.0
  9
$DIMGAP
 40
0.625
  9
$DIMJUST
 70
     0
  9
$DIMSD1
 70
     0
  9
$DIMSD2
 70
     0
  9
$DIMTOLJ
 70
     0
  9
$DIMTZIN
 70
     8
  9
$DIMALTZ
 70
     0
  9
$DIMALTTZ
 70
     0
  9
$DIMUPT
 70
     0
  9
$DIMDEC
 70
     2
  9
$DIMTDEC
 70
     2
  9
$DIMALTU
 70
     2
  9
$DIMALTTD
 70
     3
  9
$DIMTXSTY
  7
Standard
  9
$DIMAUNIT
 70
     0
  9
$DIMADEC
 70
     0
  9
$DIMALTRND
 40
0.0
  9
$DIMAZIN
 70
     0
  9
$DIMDSEP
 70
    44
  9
$DIMATFIT
 70
     3
  9
$DIMFRAC
 70
     0
  9
$DIMLDRBLK
  1

  9
$DIMLUNIT
 70
     2
  9
$DIMLWD
 70
    -2
  9
$DIMLWE
 70
    -2
  9
$DIMTMOVE
 70
     0
  9
$DIMFXL
 40
1.25
  9
$DIMFXLON
 70
     0
  9
$DIMJOGANG
 40
1.570796326794896
  9
$DIMTFILL
 70
     0
  9
$DIMTFILLCLR
 70
     0
  9
$DIMARCSYM
 70
     0
  9
$DIMLTYPE
  6
ByLayer
  9
$DIMLTEX1
  6
ByLayer
  9
$DIMLTEX2
  6
ByLayer
  9
$DIMTXTDIRECTION
 70
     0
  9
$LUNITS
 70
     2
  9
$LUPREC
 70
     4
  9
$SKETCHINC
 40
1.0
  9
$FILLETRAD
 40
0.0
  9
$AUNITS
 70
     0
  9
$AUPREC
 70
     0
  9
$MENU
  1
.
  9
$ELEVATION
 40
0.0
  9
$PELEVATION
 40
0.0
  9
$THICKNESS
 40
0.0
  9
$LIMCHECK
 70
     0
  9
$CHAMFERA
 40
0.0
  9
$CHAMFERB
 40
0.0
  9
$CHAMFERC
 40
0.0
  9
$CHAMFERD
 40
0.0
  9
$SKPOLY
 70
     0
  9
$TDCREATE
 40
2458782.640347223
  9
$TDUCREATE
 40
2458782.765354548
  9
$TDUPDATE
 40
2461242.686932870
  9
$TDUUPDATE
 40
2461242.811932870
  9
$TDINDWG
 40
8.9303144097
  9
$TDUSRTIMER
 40
8.9303143750
  9
$USRTIMER
 70
     1
  9
$ANGBASE
 50
0.0
  9
$ANGDIR
 70
     0
  9
$PDMODE
 70
     0
  9
$PDSIZE
 40
0.0
  9
$PLINEWID
 40
0.0
  9
$SPLFRAME
 70
     0
  9
$SPLINETYPE
 70
     6
  9
$SPLINESEGS
 70
     8
  9
$HANDSEED
  5
3841
  9
$SURFTAB1
 70
     6
  9
$SURFTAB2
 70
     6
  9
$SURFTYPE
 70
     6
  9
$SURFU
 70
     6
  9
$SURFV
 70
     6
  9
$UCSBASE
  2

  9
$UCSNAME
  2

  9
$UCSORG
 10
0.0
 20
0.0
 30
0.0
  9
$UCSXDIR
 10
1.0
 20
0.0
 30
0.0
  9
$UCSYDIR
 10
0.0
 20
1.0
 30
0.0
  9
$UCSORTHOREF
  2

  9
$UCSORTHOVIEW
 70
     0
  9
$UCSORGTOP
 10
0.0
 20
0.0
 30
0.0
  9
$UCSORGBOTTOM
 10
0.0
 20
0.0
 30
0.0
  9
$UCSORGLEFT
 10
0.0
 20
0.0
 30
0.0
  9
$UCSORGRIGHT
 10
0.0
 20
0.0
 30
0.0
  9
$UCSORGFRONT
 10
0.0
 20
0.0
 30
0.0
  9
$UCSORGBACK
 10
0.0
 20
0.0
 30
0.0
  9
$PUCSBASE
  2

  9
$PUCSNAME
  2

  9
$PUCSORG
 10
0.0
 20
0.0
 30
0.0
  9
$PUCSXDIR
 10
1.0
 20
0.0
 30
0.0
  9
$PUCSYDIR
 10
0.0
 20
1.0
 30
0.0
  9
$PUCSORTHOREF
  2

  9
$PUCSORTHOVIEW
 70
     0
  9
$PUCSORGTOP
 10
0.0
 20
0.0
 30
0.0
  9
$PUCSORGBOTTOM
 10
0.0
 20
0.0
 30
0.0
  9
$PUCSORGLEFT
 10
0.0
 20
0.0
 30
0.0
  9
$PUCSORGRIGHT
 10
0.0
 20
0.0
 30
0.0
  9
$PUCSORGFRONT
 10
0.0
 20
0.0
 30
0.0
  9
$PUCSORGBACK
 10
0.0
 20
0.0
 30
0.0
  9
$USERI1
 70
     0
  9
$USERI2
 70
     0
  9
$USERI3
 70
     0
  9
$USERI4
 70
     0
  9
$USERI5
 70
     0
  9
$USERR1
 40
0.0
  9
$USERR2
 40
0.0
  9
$USERR3
 40
0.0
  9
$USERR4
 40
0.0
  9
$USERR5
 40
0.0
  9
$WORLDVIEW
 70
     1
  9
$SHADEDGE
 70
     3
  9
$SHADEDIF
 70
    70
  9
$TILEMODE
 70
     1
  9
$MAXACTVP
 70
    64
  9
$PINSBASE
 10
0.0
 20
0.0
 30
0.0
  9
$PLIMCHECK
 70
     0
  9
$PEXTMIN
 10
0.0
 20
0.0
 30
0.0
  9
$PEXTMAX
 10
0.0
 20
0.0
 30
0.0
  9
$PLIMMIN
 10
0.0
 20
0.0
  9
$PLIMMAX
 10
12.0
 20
9.0
  9
$UNITMODE
 70
     0
  9
$VISRETAIN
 70
     1
  9
$PLINEGEN
 70
     0
  9
$PSLTSCALE
 70
     1
  9
$TREEDEPTH
 70
  3020
  9
$CMLSTYLE
  2
Standard
  9
$CMLJUST
 70
     0
  9
$CMLSCALE
 40
20.0
  9
$PROXYGRAPHICS
 70
     1
  9
$MEASUREMENT
 70
     1
  9
$CELWEIGHT
370
    -1
  9
$ENDCAPS
280
     0
  9
$JOINSTYLE
280
     0
  9
$LWDISPLAY
290
     0
  9
$INSUNITS
 70
     4
  9
$HYPERLINKBASE
  1

  9
$STYLESHEET
  1

  9
$XEDIT
290
     1
  9
$CEPSNTYPE
380
     0
  9
$PSTYLEMODE
290
     1
  9
$FINGERPRINTGUID
  2
{BB0A7C90-62DE-44DD-9393-E03A16B760D8}
  9
$VERSIONGUID
  2
{9F20C9F2-5699-0648-B2B6-967E314D70BC}
  9
$EXTNAMES
290
     1
  9
$PSVPSCALE
 40
0.0
  9
$OLESTARTUP
290
     0
  9
$SORTENTS
280
   127
  9
$INDEXCTL
280
     0
  9
$HIDETEXT
280
     1
  9
$XCLIPFRAME
280
     2
  9
$HALOGAP
280
     0
  9
$OBSCOLOR
 70
   257
  9
$OBSLTYPE
280
     0
  9
$INTERSECTIONDISPLAY
280
     0
  9
$INTERSECTIONCOLOR
 70
   257
  9
$DIMASSOC
280
     2
  9
$PROJECTNAME
  1

  9
$CAMERADISPLAY
290
     0
  9
$LENSLENGTH
 40
50.0
  9
$CAMERAHEIGHT
 40
0.0
  9
$STEPSPERSEC
 40
2.0
  9
$STEPSIZE
 40
6.0
  9
$3DDWFPREC
 40
2.0
  9
$PSOLWIDTH
 40
5.0
  9
$PSOLHEIGHT
 40
80.0
  9
$LOFTANG1
 40
1.570796326794896
  9
$LOFTANG2
 40
1.570796326794896
  9
$LOFTMAG1
 40
0.0
  9
$LOFTMAG2
 40
0.0
  9
$LOFTPARAM
 70
     7
  9
$LOFTNORMALS
280
     1
  9
$LATITUDE
 40
37.795
  9
$LONGITUDE
 40
-122.394
  9
$NORTHDIRECTION
 40
0.0
  9
$TIMEZONE
 70
 -8000
  9
$LIGHTGLYPHDISPLAY
280
     1
  9
$TILEMODELIGHTSYNCH
280
     1
  9
$CMATERIAL
347
EC
  9
$SOLIDHIST
280
     0
  9
$SHOWHIST
280
     1
  9
$DWFFRAME
280
     2
  9
$DGNFRAME
280
     0
  9
$REALWORLDSCALE
290
     1
  9
$INTERFERECOLOR
 62
     1
  9
$INTERFEREOBJVS
345
F9
  9
$INTERFEREVPVS
346
F6
  9
$CSHADOW
280
     0
  9
$SHADOWPLANELOCATION
 40
0.0
  0
ENDSEC
  0
SECTION
  2
CLASSES
  0
CLASS
  1
ACDBDICTIONARYWDFLT
  2
AcDbDictionaryWithDefault
  3
ObjectDBX Classes
 90
        0
 91
        1
280
     0
281
     0
  0
CLASS
  1
DICTIONARYVAR
  2
AcDbDictionaryVar
  3
ObjectDBX Classes
 90
        0
 91
       12
280
     0
281
     0
  0
CLASS
  1
TABLESTYLE
  2
AcDbTableStyle
  3
ObjectDBX Classes
 90
     4095
 91
        1
280
     0
281
     0
  0
CLASS
  1
MATERIAL
  2
AcDbMaterial
  3
ObjectDBX Classes
 90
     1153
 91
        3
280
     0
281
     0
  0
CLASS
  1
VISUALSTYLE
  2
AcDbVisualStyle
  3
ObjectDBX Classes
 90
     4095
 91
       25
280
     0
281
     0
  0
CLASS
  1
SCALE
  2
AcDbScale
  3
ObjectDBX Classes
 90
     1153
 91
       17
280
     0
281
     0
  0
CLASS
  1
MLEADERSTYLE
  2
AcDbMLeaderStyle
  3
ACDB_MLEADERSTYLE_CLASS
 90
     4095
 91
        2
280
     0
281
     0
  0
CLASS
  1
CELLSTYLEMAP
  2
AcDbCellStyleMap
  3
ObjectDBX Classes
 90
     1152
 91
        2
280
     0
281
     0
  0
CLASS
  1
EXACXREFPANELOBJECT
  2
ExAcXREFPanelObject
  3
EXAC_ESW
 90
     1025
 91
        0
280
     0
281
     0
  0
CLASS
  1
NPOCOLLECTION
  2
AcDbImpNonPersistentObjectsCollection
  3
ObjectDBX Classes
 90
     1153
 91
        0
280
     0
281
     0
  0
CLASS
  1
LAYER_INDEX
  2
AcDbLayerIndex
  3
ObjectDBX Classes
 90
        0
 91
        0
280
     0
281
     0
  0
CLASS
  1
SPATIAL_INDEX
  2
AcDbSpatialIndex
  3
ObjectDBX Classes
 90
        0
 91
        0
280
     0
281
     0
  0
CLASS
  1
IDBUFFER
  2
AcDbIdBuffer
  3
ObjectDBX Classes
 90
        0
 91
        0
280
     0
281
     0
  0
CLASS
  1
ACDBSECTIONVIEWSTYLE
  2
AcDbSectionViewStyle
  3
ObjectDBX Classes
 90
     1025
 91
        1
280
     0
281
     0
  0
CLASS
  1
ACDBDETAILVIEWSTYLE
  2
AcDbDetailViewStyle
  3
ObjectDBX Classes
 90
     1025
 91
        1
280
     0
281
     0
  0
CLASS
  1
SORTENTSTABLE
  2
AcDbSortentsTable
  3
ObjectDBX Classes
 90
        0
 91
        1
280
     0
281
     0
  0
ENDSEC
  0
SECTION
  2
TABLES
  0
TABLE
  2
VPORT
  5
8
102
{ACAD_XDICTIONARY
360
F96
102
}
330
0
100
AcDbSymbolTable
 70
     1
  0
VPORT
  5
EA
330
8
100
AcDbSymbolTableRecord
100
AcDbViewportTableRecord
  2
*Active
 70
     0
 10
0.0
 20
0.0
 11
1.0
 21
1.0
 12
3052.043912982089
 22
1786.248070840871
 13
0.0
 23
0.0
 14
10.0
 24
10.0
 15
10.0
 25
10.0
 16
0.0
 26
0.0
 36
1.0
 17
0.0
 27
0.0
 37
0.0
 40
107.5721910347986
 41
2.555259653794939
 42
50.0
 43
0.0
 44
0.0
 50
0.0
 51
0.0
 71
     0
 72
  1000
 73
     1
 74
     3
 75
     0
 76
     0
 77
     0
 78
     0
281
     0
 65
     1
110
0.0
120
0.0
130
0.0
111
1.0
121
0.0
131
0.0
112
0.0
122
1.0
132
0.0
 79
     0
146
0.0
348
F5
 60
     3
 61
     5
292
     1
282
     1
141
0.0
142
0.0
 63
   250
421
  3355443
1001
ACAD_NAV_VCDISPLAY
1070
     3
  0
ENDTAB
  0
TABLE
  2
LTYPE
  5
5
330
0
100
AcDbSymbolTable
 70
     3
  0
LTYPE
  5
14
330
5
100
AcDbSymbolTableRecord
100
AcDbLinetypeTableRecord
  2
ByBlock
 70
     0
  3

 72
    65
 73
     0
 40
0.0
  0
LTYPE
  5
15
330
5
100
AcDbSymbolTableRecord
100
AcDbLinetypeTableRecord
  2
ByLayer
 70
     0
  3

 72
    65
 73
     0
 40
0.0
  0
LTYPE
  5
16
330
5
100
AcDbSymbolTableRecord
100
AcDbLinetypeTableRecord
  2
Continuous
 70
     0
  3
Solid line
 72
    65
 73
     0
 40
0.0
  0
LTYPE
  5
278
330
5
100
AcDbSymbolTableRecord
100
AcDbLinetypeTableRecord
  2
ACAD_ISO02W100
 70
     0
  3
ISO dash __ __ __ __ __ __ __ __ __ __ __ __ __
 72
    65
 73
     2
 40
15.0
 49
12.0
 74
     0
 49
-3.0
 74
     0
  0
LTYPE
  5
52B
330
5
100
AcDbSymbolTableRecord
100
AcDbLinetypeTableRecord
  2
HIDDEN2
 70
     0
  3
Hidden (.5x) _ _ _ _ _ _ _ _ _ _ _ _ _ _ _ _ _
 72
    65
 73
     2
 40
4.762499999999999
 49
3.174999999999999
 74
     0
 49
-1.587499999999999
 74
     0
  0
ENDTAB
  0
TABLE
  2
LAYER
  5
2
102
{ACAD_XDICTIONARY
360
1FF
102
}
330
0
100
AcDbSymbolTable
 70
     4
  0
LAYER
  5
10
102
{ACAD_XDICTIONARY
360
13C
102
}
330
2
100
AcDbSymbolTableRecord
100
AcDbLayerTableRecord
  2
0
 70
     0
 62
     7
  6
Continuous
370
    -3
390
F
347
EE
348
0
  0
LAYER
  5
279
102
{ACAD_XDICTIONARY
360
27A
102
}
330
2
100
AcDbSymbolTableRecord
100
AcDbLayerTableRecord
  2
ARQ-FOLHA
 70
     0
 62
     7
  6
Continuous
370
    -3
390
F
347
EE
348
0
1001
AcAecLayerStandard
1000

1000

  0
LAYER
  5
27B
102
{ACAD_XDICTIONARY
360
27C
102
}
330
2
100
AcDbSymbolTableRecord
100
AcDbLayerTableRecord
  2
PLANTA_BAIXA
 70
     0
 62
     6
  6
Continuous
370
    -3
390
F
347
EE
348
0
  0
LAYER
  5
465
102
{ACAD_XDICTIONARY
360
466
102
}
330
2
100
AcDbSymbolTableRecord
100
AcDbLayerTableRecord
  2
ARQ-COTAS
 70
     0
 62
    30
  6
Continuous
370
    -3
390
F
347
EE
348
0
  0
ENDTAB
  0
TABLE
  2
STYLE
  5
3
330
0
100
AcDbSymbolTable
 70
     4
  0
STYLE
  5
11
330
3
100
AcDbSymbolTableRecord
100
AcDbTextStyleTableRecord
  2
Standard
 70
     0
 40
0.0
 41
1.0
 50
0.0
 71
     0
 42
2.5
  3
arial.ttf
  4

1001
ACAD
1000
Arial
1071
       34
  0
STYLE
  5
132
330
3
100
AcDbSymbolTableRecord
100
AcDbTextStyleTableRecord
  2
Annotative
 70
     0
 40
0.0
 41
1.0
 50
0.0
 71
     0
 42
2.5
  3
arial.ttf
  4

1001
AcadAnnotative
1000
AnnotativeData
1002
{
1070
     1
1070
     1
1002
}
1001
ACAD
1000
Arial
1071
       34
  0
STYLE
  5
27D
330
3
100
AcDbSymbolTableRecord
100
AcDbTextStyleTableRecord
  2
ROMANS
 70
     0
 40
0.0
 41
1.0
 50
0.0
 71
     0
 42
0.2
  3
romans.shx
  4

  0
STYLE
  5
27E
330
3
100
AcDbSymbolTableRecord
100
AcDbTextStyleTableRecord
  2
arial
 70
     0
 40
0.0
 41
1.0
 50
0.0
 71
     0
 42
0.001
  3
arial.ttf
  4

1001
ACAD
1000
Arial
1071
       34
  0
ENDTAB
  0
TABLE
  2
VIEW
  5
6
330
0
100
AcDbSymbolTable
 70
     0
  0
ENDTAB
  0
TABLE
  2
UCS
  5
7
330
0
100
AcDbSymbolTable
 70
     0
  0
ENDTAB
  0
TABLE
  2
APPID
  5
9
330
0
100
AcDbSymbolTable
 70
    20
  0
APPID
  5
12
330
9
100
AcDbSymbolTableRecord
100
AcDbRegAppTableRecord
  2
ACAD
 70
     0
  0
APPID
  5
9E
330
9
100
AcDbSymbolTableRecord
100
AcDbRegAppTableRecord
  2
ACAD_PSEXT
 70
     0
  0
APPID
  5
133
330
9
100
AcDbSymbolTableRecord
100
AcDbRegAppTableRecord
  2
AcadAnnoPO
 70
     0
  0
APPID
  5
134
330
9
100
AcDbSymbolTableRecord
100
AcDbRegAppTableRecord
  2
AcadAnnotative
 70
     0
  0
APPID
  5
135
330
9
100
AcDbSymbolTableRecord
100
AcDbRegAppTableRecord
  2
ACAD_DSTYLE_DIMJAG
 70
     0
  0
APPID
  5
136
330
9
100
AcDbSymbolTableRecord
100
AcDbRegAppTableRecord
  2
ACAD_DSTYLE_DIMTALN
 70
     0
  0
APPID
  5
165
330
9
100
AcDbSymbolTableRecord
100
AcDbRegAppTableRecord
  2
ACAD_MLEADERVER
 70
     0
  0
APPID
  5
217
330
9
100
AcDbSymbolTableRecord
100
AcDbRegAppTableRecord
  2
ACAD_NAV_VCDISPLAY
 70
     0
  0
APPID
  5
283
330
9
100
AcDbSymbolTableRecord
100
AcDbRegAppTableRecord
  2
ACAD_DSTYLE_DIMJOGGED_JOGANGLE_SYMBOL
 70
     0
  0
APPID
  5
284
330
9
100
AcDbSymbolTableRecord
100
AcDbRegAppTableRecord
  2
AcAecLayerStandard
 70
     0
  0
APPID
  5
285
330
9
100
AcDbSymbolTableRecord
100
AcDbRegAppTableRecord
  2
AcLayerTools
 70
     0
  0
APPID
  5
286
330
9
100
AcDbSymbolTableRecord
100
AcDbRegAppTableRecord
  2
AcDbBlockRepETag
 70
     0
  0
APPID
  5
287
330
9
100
AcDbSymbolTableRecord
100
AcDbRegAppTableRecord
  2
AcDbDynamicBlockGUID
 70
     0
  0
APPID
  5
288
330
9
100
AcDbSymbolTableRecord
100
AcDbRegAppTableRecord
  2
GradientColor1ACI
 70
     0
  0
APPID
  5
289
330
9
100
AcDbSymbolTableRecord
100
AcDbRegAppTableRecord
  2
GradientColor2ACI
 70
     0
  0
APPID
  5
4AE
330
9
100
AcDbSymbolTableRecord
100
AcDbRegAppTableRecord
  2
ACAD_EXEMPT_FROM_CAD_STANDARDS
 70
     0
  0
APPID
  5
FCF
330
9
100
AcDbSymbolTableRecord
100
AcDbRegAppTableRecord
  2
ACAD_DSTYLE_DIMEXT_LENGTH
 70
     0
  0
APPID
  5
FD0
330
9
100
AcDbSymbolTableRecord
100
AcDbRegAppTableRecord
  2
ACAD_DSTYLE_DIM_LINETYPE
 70
     0
  0
APPID
  5
FD1
330
9
100
AcDbSymbolTableRecord
100
AcDbRegAppTableRecord
  2
ACAD_DSTYLE_DIM_EXT1_LINETYPE
 70
     0
  0
APPID
  5
FD2
330
9
100
AcDbSymbolTableRecord
100
AcDbRegAppTableRecord
  2
ACAD_DSTYLE_DIM_EXT2_LINETYPE
 70
     0
  0
ENDTAB
  0
TABLE
  2
DIMSTYLE
  5
A
330
0
100
AcDbSymbolTable
 70
     7
100
AcDbDimStyleTable
 71
     2
340
27
340
137
  0
DIMSTYLE
105
1B0
330
A
100
AcDbSymbolTableRecord
100
AcDbDimStyleTableRecord
  2
Standard
 70
     0
340
11
  0
DIMSTYLE
105
137
330
A
100
AcDbSymbolTableRecord
100
AcDbDimStyleTableRecord
  2
Annotative
 70
     0
 40
0.0
 41
2.5
 42
0.625
 43
3.75
 44
1.25
 73
     0
 74
     0
 77
     1
 78
     8
140
2.5
141
2.5
143
0.03937007874016
147
0.625
171
     3
172
     1
271
     2
272
     2
274
     3
278
    44
283
     0
284
     8
340
11
1001
AcadAnnotative
1000
AnnotativeData
1002
{
1070
     1
1070
     1
1002
}
1001
ACAD_DSTYLE_DIMJAG
1070
   388
1040
1.5
1001
ACAD_DSTYLE_DIMTALN
1070
   392
1070
     0
  0
DIMSTYLE
105
27
330
A
100
AcDbSymbolTableRecord
100
AcDbDimStyleTableRecord
  2
ISO-25
 70
     0
 41
2.5
 42
0.625
 43
3.75
 44
1.25
 73
     0
 74
     0
 77
     1
 78
     8
140
2.5
141
2.5
143
0.03937007874016
147
0.625
171
     3
172
     1
271
     2
272
     2
274
     3
278
    44
283
     0
284
     8
340
11
  0
DIMSTYLE
105
27F
330
A
100
AcDbSymbolTableRecord
100
AcDbDimStyleTableRecord
  2
1-100
 70
     0
 41
0.1
 42
0.1
 43
0.0
 44
0.05
 49
0.04
 73
     0
 74
     0
 77
     1
 78
     5
140
0.15
141
0.0
147
0.03
176
   256
177
   256
178
     2
271
     2
272
     2
279
     2
284
     1
340
27D
342
259
1001
ACAD_DSTYLE_DIMJOGGED_JOGANGLE_SYMBOL
1070
   384
1040
0.7853981633974483
  0
DIMSTYLE
105
280
330
A
100
AcDbSymbolTableRecord
100
AcDbDimStyleTableRecord
  2
ELOI
 70
     0
 41
0.0
 42
0.15
 44
0.1
 46
0.05
 73
     0
 77
     1
140
0.08
142
0.05
172
     1
174
     1
178
   256
271
     2
272
     2
279
     2
340
27D
  0
DIMSTYLE
105
281
330
A
100
AcDbSymbolTableRecord
100
AcDbDimStyleTableRecord
  2
T100M-ROMANS
 70
     0
 40
0.05
 41
2.0
 42
1.0
 43
3.75
 44
2.0
 73
     0
 74
     0
 77
     1
 78
     4
140
2.0
141
2.5
143
0.0394
144
2.0
147
0.8
171
     4
172
     1
176
   256
177
   256
178
   256
271
     2
272
     2
273
     8
274
     4
340
27D
342
25D
371
    -1
372
    -1
  0
DIMSTYLE
105
282
330
A
100
AcDbSymbolTableRecord
100
AcDbDimStyleTableRecord
  2
500M
 70
     0
 40
0.05
 41
1.5
 42
1.0
 43
3.75
 44
1.5
 49
1.25
 50
89.99999999999998
 73
     0
 74
     0
 77
     1
 78
     4
140
1.25
141
2.5
143
0.03937007874016
144
10.0
147
0.8
171
     3
172
     1
176
     6
177
     6
178
     1
271
     2
272
     2
274
     3
283
     0
284
     8
340
27D
342
25D
345
15
346
15
347
15
371
    -1
372
    -1
1001
ACAD_DSTYLE_DIMJOGGED_JOGANGLE_SYMBOL
1070
   384
1040
1.570796326794896
  0
ENDTAB
  0
TABLE
  2
BLOCK_RECORD
  5
1
330
0
100
AcDbSymbolTable
 70
     4
  0
BLOCK_RECORD
  5
1F
102
{ACAD_XDICTIONARY
360
1CE
102
}
330
1
100
AcDbSymbolTableRecord
100
AcDbBlockTableRecord
  2
*Model_Space
340
22
 70
     0
280
     1
281
     0
  0
BLOCK_RECORD
  5
D2
330
1
100
AcDbSymbolTableRecord
100
AcDbBlockTableRecord
  2
*Paper_Space
340
D3
 70
     0
280
     1
281
     0
  0
BLOCK_RECORD
  5
D6
330
1
100
AcDbSymbolTableRecord
100
AcDbBlockTableRecord
  2
*Paper_Space0
340
D7
 70
     0
280
     1
281
     0
  0
BLOCK_RECORD
  5
259
330
1
100
AcDbSymbolTableRecord
100
AcDbBlockTableRecord
  2
_Oblique
340
0
 70
     0
280
     1
281
     0
  0
BLOCK_RECORD
  5
25D
330
1
100
AcDbSymbolTableRecord
100
AcDbBlockTableRecord
  2
_ArchTick
340
0
 70
     0
280
     1
281
     0
  0
BLOCK_RECORD
  5
261
102
{ACAD_XDICTIONARY
360
262
102
}
330
1
100
AcDbSymbolTableRecord
100
AcDbBlockTableRecord
  2
A0
340
0
310
2800000020000000200000000100080000000000000400000000000000000000000000000000000000000000000080000080000000808000800000008000800080800000C0C0C000C0DCC000F0CAA6000020400000206000002080000020A0000020C0000020E00000400000004020000040400000406000004080000040A0
310
000040C0000040E00000600000006020000060400000606000006080000060A0000060C0000060E00000800000008020000080400000806000008080000080A0000080C0000080E00000A0000000A0200000A0400000A0600000A0800000A0A00000A0C00000A0E00000C0000000C0200000C0400000C0600000C0800000C0
310
A00000C0C00000C0E00000E0000000E0200000E0400000E0600000E0800000E0A00000E0C00000E0E00040000000400020004000400040006000400080004000A0004000C0004000E00040200000402020004020400040206000402080004020A0004020C0004020E000404000004040200040404000404060004040800040
310
40A0004040C0004040E00040600000406020004060400040606000406080004060A0004060C0004060E00040800000408020004080400040806000408080004080A0004080C0004080E00040A0000040A0200040A0400040A0600040A0800040A0A00040A0C00040A0E00040C0000040C0200040C0400040C0600040C08000
310
40C0A00040C0C00040C0E00040E0000040E0200040E0400040E0600040E0800040E0A00040E0C00040E0E00080000000800020008000400080006000800080008000A0008000C0008000E00080200000802020008020400080206000802080008020A0008020C0008020E00080400000804020008040400080406000804080
310
008040A0008040C0008040E00080600000806020008060400080606000806080008060A0008060C0008060E00080800000808020008080400080806000808080008080A0008080C0008080E00080A0000080A0200080A0400080A0600080A0800080A0A00080A0C00080A0E00080C0000080C0200080C0400080C0600080C0
310
800080C0A00080C0C00080C0E00080E0000080E0200080E0400080E0600080E0800080E0A00080E0C00080E0E000C0000000C0002000C0004000C0006000C0008000C000A000C000C000C000E000C0200000C0202000C0204000C0206000C0208000C020A000C020C000C020E000C0400000C0402000C0404000C0406000C0
310
408000C040A000C040C000C040E000C0600000C0602000C0604000C0606000C0608000C060A000C060C000C060E000C0800000C0802000C0804000C0806000C0808000C080A000C080C000C080E000C0A00000C0A02000C0A04000C0A06000C0A08000C0A0A000C0A0C000C0A0E000C0C00000C0C02000C0C04000C0C06000
310
C0C08000C0C0A000F0FBFF00A4A0A000808080000000FF0000FF000000FFFF00FF000000FF00FF00FFFF0000FFFFFF0000000000000000000000000000000000000000000000000000000000000000000000000000000000000000000000000000000000000000000000000000000000000000000000000000000000000000
310
000000000000000000000000000000000000000000000000000000000000000000000000000000000000000000000000000000000000000000000000000000000000000000000000000000000000000000000000000000000000000000000000000000000000000000000000000000000000F9F9FDFDFDF9FDFDF9FDF9FDFD
310
FDFDF9FDFDFDF9FDFDFDFDF9FDFDFDFDF90000F9F90000000000000000000000000000000000000000000000000000FDF90000F9FD0000000000000000000000000000000000000000000000000000FDF90000F9FD0000000000000000000000000000000000000000000000000000FDF90000F9FD00000000000000000000
310
00000000000000000000000000000000FDF90000F9FD0000000000000000000000000000000000000000000000000000FDF90000F9FD0000000000000000000000000000000000000000000000000000FDF90000F9FD0000000000000000000000000000000000000000000000000000FDF90000F9FD000000000000000000
310
0000000000000000000000000000000000FDF90000F9FD0000000000000000000000000000000000000000000000000000FDF90000F9FD0000000000000000000000000000000000000000000000000000FDF90000F9FD0000000000000000000000000000000000000000000000000000FDF90000F9FD0000000000000000
310
000000000000000000000000000000000000FDF90000F9FD0000000000000000000000000000000000000000000000000000FDF90000F9F90000000000000000000000000000000000000000000000000000F9F90000F9FD0000000000000000000000000000000000000000000000000000FDF90000F9FD00000000000000
310
00000000000000000000000000000000000000FDF90000F9FD0000000000000000000000000000000000000000000000000000FDF90000F9FD0000000000000000000000000000000000000000000000000000FDF90000F9F9FDFDFDF9FDFDF9FDF9FDFDFDFDF9FDFDFDF9FDFDFDFDF9FDFDFDFDF900000000000000000000
310
00000000000000000000000000000000000000000000000000000000000000000000000000000000000000000000000000000000000000000000000000000000000000000000000000000000000000000000000000000000000000000000000000000000000000000000000000000000000000000000000000000000000000
310
0000000000000000000000000000000000000000000000000000000000000000000000000000000000000000000000000000000000000000
102
{BLKREFS
331
23CD
331
36C
102
}
 70
     0
280
     1
281
     0
1001
AcDbBlockRepETag
1070
     1
1071
       20
1001
AcDbDynamicBlockGUID
1000
{CD8A11FE-A0D8-4933-9CBC-A36378508203}
  0
ENDTAB
  0
ENDSEC
  0
SECTION
  2
BLOCKS
  0
BLOCK
  5
20
330
1F
100
AcDbEntity
  8
0
100
AcDbBlockBegin
  2
*Model_Space
 70
     0
 10
0.0
 20
0.0
 30
0.0
  3
*Model_Space
  1

  0
ENDBLK
  5
21
330
1F
100
AcDbEntity
  8
0
100
AcDbBlockEnd
  0
BLOCK
  5
D4
330
D2
100
AcDbEntity
 67
     1
  8
0
100
AcDbBlockBegin
  2
*Paper_Space
 70
     0
 10
0.0
 20
0.0
 30
0.0
  3
*Paper_Space
  1

  0
ENDBLK
  5
D5
330
D2
100
AcDbEntity
 67
     1
  8
0
100
AcDbBlockEnd
  0
BLOCK
  5
D8
330
D6
100
AcDbEntity
 67
     1
  8
0
100
AcDbBlockBegin
  2
*Paper_Space0
 70
     0
 10
0.0
 20
0.0
 30
0.0
  3
*Paper_Space0
  1

  0
ENDBLK
  5
D9
330
D6
100
AcDbEntity
 67
     1
  8
0
100
AcDbBlockEnd
  0
BLOCK
  5
25A
330
259
100
AcDbEntity
  8
0
100
AcDbBlockBegin
  2
_Oblique
 70
     0
 10
0.0
 20
0.0
 30
0.0
  3
_Oblique
  1

  0
LINE
  5
25B
330
259
100
AcDbEntity
  8
0
  6
ByBlock
 62
     0
370
    -2
100
AcDbLine
 10
-0.5
 20
-0.5
 30
0.0
 11
0.5
 21
0.5
 31
0.0
  0
ENDBLK
  5
25C
330
259
100
AcDbEntity
  8
0
100
AcDbBlockEnd
  0
BLOCK
  5
25E
330
25D
100
AcDbEntity
  8
0
 62
     0
100
AcDbBlockBegin
  2
_ArchTick
 70
     0
 10
0.0
 20
0.0
 30
0.0
  3
_ArchTick
  1

  0
LWPOLYLINE
  5
25F
330
25D
100
AcDbEntity
  8
0
  6
ByBlock
 62
     0
100
AcDbPolyline
 90
        2
 70
     0
 43
0.15
 10
-0.5
 20
-0.5
 10
0.5
 20
0.5
  0
ENDBLK
  5
260
330
25D
100
AcDbEntity
  8
0
 62
     0
100
AcDbBlockEnd
  0
BLOCK
  5
263
330
261
100
AcDbEntity
  8
0
100
AcDbBlockBegin
  2
A0
 70
     0
 10
0.0
 20
0.0
 30
0.0
  3
A0
  1

  0
LWPOLYLINE
  5
264
330
261
100
AcDbEntity
  8
0
 62
     1
100
AcDbPolyline
 90
        8
 70
     0
 43
0.0
 10
125.0000070284441
 20
1485.000002410452
 10
75.00000694728806
 20
1485.000002410452
 10
0.000006825546734
 20
1410.00000228871
 10
0.0
 20
0.0
 10
5945.000009649928
 20
0.0
 10
5945.000016475475
 20
4205.000006825561
 10
75.00000694728806
 20
4205.000006825561
 10
75.00000694728806
 20
1485.000002410452
1001
AcDbBlockRepETag
1070
     1
1071
        0
1005
264
  0
LWPOLYLINE
  5
265
330
261
100
AcDbEntity
  8
0
 62
     7
100
AcDbPolyline
 90
        4
 70
     1
 43
0.0
 10
125.0000070284441
 20
4155.000006744398
 10
5895.000016394319
 20
4155.000006744398
 10
5895.000009568772
 20
50.0000000811633
 10
125.0000002028973
 20
50.0000000811633
1001
AcDbBlockRepETag
1070
     1
1071
        1
1005
265
  0
LINE
  5
266
330
261
100
AcDbEntity
  8
0
 62
     1
100
AcDbLine
 10
75.00000012174132
 20
4205.00001359704
 30
0.0
 11
0.0
 21
4205.00001359704
 31
0.0
1001
AcDbBlockRepETag
1070
     1
1071
        2
1005
266
  0
LINE
  5
267
330
261
100
AcDbEntity
  8
0
 62
     1
100
AcDbLine
 10
0.0
 20
4205.00001359704
 30
0.0
 11
0.0
 21
1410.000009060211
 31
0.0
1001
AcDbBlockRepETag
1070
     1
1071
        3
1005
267
  0
LINE
  5
268
330
261
100
AcDbEntity
  8
0
 62
     1
100
AcDbLine
 10
1050.000001704349
 20
-0.0000681434175931
 30
0.0
 11
1050.000001704349
 21
50.0000000811633
 31
0.0
1001
AcDbBlockRepETag
1070
     1
1071
        5
1005
268
  0
LINE
  5
269
330
261
100
AcDbEntity
  8
0
 62
     1
100
AcDbLine
 10
2045.000030621639
 20
-0.0000399656491936
 30
0.0
 11
2045.000030621639
 21
50.0000000811633
 31
0.0
1001
AcDbBlockRepETag
1070
     1
1071
        6
1005
269
  0
LINE
  5
26A
330
261
100
AcDbEntity
  8
0
 62
     1
100
AcDbLine
 10
3020.0000253787
 20
-0.0000564690344618
 30
0.0
 11
3020.0000253787
 21
50.0000000811633
 31
0.0
1001
AcDbBlockRepETag
1070
     1
1071
        7
1005
26A
  0
LINE
  5
26B
330
261
100
AcDbEntity
  8
0
 62
     1
100
AcDbLine
 10
3995.000020135776
 20
-0.0000564690344618
 30
0.0
 11
3995.000020135776
 21
50.0000000811633
 31
0.0
1001
AcDbBlockRepETag
1070
     1
1071
        8
1005
26B
  0
LINE
  5
26C
330
261
100
AcDbEntity
  8
0
 62
     1
100
AcDbLine
 10
4970.000014892867
 20
-0.0000564690344618
 30
0.0
 11
4970.000014892867
 21
50.0000000811633
 31
0.0
1001
AcDbBlockRepETag
1070
     1
1071
        9
1005
26C
  0
LINE
  5
26D
330
261
100
AcDbEntity
  8
0
 62
     1
100
AcDbLine
 10
1050.000001704349
 20
4155.000006744398
 30
0.0
 11
1050.000001704349
 21
4205.000006825561
 31
0.0
1001
AcDbBlockRepETag
1070
     1
1071
       10
1005
26D
  0
LINE
  5
26E
330
261
100
AcDbEntity
  8
0
 62
     1
100
AcDbLine
 10
2045.000030621639
 20
4155.000006744398
 30
0.0
 11
2045.000030621639
 21
4205.000006825561
 31
0.0
1001
AcDbBlockRepETag
1070
     1
1071
       11
1005
26E
  0
LINE
  5
26F
330
261
100
AcDbEntity
  8
0
 62
     1
100
AcDbLine
 10
3020.0000253787
 20
4155.000006744398
 30
0.0
 11
3020.0000253787
 21
4205.000006825561
 31
0.0
1001
AcDbBlockRepETag
1070
     1
1071
       12
1005
26F
  0
LINE
  5
270
330
261
100
AcDbEntity
  8
0
 62
     1
100
AcDbLine
 10
3995.000020135776
 20
4155.000006744398
 30
0.0
 11
3995.000020135776
 21
4205.000006825561
 31
0.0
1001
AcDbBlockRepETag
1070
     1
1071
       13
1005
270
  0
LINE
  5
271
330
261
100
AcDbEntity
  8
0
 62
     1
100
AcDbLine
 10
4970.000014892867
 20
4155.000006744398
 30
0.0
 11
4970.000014892867
 21
4205.000006825561
 31
0.0
1001
AcDbBlockRepETag
1070
     1
1071
       14
1005
271
  0
LINE
  5
272
330
261
100
AcDbEntity
  8
0
 62
     1
100
AcDbLine
 10
1547.500016162987
 20
0.0
 30
0.0
 11
1547.500016162987
 21
50.0000000811633
 31
0.0
1001
AcDbBlockRepETag
1070
     1
1071
       15
1005
272
  0
LINE
  5
273
330
261
100
AcDbEntity
  8
0
 62
     1
100
AcDbLine
 10
1547.500016162987
 20
4155.000006744398
 30
0.0
 11
1547.500016162987
 21
4205.000006825561
 31
0.0
1001
AcDbBlockRepETag
1070
     1
1071
       16
1005
273
  0
LINE
  5
274
330
261
100
AcDbEntity
  8
0
 62
     1
100
AcDbLine
 10
75.00000694728806
 20
2969.999936555745
 30
0.0
 11
125.0000050581002
 21
2969.999936474597
 31
0.0
1001
AcDbBlockRepETag
1070
     1
1071
       17
1005
274
  0
LINE
  5
275
330
261
100
AcDbEntity
  8
0
 62
     1
100
AcDbLine
 10
5895.000014423975
 20
2969.999927108751
 30
0.0
 11
5945.000014470831
 21
2969.999927027588
 31
0.0
1001
AcDbBlockRepETag
1070
     1
1071
       18
1005
275
  0
LINE
  5
276
330
261
100
AcDbEntity
  8
0
 62
     1
100
AcDbLine
 10
5895.000016394319
 20
1484.999993044606
 30
0.0
 11
5945.000016441176
 21
1484.999992963443
 31
0.0
1001
AcDbBlockRepETag
1070
     1
1071
       19
1005
276
  0
ENDBLK
  5
277
330
261
100
AcDbEntity
  8
0
100
AcDbBlockEnd
  0
ENDSEC
  0
SECTION
  2
ENTITIES
  0
INSERT
  5
36C
330
1F
100
AcDbEntity
  8
0
100
AcDbBlockReference
  2
A0
 10
2931.696618223322
 20
1740.868363514825
 30
0.0
 41
0.0199999999999818
 42
0.0199999999999818
 43
0.0199999999999818
  0
LINE
  5
36D
330
1F
100
AcDbEntity
  8
0
100
AcDbLine
 10
3035.232995481161
 20
1742.740363533172
 30
0.0
 11
3049.59661841459
 21
1742.740363533172
 31
0.0
  0
LINE
  5
36E
330
1F
100
AcDbEntity
  8
0
100
AcDbLine
 10
3035.232995481161
 20
1750.956963935043
 30
0.0
 11
3049.596618414589
 21
1750.956963935043
 31
0.0
  0
TEXT
  5
36F
330
1F
100
AcDbEntity
  8
0
100
AcDbText
 10
3043.729025838028
 20
1742.112581546903
 30
0.0
 40
0.4304475
  1
DATA:
  7
arial
100
AcDbText
  0
TEXT
  5
370
330
1F
100
AcDbEntity
  8
0
100
AcDbText
 10
3035.58080395744
 20
1742.125435127471
 30
0.0
 40
0.4304475
  1
ESCALA:
  7
arial
100
AcDbText
  0
TEXT
  5
371
330
1F
100
AcDbEntity
  8
0
100
AcDbText
 10
3035.568493594033
 20
1748.581868038501
 30
0.0
 40
0.21522375
  1
RESPONSÁVEL TÉCNICO/REG. NO CREA:
  7
arial
100
AcDbText
  0
TEXT
  5
372
330
1F
100
AcDbEntity
  8
0
100
AcDbText
 10
3035.587081822241
 20
1754.673083893177
 30
0.0
 40
0.21522375
  1
ENDEREÇO DA EDIFICAÇÃO/UNIDADE:
  7
arial
100
AcDbText
  0
TEXT
  5
373
330
1F
100
AcDbEntity
  8
0
100
AcDbText
 10
3035.7830336001
 20
1755.847816314453
 30
0.0
 40
0.5076525636000002
  1
GERAÇÃO DISTRIBUIDA
  7
arial
100
AcDbText
  0
LINE
  5
374
330
1F
100
AcDbEntity
  8
0
100
AcDbLine
 10
3035.232995481161
 20
1748.88614299852
 30
0.0
 11
3049.59661841459
 21
1748.88614299852
 31
0.0
  0
TEXT
  5
375
330
1F
100
AcDbEntity
  8
0
100
AcDbText
 10
3035.59938094631
 20
1750.604304966626
 30
0.0
 40
0.21522375
  1
AUTOR DO PROJETO:
  7
arial
100
AcDbText
  0
TEXT
  5
376
330
1F
100
AcDbEntity
  8
0
100
AcDbText
 10
3035.599380955665
 20
1752.675125903149
 30
0.0
 40
0.21522375
  1
PROPRIETÁRIO:
  7
arial
100
AcDbText
  0
LINE
  5
377
330
1F
100
AcDbEntity
  8
0
100
AcDbLine
 10
3035.329308612381
 20
1753.027784871566
 30
0.0
 11
3049.596618414589
 21
1753.027784871566
 31
0.0
  0
LINE
  5
378
330
1F
100
AcDbEntity
  8
0
100
AcDbLine
 10
3035.232995481161
 20
1753.027784871566
 30
0.0
 11
3049.596618414589
 21
1753.027784871566
 31
0.0
  0
LINE
  5
379
330
1F
100
AcDbEntity
  8
0
100
AcDbLine
 10
3035.232995481161
 20
1755.098605808089
 30
0.0
 11
3049.596618414589
 21
1755.098605808089
 31
0.0
  0
LINE
  5
37A
330
1F
100
AcDbEntity
  8
0
100
AcDbLine
 10
3035.232995480452
 20
1746.911024312397
 30
0.0
 11
3049.596618414589
 21
1746.911024312397
 31
0.0
  0
LINE
  5
37B
330
1F
100
AcDbEntity
  8
0
100
AcDbLine
 10
3035.232995481161
 20
1743.641382456396
 30
0.0
 11
3049.59661841459
 21
1743.641382456396
 31
0.0
  0
TEXT
  5
37C
330
1F
100
AcDbEntity
  8
0
100
AcDbText
 10
3035.560479691428
 20
1742.993184612913
 30
0.0
 40
0.4304475
  1
N° DA ART:
  7
arial
100
AcDbText
  0
LINE
  5
37D
330
1F
100
AcDbEntity
  8
0
100
AcDbLine
 10
3043.479089169355
 20
1742.747938409457
 30
0.0
 11
3043.479089169355
 21
1741.905332302554
 31
0.0
  0
TEXT
  5
37E
330
1F
100
AcDbEntity
  8
0
100
AcDbText
 10
3035.399228844254
 20
1746.194802006028
 30
0.0
 40
0.4304475
  1
DESCRITIVO:
  7
arial
100
AcDbText
  0
LINE
  5
37F
330
1F
100
AcDbEntity
  8
0
 62
     7
 48
0.1
100
AcDbLine
 10
3035.232995478641
 20
1741.868363516287
 30
0.0
 11
3035.232995484037
 21
1756.896324442042
 31
0.0
  0
TEXT
  5
380
330
1F
100
AcDbEntity
  8
0
100
AcDbText
 10
3042.455235016773
 20
1743.008304094956
 30
0.0
 40
0.4304475
  1
VIA DE PROJETO:
  7
arial
100
AcDbText
  0
LINE
  5
381
330
1F
100
AcDbEntity
  8
0
 62
     7
 48
0.1
100
AcDbLine
 10
3035.232995484037
 20
1756.896324442042
 30
0.0
 11
3049.59661841459
 21
1756.896324442042
 31
0.0
  0
LINE
  5
382
330
1F
100
AcDbEntity
  8
0
100
AcDbLine
 10
2937.776421112835
 20
1810.74058658833
 30
0.0
 11
2964.559200934663
 21
1810.74058658833
 31
0.0
  0
LINE
  5
383
330
1F
100
AcDbEntity
  8
0
  6
ACAD_ISO02W100
 62
     5
 48
0.2
100
AcDbLine
 10
2937.709379528133
 20
1806.332380796311
 30
0.0
 11
2964.454306092267
 21
1806.332380796311
 31
0.0
  0
TEXT
  5
384
330
1F
100
AcDbEntity
  8
0
100
AcDbText
 10
2937.331208317766
 20
1811.619104716989
 30
0.0
 40
1.135717721591851
  1
Rede Secundária (BT) da Consessionária
  7
arial
100
AcDbText
  0
HATCH
  5
385
330
1F
100
AcDbEntity
  8
0
100
AcDbHatch
 10
0.0
 20
0.0
 30
0.0
210
0.0
220
0.0
230
1.0
  2
SOLID
 70
     1
 71
     0
 91
        4
 92
       16
 93
        4
 72
     1
 10
2962.559678615142
 20
1803.978564680929
 11
2961.772439713913
 21
1803.978564680929
 72
     1
 10
2961.77243971391
 20
1803.978564680929
 11
2961.77243971391
 21
1805.028216549236
 72
     1
 10
2961.77243971391
 20
1805.028216549236
 11
2962.55967861514
 21
1805.028216549236
 72
     1
 10
2962.559678615142
 20
1805.028216549236
 11
2962.559678615142
 21
1803.97856468093
 97
        0
 92
       48
 93
        5
 72
     1
 10
2962.559678615142
 20
1803.978564680929
 11
2961.772439713913
 21
1803.978564680929
 72
     1
 10
2962.559678615142
 20
1803.978564680929
 11
2963.084504549296
 21
1803.978564680929
 72
     1
 10
2963.084504549296
 20
1803.978564680929
 11
2962.163530086217
 21
1803.058926367986
 72
     1
 10
2962.163530086213
 20
1803.058926367987
 11
2961.247613779755
 21
1803.978564680929
 72
     1
 10
2961.77243971391
 20
1803.978564680929
 11
2961.247613779756
 21
1803.978564680929
 97
        0
 92
       33
 93
        7
 72
     1
 10
2961.77243971391
 20
1803.978564680929
 11
2961.247613779756
 21
1803.978564680929
 72
     1
 10
2961.247613779759
 20
1803.978564680929
 11
2962.163530086217
 21
1803.058926367986
 72
     1
 10
2963.084504549296
 20
1803.978564680929
 11
2962.163530086217
 21
1803.058926367986
 72
     1
 10
2962.559678615142
 20
1803.978564680929
 11
2963.084504549296
 21
1803.978564680929
 72
     1
 10
2962.559678615142
 20
1805.028216549236
 11
2962.559678615142
 21
1803.97856468093
 72
     1
 10
2961.77243971391
 20
1805.028216549236
 11
2962.55967861514
 21
1805.028216549236
 72
     1
 10
2961.77243971391
 20
1803.978564680929
 11
2961.77243971391
 21
1805.028216549236
 97
        0
 92
       32
 93
        1
 72
     1
 10
2963.084504549296
 20
1803.978564680929
 11
2962.034852680989
 21
1803.978564680929
 97
        0
 75
     0
 76
     1
 98
        1
 10
2483.968890697386
 20
2633.522791754858
450
        0
451
        0
460
0.0
461
0.0
452
        0
462
0.0
453
        0
470

1001
ACAD
1010
0.0
1020
0.0
1030
0.0
  0
LINE
  5
387
330
1F
100
AcDbEntity
  8
0
100
AcDbLine
 10
2962.559678615142
 20
1803.97856468093
 30
0.0
 11
2961.77243971391
 21
1803.97856468093
 31
0.0
  0
LINE
  5
388
330
1F
100
AcDbEntity
  8
0
100
AcDbLine
 10
2961.77243971391
 20
1803.97856468093
 30
0.0
 11
2961.77243971391
 21
1805.028216549237
 31
0.0
  0
LINE
  5
389
330
1F
100
AcDbEntity
  8
0
100
AcDbLine
 10
2961.77243971391
 20
1805.028216549237
 30
0.0
 11
2962.559678615142
 21
1805.028216549237
 31
0.0
  0
HATCH
  5
38B
330
1F
100
AcDbEntity
  8
0
100
AcDbHatch
 10
0.0
 20
0.0
 30
0.0
210
0.0
220
0.0
230
1.0
  2
SOLID
 70
     1
 71
     1
 91
        1
 92
        1
 93
        3
 72
     1
 10
2961.247613779759
 20
1803.97856468093
 11
2962.163530086213
 21
1803.058926367987
 72
     1
 10
2962.163530086213
 20
1803.058926367987
 11
2963.084504549296
 21
1803.97856468093
 72
     1
 10
2963.084504549296
 20
1803.97856468093
 11
2961.247613779759
 21
1803.97856468093
 97
        3
330
38D
330
38C
330
38E
 75
     0
 76
     1
 98
        1
 10
2483.968890697386
 20
2633.522791754858
450
        0
451
        0
460
0.0
461
0.0
452
        0
462
0.0
453
        0
470

1001
ACAD
1010
0.0
1020
0.0
1030
0.0
  0
LINE
  5
38C
102
{ACAD_REACTORS
330
38B
102
}
330
1F
100
AcDbEntity
  8
0
100
AcDbLine
 10
2963.084504549296
 20
1803.97856468093
 30
0.0
 11
2962.163530086213
 21
1803.058926367987
 31
0.0
  0
LINE
  5
38D
102
{ACAD_REACTORS
330
38B
102
}
330
1F
100
AcDbEntity
  8
0
100
AcDbLine
 10
2961.247613779759
 20
1803.97856468093
 30
0.0
 11
2962.163530086213
 21
1803.058926367987
 31
0.0
  0
LINE
  5
38E
102
{ACAD_REACTORS
330
38B
102
}
330
1F
100
AcDbEntity
  8
0
100
AcDbLine
 10
2963.084504549296
 20
1803.97856468093
 30
0.0
 11
2961.247613779759
 21
1803.97856468093
 31
0.0
  0
HATCH
  5
38F
330
1F
100
AcDbEntity
  8
0
100
AcDbHatch
 10
0.0
 20
0.0
 30
0.0
210
0.0
220
0.0
230
1.0
  2
SOLID
 70
     1
 71
     0
 91
        4
 92
       16
 93
        4
 72
     1
 10
2961.771710131953
 20
1808.757928694781
 11
2962.558949033182
 21
1808.757928694781
 72
     1
 10
2962.558949033184
 20
1808.757928694781
 11
2962.558949033184
 21
1807.708276826474
 72
     1
 10
2962.558949033184
 20
1807.708276826474
 11
2961.771710131955
 21
1807.708276826474
 72
     1
 10
2961.771710131953
 20
1807.708276826474
 11
2961.771710131953
 21
1808.757928694781
 97
        0
 92
       48
 93
        5
 72
     1
 10
2961.771710131953
 20
1808.757928694781
 11
2962.558949033182
 21
1808.757928694781
 72
     1
 10
2961.771710131953
 20
1808.757928694781
 11
2961.246884197799
 21
1808.757928694781
 72
     1
 10
2961.246884197799
 20
1808.757928694781
 11
2962.167858660878
 21
1809.677567007724
 72
     1
 10
2962.16785866088
 20
1809.677567007724
 11
2963.083774967337
 21
1808.757928694782
 72
     1
 10
2962.558949033184
 20
1808.757928694781
 11
2963.083774967338
 21
1808.757928694781
 97
        0
 92
       33
 93
        7
 72
     1
 10
2962.558949033184
 20
1808.757928694781
 11
2963.083774967338
 21
1808.757928694781
 72
     1
 10
2963.083774967336
 20
1808.757928694781
 11
2962.167858660878
 21
1809.677567007724
 72
     1
 10
2961.246884197799
 20
1808.757928694781
 11
2962.167858660878
 21
1809.677567007724
 72
     1
 10
2961.771710131953
 20
1808.757928694781
 11
2961.246884197799
 21
1808.757928694781
 72
     1
 10
2961.771710131953
 20
1807.708276826474
 11
2961.771710131953
 21
1808.757928694781
 72
     1
 10
2962.558949033184
 20
1807.708276826474
 11
2961.771710131955
 21
1807.708276826474
 72
     1
 10
2962.558949033184
 20
1808.757928694781
 11
2962.558949033184
 21
1807.708276826474
 97
        0
 92
       32
 93
        1
 72
     1
 10
2961.246884197799
 20
1808.757928694781
 11
2962.296536066106
 21
1808.757928694781
 97
        0
 75
     0
 76
     1
 98
        1
 10
3440.362498049709
 20
979.2137016208513
450
        0
451
        0
460
0.0
461
0.0
452
        0
462
0.0
453
        0
470

1001
ACAD
1010
0.0
1020
0.0
1030
0.0
  0
LINE
  5
390
330
1F
100
AcDbEntity
  8
0
100
AcDbLine
 10
2961.771710131953
 20
1807.708276826475
 30
0.0
 11
2961.771710131953
 21
1808.757928694782
 31
0.0
  0
LINE
  5
391
330
1F
100
AcDbEntity
  8
0
100
AcDbLine
 10
2961.771710131953
 20
1808.757928694782
 30
0.0
 11
2962.558949033184
 21
1808.757928694782
 31
0.0
  0
LINE
  5
393
330
1F
100
AcDbEntity
  8
0
100
AcDbLine
 10
2962.558949033184
 20
1807.708276826475
 30
0.0
 11
2961.771710131953
 21
1807.708276826475
 31
0.0
  0
LINE
  5
394
330
1F
100
AcDbEntity
  8
0
100
AcDbLine
 10
2961.771710131953
 20
1808.757928694782
 30
0.0
 11
2961.246884197799
 21
1808.757928694782
 31
0.0
  0
HATCH
  5
395
330
1F
100
AcDbEntity
  8
0
100
AcDbHatch
 10
0.0
 20
0.0
 30
0.0
210
0.0
220
0.0
230
1.0
  2
SOLID
 70
     1
 71
     1
 91
        1
 92
        1
 93
        3
 72
     1
 10
2963.083774967336
 20
1808.757928694782
 11
2962.16785866088
 21
1809.677567007724
 72
     1
 10
2962.16785866088
 20
1809.677567007724
 11
2961.246884197799
 21
1808.757928694782
 72
     1
 10
2961.246884197799
 20
1808.757928694782
 11
2963.083774967336
 21
1808.757928694782
 97
        3
330
397
330
396
330
398
 75
     0
 76
     1
 98
        1
 10
3440.362498049709
 20
979.2137016208513
450
        0
451
        0
460
0.0
461
0.0
452
        0
462
0.0
453
        0
470

1001
ACAD
1010
0.0
1020
0.0
1030
0.0
  0
LINE
  5
396
102
{ACAD_REACTORS
330
395
102
}
330
1F
100
AcDbEntity
  8
0
100
AcDbLine
 10
2961.246884197799
 20
1808.757928694782
 30
0.0
 11
2962.16785866088
 21
1809.677567007724
 31
0.0
  0
LINE
  5
397
102
{ACAD_REACTORS
330
395
102
}
330
1F
100
AcDbEntity
  8
0
100
AcDbLine
 10
2963.083774967336
 20
1808.757928694782
 30
0.0
 11
2962.16785866088
 21
1809.677567007724
 31
0.0
  0
LINE
  5
398
102
{ACAD_REACTORS
330
395
102
}
330
1F
100
AcDbEntity
  8
0
100
AcDbLine
 10
2961.246884197799
 20
1808.757928694782
 30
0.0
 11
2963.083774967336
 21
1808.757928694782
 31
0.0
  0
TEXT
  5
399
330
1F
100
AcDbEntity
  8
0
100
AcDbText
 10
2960.598625275088
 20
1805.403545114216
 30
0.0
 40
0.9085741772734809
  1
Acessante
  7
arial
100
AcDbText
  0
TEXT
  5
39A
330
1F
100
AcDbEntity
  8
0
100
AcDbText
 10
2960.615403815629
 20
1806.862143376018
 30
0.0
 40
0.9085741772734809
  1
Acessada
  7
arial
100
AcDbText
  0
LINE
  5
39B
330
1F
100
AcDbEntity
  8
0
100
AcDbLine
 10
2944.621931845041
 20
1796.706820605754
 30
0.0
 11
2944.621931845041
 21
1797.138414175272
 31
0.0
  0
LINE
  5
39C
330
1F
100
AcDbEntity
  8
0
100
AcDbLine
 10
2944.628487081273
 20
1800.925876633239
 30
0.0
 11
2944.628487081273
 21
1811.739343153547
 31
0.0
  0
LINE
  5
39D
330
1F
100
AcDbEntity
  8
0
100
AcDbLine
 10
2944.621995320141
 20
1788.030613775913
 30
0.0
 11
2944.621995320141
 21
1778.562865030032
 31
0.0
  0
LINE
  5
39E
330
1F
100
AcDbEntity
  8
0
100
AcDbLine
 10
2944.564893666809
 20
1781.302469025699
 30
0.0
 11
2958.257329284979
 21
1781.302469025699
 31
0.0
  0
LINE
  5
39F
330
1F
100
AcDbEntity
  8
0
100
AcDbLine
 10
2958.257329284979
 20
1781.302469025699
 30
0.0
 11
2958.257329284979
 21
1780.186136493186
 31
0.0
  0
LINE
  5
3A0
330
1F
100
AcDbEntity
  8
0
100
AcDbLine
 10
2944.625508008445
 20
1795.286388123398
 30
0.0
 11
2951.862924259881
 21
1795.286388123398
 31
0.0
  0
LINE
  5
3A1
330
1F
100
AcDbEntity
  8
0
100
AcDbLine
 10
2951.862924259881
 20
1795.286388123398
 30
0.0
 11
2951.862924259881
 21
1796.520576065395
 31
0.0
  0
LINE
  5
3A2
330
1F
100
AcDbEntity
  8
0
100
AcDbLine
 10
2951.78200843217
 20
1798.434786146666
 30
0.0
 11
2951.78200843217
 21
1799.821605352856
 31
0.0
  0
LINE
  5
3A3
330
1F
100
AcDbEntity
  8
0
100
AcDbLine
 10
2951.78200843217
 20
1799.821605352856
 30
0.0
 11
2947.871712015035
 21
1799.821605352856
 31
0.0
  0
LINE
  5
3A4
330
1F
100
AcDbEntity
  8
0
100
AcDbLine
 10
2946.854033485941
 20
1799.821605352856
 30
0.0
 11
2944.625508008445
 21
1799.821605352856
 31
0.0
  0
LWPOLYLINE
  5
3A5
330
1F
100
AcDbEntity
  8
0
  6
ACAD_ISO02W100
 62
     5
 48
0.2
100
AcDbPolyline
 90
        4
 70
     1
 43
0.0
 10
2943.819670148363
 20
1801.232099594294
 10
2959.60106759952
 20
1801.232099594294
 10
2959.60106759952
 20
1787.200781698149
 10
2943.819670148363
 20
1787.200781698149
  0
ARC
  5
3A6
330
1F
100
AcDbEntity
  8
0
100
AcDbCircle
 10
2948.068726496415
 20
1799.353558001969
 30
0.0
 40
0.507821847251123
100
AcDbArc
 50
112.827613962398
 51
266.2217969957463
  0
ARC
  5
3A7
330
1F
100
AcDbEntity
  8
0
100
AcDbCircle
 10
2946.697716257782
 20
1800.278580732362
 30
0.0
 40
0.4829716071325426
100
AcDbArc
 50
288.8842404552579
 51
91.38904943005897
  0
ARC
  5
3A8
330
1F
100
AcDbEntity
  8
0
100
AcDbCircle
 10
2946.686008489316
 20
1799.376554055332
 30
0.0
 40
0.4757132086875657
100
AcDbArc
 50
269.9041824564677
 51
69.31643522279387
  0
ARC
  5
3A9
330
1F
100
AcDbEntity
  8
0
100
AcDbCircle
 10
2948.033031231737
 20
1800.274812850712
 30
0.0
 40
0.481062288888169
100
AcDbArc
 50
89.73407884030455
 51
250.4068122177798
  0
LINE
  5
3AA
330
1F
100
AcDbEntity
  8
0
100
AcDbLine
 10
2958.257329284979
 20
1780.186136493186
 30
0.0
 11
2958.257329284979
 21
1780.006902672357
 31
0.0
  0
LINE
  5
3AB
330
1F
100
AcDbEntity
  8
0
100
AcDbLine
 10
2958.257329284979
 20
1780.006902672357
 30
0.0
 11
2959.121032300517
 21
1780.50556184088
 31
0.0
  0
LINE
  5
3AC
330
1F
100
AcDbEntity
  8
0
100
AcDbLine
 10
2958.257329284979
 20
1780.006902672357
 30
0.0
 11
2957.393626269436
 21
1780.50556184088
 31
0.0
  0
TEXT
  5
3AD
330
1F
100
AcDbEntity
  8
0
100
AcDbText
 10
2956.536196172212
 20
1778.919320572297
 30
0.0
 40
0.7200982645822423
  1
Cargas
  7
arial
100
AcDbText
  0
TEXT
  5
3AE
330
1F
100
AcDbEntity
  8
0
100
AcDbText
 10
2949.457098246856
 20
1797.07647591525
 30
0.0
 40
0.9085741772734809
  1
Medição
  7
arial
100
AcDbText
  0
TEXT
  5
3AF
330
1F
100
AcDbEntity
  8
0
100
AcDbText
 10
2934.117421920046
 20
1798.615997274622
 30
0.0
 40
0.9085741772734809
  1
Caixa de Medição
  7
arial
100
AcDbText
  0
TEXT
  5
3B0
330
1F
100
AcDbEntity
  8
0
 62
     7
100
AcDbText
 10
2945.436351520016
 20
1789.865811965306
 30
0.0
 40
0.9085741772734809
  1
Dispositivo de Proteção 200A
  7
arial
100
AcDbText
  0
LINE
  5
3B1
330
1F
100
AcDbEntity
  8
0
100
AcDbLine
 10
2944.621995320141
 20
1790.454628513393
 30
0.0
 11
2944.622528935618
 21
1798.717334072473
 31
0.0
  0
TEXT
  5
3B2
330
1F
100
AcDbEntity
  8
0
100
AcDbText
 10
2960.646525691418
 20
1786.017805857083
 30
0.0
 40
1.033270219891431
  1
Padrão de Entrada
  7
arial
100
AcDbText
  0
LWPOLYLINE
  5
3C1
330
1F
100
AcDbEntity
  8
0
100
AcDbPolyline
 90
        3
 70
     0
 43
0.0
 10
2944.622528935618
 20
1798.717334072473
 10
2944.628487081273
 20
1800.925876633239
 10
2944.628487081273
 20
1808.965626886173
  0
TEXT
  5
3C2
330
1F
100
AcDbEntity
  8
0
100
AcDbText
 10
2935.839966589105
 20
1819.299575436831
 30
0.0
 40
2.014494299999999
  1
DIAGRAMA UNIFILAR/INFORMATIVO - Modelo 1
  7
arial
 72
     1
 11
2967.34907593358
 21
1820.306822586831
 31
0.0
100
AcDbText
 73
     2
  0
HATCH
  5
3C3
330
1F
100
AcDbEntity
  8
0
 62
     1
 48
0.1
100
AcDbHatch
 10
0.0
 20
0.0
 30
0.0
210
0.0
220
0.0
230
1.0
  2
ANSI31
 70
     0
 71
     1
 91
        1
 92
        1
 93
        4
 72
     1
 10
2943.984677137764
 20
1790.454628513393
 11
2945.259313502517
 21
1790.454628513393
 72
     1
 10
2945.259313502517
 20
1790.454628513393
 11
2945.259313502517
 21
1788.030613775913
 72
     1
 10
2945.259313502517
 20
1788.030613775913
 11
2943.984677137764
 21
1788.030613775913
 72
     1
 10
2943.984677137764
 20
1788.030613775913
 11
2943.984677137764
 21
1790.454628513393
 97
        1
330
3C4
 75
     0
 76
     1
 52
0.0
 41
0.1557517815370509
 77
     0
 78
     1
 53
45.0
 43
594.5025648489115
 44
1948.156154026827
 45
-0.3496727223788816
 46
0.3496727223788816
 79
     0
 98
        1
 10
594.5025648489115
 20
1948.156154026827
1001
ACAD
1010
0.0
1020
0.0
1030
0.0
  0
LWPOLYLINE
  5
3C4
102
{ACAD_REACTORS
330
3C3
102
}
330
1F
100
AcDbEntity
  8
0
 62
     1
 48
0.1
100
AcDbPolyline
 90
        4
 70
     1
 43
0.0
 10
2943.984677137764
 20
1790.454628513393
 10
2945.259313502517
 20
1790.454628513393
 10
2945.259313502517
 20
1788.030613775913
 10
2943.984677137764
 20
1788.030613775913
  0
TEXT
  5
3C5
330
1F
100
AcDbEntity
  8
0
 62
     7
100
AcDbText
 10
2950.249591564217
 20
1783.804723688906
 30
0.0
 40
0.9085741772734809
  1
Dispositivo de Seccionamento Visível
  7
arial
100
AcDbText
  0
TEXT
  5
3C6
330
1F
100
AcDbEntity
  8
0
 62
     7
100
AcDbText
 10
2945.436351520016
 20
1788.547281270077
 30
0.0
 40
0.9085741772734809
  1
Padrão EDP
  7
arial
100
AcDbText
  0
LINE
  5
3C9
330
1F
100
AcDbEntity
  8
0
 62
     7
 48
0.1
100
AcDbLine
 10
2971.674755486806
 20
1783.350942148866
 30
0.0
 11
2950.545913948431
 21
1783.350942148866
 31
0.0
  0
LINE
  5
3CA
330
1F
100
AcDbEntity
  8
0
 62
     7
 48
0.1
100
AcDbLine
 10
2946.61974089957
 20
1787.277115197727
 30
0.0
 11
2950.545913948431
 21
1783.350942148866
 31
0.0
  0
HATCH
  5
3CB
330
1F
100
AcDbEntity
  8
0
 62
     7
 48
0.1
100
AcDbHatch
 10
0.0
 20
0.0
 30
0.0
210
0.0
220
0.0
230
1.0
  2
SOLID
 70
     1
 71
     0
 91
        1
 92
        7
 72
     0
 73
     1
 93
        3
 10
2946.216054397157
 20
1786.873428695313
 10
2947.023427401981
 20
1787.680801700139
 10
2945.944022664697
 20
1787.9528334326
 97
        0
 75
     0
 76
     1
 47
0.0132666009269585
 98
        1
 10
2946.308040824177
 20
1787.482783258224
450
        0
451
        0
460
0.0
461
0.0
452
        1
462
1.0
453
        2
463
0.0
 63
     5
421
      255
463
1.0
 63
     7
421
 16777215
470
LINEAR
1001
ACAD
1010
0.0
1020
0.0
1030
0.0
  0
LINE
  5
3CE
330
1F
100
AcDbEntity
  8
0
 62
     7
 48
0.1
100
AcDbLine
 10
2945.944022664699
 20
1787.952833432601
 30
0.0
 11
2947.023427401984
 21
1787.680801700139
 31
0.0
  0
ARC
  5
3CF
330
1F
100
AcDbEntity
  8
0
100
AcDbCircle
 10
2944.822522489825
 20
1794.818340772511
 30
0.0
 40
0.507821847251123
100
AcDbArc
 50
112.827613962398
 51
266.2217969957463
  0
ARC
  5
3D0
330
1F
100
AcDbEntity
  8
0
100
AcDbCircle
 10
2944.786827225147
 20
1795.739595621253
 30
0.0
 40
0.481062288888169
100
AcDbArc
 50
89.73407884030455
 51
250.4068122177798
  0
LWPOLYLINE
  5
3D1
330
1F
100
AcDbEntity
  8
0
 62
     7
 48
0.1
100
AcDbPolyline
 90
        4
 70
     1
 43
0.0
 10
2949.305183698432
 20
1798.434786146666
 10
2954.420664821331
 20
1798.434786146666
 10
2954.420664821331
 20
1796.520576065395
 10
2949.305183698432
 20
1796.520576065395
  0
TEXT
  5
3D2
330
1F
100
AcDbEntity
  8
0
100
AcDbText
 10
3001.132476851337
 20
1817.385453724541
 30
0.0
 40
1.458368835828284
  1
MODELO A SER ADOTADO QUANDO O MEDIDOR
  7
arial
 72
     1
 11
3025.130403598339
 21
1818.114638142455
 31
0.0
100
AcDbText
 73
     2
  0
TEXT
  5
3D3
330
1F
100
AcDbEntity
  8
0
100
AcDbText
 10
3001.082950345866
 20
1815.117148038233
 30
0.0
 40
1.458368835828284
  1
ESTIVER INSTALADO EM CAIXA COM TAMPA
  7
arial
 72
     1
 11
3023.102728095565
 21
1815.846332456147
 31
0.0
100
AcDbText
 73
     2
  0
TEXT
  5
3D4
330
1F
100
AcDbEntity
  8
0
100
AcDbText
 10
3001.085109276252
 20
1812.747622078739
 30
0.0
 40
1.458368835828284
  1
TRANSPARENTE (MEDIÇÃO DIRETA ATÉ 200A)
  7
arial
 72
     1
 11
3024.00915528773
 21
1813.476806496653
 31
0.0
100
AcDbText
 73
     2
  0
TEXT
  5
3D5
330
1F
100
AcDbEntity
  8
0
100
AcDbText
 10
3001.447451515407
 20
1820.62473603516
 30
0.0
 40
1.458368835828284
  1
ATENÇÃO:
  7
arial
 72
     1
 11
3006.653211486682
 21
1821.353920453075
 31
0.0
100
AcDbText
 73
     2
  0
LINE
  5
3D6
330
1F
100
AcDbEntity
  8
0
 62
     7
 48
0.1
100
AcDbLine
 10
2957.814982309514
 20
1797.436293239136
 30
0.0
 11
3001.238522559153
 21
1819.657655471909
 31
0.0
  0
LWPOLYLINE
  5
3D7
330
1F
100
AcDbEntity
  8
0
 62
     7
 48
0.1
100
AcDbPolyline
 90
        4
 70
     1
 43
0.0
 10
3001.238522559153
 20
1820.069810912963
 10
3011.890360248938
 20
1820.069810912963
 10
3011.890360248938
 20
1819.657655471909
 10
3001.238522559153
 20
1819.657655471909
  0
TEXT
  5
3E6
330
1F
100
AcDbEntity
  8
0
100
AcDbText
 10
3040.414484606862
 20
1764.061479538688
 30
0.0
 40
0.279790875
  1
DETALHE DA PLACA DE
  7
arial
 72
     1
 11
3042.662640549606
 21
1764.201374976188
 31
0.0
100
AcDbText
 73
     2
  0
TEXT
  5
3E7
330
1F
100
AcDbEntity
  8
0
100
AcDbText
 10
3039.815283728608
 20
1763.590108906038
 30
0.0
 40
0.279790875
  1
ADVERTÊNCIA DE SEGURANÇA
  7
arial
 72
     1
 11
3042.823321914744
 21
1763.730004343539
 31
0.0
100
AcDbText
 73
     2
  0
LWPOLYLINE
  5
3E8
330
1F
100
AcDbEntity
  8
0
 62
   250
100
AcDbPolyline
 90
        4
 70
     1
 43
0.0
 10
3041.161781610046
 20
1767.067259082932
 10
3044.349310774938
 20
1767.067259082932
 10
3044.349310774938
 20
1765.064411752879
 10
3041.161781610046
 20
1765.064411752879
  0
HATCH
  5
3E9
330
1F
100
AcDbEntity
  8
0
 62
   250
100
AcDbHatch
 10
0.0
 20
0.0
 30
0.0
210
0.0
220
0.0
230
1.0
  2
SOLID
 70
     1
 71
     0
 91
        1
 92
        1
 93
        4
 72
     1
 10
3041.386814657958
 20
1766.945081470672
 11
3044.09450095808
 21
1766.945081470672
 72
     1
 10
3044.09450095808
 20
1766.945081470672
 11
3044.09450095808
 21
1766.316152542781
 72
     1
 10
3044.09450095808
 20
1766.316152542781
 11
3041.386814657958
 21
1766.316152542781
 72
     1
 10
3041.386814657958
 20
1766.316152542781
 11
3041.386814657958
 21
1766.945081470672
 97
        0
 75
     0
 76
     1
 98
        1
 10
3084.37529807445
 20
1774.413055933623
450
        0
451
        0
460
0.0
461
0.0
452
        0
462
0.0
453
        0
470

1001
ACAD
1010
0.0
1020
0.0
1030
0.0
  0
HATCH
  5
3EA
330
1F
100
AcDbEntity
  8
0
 62
     2
100
AcDbHatch
 10
0.0
 20
0.0
 30
0.0
210
0.0
220
0.0
230
1.0
  2
SOLID
 70
     1
 71
     1
 91
        2
 92
        7
 72
     0
 73
     1
 93
        4
 10
3041.161781610046
 20
1767.067259082932
 10
3041.161781610046
 20
1765.064411752879
 10
3044.349310774938
 20
1765.064411752879
 10
3044.349310774938
 20
1767.067259082932
 97
        1
330
3FF
 92
       24
 93
        4
 72
     1
 10
3041.75889286329
 20
1766.321831914956
 11
3043.855160486755
 21
1766.321831914956
 72
     1
 10
3043.855160486755
 20
1766.321831914956
 11
3043.855160486755
 21
1766.944100215092
 72
     1
 10
3043.855160486755
 20
1766.944100215092
 11
3041.75889286329
 21
1766.944100215092
 72
     1
 10
3041.75889286329
 20
1766.944100215092
 11
3041.75889286329
 21
1766.321831914956
 97
        1
330
400
 75
     1
 76
     1
 47
0.4700850936995802
 98
        1
 10
3043.13306936749
 20
1767.002731829984
450
        0
451
        0
460
0.0
461
0.0
452
        0
462
0.0
453
        0
470

1001
GradientColor1ACI
1070
     5
1001
GradientColor2ACI
1070
     2
1001
ACAD
1010
0.0
1020
0.0
1030
0.0
  0
LINE
  5
3EB
330
1F
100
AcDbEntity
  8
0
 62
   253
100
AcDbLine
 10
3044.41557459571
 20
1767.061298483484
 30
0.0
 11
3044.666962980078
 21
1767.061298483484
 31
0.0
  0
LINE
  5
3EC
330
1F
100
AcDbEntity
  8
0
 62
   253
100
AcDbLine
 10
3044.541268787894
 20
1766.985622123761
 30
0.0
 11
3044.541276159486
 21
1765.140088112601
 31
0.0
  0
LINE
  5
3ED
330
1F
100
AcDbEntity
  8
0
 62
   253
100
AcDbLine
 10
3044.666962980078
 20
1765.06496513515
 30
0.0
 11
3044.41557459571
 21
1765.064527191157
 31
0.0
  0
LINE
  5
3EE
330
1F
100
AcDbEntity
  8
0
 62
   253
100
AcDbLine
 10
3044.541268787894
 20
1767.061298483484
 30
0.0
 11
3044.492576803109
 21
1766.985622123761
 31
0.0
  0
LINE
  5
3EF
330
1F
100
AcDbEntity
  8
0
 62
   253
100
AcDbLine
 10
3044.589946029494
 20
1766.985622123761
 30
0.0
 11
3044.541268787894
 21
1767.061298483484
 31
0.0
  0
LINE
  5
3F0
330
1F
100
AcDbEntity
  8
0
 62
   253
100
AcDbLine
 10
3044.492576803109
 20
1766.985622123761
 30
0.0
 11
3044.589946029494
 21
1766.985622123761
 31
0.0
  0
LINE
  5
3F1
330
1F
100
AcDbEntity
  8
0
 62
   253
100
AcDbLine
 10
3044.541268787894
 20
1765.064411752879
 30
0.0
 11
3044.589960772679
 21
1765.140088112601
 31
0.0
  0
LINE
  5
3F2
330
1F
100
AcDbEntity
  8
0
 62
   253
100
AcDbLine
 10
3044.492591546294
 20
1765.140088112601
 30
0.0
 11
3044.541268787894
 21
1765.064411752879
 31
0.0
  0
LINE
  5
3F3
330
1F
100
AcDbEntity
  8
0
 62
   253
100
AcDbLine
 10
3044.589960772679
 20
1765.140088112601
 30
0.0
 11
3044.492591546294
 21
1765.140088112601
 31
0.0
  0
LINE
  5
3F4
330
1F
100
AcDbEntity
  8
0
 62
   253
100
AcDbLine
 10
3041.161781610046
 20
1764.767553115202
 30
0.0
 11
3041.161781610046
 21
1765.01894149957
 31
0.0
  0
LINE
  5
3F5
330
1F
100
AcDbEntity
  8
0
 62
   253
100
AcDbLine
 10
3041.237457969768
 20
1764.893247307386
 30
0.0
 11
3044.273300004941
 21
1764.893254678978
 31
0.0
  0
LINE
  5
3F6
330
1F
100
AcDbEntity
  8
0
 62
   253
100
AcDbLine
 10
3044.348757392667
 20
1765.01894149957
 30
0.0
 11
3044.34919533666
 21
1764.767553115202
 31
0.0
  0
LINE
  5
3F7
330
1F
100
AcDbEntity
  8
0
 62
   253
100
AcDbLine
 10
3041.161781610046
 20
1764.893247307386
 30
0.0
 11
3041.237457969768
 21
1764.844555322601
 31
0.0
  0
LINE
  5
3F8
330
1F
100
AcDbEntity
  8
0
 62
   253
100
AcDbLine
 10
3041.237457969768
 20
1764.941924548986
 30
0.0
 11
3041.161781610046
 21
1764.893247307386
 31
0.0
  0
LINE
  5
3F9
330
1F
100
AcDbEntity
  8
0
 62
   253
100
AcDbLine
 10
3041.237457969768
 20
1764.844555322601
 30
0.0
 11
3041.237457969768
 21
1764.941924548986
 31
0.0
  0
LINE
  5
3FA
330
1F
100
AcDbEntity
  8
0
 62
   253
100
AcDbLine
 10
3044.348976364663
 20
1764.893247307386
 30
0.0
 11
3044.273300004941
 21
1764.941939292171
 31
0.0
  0
LINE
  5
3FB
330
1F
100
AcDbEntity
  8
0
 62
   253
100
AcDbLine
 10
3044.273300004941
 20
1764.844570065786
 30
0.0
 11
3044.348976364663
 21
1764.893247307386
 31
0.0
  0
LINE
  5
3FC
330
1F
100
AcDbEntity
  8
0
 62
   253
100
AcDbLine
 10
3044.273300004941
 20
1764.941939292171
 30
0.0
 11
3044.273300004941
 21
1764.844570065786
 31
0.0
  0
MTEXT
  5
3FD
330
1F
100
AcDbEntity
  8
0
 62
     3
100
AcDbMText
 10
3042.574821267893
 20
1764.80054046187
 30
0.0
 40
0.1811808
 41
82.59518912139174
 46
0.0
 71
     1
 72
     5
  1
250
 73
     1
 44
1.0
101
Embedded Object
 70
     1
 10
1.0
 20
0.0
 30
0.0
 11
3042.574821267893
 21
1764.80054046187
 31
0.0
 40
82.59518912139174
 41
0.0
 42
0.4027750526603003
 43
0.1850120447476126
 71
     2
 72
     1
 44
82.59518912139174
 45
12.5
 73
     0
 74
     0
 46
0.0
  0
MTEXT
  5
3FE
330
1F
100
AcDbEntity
  8
0
 62
     3
100
AcDbMText
 10
3044.79842002174
 20
1766.269854211585
 30
0.0
 40
0.1811808
 41
82.59518912139174
 46
0.0
 71
     1
 72
     5
  1
150
 11
-0.0000000000000002
 21
-1.0
 31
0.0
 73
     1
 44
1.0
101
Embedded Object
 70
     1
 10
-0.0000000000000002
 20
-1.0
 30
0.0
 11
3044.79842002174
 21
1766.269854211585
 31
0.0
 40
82.59518912139174
 41
0.0
 42
0.382630120600273
 43
0.1850120447476126
 71
     2
 72
     1
 44
82.59518912139174
 45
12.5
 73
     0
 74
     0
 46
0.0
  0
LWPOLYLINE
  5
3FF
102
{ACAD_REACTORS
330
3EA
102
}
330
1F
100
AcDbEntity
  8
0
 62
   250
100
AcDbPolyline
 90
        4
 70
     1
 43
0.0
 10
3041.161781610046
 20
1767.067259082932
 10
3044.349310774938
 20
1767.067259082932
 10
3044.349310774938
 20
1765.064411752879
 10
3041.161781610046
 20
1765.064411752879
  0
MTEXT
  5
400
102
{ACAD_REACTORS
330
3EA
102
}
330
1F
100
AcDbEntity
  8
0
 62
     2
100
AcDbMText
 10
3041.855394915131
 20
1766.794043129144
 30
0.0
 40
0.301968
 41
202.1347572503546
 46
0.0
 71
     1
 72
     5
  1
CUIDADO
 73
     1
 44
1.0
101
Embedded Object
 70
     1
 10
1.0
 20
0.0
 30
0.0
 11
3041.855394915131
 21
1766.794043129144
 31
0.0
 40
202.1347572503546
 41
0.0
 42
1.905323328785811
 43
0.3124730259208732
 71
     2
 72
     1
 44
202.1347572503546
 45
12.5
 73
     0
 74
     0
 46
0.0
  0
MTEXT
  5
401
330
1F
100
AcDbEntity
  8
0
 62
   250
100
AcDbMText
 10
3041.554794651105
 20
1766.206592761264
 30
0.0
 40
0.1811808
 41
632.7657901162855
 46
0.0
 71
     1
 72
     5
  1
RISCO DE CHOQUE
 73
     1
 44
1.0
101
Embedded Object
 70
     1
 10
1.0
 20
0.0
 30
0.0
 11
3041.554794651105
 21
1766.206592761264
 31
0.0
 40
632.7657901162855
 41
0.0
 42
2.371293321691678
 43
0.1984831956343793
 71
     2
 72
     1
 44
632.7657901162855
 45
12.5
 73
     0
 74
     0
 46
0.0
  0
MTEXT
  5
402
102
{ACAD_XDICTIONARY
360
403
102
}
330
1F
100
AcDbEntity
  8
0
 62
   250
100
AcDbMText
 10
3042.089230040275
 20
1765.940141465495
 30
0.0
 40
0.1811808
 41
523.010011733986
 46
0.0
 71
     1
 72
     5
  1
ELÉTRICO
 73
     1
 44
1.0
101
Embedded Object
 70
     1
 10
1.0
 20
0.0
 30
0.0
 11
3042.089230040275
 21
1765.940141465495
 31
0.0
 40
523.010011733986
 41
0.0
 42
1.234402339972715
 43
0.2299982733969987
 71
     2
 72
     1
 44
523.010011733986
 45
12.5
 73
     0
 74
     0
 46
0.0
  0
MTEXT
  5
404
102
{ACAD_XDICTIONARY
360
405
102
}
330
1F
100
AcDbEntity
  8
0
 62
   250
100
AcDbMText
 10
3041.554794651105
 20
1765.64356045282
 30
0.0
 40
0.1811808
 41
624.2886007917039
 46
0.0
 71
     1
 72
     5
  1
GERAÇÃO PRÓPRIA
 73
     1
 44
1.0
101
Embedded Object
 70
     1
 10
1.0
 20
0.0
 30
0.0
 11
3041.554794651105
 21
1765.64356045282
 31
0.0
 40
624.2886007917039
 41
0.0
 42
2.462254487312415
 43
0.2789393353342429
 71
     2
 72
     1
 44
624.2886007917039
 45
12.5
 73
     0
 74
     0
 46
0.0
  0
LWPOLYLINE
  5
406
330
1F
100
AcDbEntity
  8
0
 62
   250
100
AcDbPolyline
 90
        4
 70
     1
 43
0.0
 10
3041.161781610046
 20
1767.067259082932
 10
3044.349310774938
 20
1767.067259082932
 10
3044.349310774938
 20
1765.064411752879
 10
3041.161781610046
 20
1765.064411752879
  0
OLE2FRAME
  5
407
330
1F
100
AcDbEntity
  8
ARQ-FOLHA
 62
     7
 48
0.1
100
AcDbOle2Frame
 70
     2
  1
OLE
1001
ACAD
1000
OLEBEGIN
1070
    70
1070
     1
1070
    71
1070
     1
1070
    40
1040
0.0
1070
    41
1040
10.71416488962677
1070
    42
1040
2.288469877303896
1070
    72
1070
     0
1070
     3
1000

1070
    90
1071
        0
1070
    43
1040
0.0
1070
     4
1000

1070
    91
1071
        0
1070
    44
1040
0.0
1000
OLEEND
  0
OLE2FRAME
  5
408
330
1F
100
AcDbEntity
  8
ARQ-FOLHA
 48
0.1
100
AcDbOle2Frame
 70
     2
  1
OLE
1001
ACAD
1000
OLEBEGIN
1070
    70
1070
     1
1070
    71
1070
     1
1070
    40
1040
0.0
1070
    41
1040
6.699052685550668
1070
    42
1040
4.78572496476363
1070
    72
1070
     0
1070
     3
1000

1070
    90
1071
        0
1070
    43
1040
0.0
1070
     4
1000

1070
    91
1071
        0
1070
    44
1040
0.0
1000
OLEEND
  0
OLE2FRAME
  5
409
330
1F
100
AcDbEntity
  8
ARQ-FOLHA
 48
0.1
100
AcDbOle2Frame
 70
     2
  1
OLE
1001
ACAD
1000
OLEBEGIN
1070
    70
1070
     1
1070
    71
1070
     1
1070
    40
1040
0.0
1070
    41
1040
6.996183040330834
1070
    42
1040
4.774609391565036
1070
    72
1070
     0
1070
     3
1000

1070
    90
1071
        0
1070
    43
1040
0.0
1070
     4
1000

1070
    91
1071
        0
1070
    44
1040
0.0
1000
OLEEND
  0
OLE2FRAME
  5
40A
330
1F
100
AcDbEntity
  8
ARQ-FOLHA
 62
     1
 48
0.1
100
AcDbOle2Frame
 70
     2
  1
OLE
1001
ACAD
1000
OLEBEGIN
1070
    70
1070
     1
1070
    71
1070
     1
1070
    40
1040
0.0
1070
    41
1040
8.592227893378094
1070
    42
1040
4.108269437070703
1070
    72
1070
     0
1070
     3
1000

1070
    90
1071
        0
1070
    43
1040
0.0
1070
     4
1000

1070
    91
1071
        0
1070
    44
1040
0.0
1000
OLEEND
  0
TEXT
  5
40B
330
1F
100
AcDbEntity
  8
0
100
AcDbText
 10
3024.11938718133
 20
1785.13833077586
 30
0.0
 40
0.55958175
  1
OPERACIONAIS DE SEGURANÇA DA EDP escelsa
  7
arial
 72
     1
 11
3033.328820252442
 21
1785.41812165086
 31
0.0
100
AcDbText
 73
     2
  0
TEXT
  5
40C
330
1F
100
AcDbEntity
  8
0
100
AcDbText
 10
3019.625174681671
 20
1786.434851998843
 30
0.0
 40
0.55958175
  1
OS CRITÉRIOS PARA  ATENDIMENTOS ADMINISTRATIVOS  E TÉCNICOS 
  7
arial
 72
     1
 11
3033.328820252442
 21
1786.714642873843
 31
0.0
100
AcDbText
 73
     2
  0
TEXT
  5
40D
330
1F
100
AcDbEntity
  8
0
100
AcDbText
 10
3018.256756827817
 20
1787.861036529228
 30
0.0
 40
0.55958175
  1
RECOMENDAÇÕES PARA COMPOSIÇÃO DO PROJETO EM QUESTÃO SEGUNDO
  7
arial
 72
     1
 11
3033.328820252442
 21
1788.140827404228
 31
0.0
100
AcDbText
 73
     2
  0
LWPOLYLINE
  5
40E
330
1F
100
AcDbEntity
  8
ARQ-FOLHA
 62
     7
 48
0.1
100
AcDbPolyline
 90
        4
 70
     1
 43
0.0
 10
3018.022263445193
 20
1788.752125533275
 10
3048.555579841734
 20
1788.752125533275
 10
3048.555579841734
 20
1784.893936078454
 10
3018.022263445193
 20
1784.893936078454
  0
LWPOLYLINE
  5
40F
330
1F
100
AcDbEntity
  8
ARQ-FOLHA
 62
     7
 48
0.1
100
AcDbPolyline
 90
        4
 70
     1
 43
0.0
 10
3017.901636541647
 20
1788.899936670416
 10
3048.677320627608
 20
1788.899936670416
 10
3048.677320627608
 20
1784.711604916946
 10
3017.901636541647
 20
1784.711604916946
  0
TEXT
  5
43B
330
1F
100
AcDbEntity
  8
0
100
AcDbText
 10
2939.175975971389
 20
1781.684761756269
 30
0.0
 40
0.6168870157764635
  1
3#95(95)MM²
  7
arial
100
AcDbText
  0
MTEXT
  5
43D
102
{ACAD_XDICTIONARY
360
FD7
102
}
330
1F
100
AcDbEntity
  8
0
100
AcDbMText
 10
3035.684712866843
 20
1754.220839756701
 30
0.0
 40
0.2422420359748263
 41
12.41648099392569
 46
0.0
 71
     1
 72
     5
  1
AV AGENOR LUIZ HERINGER 439, CENTRO, Pinheiros/ES, Cep: 29980-000
  7
arial
 73
     1
 44
1.0
101
Embedded Object
 70
     1
 10
1.0
 20
0.0
 30
0.0
 11
3035.684712866843
 21
1754.220839756701
 31
0.0
 40
12.41648099392569
 41
0.0
 42
11.7386590966246
 43
0.3137910138582505
 71
     2
 72
     1
 44
12.41648099392569
 45
18.58626786583969
 73
     0
 74
     0
 46
0.0
  0
MTEXT
  5
43E
330
1F
100
AcDbEntity
  8
0
100
AcDbMText
 10
3035.694657231326
 20
1752.627671220125
 30
0.0
 40
0.3763675831320123
 41
16.23586472904047
 46
0.0
 71
     1
 72
     5
  1
{\H1.33333x;MUNICÍPIO DE PINHEIROS}
  7
arial
 73
     1
 44
1.0
101
Embedded Object
 70
     1
 10
1.0
 20
0.0
 30
0.0
 11
3035.694657231326
 21
1752.627671220125
 31
0.0
 40
16.23586472904047
 41
0.0
 42
8.831180538840012
 43
0.6370334890027234
 71
     2
 72
     1
 44
16.23586472904047
 45
17.72793187093529
 73
     0
 74
     0
 46
0.0
  0
MTEXT
  5
43F
330
1F
100
AcDbEntity
  8
0
100
AcDbMText
 10
3037.676298883119
 20
1750.24199575474
 30
0.0
 40
0.2391923296656081
 41
9.505569682272835
 46
0.0
 71
     1
 72
     5
  1
ELVIS CEOLIN PESTANA\PCREA ES 39309/D
  7
arial
 73
     1
 44
1.0
101
Embedded Object
 70
     1
 10
1.0
 20
0.0
 30
0.0
 11
3037.676298883119
 21
1750.24199575474
 31
0.0
 40
9.505569682272835
 41
0.0
 42
3.910941433891286
 43
0.6504095203435668
 71
     2
 72
     1
 44
9.505569682272835
 45
18.35227603140365
 73
     0
 74
     0
 46
0.0
  0
MTEXT
  5
440
330
1F
100
AcDbEntity
  8
0
100
AcDbMText
 10
3037.738330015465
 20
1748.039809576676
 30
0.0
 40
0.2391923296656081
 41
6.474380661291888
 46
0.0
 71
     1
 72
     5
  1
CRISTIANO FERNANDES PESTANA\PCREA ES 2899/D
  7
arial
 73
     1
 44
1.0
101
Embedded Object
 70
     1
 10
1.0
 20
0.0
 30
0.0
 11
3037.738330015465
 21
1748.039809576676
 31
0.0
 40
6.474380661291888
 41
0.0
 42
5.609598558140021
 43
0.6502463605006845
 71
     2
 72
     1
 44
6.474380661291888
 45
12.5
 73
     0
 74
     0
 46
0.0
  0
TEXT
  5
441
330
1F
100
AcDbEntity
  8
0
100
AcDbText
 10
3037.525378611294
 20
1745.307908179174
 30
0.0
 40
0.1629173469112987
  1
PROJETO DE MICROGERAÇÃO DISTRBUIDA SOLAR FOTOVOLTAICA DE POTÊNCIA 25,02 KWP 
  7
arial
100
AcDbText
  0
TEXT
  5
444
330
1F
100
AcDbEntity
  8
0
100
AcDbText
 10
3046.781598980333
 20
1742.202157296646
 30
0.0
 40
0.1629173469112987
  1
09/01/2026
  7
arial
100
AcDbText
  0
MTEXT
  5
F70
330
1F
100
AcDbEntity
  8
0
100
AcDbMText
 10
3039.168891479024
 20
1743.398601690442
 30
0.0
 40
0.1629173469112987
 41
6.474380661291888
 46
0.0
 71
     1
 72
     5
  1
{\fArial|b1|i0|c0|p34;\H1.16667x;0820260002637\P0820260002650}
  7
arial
 73
     1
 44
1.0
101
Embedded Object
 70
     1
 10
1.0
 20
0.0
 30
0.0
 11
3039.168891479024
 21
1743.398601690442
 31
0.0
 40
6.474380661291888
 41
0.0
 42
1.896818231787381
 43
0.5027310721881562
 71
     2
 72
     1
 44
6.474380661291888
 45
12.5
 73
     0
 74
     0
 46
0.0
  0
TEXT
  5
108B
330
1F
100
AcDbEntity
  8
0
100
AcDbText
 10
3039.043323272923
 20
1742.230384525177
 30
0.0
 40
0.1629173469112987
  1
SEM ESCALA
  7
arial
100
AcDbText
  0
LINE
  5
122C
330
1F
100
AcDbEntity
  8
ARQ-FOLHA
 62
     7
 48
0.1
100
AcDbLine
 10
3025.522611214924
 20
1798.155057663382
 30
0.0
 11
3025.522611214924
 21
1793.184570717196
 31
0.0
  0
LINE
  5
122D
330
1F
100
AcDbEntity
  8
ARQ-FOLHA
 62
     7
 48
0.1
100
AcDbLine
 10
3032.481292939584
 20
1796.912435926835
 30
0.0
 11
3032.481292939584
 21
1791.94194898065
 31
0.0
  0
LINE
  5
122E
330
1F
100
AcDbEntity
  8
ARQ-FOLHA
 62
     7
 48
0.1
100
AcDbLine
 10
3025.522611214924
 20
1793.184570717196
 30
0.0
 11
3033.475390328822
 21
1793.184570717196
 31
0.0
  0
LINE
  5
122F
330
1F
100
AcDbEntity
  8
ARQ-FOLHA
 62
     7
 48
0.1
100
AcDbLine
 10
3041.263436595893
 20
1791.94194898065
 30
0.0
 11
3041.263436595893
 21
1798.155057663382
 31
0.0
  0
LINE
  5
1230
330
1F
100
AcDbEntity
  8
ARQ-FOLHA
 62
     7
 48
0.1
100
AcDbLine
 10
3041.263436595893
 20
1798.155057663382
 30
0.0
 11
3025.522611214924
 21
1798.155057663382
 31
0.0
  0
LINE
  5
1231
330
1F
100
AcDbEntity
  8
ARQ-FOLHA
 62
     7
 48
0.1
100
AcDbLine
 10
3041.263436595893
 20
1796.912435926836
 30
0.0
 11
3025.522611214924
 21
1796.912435926835
 31
0.0
  0
LINE
  5
1232
330
1F
100
AcDbEntity
  8
ARQ-FOLHA
 62
     7
 48
0.1
100
AcDbLine
 10
3041.263436595893
 20
1795.669814190289
 30
0.0
 11
3025.522611214924
 21
1795.669814190289
 31
0.0
  0
LINE
  5
1233
330
1F
100
AcDbEntity
  8
ARQ-FOLHA
 62
     7
 48
0.1
100
AcDbLine
 10
3041.263436595893
 20
1794.427192453742
 30
0.0
 11
3025.522611214924
 21
1794.427192453743
 31
0.0
  0
TEXT
  5
1234
330
1F
100
AcDbEntity
  8
0
 62
     7
100
AcDbText
 10
3028.183518243777
 20
1797.377235915524
 30
0.0
 40
0.518045635191795
  1
MICRO INVERSOR 01 ao 09
  7
arial
100
AcDbText
1001
ACAD
1000
ACAD_MTEXT_DEFINED_HEIGHT_BEGIN
1070
    46
1040
0.0
1000
ACAD_MTEXT_DEFINED_HEIGHT_END
  0
TEXT
  5
1235
330
1F
100
AcDbEntity
  8
0
 62
     7
100
AcDbText
 10
3026.146647272346
 20
1796.023161064899
 30
0.0
 40
0.518045635191795
  1
Fabricante
  7
arial
100
AcDbText
1001
ACAD
1000
ACAD_MTEXT_DEFINED_HEIGHT_BEGIN
1070
    46
1040
0.0
1000
ACAD_MTEXT_DEFINED_HEIGHT_END
  0
TEXT
  5
1236
330
1F
100
AcDbEntity
  8
0
 62
     7
100
AcDbText
 10
3026.146647272346
 20
1794.809166717431
 30
0.0
 40
0.518045635191795
  1
Modelo
  7
arial
100
AcDbText
1001
ACAD
1000
ACAD_MTEXT_DEFINED_HEIGHT_BEGIN
1070
    46
1040
0.0
1000
ACAD_MTEXT_DEFINED_HEIGHT_END
  0
TEXT
  5
1237
330
1F
100
AcDbEntity
  8
0
 62
     7
100
AcDbText
 10
3026.146647272346
 20
1793.571816449464
 30
0.0
 40
0.518045635191795
  1
Potência Nominal
  7
arial
100
AcDbText
1001
ACAD
1000
ACAD_MTEXT_DEFINED_HEIGHT_BEGIN
1070
    46
1040
0.0
1000
ACAD_MTEXT_DEFINED_HEIGHT_END
  0
LINE
  5
1238
330
1F
100
AcDbEntity
  8
ARQ-FOLHA
 62
     7
 48
0.1
100
AcDbLine
 10
3025.522611214924
 20
1793.184570717196
 30
0.0
 11
3025.522611214924
 21
1791.94194898065
 31
0.0
  0
LINE
  5
1239
330
1F
100
AcDbEntity
  8
ARQ-FOLHA
 62
     7
 48
0.1
100
AcDbLine
 10
3041.263436595893
 20
1793.184570717196
 30
0.0
 11
3025.522611214924
 21
1793.184570717196
 31
0.0
  0
LINE
  5
123A
330
1F
100
AcDbEntity
  8
ARQ-FOLHA
 62
     7
 48
0.1
100
AcDbLine
 10
3041.263436595893
 20
1791.94194898065
 30
0.0
 11
3025.522611214924
 21
1791.94194898065
 31
0.0
  0
TEXT
  5
123B
330
1F
100
AcDbEntity
  8
0
 62
     7
100
AcDbText
 10
3026.146647272346
 20
1792.320096834256
 30
0.0
 40
0.518045635191795
  1
Quantidade
  7
arial
100
AcDbText
1001
ACAD
1000
ACAD_MTEXT_DEFINED_HEIGHT_BEGIN
1070
    46
1040
0.0
1000
ACAD_MTEXT_DEFINED_HEIGHT_END
  0
TEXT
  5
1241
330
1F
100
AcDbEntity
  8
0
 62
     7
100
AcDbText
 10
3035.680302718843
 20
1796.107527618253
 30
0.0
 40
0.518045635191795
  1
DEYE
  7
arial
100
AcDbText
1001
ACAD
1000
ACAD_MTEXT_DEFINED_HEIGHT_BEGIN
1070
    46
1040
0.0
1000
ACAD_MTEXT_DEFINED_HEIGHT_END
  0
TEXT
  5
1242
330
1F
100
AcDbEntity
  8
0
 62
     7
100
AcDbText
 10
3033.60477815212
 20
1794.855238688629
 30
0.0
 40
0.518045635191795
  1
SUN225G4-EU-Q0 
  7
arial
100
AcDbText
1001
ACAD
1000
ACAD_MTEXT_DEFINED_HEIGHT_BEGIN
1070
    46
1040
0.0
1000
ACAD_MTEXT_DEFINED_HEIGHT_END
  0
TEXT
  5
1243
330
1F
100
AcDbEntity
  8
0
 62
     7
100
AcDbText
 10
3035.798033159759
 20
1793.665546679087
 30
0.0
 40
0.518045635191795
  1
2250 W
  7
arial
100
AcDbText
1001
ACAD
1000
ACAD_MTEXT_DEFINED_HEIGHT_BEGIN
1070
    46
1040
0.0
1000
ACAD_MTEXT_DEFINED_HEIGHT_END
  0
TEXT
  5
1244
330
1F
100
AcDbEntity
  8
0
 62
     7
100
AcDbText
 10
3036.282565656132
 20
1792.331391626282
 30
0.0
 40
0.518045635191795
  1
09
  7
arial
100
AcDbText
1001
ACAD
1000
ACAD_MTEXT_DEFINED_HEIGHT_BEGIN
1070
    46
1040
0.0
1000
ACAD_MTEXT_DEFINED_HEIGHT_END
  0
LINE
  5
1355
330
1F
100
AcDbEntity
  8
0
 62
     7
 48
0.1
100
AcDbLine
 10
3003.395512011414
 20
1809.265234627638
 30
0.0
 11
3003.395512011414
 21
1805.126151458106
 31
0.0
  0
HATCH
  5
1356
330
1F
100
AcDbEntity
  8
0
 62
     1
 48
0.1
100
AcDbHatch
 10
0.0
 20
0.0
 30
0.0
210
0.0
220
0.0
230
1.0
  2
ANSI31
 70
     0
 71
     1
 91
        1
 92
        1
 93
        4
 72
     1
 10
3003.032129570149
 20
1810.647345506202
 11
3003.75889445268
 21
1810.647345506202
 72
     1
 10
3003.75889445268
 20
1810.647345506202
 11
3003.75889445268
 21
1809.265234627638
 72
     1
 10
3003.75889445268
 20
1809.265234627638
 11
3003.032129570149
 21
1809.265234627638
 72
     1
 10
3003.032129570149
 20
1809.265234627638
 11
3003.032129570149
 21
1810.647345506202
 97
        1
330
1357
 75
     0
 76
     1
 52
0.0
 41
0.0888056612402804
 77
     0
 78
     1
 53
44.99999999999998
 43
1663.417837553923
 44
1900.564700631222
 45
-0.1993743957346554
 46
0.1993743957346553
 79
     0
 98
        1
 10
1663.417837553923
 20
1900.564700631222
1001
ACAD
1010
0.0
1020
0.0
1030
0.0
  0
LWPOLYLINE
  5
1357
102
{ACAD_REACTORS
330
1356
102
}
330
1F
100
AcDbEntity
  8
0
 62
     1
 48
0.1
100
AcDbPolyline
 90
        4
 70
     1
 43
0.0
 10
3003.032129570149
 20
1810.647345506202
 10
3003.75889445268
 20
1810.647345506202
 10
3003.75889445268
 20
1809.265234627638
 10
3003.032129570149
 20
1809.265234627638
  0
TEXT
  5
1358
330
1F
100
AcDbEntity
  8
0
 62
     7
100
AcDbText
 10
3005.176957965731
 20
1808.283005484292
 30
0.0
 40
0.518045635191795
  1
Dispositivo de Seccionamento Visível
  7
arial
100
AcDbText
  0
LINE
  5
1359
330
1F
100
AcDbEntity
  8
0
 62
     7
 48
0.1
100
AcDbLine
 10
3017.393035564011
 20
1808.024270917508
 30
0.0
 11
3004.99985816281
 21
1808.024270917508
 31
0.0
  0
LINE
  5
135A
330
1F
100
AcDbEntity
  8
0
 62
     7
 48
0.1
100
AcDbLine
 10
3004.144171616561
 20
1808.879957463757
 30
0.0
 11
3004.99985816281
 21
1808.024270917508
 31
0.0
  0
HATCH
  5
135B
330
1F
100
AcDbEntity
  8
0
 62
     7
 48
0.1
100
AcDbHatch
 10
0.0
 20
0.0
 30
0.0
210
0.0
220
0.0
230
1.0
  2
SOLID
 70
     1
 71
     0
 91
        1
 92
        7
 72
     0
 73
     1
 93
        3
 10
3003.913999952219
 20
1808.649785799415
 10
3004.374343280902
 20
1809.110129128098
 10
3003.758894452679
 20
1809.265234627638
 97
        0
 75
     0
 76
     1
 47
0.0132666009269585
 98
        1
 10
3003.966448247809
 20
1808.997224103844
450
        0
451
        0
460
0.0
461
0.0
452
        1
462
1.0
453
        2
463
0.0
 63
     5
421
      255
463
1.0
 63
     7
421
 16777215
470
LINEAR
1001
ACAD
1010
0.0
1020
0.0
1030
0.0
  0
LINE
  5
135C
330
1F
100
AcDbEntity
  8
0
 62
     7
 48
0.1
100
AcDbLine
 10
3003.75889445268
 20
1809.265234627638
 30
0.0
 11
3003.913999952219
 21
1808.649785799415
 31
0.0
  0
LINE
  5
135D
330
1F
100
AcDbEntity
  8
0
 62
     7
 48
0.1
100
AcDbLine
 10
3003.913999952219
 20
1808.649785799415
 30
0.0
 11
3004.374343280902
 21
1809.110129128098
 31
0.0
  0
LINE
  5
135E
330
1F
100
AcDbEntity
  8
0
 62
     7
 48
0.1
100
AcDbLine
 10
3003.758894452681
 20
1809.265234627638
 30
0.0
 11
3004.374343280903
 21
1809.110129128098
 31
0.0
  0
LWPOLYLINE
  5
135F
330
1F
100
AcDbEntity
  8
0
  6
HIDDEN2
 62
     7
100
AcDbPolyline
 90
        5
 70
     0
 43
0.0
 10
3015.84460725106
 20
1807.21040924777
 10
3015.84460725106
 20
1784.096542343899
 10
2990.804857602448
 20
1784.096542343899
 10
2990.804857602448
 20
1807.21040924777
 10
3015.84460725106
 20
1807.21040924777
  0
TEXT
  5
1360
330
1F
100
AcDbEntity
  8
0
100
AcDbText
 10
2993.360784655291
 20
1790.899435288262
 30
0.0
 40
0.666042459302103
  1
PROJETO ELÉTRICO INTERNO APÓS 
  7
arial
 72
     1
 11
3001.787857340397
 21
1791.232456517914
 31
0.0
100
AcDbText
 73
     2
  0
TEXT
  5
1361
330
1F
100
AcDbEntity
  8
0
100
AcDbText
 10
2993.342541358792
 20
1789.87930292481
 30
0.0
 40
0.666042459302103
  1
O DISPOTIVO DE SECCIONAMENTO 
  7
arial
 72
     1
 11
3001.51087517584
 21
1790.212324154461
 31
0.0
100
AcDbText
 73
     2
  0
TEXT
  5
1362
330
1F
100
AcDbEntity
  8
0
100
AcDbText
 10
2993.419666396546
 20
1787.771070887604
 30
0.0
 40
0.666042459302103
  1
DE CONEXÃO PARA GERAÇÃO
  7
arial
 72
     1
 11
3000.373812988161
 21
1788.104092117255
 31
0.0
100
AcDbText
 73
     2
  0
TEXT
  5
1363
330
1F
100
AcDbEntity
  8
0
100
AcDbText
 10
2993.364039696976
 20
1786.72065104378
 30
0.0
 40
0.666042459302103
  1
DISTRIBUÍDA DE INTEIRA RESPONSABILIDADE
  7
arial
 72
     1
 11
3003.885556950556
 21
1787.053672273431
 31
0.0
100
AcDbText
 73
     2
  0
TEXT
  5
1364
330
1F
100
AcDbEntity
  8
0
100
AcDbText
 10
2993.353000842408
 20
1785.722522053312
 30
0.0
 40
0.666042459302103
  1
DO PROFISSIONAL QUE O ELABOROU.
  7
arial
 72
     1
 11
3002.090832765005
 21
1786.055543282963
 31
0.0
100
AcDbText
 73
     2
  0
TEXT
  5
1365
330
1F
100
AcDbEntity
  8
0
100
AcDbText
 10
2993.39940724992
 20
1788.821490731429
 30
0.0
 40
0.666042459302103
  1
VISÍVEL (DSV) DAS INSTALAÇÕES 
  7
arial
 72
     1
 11
3001.155439885647
 21
1789.15451196108
 31
0.0
100
AcDbText
 73
     2
  0
LWPOLYLINE
  5
1366
330
1F
100
AcDbEntity
  8
0
 62
     7
 48
0.1
100
AcDbPolyline
 90
        4
 70
     1
 43
0.0
 10
2992.894814673189
 20
1792.185178260469
 10
3014.84379322726
 20
1792.185178260469
 10
3014.84379322726
 20
1785.103716687974
 10
2992.894814673189
 20
1785.103716687974
  0
TEXT
  5
1367
330
1F
100
AcDbEntity
  8
0
 62
     7
100
AcDbText
 10
3005.195521819838
 20
1809.242364635542
 30
0.0
 40
0.518045635191795
  1
DISJUNTOR 200A
  7
arial
100
AcDbText
  0
LINE
  5
1368
330
1F
100
AcDbEntity
  8
0
100
AcDbLine
 10
2996.132388301855
 20
1805.126151458106
 30
0.0
 11
3010.485153615681
 21
1805.126151458106
 31
0.0
  0
LINE
  5
1369
330
1F
100
AcDbEntity
  8
0
100
AcDbLine
 10
2998.706163898953
 20
1805.126151458106
 30
0.0
 11
2998.706163898953
 21
1803.541466843023
 31
0.0
  0
LINE
  5
136A
330
1F
100
AcDbEntity
  8
0
100
AcDbLine
 10
2998.706163898953
 20
1803.050246889421
 30
0.0
 11
2998.706163898953
 21
1801.335444446655
 31
0.0
  0
LINE
  5
136B
330
1F
100
AcDbEntity
  8
0
100
AcDbLine
 10
3000.018922878851
 20
1805.126151458106
 30
0.0
 11
3000.018922878851
 21
1803.541466843023
 31
0.0
  0
LINE
  5
136C
330
1F
100
AcDbEntity
  8
0
100
AcDbLine
 10
3000.018922878851
 20
1803.050246889421
 30
0.0
 11
3000.018922878851
 21
1801.335444446655
 31
0.0
  0
LINE
  5
136D
330
1F
100
AcDbEntity
  8
0
100
AcDbLine
 10
3001.367402880545
 20
1805.126151458106
 30
0.0
 11
3001.367402880545
 21
1803.541466843023
 31
0.0
  0
LINE
  5
136E
330
1F
100
AcDbEntity
  8
0
100
AcDbLine
 10
3001.367402880545
 20
1803.050246889421
 30
0.0
 11
3001.367402880545
 21
1801.335444446655
 31
0.0
  0
LINE
  5
136F
330
1F
100
AcDbEntity
  8
0
100
AcDbLine
 10
3002.648075228322
 20
1805.126151458106
 30
0.0
 11
3002.648075228322
 21
1803.541466843023
 31
0.0
  0
LINE
  5
1370
330
1F
100
AcDbEntity
  8
0
100
AcDbLine
 10
3002.648075228322
 20
1803.050246889421
 30
0.0
 11
3002.648075228322
 21
1801.335444446655
 31
0.0
  0
LINE
  5
1371
330
1F
100
AcDbEntity
  8
0
100
AcDbLine
 10
3003.989730749089
 20
1805.126151458106
 30
0.0
 11
3003.989730749089
 21
1803.541466843023
 31
0.0
  0
LINE
  5
1372
330
1F
100
AcDbEntity
  8
0
100
AcDbLine
 10
3003.989730749089
 20
1803.050246889421
 30
0.0
 11
3003.989730749089
 21
1801.335444446655
 31
0.0
  0
TEXT
  5
1373
330
1F
100
AcDbEntity
  8
0
100
AcDbText
 10
3004.205284602345
 20
1793.931050763796
 30
0.0
 40
0.3500144309008424
  1
Ar Condicionado - 4 x 12000 BTU
 50
90.0
  7
arial
100
AcDbText
  0
LINE
  5
1374
330
1F
100
AcDbEntity
  8
0
100
AcDbLine
 10
3005.300895397666
 20
1805.126151458106
 30
0.0
 11
3005.300895397666
 21
1803.541466843023
 31
0.0
  0
LINE
  5
1375
330
1F
100
AcDbEntity
  8
0
100
AcDbLine
 10
3005.300895397666
 20
1803.050246889421
 30
0.0
 11
3005.300895397666
 21
1801.335444446655
 31
0.0
  0
TEXT
  5
1376
330
1F
100
AcDbEntity
  8
0
100
AcDbText
 10
3005.516449250923
 20
1796.79200747115
 30
0.0
 40
0.3500144309008424
  1
Freezer - 02 x 400W
 50
90.0
  7
arial
100
AcDbText
  0
LINE
  5
1377
330
1F
100
AcDbEntity
  8
0
100
AcDbLine
 10
3006.642552347044
 20
1805.126151458106
 30
0.0
 11
3006.642552347044
 21
1803.541466843023
 31
0.0
  0
LINE
  5
1378
330
1F
100
AcDbEntity
  8
0
100
AcDbLine
 10
3006.642552347044
 20
1803.050246889421
 30
0.0
 11
3006.642552347044
 21
1801.335444446655
 31
0.0
  0
TEXT
  5
1379
330
1F
100
AcDbEntity
  8
0
100
AcDbText
 10
3006.858106200301
 20
1797.204675554297
 30
0.0
 40
0.3500144309008424
  1
Iluminação - 500W
 50
90.0
  7
arial
100
AcDbText
  0
LINE
  5
137A
330
1F
100
AcDbEntity
  8
0
100
AcDbLine
 10
3007.950170313927
 20
1805.126151458106
 30
0.0
 11
3007.950170313927
 21
1803.502029615018
 31
0.0
  0
LINE
  5
137B
330
1F
100
AcDbEntity
  8
0
100
AcDbLine
 10
3007.950170313927
 20
1803.089684117425
 30
0.0
 11
3007.950170313927
 21
1801.335444446655
 31
0.0
  0
TEXT
  5
137C
330
1F
100
AcDbEntity
  8
0
100
AcDbText
 10
3008.165724167184
 20
1797.006097637721
 30
0.0
 40
0.3500144309008424
  1
Bomba - 01 x 7 CV
 50
90.0
  7
arial
100
AcDbText
  0
CIRCLE
  5
137D
330
1F
100
AcDbEntity
  8
0
100
AcDbCircle
 10
2998.706163898953
 20
1803.502029615018
 30
0.0
 40
0.0394372280041608
  0
CIRCLE
  5
137E
330
1F
100
AcDbEntity
  8
0
100
AcDbCircle
 10
2998.706163898953
 20
1803.089684117425
 30
0.0
 40
0.0394372280041608
  0
CIRCLE
  5
137F
330
1F
100
AcDbEntity
  8
0
100
AcDbCircle
 10
3000.018922878851
 20
1803.502029615018
 30
0.0
 40
0.0394372280041608
  0
CIRCLE
  5
1380
330
1F
100
AcDbEntity
  8
0
100
AcDbCircle
 10
3000.018922878851
 20
1803.089684117425
 30
0.0
 40
0.0394372280041608
  0
CIRCLE
  5
1381
330
1F
100
AcDbEntity
  8
0
100
AcDbCircle
 10
3001.367402880545
 20
1803.502029615018
 30
0.0
 40
0.0394372280041608
  0
CIRCLE
  5
1382
330
1F
100
AcDbEntity
  8
0
100
AcDbCircle
 10
3001.367402880545
 20
1803.089684117425
 30
0.0
 40
0.0394372280041608
  0
CIRCLE
  5
1383
330
1F
100
AcDbEntity
  8
0
100
AcDbCircle
 10
3002.648075228322
 20
1803.502029615018
 30
0.0
 40
0.0394372280041608
  0
CIRCLE
  5
1384
330
1F
100
AcDbEntity
  8
0
100
AcDbCircle
 10
3002.648075228322
 20
1803.089684117425
 30
0.0
 40
0.0394372280041608
  0
CIRCLE
  5
1385
330
1F
100
AcDbEntity
  8
0
100
AcDbCircle
 10
3003.989730749089
 20
1803.502029615018
 30
0.0
 40
0.0394372280041608
  0
CIRCLE
  5
1386
330
1F
100
AcDbEntity
  8
0
100
AcDbCircle
 10
3003.989730749089
 20
1803.089684117425
 30
0.0
 40
0.0394372280041608
  0
CIRCLE
  5
1387
330
1F
100
AcDbEntity
  8
0
100
AcDbCircle
 10
3005.300895397666
 20
1803.502029615018
 30
0.0
 40
0.0394372280041608
  0
CIRCLE
  5
1388
330
1F
100
AcDbEntity
  8
0
100
AcDbCircle
 10
3005.300895397666
 20
1803.089684117425
 30
0.0
 40
0.0394372280041608
  0
CIRCLE
  5
1389
330
1F
100
AcDbEntity
  8
0
100
AcDbCircle
 10
3006.642552347044
 20
1803.502029615018
 30
0.0
 40
0.0394372280041608
  0
CIRCLE
  5
138A
330
1F
100
AcDbEntity
  8
0
100
AcDbCircle
 10
3006.642552347044
 20
1803.089684117425
 30
0.0
 40
0.0394372280041608
  0
CIRCLE
  5
138B
330
1F
100
AcDbEntity
  8
0
100
AcDbCircle
 10
3007.950170313927
 20
1803.502029615018
 30
0.0
 40
0.0394372280041608
  0
CIRCLE
  5
138C
330
1F
100
AcDbEntity
  8
0
100
AcDbCircle
 10
3007.950170313927
 20
1803.089684117425
 30
0.0
 40
0.0394372280041608
  0
ARC
  5
138D
330
1F
100
AcDbEntity
  8
0
100
AcDbCircle
 10
2998.717253327007
 20
1803.295059620122
 30
0.0
 40
0.2161686393604332
100
AcDbArc
 50
108.232907061966
 51
251.8181154596058
  0
LINE
  5
138E
330
1F
100
AcDbEntity
  8
0
100
AcDbLine
 10
2998.396649716669
 20
1803.312774791993
 30
0.0
 11
2998.63914808188
 21
1803.312774791993
 31
0.0
  0
LINE
  5
138F
330
1F
100
AcDbEntity
  8
0
100
AcDbLine
 10
2998.396649716669
 20
1803.259795969455
 30
0.0
 11
2998.63914808188
 21
1803.259795969455
 31
0.0
  0
LINE
  5
1390
330
1F
100
AcDbEntity
  8
0
100
AcDbLine
 10
2998.396649716669
 20
1803.361970162796
 30
0.0
 11
2998.63914808188
 21
1803.361970162796
 31
0.0
  0
ARC
  5
1391
330
1F
100
AcDbEntity
  8
0
100
AcDbCircle
 10
3000.035092452223
 20
1803.295059620122
 30
0.0
 40
0.2161686393604332
100
AcDbArc
 50
108.232907061966
 51
251.8181154596058
  0
LINE
  5
1392
330
1F
100
AcDbEntity
  8
0
100
AcDbLine
 10
2999.714488841885
 20
1803.312774791993
 30
0.0
 11
2999.956987207095
 21
1803.312774791993
 31
0.0
  0
LINE
  5
1393
330
1F
100
AcDbEntity
  8
0
100
AcDbLine
 10
2999.714488841885
 20
1803.259795969455
 30
0.0
 11
2999.956987207095
 21
1803.259795969455
 31
0.0
  0
LINE
  5
1394
330
1F
100
AcDbEntity
  8
0
100
AcDbLine
 10
2999.714488841885
 20
1803.361970162796
 30
0.0
 11
2999.956987207095
 21
1803.361970162796
 31
0.0
  0
ARC
  5
1395
330
1F
100
AcDbEntity
  8
0
100
AcDbCircle
 10
3001.376722257968
 20
1803.295059620122
 30
0.0
 40
0.2161686393604332
100
AcDbArc
 50
108.232907061966
 51
251.8181154596058
  0
LINE
  5
1396
330
1F
100
AcDbEntity
  8
0
100
AcDbLine
 10
3001.056118647629
 20
1803.312774791993
 30
0.0
 11
3001.298617012839
 21
1803.312774791993
 31
0.0
  0
LINE
  5
1397
330
1F
100
AcDbEntity
  8
0
100
AcDbLine
 10
3001.056118647629
 20
1803.259795969455
 30
0.0
 11
3001.298617012839
 21
1803.259795969455
 31
0.0
  0
LINE
  5
1398
330
1F
100
AcDbEntity
  8
0
100
AcDbLine
 10
3001.056118647629
 20
1803.361970162796
 30
0.0
 11
3001.298617012839
 21
1803.361970162796
 31
0.0
  0
ARC
  5
1399
330
1F
100
AcDbEntity
  8
0
100
AcDbCircle
 10
3002.661930449778
 20
1803.295059620122
 30
0.0
 40
0.2161686393604332
100
AcDbArc
 50
108.232907061966
 51
251.8181154596058
  0
LINE
  5
139A
330
1F
100
AcDbEntity
  8
0
100
AcDbLine
 10
3002.341326839439
 20
1803.312774791993
 30
0.0
 11
3002.58382520465
 21
1803.312774791993
 31
0.0
  0
LINE
  5
139B
330
1F
100
AcDbEntity
  8
0
100
AcDbLine
 10
3002.341326839439
 20
1803.259795969455
 30
0.0
 11
3002.58382520465
 21
1803.259795969455
 31
0.0
  0
LINE
  5
139C
330
1F
100
AcDbEntity
  8
0
100
AcDbLine
 10
3002.341326839439
 20
1803.361970162796
 30
0.0
 11
3002.58382520465
 21
1803.361970162796
 31
0.0
  0
ARC
  5
139D
330
1F
100
AcDbEntity
  8
0
100
AcDbCircle
 10
3004.013950552736
 20
1803.295059620122
 30
0.0
 40
0.2161686393604332
100
AcDbArc
 50
108.232907061966
 51
251.8181154596058
  0
LINE
  5
139E
330
1F
100
AcDbEntity
  8
0
100
AcDbLine
 10
3003.693346942398
 20
1803.312774791993
 30
0.0
 11
3003.935845307608
 21
1803.312774791993
 31
0.0
  0
LINE
  5
139F
330
1F
100
AcDbEntity
  8
0
100
AcDbLine
 10
3003.693346942398
 20
1803.259795969455
 30
0.0
 11
3003.935845307608
 21
1803.259795969455
 31
0.0
  0
LINE
  5
13A0
330
1F
100
AcDbEntity
  8
0
100
AcDbLine
 10
3003.693346942398
 20
1803.361970162796
 30
0.0
 11
3003.935845307608
 21
1803.361970162796
 31
0.0
  0
ARC
  5
13A1
330
1F
100
AcDbEntity
  8
0
100
AcDbCircle
 10
3005.318686445991
 20
1803.295059620122
 30
0.0
 40
0.2161686393604332
100
AcDbArc
 50
108.232907061966
 51
251.8181154596058
  0
LINE
  5
13A2
330
1F
100
AcDbEntity
  8
0
100
AcDbLine
 10
3004.998082835653
 20
1803.312774791993
 30
0.0
 11
3005.240581200864
 21
1803.312774791993
 31
0.0
  0
LINE
  5
13A3
330
1F
100
AcDbEntity
  8
0
100
AcDbLine
 10
3004.998082835653
 20
1803.259795969455
 30
0.0
 11
3005.240581200864
 21
1803.259795969455
 31
0.0
  0
LINE
  5
13A4
330
1F
100
AcDbEntity
  8
0
100
AcDbLine
 10
3004.998082835653
 20
1803.361970162796
 30
0.0
 11
3005.240581200864
 21
1803.361970162796
 31
0.0
  0
ARC
  5
13A5
330
1F
100
AcDbEntity
  8
0
100
AcDbCircle
 10
3006.659313365906
 20
1803.295059620122
 30
0.0
 40
0.2161686393604332
100
AcDbArc
 50
108.232907061966
 51
251.8181154596058
  0
LINE
  5
13A6
330
1F
100
AcDbEntity
  8
0
100
AcDbLine
 10
3006.338709755568
 20
1803.312774791993
 30
0.0
 11
3006.581208120778
 21
1803.312774791993
 31
0.0
  0
LINE
  5
13A7
330
1F
100
AcDbEntity
  8
0
100
AcDbLine
 10
3006.338709755568
 20
1803.259795969455
 30
0.0
 11
3006.581208120778
 21
1803.259795969455
 31
0.0
  0
LINE
  5
13A8
330
1F
100
AcDbEntity
  8
0
100
AcDbLine
 10
3006.338709755568
 20
1803.361970162796
 30
0.0
 11
3006.581208120778
 21
1803.361970162796
 31
0.0
  0
ARC
  5
13A9
330
1F
100
AcDbEntity
  8
0
100
AcDbCircle
 10
3007.961586894198
 20
1803.295059620122
 30
0.0
 40
0.2161686393604332
100
AcDbArc
 50
108.232907061966
 51
251.8181154596058
  0
LINE
  5
13AA
330
1F
100
AcDbEntity
  8
0
100
AcDbLine
 10
3007.64098328386
 20
1803.312774791993
 30
0.0
 11
3007.88348164907
 21
1803.312774791993
 31
0.0
  0
LINE
  5
13AB
330
1F
100
AcDbEntity
  8
0
100
AcDbLine
 10
3007.64098328386
 20
1803.259795969455
 30
0.0
 11
3007.88348164907
 21
1803.259795969455
 31
0.0
  0
LINE
  5
13AC
330
1F
100
AcDbEntity
  8
0
100
AcDbLine
 10
3007.64098328386
 20
1803.361970162796
 30
0.0
 11
3007.88348164907
 21
1803.361970162796
 31
0.0
  0
TEXT
  5
13AD
330
1F
100
AcDbEntity
  8
0
100
AcDbText
 10
2998.319136922336
 20
1802.783047765919
 30
0.0
 40
0.3500144309008424
  1
40 A
 50
90.0
  7
arial
100
AcDbText
  0
TEXT
  5
13AE
330
1F
100
AcDbEntity
  8
0
100
AcDbText
 10
2999.579802290933
 20
1802.792306056503
 30
0.0
 40
0.3500144309008424
  1
20 A
 50
90.0
  7
arial
100
AcDbText
  0
TEXT
  5
13AF
330
1F
100
AcDbEntity
  8
0
100
AcDbText
 10
3000.953343009485
 20
1802.792306056503
 30
0.0
 40
0.3500144309008424
  1
20 A
 50
90.0
  7
arial
100
AcDbText
  0
TEXT
  5
13B0
330
1F
100
AcDbEntity
  8
0
100
AcDbText
 10
3002.313447629414
 20
1802.792306056503
 30
0.0
 40
0.3500144309008424
  1
40 A
 50
90.0
  7
arial
100
AcDbText
  0
TEXT
  5
13B1
330
1F
100
AcDbEntity
  8
0
100
AcDbText
 10
3003.619559276309
 20
1802.792306056503
 30
0.0
 40
0.3500144309008424
  1
20 A
 50
90.0
  7
arial
100
AcDbText
  0
TEXT
  5
13B2
330
1F
100
AcDbEntity
  8
0
100
AcDbText
 10
3004.951895959081
 20
1802.792306056503
 30
0.0
 40
0.3500144309008424
  1
32 A
 50
90.0
  7
arial
100
AcDbText
  0
TEXT
  5
13B3
330
1F
100
AcDbEntity
  8
0
100
AcDbText
 10
3006.270329387011
 20
1802.792306056503
 30
0.0
 40
0.3500144309008424
  1
20 A
 50
90.0
  7
arial
100
AcDbText
  0
TEXT
  5
13B4
330
1F
100
AcDbEntity
  8
0
100
AcDbText
 10
3007.603060929408
 20
1802.792306056503
 30
0.0
 40
0.3500144309008424
  1
20 A
 50
90.0
  7
arial
100
AcDbText
  0
TEXT
  5
13B5
330
1F
100
AcDbEntity
  8
0
100
AcDbText
 10
3002.868648681643
 20
1797.136373930474
 30
0.0
 40
0.3500144309008424
  1
Tomadas - 1000W
 50
90.0
  7
arial
100
AcDbText
  0
TEXT
  5
13B6
330
1F
100
AcDbEntity
  8
0
100
AcDbText
 10
3001.514315706474
 20
1796.959507223088
 30
0.0
 40
0.3500144309008424
  1
Microondas - 600W
 50
90.0
  7
arial
100
AcDbText
  0
TEXT
  5
13B7
330
1F
100
AcDbEntity
  8
0
100
AcDbText
 10
3000.23126353679
 20
1795.535656836275
 30
0.0
 40
0.3500144309008424
  1
Maquina de Lavar - 500W
 50
90.0
  7
arial
100
AcDbText
  0
TEXT
  5
13B8
330
1F
100
AcDbEntity
  8
0
100
AcDbText
 10
2998.912570964364
 20
1794.739579813483
 30
0.0
 40
0.3500144309008424
  1
Chuveiro Elétrico - 2 x 4500W
 50
90.0
  7
arial
100
AcDbText
  0
LINE
  5
13B9
330
1F
100
AcDbEntity
  8
0
100
AcDbLine
 10
2997.372961178755
 20
1805.126151458106
 30
0.0
 11
2997.372961178755
 21
1803.541466843023
 31
0.0
  0
LINE
  5
13BA
330
1F
100
AcDbEntity
  8
0
100
AcDbLine
 10
2997.372961178755
 20
1803.050246889421
 30
0.0
 11
2997.372961178755
 21
1801.335444446655
 31
0.0
  0
TEXT
  5
13BB
330
1F
100
AcDbEntity
  8
0
100
AcDbText
 10
2997.588515032011
 20
1795.98112193067
 30
0.0
 40
0.3500144309008424
  1
Computador - 1 x 400W
 50
90.0
  7
arial
100
AcDbText
  0
CIRCLE
  5
13BC
330
1F
100
AcDbEntity
  8
0
100
AcDbCircle
 10
2997.372961178755
 20
1803.502029615018
 30
0.0
 40
0.0394372280041608
  0
CIRCLE
  5
13BD
330
1F
100
AcDbEntity
  8
0
100
AcDbCircle
 10
2997.372961178755
 20
1803.089684117425
 30
0.0
 40
0.0394372280041608
  0
ARC
  5
13BE
330
1F
100
AcDbEntity
  8
0
100
AcDbCircle
 10
2997.397180982402
 20
1803.295059620122
 30
0.0
 40
0.2161686393604332
100
AcDbArc
 50
108.232907061966
 51
251.8181154596058
  0
LINE
  5
13BF
330
1F
100
AcDbEntity
  8
0
100
AcDbLine
 10
2997.076577372063
 20
1803.312774791993
 30
0.0
 11
2997.319075737274
 21
1803.312774791993
 31
0.0
  0
LINE
  5
13C0
330
1F
100
AcDbEntity
  8
0
100
AcDbLine
 10
2997.076577372063
 20
1803.259795969455
 30
0.0
 11
2997.319075737274
 21
1803.259795969455
 31
0.0
  0
LINE
  5
13C1
330
1F
100
AcDbEntity
  8
0
100
AcDbLine
 10
2997.076577372063
 20
1803.361970162796
 30
0.0
 11
2997.319075737274
 21
1803.361970162796
 31
0.0
  0
TEXT
  5
13C2
330
1F
100
AcDbEntity
  8
0
100
AcDbText
 10
2997.002789705975
 20
1802.792306056503
 30
0.0
 40
0.3500144309008424
  1
20 A
 50
90.0
  7
arial
100
AcDbText
  0
LINE
  5
13C3
330
1F
100
AcDbEntity
  8
0
100
AcDbLine
 10
3009.218268497397
 20
1805.126151458106
 30
0.0
 11
3009.218268497397
 21
1803.541466843023
 31
0.0
  0
LINE
  5
13C4
330
1F
100
AcDbEntity
  8
0
100
AcDbLine
 10
3009.218268497397
 20
1803.050246889421
 30
0.0
 11
3009.218268497397
 21
1801.335444446655
 31
0.0
  0
TEXT
  5
13C5
330
1F
100
AcDbEntity
  8
0
100
AcDbText
 10
3009.433822350653
 20
1794.630807263525
 30
0.0
 40
0.3500144309008424
  1
Impressora a laser - 3 x 600W
 50
90.0
  7
arial
100
AcDbText
  0
CIRCLE
  5
13C6
330
1F
100
AcDbEntity
  8
0
100
AcDbCircle
 10
3009.218268497397
 20
1803.502029615018
 30
0.0
 40
0.0394372280041608
  0
CIRCLE
  5
13C7
330
1F
100
AcDbEntity
  8
0
100
AcDbCircle
 10
3009.218268497397
 20
1803.089684117425
 30
0.0
 40
0.0394372280041608
  0
ARC
  5
13C8
330
1F
100
AcDbEntity
  8
0
100
AcDbCircle
 10
3009.242488301044
 20
1803.295059620122
 30
0.0
 40
0.2161686393604332
100
AcDbArc
 50
108.232907061966
 51
251.8181154596058
  0
LINE
  5
13C9
330
1F
100
AcDbEntity
  8
0
100
AcDbLine
 10
3008.921884690705
 20
1803.312774791993
 30
0.0
 11
3009.164383055916
 21
1803.312774791993
 31
0.0
  0
LINE
  5
13CA
330
1F
100
AcDbEntity
  8
0
100
AcDbLine
 10
3008.921884690705
 20
1803.259795969455
 30
0.0
 11
3009.164383055916
 21
1803.259795969455
 31
0.0
  0
LINE
  5
13CB
330
1F
100
AcDbEntity
  8
0
100
AcDbLine
 10
3008.921884690705
 20
1803.361970162796
 30
0.0
 11
3009.164383055916
 21
1803.361970162796
 31
0.0
  0
TEXT
  5
13CC
330
1F
100
AcDbEntity
  8
0
100
AcDbText
 10
3008.848097024617
 20
1802.792306056503
 30
0.0
 40
0.3500144309008424
  1
20 A
 50
90.0
  7
arial
100
AcDbText
  0
LINE
  5
13CD
330
1F
100
AcDbEntity
  8
0
100
AcDbLine
 10
2996.132388301855
 20
1805.126151458106
 30
0.0
 11
2996.132388301855
 21
1803.541466843023
 31
0.0
  0
LINE
  5
13CE
330
1F
100
AcDbEntity
  8
0
100
AcDbLine
 10
2996.132388301855
 20
1803.050246889421
 30
0.0
 11
2996.132388301855
 21
1801.335444446655
 31
0.0
  0
TEXT
  5
13CF
330
1F
100
AcDbEntity
  8
0
100
AcDbText
 10
2996.347942155111
 20
1795.006742738334
 30
0.0
 40
0.3500144309008424
  1
Luminárias Externas - 500W
 50
90.0
  7
arial
100
AcDbText
  0
CIRCLE
  5
13D0
330
1F
100
AcDbEntity
  8
0
100
AcDbCircle
 10
2996.132388301855
 20
1803.502029615018
 30
0.0
 40
0.0394372280041608
  0
CIRCLE
  5
13D1
330
1F
100
AcDbEntity
  8
0
100
AcDbCircle
 10
2996.132388301855
 20
1803.089684117425
 30
0.0
 40
0.0394372280041608
  0
ARC
  5
13D2
330
1F
100
AcDbEntity
  8
0
100
AcDbCircle
 10
2996.156608105503
 20
1803.295059620122
 30
0.0
 40
0.2161686393604332
100
AcDbArc
 50
108.232907061966
 51
251.8181154596058
  0
LINE
  5
13D3
330
1F
100
AcDbEntity
  8
0
100
AcDbLine
 10
2995.836004495164
 20
1803.312774791993
 30
0.0
 11
2996.078502860375
 21
1803.312774791993
 31
0.0
  0
LINE
  5
13D4
330
1F
100
AcDbEntity
  8
0
100
AcDbLine
 10
2995.836004495164
 20
1803.259795969455
 30
0.0
 11
2996.078502860375
 21
1803.259795969455
 31
0.0
  0
LINE
  5
13D5
330
1F
100
AcDbEntity
  8
0
100
AcDbLine
 10
2995.836004495164
 20
1803.361970162796
 30
0.0
 11
2996.078502860375
 21
1803.361970162796
 31
0.0
  0
TEXT
  5
13D6
330
1F
100
AcDbEntity
  8
0
100
AcDbText
 10
2995.762216829075
 20
1802.792306056503
 30
0.0
 40
0.3500144309008424
  1
20 A
 50
90.0
  7
arial
100
AcDbText
  0
LINE
  5
13D7
330
1F
100
AcDbEntity
  8
0
100
AcDbLine
 10
3010.485153615681
 20
1805.126151458106
 30
0.0
 11
3010.485153615681
 21
1803.580904071027
 31
0.0
  0
LINE
  5
13D8
330
1F
100
AcDbEntity
  8
0
100
AcDbLine
 10
3010.485153615681
 20
1803.089684117425
 30
0.0
 11
3010.485153615681
 21
1801.374881674659
 31
0.0
  0
TEXT
  5
13D9
330
1F
100
AcDbEntity
  8
0
100
AcDbText
 10
3010.599446788203
 20
1793.709260308414
 30
0.0
 40
0.3500144309008424
  1
Sistema e Equipamentos - 1500W
 50
90.0
  7
arial
100
AcDbText
  0
CIRCLE
  5
13DA
330
1F
100
AcDbEntity
  8
0
100
AcDbCircle
 10
3010.485153615681
 20
1803.541466843023
 30
0.0
 40
0.0394372280041608
  0
CIRCLE
  5
13DB
330
1F
100
AcDbEntity
  8
0
100
AcDbCircle
 10
3010.485153615681
 20
1803.129121345429
 30
0.0
 40
0.0394372280041608
  0
ARC
  5
13DC
330
1F
100
AcDbEntity
  8
0
100
AcDbCircle
 10
3010.509373419328
 20
1803.334496848126
 30
0.0
 40
0.2161686393604332
100
AcDbArc
 50
108.232907061966
 51
251.8181154596058
  0
LINE
  5
13DD
330
1F
100
AcDbEntity
  8
0
100
AcDbLine
 10
3010.188769808989
 20
1803.352212019997
 30
0.0
 11
3010.4312681742
 21
1803.352212019997
 31
0.0
  0
LINE
  5
13DE
330
1F
100
AcDbEntity
  8
0
100
AcDbLine
 10
3010.188769808989
 20
1803.299233197459
 30
0.0
 11
3010.4312681742
 21
1803.299233197459
 31
0.0
  0
LINE
  5
13DF
330
1F
100
AcDbEntity
  8
0
100
AcDbLine
 10
3010.188769808989
 20
1803.401407390801
 30
0.0
 11
3010.4312681742
 21
1803.401407390801
 31
0.0
  0
TEXT
  5
13E0
330
1F
100
AcDbEntity
  8
0
100
AcDbText
 10
3010.1149821429
 20
1802.831743284507
 30
0.0
 40
0.3500144309008424
  1
20 A
 50
90.0
  7
arial
100
AcDbText
  0
INSERT
  5
23CD
330
1F
100
AcDbEntity
  8
0
100
AcDbBlockReference
  2
A0
 10
3070.886957334924
 20
1740.868363514825
 30
0.0
 41
0.0199999999999818
 42
0.0199999999999818
 43
0.0199999999999818
  0
LINE
  5
23CE
330
1F
100
AcDbEntity
  8
0
100
AcDbLine
 10
3174.423334592763
 20
1742.740363533172
 30
0.0
 11
3188.786957526192
 21
1742.740363533172
 31
0.0
  0
LINE
  5
23CF
330
1F
100
AcDbEntity
  8
0
100
AcDbLine
 10
3174.423334592763
 20
1750.956963935043
 30
0.0
 11
3188.786957526192
 21
1750.956963935043
 31
0.0
  0
TEXT
  5
23D0
330
1F
100
AcDbEntity
  8
0
100
AcDbText
 10
3182.91936494963
 20
1742.112581546903
 30
0.0
 40
0.4304475
  1
DATA:
  7
arial
100
AcDbText
  0
TEXT
  5
23D1
330
1F
100
AcDbEntity
  8
0
100
AcDbText
 10
3174.771143069042
 20
1742.125435127471
 30
0.0
 40
0.4304475
  1
ESCALA:
  7
arial
100
AcDbText
  0
TEXT
  5
23D2
330
1F
100
AcDbEntity
  8
0
100
AcDbText
 10
3174.758832705635
 20
1748.581868038501
 30
0.0
 40
0.21522375
  1
RESPONSÁVEL TÉCNICO/REG. NO CREA:
  7
arial
100
AcDbText
  0
TEXT
  5
23D3
330
1F
100
AcDbEntity
  8
0
100
AcDbText
 10
3174.777420933843
 20
1754.673083893177
 30
0.0
 40
0.21522375
  1
ENDEREÇO DA EDIFICAÇÃO/UNIDADE:
  7
arial
100
AcDbText
  0
TEXT
  5
23D4
330
1F
100
AcDbEntity
  8
0
100
AcDbText
 10
3174.973372711702
 20
1755.847816314453
 30
0.0
 40
0.5076525636000002
  1
GERAÇÃO DISTRIBUIDA
  7
arial
100
AcDbText
  0
LINE
  5
23D5
330
1F
100
AcDbEntity
  8
0
100
AcDbLine
 10
3174.423334592763
 20
1748.88614299852
 30
0.0
 11
3188.786957526192
 21
1748.88614299852
 31
0.0
  0
TEXT
  5
23D6
330
1F
100
AcDbEntity
  8
0
100
AcDbText
 10
3174.789720057912
 20
1750.604304966626
 30
0.0
 40
0.21522375
  1
AUTOR DO PROJETO:
  7
arial
100
AcDbText
  0
TEXT
  5
23D7
330
1F
100
AcDbEntity
  8
0
100
AcDbText
 10
3174.789720067267
 20
1752.675125903149
 30
0.0
 40
0.21522375
  1
PROPRIETÁRIO:
  7
arial
100
AcDbText
  0
LINE
  5
23D8
330
1F
100
AcDbEntity
  8
0
100
AcDbLine
 10
3174.519647723983
 20
1753.027784871566
 30
0.0
 11
3188.786957526192
 21
1753.027784871566
 31
0.0
  0
LINE
  5
23D9
330
1F
100
AcDbEntity
  8
0
100
AcDbLine
 10
3174.423334592763
 20
1753.027784871566
 30
0.0
 11
3188.786957526192
 21
1753.027784871566
 31
0.0
  0
LINE
  5
23DA
330
1F
100
AcDbEntity
  8
0
100
AcDbLine
 10
3174.423334592763
 20
1755.098605808089
 30
0.0
 11
3188.786957526192
 21
1755.098605808089
 31
0.0
  0
LINE
  5
23DB
330
1F
100
AcDbEntity
  8
0
100
AcDbLine
 10
3174.423334592054
 20
1746.911024312397
 30
0.0
 11
3188.786957526192
 21
1746.911024312397
 31
0.0
  0
LINE
  5
23DC
330
1F
100
AcDbEntity
  8
0
100
AcDbLine
 10
3174.423334592763
 20
1743.641382456396
 30
0.0
 11
3188.786957526192
 21
1743.641382456396
 31
0.0
  0
TEXT
  5
23DD
330
1F
100
AcDbEntity
  8
0
100
AcDbText
 10
3174.75081880303
 20
1742.993184612913
 30
0.0
 40
0.4304475
  1
N° DA ART:
  7
arial
100
AcDbText
  0
LINE
  5
23DE
330
1F
100
AcDbEntity
  8
0
100
AcDbLine
 10
3182.669428280957
 20
1742.747938409457
 30
0.0
 11
3182.669428280957
 21
1741.905332302554
 31
0.0
  0
TEXT
  5
23DF
330
1F
100
AcDbEntity
  8
0
100
AcDbText
 10
3174.589567955856
 20
1746.194802006028
 30
0.0
 40
0.4304475
  1
DESCRITIVO:
  7
arial
100
AcDbText
  0
LINE
  5
23E0
330
1F
100
AcDbEntity
  8
0
 62
     7
 48
0.1
100
AcDbLine
 10
3174.423334590243
 20
1741.868363516287
 30
0.0
 11
3174.423334595639
 21
1756.896324442042
 31
0.0
  0
TEXT
  5
23E1
330
1F
100
AcDbEntity
  8
0
100
AcDbText
 10
3181.645574128375
 20
1743.008304094956
 30
0.0
 40
0.4304475
  1
VIA DE PROJETO:
  7
arial
100
AcDbText
  0
LINE
  5
23E2
330
1F
100
AcDbEntity
  8
0
 62
     7
 48
0.1
100
AcDbLine
 10
3174.423334595639
 20
1756.896324442042
 30
0.0
 11
3188.786957526192
 21
1756.896324442042
 31
0.0
  0
TEXT
  5
2412
330
1F
100
AcDbEntity
  8
0
100
AcDbText
 10
3075.030305700707
 20
1819.299575436831
 30
0.0
 40
2.014494299999999
  1
DIAGRAMA UNIFILAR/INFORMATIVO - Modelo 1
  7
arial
 72
     1
 11
3106.539415045182
 21
1820.306822586831
 31
0.0
100
AcDbText
 73
     2
  0
TEXT
  5
241E
330
1F
100
AcDbEntity
  8
0
100
AcDbText
 10
3140.322815962939
 20
1817.385453724541
 30
0.0
 40
1.458368835828284
  1
MODELO A SER ADOTADO QUANDO O MEDIDOR
  7
arial
 72
     1
 11
3164.320742709941
 21
1818.114638142455
 31
0.0
100
AcDbText
 73
     2
  0
TEXT
  5
241F
330
1F
100
AcDbEntity
  8
0
100
AcDbText
 10
3140.273289457468
 20
1815.117148038233
 30
0.0
 40
1.458368835828284
  1
ESTIVER INSTALADO EM CAIXA COM TAMPA
  7
arial
 72
     1
 11
3162.293067207167
 21
1815.846332456147
 31
0.0
100
AcDbText
 73
     2
  0
TEXT
  5
2420
330
1F
100
AcDbEntity
  8
0
100
AcDbText
 10
3140.275448387854
 20
1812.747622078739
 30
0.0
 40
1.458368835828284
  1
TRANSPARENTE (MEDIÇÃO DIRETA ATÉ 200A)
  7
arial
 72
     1
 11
3163.199494399332
 21
1813.476806496653
 31
0.0
100
AcDbText
 73
     2
  0
TEXT
  5
2421
330
1F
100
AcDbEntity
  8
0
100
AcDbText
 10
3140.637790627009
 20
1820.62473603516
 30
0.0
 40
1.458368835828284
  1
ATENÇÃO:
  7
arial
 72
     1
 11
3145.843550598284
 21
1821.353920453075
 31
0.0
100
AcDbText
 73
     2
  0
LWPOLYLINE
  5
2423
330
1F
100
AcDbEntity
  8
0
 62
     7
 48
0.1
100
AcDbPolyline
 90
        4
 70
     1
 43
0.0
 10
3140.428861670755
 20
1820.069810912963
 10
3151.08069936054
 20
1820.069810912963
 10
3151.08069936054
 20
1819.657655471909
 10
3140.428861670755
 20
1819.657655471909
  0
TEXT
  5
2424
330
1F
100
AcDbEntity
  8
0
100
AcDbText
 10
3179.604823718464
 20
1764.061479538688
 30
0.0
 40
0.279790875
  1
DETALHE DA PLACA DE
  7
arial
 72
     1
 11
3181.852979661208
 21
1764.201374976188
 31
0.0
100
AcDbText
 73
     2
  0
TEXT
  5
2425
330
1F
100
AcDbEntity
  8
0
100
AcDbText
 10
3179.00562284021
 20
1763.590108906038
 30
0.0
 40
0.279790875
  1
ADVERTÊNCIA DE SEGURANÇA
  7
arial
 72
     1
 11
3182.013661026346
 21
1763.730004343539
 31
0.0
100
AcDbText
 73
     2
  0
LWPOLYLINE
  5
2426
330
1F
100
AcDbEntity
  8
0
 62
   250
100
AcDbPolyline
 90
        4
 70
     1
 43
0.0
 10
3180.352120721648
 20
1767.067259082932
 10
3183.53964988654
 20
1767.067259082932
 10
3183.53964988654
 20
1765.064411752879
 10
3180.352120721648
 20
1765.064411752879
  0
HATCH
  5
2427
330
1F
100
AcDbEntity
  8
0
 62
   250
100
AcDbHatch
 10
0.0
 20
0.0
 30
0.0
210
0.0
220
0.0
230
1.0
  2
SOLID
 70
     1
 71
     0
 91
        1
 92
        1
 93
        4
 72
     1
 10
3180.57715376956
 20
1766.945081470672
 11
3183.284840069682
 21
1766.945081470672
 72
     1
 10
3183.284840069682
 20
1766.945081470672
 11
3183.284840069682
 21
1766.316152542781
 72
     1
 10
3183.284840069682
 20
1766.316152542781
 11
3180.57715376956
 21
1766.316152542781
 72
     1
 10
3180.57715376956
 20
1766.316152542781
 11
3180.57715376956
 21
1766.945081470672
 97
        0
 75
     0
 76
     1
 98
        1
 10
3223.565637186052
 20
1774.413055933623
450
        0
451
        0
460
0.0
461
0.0
452
        0
462
0.0
453
        0
470

1001
ACAD
1010
0.0
1020
0.0
1030
0.0
  0
HATCH
  5
2428
330
1F
100
AcDbEntity
  8
0
 62
     2
100
AcDbHatch
 10
0.0
 20
0.0
 30
0.0
210
0.0
220
0.0
230
1.0
  2
SOLID
 70
     1
 71
     1
 91
        2
 92
        7
 72
     0
 73
     1
 93
        4
 10
3180.352120721648
 20
1767.067259082932
 10
3180.352120721648
 20
1765.064411752879
 10
3183.53964988654
 20
1765.064411752879
 10
3183.53964988654
 20
1767.067259082932
 97
        1
330
243D
 92
       24
 93
        4
 72
     1
 10
3180.949231974892
 20
1766.321831914956
 11
3183.045499598357
 21
1766.321831914956
 72
     1
 10
3183.045499598357
 20
1766.321831914956
 11
3183.045499598357
 21
1766.944100215092
 72
     1
 10
3183.045499598357
 20
1766.944100215092
 11
3180.949231974892
 21
1766.944100215092
 72
     1
 10
3180.949231974892
 20
1766.944100215092
 11
3180.949231974892
 21
1766.321831914956
 97
        1
330
243E
 75
     1
 76
     1
 47
0.4700850936995802
 98
        1
 10
3182.323408479092
 20
1767.002731829984
450
        0
451
        0
460
0.0
461
0.0
452
        0
462
0.0
453
        0
470

1001
GradientColor1ACI
1070
     5
1001
GradientColor2ACI
1070
     2
1001
ACAD
1010
0.0
1020
0.0
1030
0.0
  0
LINE
  5
2429
330
1F
100
AcDbEntity
  8
0
 62
   253
100
AcDbLine
 10
3183.605913707312
 20
1767.061298483484
 30
0.0
 11
3183.85730209168
 21
1767.061298483484
 31
0.0
  0
LINE
  5
242A
330
1F
100
AcDbEntity
  8
0
 62
   253
100
AcDbLine
 10
3183.731607899496
 20
1766.985622123761
 30
0.0
 11
3183.731615271089
 21
1765.140088112601
 31
0.0
  0
LINE
  5
242B
330
1F
100
AcDbEntity
  8
0
 62
   253
100
AcDbLine
 10
3183.85730209168
 20
1765.06496513515
 30
0.0
 11
3183.605913707312
 21
1765.064527191157
 31
0.0
  0
LINE
  5
242C
330
1F
100
AcDbEntity
  8
0
 62
   253
100
AcDbLine
 10
3183.731607899496
 20
1767.061298483484
 30
0.0
 11
3183.682915914711
 21
1766.985622123761
 31
0.0
  0
LINE
  5
242D
330
1F
100
AcDbEntity
  8
0
 62
   253
100
AcDbLine
 10
3183.780285141096
 20
1766.985622123761
 30
0.0
 11
3183.731607899496
 21
1767.061298483484
 31
0.0
  0
LINE
  5
242E
330
1F
100
AcDbEntity
  8
0
 62
   253
100
AcDbLine
 10
3183.682915914711
 20
1766.985622123761
 30
0.0
 11
3183.780285141096
 21
1766.985622123761
 31
0.0
  0
LINE
  5
242F
330
1F
100
AcDbEntity
  8
0
 62
   253
100
AcDbLine
 10
3183.731607899496
 20
1765.064411752879
 30
0.0
 11
3183.780299884281
 21
1765.140088112601
 31
0.0
  0
LINE
  5
2430
330
1F
100
AcDbEntity
  8
0
 62
   253
100
AcDbLine
 10
3183.682930657896
 20
1765.140088112601
 30
0.0
 11
3183.731607899496
 21
1765.064411752879
 31
0.0
  0
LINE
  5
2431
330
1F
100
AcDbEntity
  8
0
 62
   253
100
AcDbLine
 10
3183.780299884281
 20
1765.140088112601
 30
0.0
 11
3183.682930657896
 21
1765.140088112601
 31
0.0
  0
LINE
  5
2432
330
1F
100
AcDbEntity
  8
0
 62
   253
100
AcDbLine
 10
3180.352120721648
 20
1764.767553115202
 30
0.0
 11
3180.352120721648
 21
1765.01894149957
 31
0.0
  0
LINE
  5
2433
330
1F
100
AcDbEntity
  8
0
 62
   253
100
AcDbLine
 10
3180.427797081371
 20
1764.893247307386
 30
0.0
 11
3183.463639116543
 21
1764.893254678978
 31
0.0
  0
LINE
  5
2434
330
1F
100
AcDbEntity
  8
0
 62
   253
100
AcDbLine
 10
3183.539096504269
 20
1765.01894149957
 30
0.0
 11
3183.539534448262
 21
1764.767553115202
 31
0.0
  0
LINE
  5
2435
330
1F
100
AcDbEntity
  8
0
 62
   253
100
AcDbLine
 10
3180.352120721648
 20
1764.893247307386
 30
0.0
 11
3180.427797081371
 21
1764.844555322601
 31
0.0
  0
LINE
  5
2436
330
1F
100
AcDbEntity
  8
0
 62
   253
100
AcDbLine
 10
3180.427797081371
 20
1764.941924548986
 30
0.0
 11
3180.352120721648
 21
1764.893247307386
 31
0.0
  0
LINE
  5
2437
330
1F
100
AcDbEntity
  8
0
 62
   253
100
AcDbLine
 10
3180.427797081371
 20
1764.844555322601
 30
0.0
 11
3180.427797081371
 21
1764.941924548986
 31
0.0
  0
LINE
  5
2438
330
1F
100
AcDbEntity
  8
0
 62
   253
100
AcDbLine
 10
3183.539315476265
 20
1764.893247307386
 30
0.0
 11
3183.463639116543
 21
1764.941939292171
 31
0.0
  0
LINE
  5
2439
330
1F
100
AcDbEntity
  8
0
 62
   253
100
AcDbLine
 10
3183.463639116543
 20
1764.844570065786
 30
0.0
 11
3183.539315476265
 21
1764.893247307386
 31
0.0
  0
LINE
  5
243A
330
1F
100
AcDbEntity
  8
0
 62
   253
100
AcDbLine
 10
3183.463639116543
 20
1764.941939292171
 30
0.0
 11
3183.463639116543
 21
1764.844570065786
 31
0.0
  0
MTEXT
  5
243B
330
1F
100
AcDbEntity
  8
0
 62
     3
100
AcDbMText
 10
3181.765160379495
 20
1764.80054046187
 30
0.0
 40
0.1811808
 41
82.59518912139174
 46
0.0
 71
     1
 72
     5
  1
250
 73
     1
 44
1.0
101
Embedded Object
 70
     1
 10
1.0
 20
0.0
 30
0.0
 11
3181.765160379495
 21
1764.80054046187
 31
0.0
 40
82.59518912139174
 41
0.0
 42
0.4027750526603003
 43
0.1850120447476126
 71
     2
 72
     1
 44
82.59518912139174
 45
12.5
 73
     0
 74
     0
 46
0.0
  0
MTEXT
  5
243C
330
1F
100
AcDbEntity
  8
0
 62
     3
100
AcDbMText
 10
3183.988759133342
 20
1766.269854211585
 30
0.0
 40
0.1811808
 41
82.59518912139174
 46
0.0
 71
     1
 72
     5
  1
150
 11
-0.0000000000000002
 21
-1.0
 31
0.0
 73
     1
 44
1.0
101
Embedded Object
 70
     1
 10
-0.0000000000000002
 20
-1.0
 30
0.0
 11
3183.988759133342
 21
1766.269854211585
 31
0.0
 40
82.59518912139174
 41
0.0
 42
0.382630120600273
 43
0.1850120447476126
 71
     2
 72
     1
 44
82.59518912139174
 45
12.5
 73
     0
 74
     0
 46
0.0
  0
LWPOLYLINE
  5
243D
102
{ACAD_REACTORS
330
2428
102
}
330
1F
100
AcDbEntity
  8
0
 62
   250
100
AcDbPolyline
 90
        4
 70
     1
 43
0.0
 10
3180.352120721648
 20
1767.067259082932
 10
3183.53964988654
 20
1767.067259082932
 10
3183.53964988654
 20
1765.064411752879
 10
3180.352120721648
 20
1765.064411752879
  0
MTEXT
  5
243E
102
{ACAD_REACTORS
330
2428
102
}
330
1F
100
AcDbEntity
  8
0
 62
     2
100
AcDbMText
 10
3181.045734026733
 20
1766.794043129144
 30
0.0
 40
0.301968
 41
202.1347572503546
 46
0.0
 71
     1
 72
     5
  1
CUIDADO
 73
     1
 44
1.0
101
Embedded Object
 70
     1
 10
1.0
 20
0.0
 30
0.0
 11
3181.045734026733
 21
1766.794043129144
 31
0.0
 40
202.1347572503546
 41
0.0
 42
1.905323328785811
 43
0.3124730259208732
 71
     2
 72
     1
 44
202.1347572503546
 45
12.5
 73
     0
 74
     0
 46
0.0
  0
MTEXT
  5
243F
330
1F
100
AcDbEntity
  8
0
 62
   250
100
AcDbMText
 10
3180.745133762707
 20
1766.206592761264
 30
0.0
 40
0.1811808
 41
632.7657901162855
 46
0.0
 71
     1
 72
     5
  1
RISCO DE CHOQUE
 73
     1
 44
1.0
101
Embedded Object
 70
     1
 10
1.0
 20
0.0
 30
0.0
 11
3180.745133762707
 21
1766.206592761264
 31
0.0
 40
632.7657901162855
 41
0.0
 42
2.371293321691678
 43
0.1984831956343793
 71
     2
 72
     1
 44
632.7657901162855
 45
12.5
 73
     0
 74
     0
 46
0.0
  0
MTEXT
  5
2440
102
{ACAD_XDICTIONARY
360
2441
102
}
330
1F
100
AcDbEntity
  8
0
 62
   250
100
AcDbMText
 10
3181.279569151877
 20
1765.940141465495
 30
0.0
 40
0.1811808
 41
523.010011733986
 46
0.0
 71
     1
 72
     5
  1
ELÉTRICO
 73
     1
 44
1.0
101
Embedded Object
 70
     1
 10
1.0
 20
0.0
 30
0.0
 11
3181.279569151877
 21
1765.940141465495
 31
0.0
 40
523.010011733986
 41
0.0
 42
1.234402339972715
 43
0.2299982733969987
 71
     2
 72
     1
 44
523.010011733986
 45
12.5
 73
     0
 74
     0
 46
0.0
  0
MTEXT
  5
2442
102
{ACAD_XDICTIONARY
360
2443
102
}
330
1F
100
AcDbEntity
  8
0
 62
   250
100
AcDbMText
 10
3180.745133762707
 20
1765.64356045282
 30
0.0
 40
0.1811808
 41
624.2886007917039
 46
0.0
 71
     1
 72
     5
  1
GERAÇÃO PRÓPRIA
 73
     1
 44
1.0
101
Embedded Object
 70
     1
 10
1.0
 20
0.0
 30
0.0
 11
3180.745133762707
 21
1765.64356045282
 31
0.0
 40
624.2886007917039
 41
0.0
 42
2.462254487312415
 43
0.2789393353342429
 71
     2
 72
     1
 44
624.2886007917039
 45
12.5
 73
     0
 74
     0
 46
0.0
  0
LWPOLYLINE
  5
2444
330
1F
100
AcDbEntity
  8
0
 62
   250
100
AcDbPolyline
 90
        4
 70
     1
 43
0.0
 10
3180.352120721648
 20
1767.067259082932
 10
3183.53964988654
 20
1767.067259082932
 10
3183.53964988654
 20
1765.064411752879
 10
3180.352120721648
 20
1765.064411752879
  0
OLE2FRAME
  5
2445
330
1F
100
AcDbEntity
  8
ARQ-FOLHA
 62
     7
 48
0.1
100
AcDbOle2Frame
 70
     2
  1
OLE
1001
ACAD
1000
OLEBEGIN
1070
    70
1070
     1
1070
    71
1070
     1
1070
    40
1040
0.0
1070
    41
1040
10.71416488962677
1070
    42
1040
2.288469877303896
1070
    72
1070
     0
1070
     3
1000

1070
    90
1071
        0
1070
    43
1040
0.0
1070
     4
1000

1070
    91
1071
        0
1070
    44
1040
0.0
1000
OLEEND
  0
OLE2FRAME
  5
2446
330
1F
100
AcDbEntity
  8
ARQ-FOLHA
 48
0.1
100
AcDbOle2Frame
 70
     2
  1
OLE
1001
ACAD
1000
OLEBEGIN
1070
    70
1070
     1
1070
    71
1070
     1
1070
    40
1040
0.0
1070
    41
1040
6.699052685550668
1070
    42
1040
4.78572496476363
1070
    72
1070
     0
1070
     3
1000

1070
    90
1071
        0
1070
    43
1040
0.0
1070
     4
1000

1070
    91
1071
        0
1070
    44
1040
0.0
1000
OLEEND
  0
OLE2FRAME
  5
2447
330
1F
100
AcDbEntity
  8
ARQ-FOLHA
 48
0.1
100
AcDbOle2Frame
 70
     2
  1
OLE
1001
ACAD
1000
OLEBEGIN
1070
    70
1070
     1
1070
    71
1070
     1
1070
    40
1040
0.0
1070
    41
1040
6.996183040330834
1070
    42
1040
4.774609391565036
1070
    72
1070
     0
1070
     3
1000

1070
    90
1071
        0
1070
    43
1040
0.0
1070
     4
1000

1070
    91
1071
        0
1070
    44
1040
0.0
1000
OLEEND
  0
OLE2FRAME
  5
2448
330
1F
100
AcDbEntity
  8
ARQ-FOLHA
 62
     1
 48
0.1
100
AcDbOle2Frame
 70
     2
  1
OLE
1001
ACAD
1000
OLEBEGIN
1070
    70
1070
     1
1070
    71
1070
     1
1070
    40
1040
0.0
1070
    41
1040
8.592227893378094
1070
    42
1040
4.108269437070703
1070
    72
1070
     0
1070
     3
1000

1070
    90
1071
        0
1070
    43
1040
0.0
1070
     4
1000

1070
    91
1071
        0
1070
    44
1040
0.0
1000
OLEEND
  0
TEXT
  5
2449
330
1F
100
AcDbEntity
  8
0
100
AcDbText
 10
3163.309726292932
 20
1785.13833077586
 30
0.0
 40
0.55958175
  1
OPERACIONAIS DE SEGURANÇA DA EDP escelsa
  7
arial
 72
     1
 11
3172.519159364044
 21
1785.41812165086
 31
0.0
100
AcDbText
 73
     2
  0
TEXT
  5
244A
330
1F
100
AcDbEntity
  8
0
100
AcDbText
 10
3158.815513793273
 20
1786.434851998843
 30
0.0
 40
0.55958175
  1
OS CRITÉRIOS PARA  ATENDIMENTOS ADMINISTRATIVOS  E TÉCNICOS 
  7
arial
 72
     1
 11
3172.519159364044
 21
1786.714642873843
 31
0.0
100
AcDbText
 73
     2
  0
TEXT
  5
244B
330
1F
100
AcDbEntity
  8
0
100
AcDbText
 10
3157.447095939419
 20
1787.861036529228
 30
0.0
 40
0.55958175
  1
RECOMENDAÇÕES PARA COMPOSIÇÃO DO PROJETO EM QUESTÃO SEGUNDO
  7
arial
 72
     1
 11
3172.519159364044
 21
1788.140827404228
 31
0.0
100
AcDbText
 73
     2
  0
LWPOLYLINE
  5
244C
330
1F
100
AcDbEntity
  8
ARQ-FOLHA
 62
     7
 48
0.1
100
AcDbPolyline
 90
        4
 70
     1
 43
0.0
 10
3157.212602556795
 20
1788.752125533275
 10
3187.745918953336
 20
1788.752125533275
 10
3187.745918953336
 20
1784.893936078454
 10
3157.212602556795
 20
1784.893936078454
  0
LWPOLYLINE
  5
244D
330
1F
100
AcDbEntity
  8
ARQ-FOLHA
 62
     7
 48
0.1
100
AcDbPolyline
 90
        4
 70
     1
 43
0.0
 10
3157.091975653249
 20
1788.899936670416
 10
3187.867659739211
 20
1788.899936670416
 10
3187.867659739211
 20
1784.711604916946
 10
3157.091975653249
 20
1784.711604916946
  0
MTEXT
  5
244F
102
{ACAD_XDICTIONARY
360
2450
102
}
330
1F
100
AcDbEntity
  8
0
100
AcDbMText
 10
3174.845644732357
 20
1754.241422553711
 30
0.0
 40
0.2422420359748263
 41
11.91295668138855
 46
0.0
 71
     1
 72
     5
  1
AV AGENOR LUIZ HERINGER 439, CENTRO, Pinheiros/ES, Cep: 29980-000
  7
arial
 73
     1
 44
1.0
101
Embedded Object
 70
     1
 10
1.0
 20
0.0
 30
0.0
 11
3174.845644732357
 21
1754.241422553711
 31
0.0
 40
11.91295668138855
 41
0.0
 42
11.7386590966246
 43
0.3137910138582505
 71
     2
 72
     1
 44
11.91295668138855
 45
18.58626786583969
 73
     0
 74
     0
 46
0.0
  0
MTEXT
  5
2451
330
1F
100
AcDbEntity
  8
0
100
AcDbMText
 10
3174.884996342928
 20
1752.591534174484
 30
0.0
 40
0.3763675831320123
 41
16.23586472904047
 46
0.0
 71
     1
 72
     5
  1
{\H1.33333x;MUNICÍPIO DE PINHEIROS}
  7
arial
 73
     1
 44
1.0
101
Embedded Object
 70
     1
 10
1.0
 20
0.0
 30
0.0
 11
3174.884996342928
 21
1752.591534174484
 31
0.0
 40
16.23586472904047
 41
0.0
 42
8.831180538840012
 43
0.6370334890027234
 71
     2
 72
     1
 44
16.23586472904047
 45
17.72793187093529
 73
     0
 74
     0
 46
0.0
  0
MTEXT
  5
2452
330
1F
100
AcDbEntity
  8
0
100
AcDbMText
 10
3176.866637994721
 20
1750.24199575474
 30
0.0
 40
0.2391923296656081
 41
9.505569682272835
 46
0.0
 71
     1
 72
     5
  1
ELVIS CEOLIN PESTANA\PCREA ES 39309/D
  7
arial
 73
     1
 44
1.0
101
Embedded Object
 70
     1
 10
1.0
 20
0.0
 30
0.0
 11
3176.866637994721
 21
1750.24199575474
 31
0.0
 40
9.505569682272835
 41
0.0
 42
3.910941433891286
 43
0.6504095203435668
 71
     2
 72
     1
 44
9.505569682272835
 45
18.35227603140365
 73
     0
 74
     0
 46
0.0
  0
MTEXT
  5
2453
330
1F
100
AcDbEntity
  8
0
100
AcDbMText
 10
3176.928669127067
 20
1748.039809576676
 30
0.0
 40
0.2391923296656081
 41
6.474380661291888
 46
0.0
 71
     1
 72
     5
  1
CRISTIANO FERNANDES PESTANA\PCREA ES 2899/D
  7
arial
 73
     1
 44
1.0
101
Embedded Object
 70
     1
 10
1.0
 20
0.0
 30
0.0
 11
3176.928669127067
 21
1748.039809576676
 31
0.0
 40
6.474380661291888
 41
0.0
 42
5.609598558140021
 43
0.6502463605006845
 71
     2
 72
     1
 44
6.474380661291888
 45
12.5
 73
     0
 74
     0
 46
0.0
  0
TEXT
  5
2454
330
1F
100
AcDbEntity
  8
0
100
AcDbText
 10
3176.715717722896
 20
1745.307908179174
 30
0.0
 40
0.1629173469112987
  1
PROJETO DE MICROGERAÇÃO DISTRBUIDA SOLAR FOTOVOLTAICA DE POTÊNCIA 25,02 KWP 
  7
arial
100
AcDbText
  0
TEXT
  5
2455
330
1F
100
AcDbEntity
  8
0
100
AcDbText
 10
3185.971938091936
 20
1742.202157296646
 30
0.0
 40
0.1629173469112987
  1
09/01/2026
  7
arial
100
AcDbText
  0
MTEXT
  5
2456
330
1F
100
AcDbEntity
  8
0
100
AcDbMText
 10
3178.359230590626
 20
1743.398601690442
 30
0.0
 40
0.1629173469112987
 41
6.474380661291888
 46
0.0
 71
     1
 72
     5
  1
{\fArial|b1|i0|c0|p34;\H1.16667x;0820260002637\P0820260002650}
  7
arial
 73
     1
 44
1.0
101
Embedded Object
 70
     1
 10
1.0
 20
0.0
 30
0.0
 11
3178.359230590626
 21
1743.398601690442
 31
0.0
 40
6.474380661291888
 41
0.0
 42
1.896818231787381
 43
0.5027310721881562
 71
     2
 72
     1
 44
6.474380661291888
 45
12.5
 73
     0
 74
     0
 46
0.0
  0
TEXT
  5
2457
330
1F
100
AcDbEntity
  8
0
100
AcDbText
 10
3178.233662384525
 20
1742.230384525177
 30
0.0
 40
0.1629173469112987
  1
SEM ESCALA
  7
arial
100
AcDbText
  0
LINE
  5
250F
330
1F
100
AcDbEntity
  8
0
 62
     7
 48
0.1
100
AcDbLine
 10
3090.891804465643
 20
1804.689444946172
 30
0.0
 11
3090.891804465643
 21
1792.177729822662
 31
0.0
  0
HATCH
  5
2511
330
1F
100
AcDbEntity
  8
0
 62
     1
 48
0.1
100
AcDbHatch
 10
0.0
 20
0.0
 30
0.0
210
0.0
220
0.0
230
1.0
  2
ANSI31
 70
     0
 71
     1
 91
        1
 92
        1
 93
        4
 72
     1
 10
3090.498831543932
 20
1806.184102057802
 11
3091.284777387354
 21
1806.184102057802
 72
     1
 10
3091.284777387354
 20
1806.184102057802
 11
3091.284777387354
 21
1804.689444946172
 72
     1
 10
3091.284777387354
 20
1804.689444946172
 11
3090.498831543932
 21
1804.689444946172
 72
     1
 10
3090.498831543932
 20
1804.689444946172
 11
3090.498831543932
 21
1806.184102057802
 97
        1
330
2512
 75
     0
 76
     1
 52
0.0
 41
0.0960371669048788
 77
     0
 78
     1
 53
44.99999999999998
 43
1641.79883253791
 44
1903.423488839935
 45
-0.2156095889869193
 46
0.2156095889869192
 79
     0
 98
        1
 10
1641.79883253791
 20
1903.423488839935
1001
ACAD
1010
0.0
1020
0.0
1030
0.0
  0
LWPOLYLINE
  5
2512
102
{ACAD_REACTORS
330
2511
102
}
330
1F
100
AcDbEntity
  8
0
 62
     1
 48
0.1
100
AcDbPolyline
 90
        4
 70
     1
 43
0.0
 10
3090.498831543932
 20
1806.184102057802
 10
3091.284777387354
 20
1806.184102057802
 10
3091.284777387354
 20
1804.689444946172
 10
3090.498831543932
 20
1804.689444946172
  0
TEXT
  5
2513
330
1F
100
AcDbEntity
  8
0
 62
     7
100
AcDbText
 10
3092.818314781059
 20
1803.627232212649
 30
0.0
 40
0.560230445181259
  1
Dispositivo de Seccionamento Visível
  7
arial
100
AcDbText
  0
LINE
  5
2514
330
1F
100
AcDbEntity
  8
0
 62
     7
 48
0.1
100
AcDbLine
 10
3106.029155923885
 20
1803.347428713331
 30
0.0
 11
3092.626793620196
 21
1803.347428713331
 31
0.0
  0
LINE
  5
2515
330
1F
100
AcDbEntity
  8
0
 62
     7
 48
0.1
100
AcDbLine
 10
3091.701427933902
 20
1804.272794399625
 30
0.0
 11
3092.626793620196
 21
1803.347428713331
 31
0.0
  0
HATCH
  5
2516
330
1F
100
AcDbEntity
  8
0
 62
     7
 48
0.1
100
AcDbHatch
 10
0.0
 20
0.0
 30
0.0
210
0.0
220
0.0
230
1.0
  2
SOLID
 70
     1
 71
     0
 91
        1
 92
        7
 72
     0
 73
     1
 93
        3
 10
3091.452513233685
 20
1804.023879699408
 10
3091.950342634117
 20
1804.52170909984
 10
3091.284777387353
 20
1804.689444946173
 97
        0
 75
     0
 76
     1
 47
0.0132666009269585
 98
        1
 10
3091.509232429816
 20
1804.399610142328
450
        0
451
        0
460
0.0
461
0.0
452
        1
462
1.0
453
        2
463
0.0
 63
     5
421
      255
463
1.0
 63
     7
421
 16777215
470
LINEAR
1001
ACAD
1010
0.0
1020
0.0
1030
0.0
  0
LINE
  5
2517
330
1F
100
AcDbEntity
  8
0
 62
     7
 48
0.1
100
AcDbLine
 10
3091.284777387354
 20
1804.689444946172
 30
0.0
 11
3091.452513233685
 21
1804.023879699409
 31
0.0
  0
LINE
  5
2518
330
1F
100
AcDbEntity
  8
0
 62
     7
 48
0.1
100
AcDbLine
 10
3091.452513233685
 20
1804.023879699409
 30
0.0
 11
3091.950342634117
 21
1804.521709099842
 31
0.0
  0
LINE
  5
2519
330
1F
100
AcDbEntity
  8
0
 62
     7
 48
0.1
100
AcDbLine
 10
3091.284777387355
 20
1804.689444946173
 30
0.0
 11
3091.950342634119
 21
1804.52170909984
 31
0.0
  0
TEXT
  5
251A
330
1F
100
AcDbEntity
  8
0
 62
     7
100
AcDbText
 10
3092.838390302487
 20
1804.664712634996
 30
0.0
 40
0.560230445181259
  1
DISJUNTOR 200A
  7
arial
100
AcDbText
  0
TEXT
  5
251B
330
1F
100
AcDbEntity
  8
0
100
AcDbText
 10
3081.275281983126
 20
1800.805265985225
 30
0.0
 40
0.3237263223213081
  1
Cargas Internas
  7
arial
100
AcDbText
  0
LINE
  5
251C
330
1F
100
AcDbEntity
  8
0
100
AcDbLine
 10
3090.891804465643
 20
1802.771849697671
 30
0.0
 11
3085.76092568547
 21
1802.771849697671
 31
0.0
  0
LINE
  5
251D
330
1F
100
AcDbEntity
  8
0
100
AcDbLine
 10
3085.76092568547
 20
1802.771849697671
 30
0.0
 11
3085.76092568547
 21
1801.705677998937
 31
0.0
  0
LWPOLYLINE
  5
251E
330
1F
100
AcDbEntity
  8
0
 62
     1
 48
0.1
100
AcDbPolyline
 90
        4
 70
     1
 43
0.0
 10
3079.837937202773
 20
1801.733584176155
 10
3086.213862343802
 20
1801.733584176155
 10
3086.213862343802
 20
1799.732858553365
 10
3079.837937202773
 20
1799.732858553365
  0
TEXT
  5
251F
330
1F
100
AcDbEntity
  8
0
100
AcDbText
 10
3080.379548372599
 20
1800.290194778985
 30
0.0
 40
0.3237263223213081
  1
(Quadro de Distribuição)
  7
arial
100
AcDbText
  0
LINE
  5
2520
330
1F
100
AcDbEntity
  8
0
 62
     2
100
AcDbLine
 10
3083.025899773288
 20
1799.732858553365
 30
0.0
 11
3083.025899773288
 21
1799.347174486728
 31
0.0
  0
LINE
  5
2521
330
1F
100
AcDbEntity
  8
0
 62
     3
100
AcDbLine
 10
3083.025899773288
 20
1799.347174486728
 30
0.0
 11
3083.772131946159
 21
1799.347174486728
 31
0.0
  0
LINE
  5
2522
330
1F
100
AcDbEntity
  8
0
 62
     3
100
AcDbLine
 10
3083.772131946159
 20
1799.347174486728
 30
0.0
 11
3083.772131946159
 21
1798.828662473195
 31
0.0
  0
LINE
  5
2523
330
1F
100
AcDbEntity
  8
0
 62
     3
100
AcDbLine
 10
3083.379623396337
 20
1798.828662473195
 30
0.0
 11
3084.164640495979
 21
1798.828662473195
 31
0.0
  0
LINE
  5
2524
330
1F
100
AcDbEntity
  8
0
 62
     3
100
AcDbLine
 10
3083.542109651408
 20
1798.715501110927
 30
0.0
 11
3084.017064991394
 21
1798.715501110927
 31
0.0
  0
LINE
  5
2525
330
1F
100
AcDbEntity
  8
0
 62
     3
100
AcDbLine
 10
3083.681172634613
 20
1798.598265881377
 30
0.0
 11
3083.890154164705
 21
1798.598265881377
 31
0.0
  0
LINE
  5
2526
330
1F
100
AcDbEntity
  8
0
 62
     3
100
AcDbLine
 10
3083.75207348287
 20
1798.450418253724
 30
0.0
 11
3083.828066263486
 21
1798.450418253724
 31
0.0
  0
CIRCLE
  5
2527
330
1F
100
AcDbEntity
  8
0
 62
     3
100
AcDbCircle
 10
3083.025899773288
 20
1799.347174486728
 30
0.0
 40
0.0360100193299822
  0
LWPOLYLINE
  5
252C
330
1F
100
AcDbEntity
  8
0
  6
HIDDEN2
100
AcDbPolyline
 90
        4
 70
     1
 43
0.0
 10
3078.92446247563
 20
1803.137478839832
 10
3155.197383751451
 20
1803.137478839832
 10
3155.197383751451
 20
1756.302048547994
 10
3078.92446247563
 20
1756.302048547994
  0
LINE
  5
25AC
330
1F
100
AcDbEntity
  8
0
 62
     7
 48
0.1
100
AcDbLine
 10
3085.891960894862
 20
1790.29191042997
 30
0.0
 11
3085.900150308261
 21
1789.587236881147
 31
0.0
  0
LINE
  5
25AD
330
1F
100
AcDbEntity
  8
0
100
AcDbLine
 10
3085.900150308261
 20
1789.184839809266
 30
0.0
 11
3084.853379507731
 21
1789.184839809266
 31
0.0
  0
LINE
  5
25AE
330
1F
100
AcDbEntity
  8
0
100
AcDbLine
 10
3084.853379507731
 20
1789.184839809266
 30
0.0
 11
3084.853379507731
 21
1787.917565440123
 31
0.0
  0
LINE
  5
25AF
330
1F
100
AcDbEntity
  8
0
100
AcDbLine
 10
3087.006197860576
 20
1787.917565440123
 30
0.0
 11
3087.006197860576
 21
1789.184839809266
 31
0.0
  0
LINE
  5
25B0
330
1F
100
AcDbEntity
  8
0
100
AcDbLine
 10
3087.006197860576
 20
1789.184839809266
 30
0.0
 11
3084.853379507731
 21
1787.917565440123
 31
0.0
  0
TEXT
  5
25B1
330
1F
100
AcDbEntity
  8
0
100
AcDbText
 10
3085.253688158962
 20
1788.747240897759
 30
0.0
 40
0.2953609511720775
  1
CA
  7
arial
100
AcDbText
  0
TEXT
  5
25B2
330
1F
100
AcDbEntity
  8
0
100
AcDbText
 10
3086.254103542221
 20
1788.193997993033
 30
0.0
 40
0.2953609511720775
  1
CC
  7
arial
100
AcDbText
  0
TEXT
  5
25B3
330
1F
100
AcDbEntity
  8
0
100
AcDbText
 10
3087.134714993995
 20
1788.381182990766
 30
0.0
 40
0.437154694356413
  1
Marca
  7
arial
100
AcDbText
  0
LINE
  5
25B4
330
1F
100
AcDbEntity
  8
0
100
AcDbLine
 10
3085.900150308261
 20
1789.184839809266
 30
0.0
 11
3087.006197860576
 21
1789.184839809266
 31
0.0
  0
TEXT
  5
25B5
330
1F
100
AcDbEntity
  8
0
100
AcDbText
 10
3087.114310951168
 20
1787.760648234392
 30
0.0
 40
0.437154694356413
  1
Modelo
  7
arial
100
AcDbText
  0
TEXT
  5
25B6
330
1F
100
AcDbEntity
  8
0
 62
     1
 48
0.1
100
AcDbText
 10
3088.966472224792
 20
1788.341698131005
 30
0.0
 40
0.437154694356413
  1
DEYE
  7
arial
100
AcDbText
  0
TEXT
  5
25B7
330
1F
100
AcDbEntity
  8
0
100
AcDbText
 10
3087.15511903682
 20
1789.001717747139
 30
0.0
 40
0.437154694356413
  1
Inversor 
  7
arial
100
AcDbText
  0
LINE
  5
25B8
330
1F
100
AcDbEntity
  8
0
100
AcDbLine
 10
3084.853379507731
 20
1787.917565440123
 30
0.0
 11
3087.006197860576
 21
1787.917565440123
 31
0.0
  0
LINE
  5
25B9
330
1F
100
AcDbEntity
  8
0
100
AcDbLine
 10
3085.640983603234
 20
1786.096322153144
 30
0.0
 11
3085.640983603234
 21
1783.386682951855
 31
0.0
  0
LINE
  5
25BA
330
1F
100
AcDbEntity
  8
0
100
AcDbLine
 10
3085.640983603234
 20
1782.975115254971
 30
0.0
 11
3085.640983603234
 21
1781.551277446503
 31
0.0
  0
LINE
  5
25BB
330
1F
100
AcDbEntity
  8
0
100
AcDbLine
 10
3086.023574277
 20
1785.14309893165
 30
0.0
 11
3085.258392929467
 21
1785.14309893165
 31
0.0
  0
LINE
  5
25BC
330
1F
100
AcDbEntity
  8
0
100
AcDbLine
 10
3086.023574277
 20
1784.956471294823
 30
0.0
 11
3085.258392929467
 21
1784.956471294823
 31
0.0
  0
LWPOLYLINE
  5
25BD
330
1F
100
AcDbEntity
  8
0
100
AcDbPolyline
 90
        4
 70
     1
 43
0.0
 10
3084.540776614299
 20
1783.910317168767
 10
3085.429707926721
 20
1783.910317168767
 10
3085.429707926721
 20
1784.388762370956
 10
3084.540776614299
 20
1784.388762370956
  0
LINE
  5
25BE
330
1F
100
AcDbEntity
  8
0
100
AcDbLine
 10
3084.540776614299
 20
1784.388762370956
 30
0.0
 11
3085.429707926721
 21
1783.910317168767
 31
0.0
  0
LINE
  5
25BF
330
1F
100
AcDbEntity
  8
0
100
AcDbLine
 10
3084.377363014849
 20
1784.149539769862
 30
0.0
 11
3084.540776614299
 21
1784.149539769862
 31
0.0
  0
LINE
  5
25C0
330
1F
100
AcDbEntity
  8
0
100
AcDbLine
 10
3085.429707926721
 20
1784.149539769862
 30
0.0
 11
3085.640983603234
 21
1784.149539769862
 31
0.0
  0
LINE
  5
25C1
330
1F
100
AcDbEntity
  8
0
100
AcDbLine
 10
3084.377363014849
 20
1784.284933726837
 30
0.0
 11
3084.377363014849
 21
1784.014145812887
 31
0.0
  0
LINE
  5
25C2
330
1F
100
AcDbEntity
  8
0
100
AcDbLine
 10
3084.377363014849
 20
1784.284933726837
 30
0.0
 11
3084.241969057873
 21
1784.149539769862
 31
0.0
  0
LINE
  5
25C3
330
1F
100
AcDbEntity
  8
0
100
AcDbLine
 10
3084.241969057873
 20
1784.149539769862
 30
0.0
 11
3084.377363014849
 21
1784.014145812887
 31
0.0
  0
LWPOLYLINE
  5
25C4
330
1F
100
AcDbEntity
  8
0
100
AcDbPolyline
 90
        4
 70
     1
 43
0.0
 10
3085.401761002139
 20
1781.551277446503
 10
3085.401761002139
 20
1780.662346134081
 10
3085.880206204328
 20
1780.662346134081
 10
3085.880206204328
 20
1781.551277446503
  0
LINE
  5
25C5
330
1F
100
AcDbEntity
  8
0
100
AcDbLine
 10
3085.880206204328
 20
1780.662346134081
 30
0.0
 11
3085.640983603234
 21
1780.973687128964
 31
0.0
  0
LINE
  5
25C6
330
1F
100
AcDbEntity
  8
0
100
AcDbLine
 10
3085.640983603234
 20
1780.973687128964
 30
0.0
 11
3085.401761002139
 21
1780.662346134081
 31
0.0
  0
LINE
  5
25C7
330
1F
100
AcDbEntity
  8
0
100
AcDbLine
 10
3085.54189005149
 20
1783.386682951855
 30
0.0
 11
3085.739459679155
 21
1783.386682951855
 31
0.0
  0
LWPOLYLINE
  5
25C8
330
1F
100
AcDbEntity
  8
0
100
AcDbPolyline
 90
        4
 70
     1
 43
0.0
 10
3085.600858239833
 20
1783.386682951855
 10
3085.680491490812
 20
1783.386682951855
 10
3085.680491490812
 20
1783.2215121914
 10
3085.600858239833
 20
1783.2215121914
  0
LINE
  5
25C9
330
1F
100
AcDbEntity
  8
0
100
AcDbLine
 10
3085.429726748654
 20
1783.324989295351
 30
0.0
 11
3085.640983603234
 21
1782.975115254971
 31
0.0
  0
LWPOLYLINE
  5
25CA
330
1F
100
AcDbEntity
  8
0
100
AcDbPolyline
 90
        4
 70
     1
 43
0.0
 10
3085.440931132528
 20
1783.2223428945
 10
3085.517359354428
 20
1783.268490890339
 10
3085.662598433634
 20
1783.027952501354
 10
3085.586170211732
 20
1782.981804505514
  0
TEXT
  5
25CB
330
1F
100
AcDbEntity
  8
0
100
AcDbText
 10
3084.287673887657
 20
1785.927823286933
 30
0.0
 40
0.2764731582275202
  1
MPPT 1
  7
arial
100
AcDbText
  0
TEXT
  5
25CC
330
1F
100
AcDbEntity
  8
0
100
AcDbText
 10
3084.569359897476
 20
1777.452346743052
 30
0.0
 40
0.2478390771075291
  1
Gerador: P1 
  7
arial
100
AcDbText
  0
TEXT
  5
25CD
330
1F
100
AcDbEntity
  8
0
100
AcDbText
 10
3085.231111731444
 20
1779.978371127246
 30
0.0
 40
0.2478390771075291
  1
Marca
  7
arial
100
AcDbText
  0
TEXT
  5
25CE
330
1F
100
AcDbEntity
  8
0
100
AcDbText
 10
3085.130063306626
 20
1779.239615371925
 30
0.0
 40
0.2478390771075291
  1
Modelo
  7
arial
100
AcDbText
  0
TEXT
  5
25CF
330
1F
100
AcDbEntity
  8
0
100
AcDbText
 10
3084.517599715426
 20
1778.231888899235
 30
0.0
 40
0.2478390771075291
  1
Quantidade
  7
arial
100
AcDbText
  0
TEXT
  5
25D2
330
1F
100
AcDbEntity
  8
0
 62
     1
 48
0.1
100
AcDbText
 10
3086.386439322142
 20
1778.215473699828
 30
0.0
 40
0.2478390771075291
  1
01
  7
arial
100
AcDbText
  0
TEXT
  5
25D3
330
1F
100
AcDbEntity
  8
0
100
AcDbText
 10
3085.000156089753
 20
1777.943308632693
 30
0.0
 40
0.2478390771075291
  1
2x4mm²
  7
arial
100
AcDbText
  0
LINE
  5
25D4
330
1F
100
AcDbEntity
  8
0
 62
     3
100
AcDbLine
 10
3085.880206204328
 20
1781.551277446503
 30
0.0
 11
3086.17316036054
 21
1781.551277446503
 31
0.0
  0
LINE
  5
25D5
330
1F
100
AcDbEntity
  8
0
 62
     3
100
AcDbLine
 10
3086.17316036054
 20
1781.3295140003
 30
0.0
 11
3086.17316036054
 21
1781.773040892707
 31
0.0
  0
LINE
  5
25D6
330
1F
100
AcDbEntity
  8
0
 62
     3
100
AcDbLine
 10
3086.237095410325
 20
1781.421317126376
 30
0.0
 11
3086.237095410325
 21
1781.689662193091
 31
0.0
  0
LINE
  5
25D7
330
1F
100
AcDbEntity
  8
0
 62
     3
100
AcDbLine
 10
3086.303332154805
 20
1781.499886335655
 30
0.0
 11
3086.303332154805
 21
1781.617958831979
 31
0.0
  0
LINE
  5
25D8
330
1F
100
AcDbEntity
  8
0
 62
     3
100
AcDbLine
 10
3086.371097887305
 20
1781.5346697659
 30
0.0
 11
3086.371097887305
 21
1781.577604934888
 31
0.0
  0
TEXT
  5
25D9
330
1F
100
AcDbEntity
  8
0
100
AcDbText
 10
3083.311012943179
 20
1789.784068306506
 30
0.0
 40
0.2764731582275202
  1
2#10(10)MM²
  7
arial
100
AcDbText
  0
LINE
  5
25DA
330
1F
100
AcDbEntity
  8
0
 62
     3
100
AcDbLine
 10
3084.732760490666
 20
1787.917565440123
 30
0.0
 11
3084.732760490666
 21
1787.721112406206
 31
0.0
  0
LINE
  5
25DB
330
1F
100
AcDbEntity
  8
0
 62
     3
100
AcDbLine
 10
3084.584047455213
 20
1787.721112406206
 30
0.0
 11
3084.881473526118
 21
1787.721112406206
 31
0.0
  0
LINE
  5
25DC
330
1F
100
AcDbEntity
  8
0
 62
     3
100
AcDbLine
 10
3084.645609997537
 20
1787.678238003376
 30
0.0
 11
3084.825560345997
 21
1787.678238003376
 31
0.0
  0
LINE
  5
25DD
330
1F
100
AcDbEntity
  8
0
 62
     3
100
AcDbLine
 10
3084.698297966655
 20
1787.633820099981
 30
0.0
 11
3084.777476567243
 21
1787.633820099981
 31
0.0
  0
LINE
  5
25DE
330
1F
100
AcDbEntity
  8
0
 62
     3
100
AcDbLine
 10
3084.721623494751
 20
1787.588376867778
 30
0.0
 11
3084.750415522551
 21
1787.588376867778
 31
0.0
  0
LINE
  5
25DF
330
1F
100
AcDbEntity
  8
0
 62
     3
100
AcDbLine
 10
3084.853379507731
 20
1787.917565440123
 30
0.0
 11
3084.732760490666
 21
1787.917565440123
 31
0.0
  0
TEXT
  5
25E0
330
1F
100
AcDbEntity
  8
0
 62
     1
 48
0.1
100
AcDbText
 10
3085.85687550576
 20
1783.563354443779
 30
0.0
 40
0.1687247977395283
  1
2P-15A
 50
270.0
  7
arial
100
AcDbText
  0
LWPOLYLINE
  5
25E1
330
1F
100
AcDbEntity
  8
0
  6
ACAD_ISO02W100
 62
   251
420
  6513766
100
AcDbPolyline
 90
        4
 70
     1
 43
0.0
 10
3083.759731251353
 20
1785.758065170259
 10
3093.659181885867
 20
1785.758065170259
 10
3093.659181885867
 20
1782.446694303723
 10
3083.759731251353
 20
1782.446694303723
  0
TEXT
  5
25E2
330
1F
100
AcDbEntity
  8
0
 62
   251
420
  6513766
100
AcDbText
 10
3093.365232129682
 20
1784.747836464552
 30
0.0
 40
0.1687247977395283
  1
PROTEÇÃO
 50
270.0
  7
arial
100
AcDbText
  0
TEXT
  5
25E3
330
1F
100
AcDbEntity
  8
0
100
AcDbText
 10
3086.07421813926
 20
1785.073403810421
 30
0.0
 40
0.1485104375604364
  1
+
  7
arial
100
AcDbText
  0
TEXT
  5
25E4
330
1F
100
AcDbEntity
  8
0
100
AcDbText
 10
3086.080735968451
 20
1784.994052261454
 30
0.0
 40
0.1485104375604364
  1
-
 50
270.0
  7
arial
100
AcDbText
  0
TEXT
  5
25E5
330
1F
100
AcDbEntity
  8
0
 62
     1
 48
0.1
100
AcDbText
 10
3089.308927039498
 20
1787.713025584541
 30
0.0
 40
0.437154694356413
  1
SUN225G4-EU-Q0 
  7
arial
100
AcDbText
  0
LINE
  5
25E6
330
1F
100
AcDbEntity
  8
0
100
AcDbLine
 10
3085.640983603234
 20
1786.096322153144
 30
0.0
 11
3085.640983603234
 21
1787.917565440123
 31
0.0
  0
LINE
  5
25E7
330
1F
100
AcDbEntity
  8
0
100
AcDbLine
 10
3088.071842407112
 20
1786.096322153144
 30
0.0
 11
3088.071842407112
 21
1783.386682951855
 31
0.0
  0
LINE
  5
25E8
330
1F
100
AcDbEntity
  8
0
100
AcDbLine
 10
3088.071842407112
 20
1782.975115254971
 30
0.0
 11
3088.071842407112
 21
1781.551277446503
 31
0.0
  0
LINE
  5
25E9
330
1F
100
AcDbEntity
  8
0
100
AcDbLine
 10
3088.454433080879
 20
1785.14309893165
 30
0.0
 11
3087.689251733345
 21
1785.14309893165
 31
0.0
  0
LINE
  5
25EA
330
1F
100
AcDbEntity
  8
0
100
AcDbLine
 10
3088.454433080879
 20
1784.956471294823
 30
0.0
 11
3087.689251733345
 21
1784.956471294823
 31
0.0
  0
LWPOLYLINE
  5
25EB
330
1F
100
AcDbEntity
  8
0
100
AcDbPolyline
 90
        4
 70
     1
 43
0.0
 10
3086.971635418178
 20
1783.910317168767
 10
3087.860566730599
 20
1783.910317168767
 10
3087.860566730599
 20
1784.388762370956
 10
3086.971635418178
 20
1784.388762370956
  0
LINE
  5
25EC
330
1F
100
AcDbEntity
  8
0
100
AcDbLine
 10
3086.971635418178
 20
1784.388762370956
 30
0.0
 11
3087.860566730599
 21
1783.910317168767
 31
0.0
  0
LINE
  5
25ED
330
1F
100
AcDbEntity
  8
0
100
AcDbLine
 10
3086.808221818727
 20
1784.149539769862
 30
0.0
 11
3086.971635418178
 21
1784.149539769862
 31
0.0
  0
LINE
  5
25EE
330
1F
100
AcDbEntity
  8
0
100
AcDbLine
 10
3087.860566730599
 20
1784.149539769862
 30
0.0
 11
3088.071842407112
 21
1784.149539769862
 31
0.0
  0
LINE
  5
25EF
330
1F
100
AcDbEntity
  8
0
100
AcDbLine
 10
3086.808221818727
 20
1784.284933726837
 30
0.0
 11
3086.808221818727
 21
1784.014145812887
 31
0.0
  0
LINE
  5
25F0
330
1F
100
AcDbEntity
  8
0
100
AcDbLine
 10
3086.808221818727
 20
1784.284933726837
 30
0.0
 11
3086.672827861752
 21
1784.149539769862
 31
0.0
  0
LINE
  5
25F1
330
1F
100
AcDbEntity
  8
0
100
AcDbLine
 10
3086.672827861752
 20
1784.149539769862
 30
0.0
 11
3086.808221818727
 21
1784.014145812887
 31
0.0
  0
LWPOLYLINE
  5
25F2
330
1F
100
AcDbEntity
  8
0
100
AcDbPolyline
 90
        4
 70
     1
 43
0.0
 10
3087.832619806018
 20
1781.551277446503
 10
3087.832619806018
 20
1780.662346134081
 10
3088.311065008206
 20
1780.662346134081
 10
3088.311065008206
 20
1781.551277446503
  0
LINE
  5
25F3
330
1F
100
AcDbEntity
  8
0
100
AcDbLine
 10
3088.311065008206
 20
1780.662346134081
 30
0.0
 11
3088.071842407112
 21
1780.973687128964
 31
0.0
  0
LINE
  5
25F4
330
1F
100
AcDbEntity
  8
0
100
AcDbLine
 10
3088.071842407112
 20
1780.973687128964
 30
0.0
 11
3087.832619806018
 21
1780.662346134081
 31
0.0
  0
LINE
  5
25F5
330
1F
100
AcDbEntity
  8
0
100
AcDbLine
 10
3087.972748855369
 20
1783.386682951855
 30
0.0
 11
3088.170318483035
 21
1783.386682951855
 31
0.0
  0
LWPOLYLINE
  5
25F6
330
1F
100
AcDbEntity
  8
0
100
AcDbPolyline
 90
        4
 70
     1
 43
0.0
 10
3088.031717043712
 20
1783.386682951855
 10
3088.111350294691
 20
1783.386682951855
 10
3088.111350294691
 20
1783.2215121914
 10
3088.031717043712
 20
1783.2215121914
  0
LINE
  5
25F7
330
1F
100
AcDbEntity
  8
0
100
AcDbLine
 10
3087.860585552532
 20
1783.324989295351
 30
0.0
 11
3088.071842407112
 21
1782.975115254971
 31
0.0
  0
LWPOLYLINE
  5
25F8
330
1F
100
AcDbEntity
  8
0
100
AcDbPolyline
 90
        4
 70
     1
 43
0.0
 10
3087.871789936406
 20
1783.2223428945
 10
3087.948218158307
 20
1783.268490890339
 10
3088.093457237513
 20
1783.027952501354
 10
3088.017029015611
 20
1782.981804505514
  0
TEXT
  5
25F9
330
1F
100
AcDbEntity
  8
0
100
AcDbText
 10
3087.000218701354
 20
1777.452346743052
 30
0.0
 40
0.2478390771075291
  1
Gerador: P1 
  7
arial
100
AcDbText
  0
TEXT
  5
25FA
330
1F
100
AcDbEntity
  8
0
100
AcDbText
 10
3087.661970535322
 20
1779.978371127246
 30
0.0
 40
0.2478390771075291
  1
Marca
  7
arial
100
AcDbText
  0
TEXT
  5
25FB
330
1F
100
AcDbEntity
  8
0
100
AcDbText
 10
3087.560922110505
 20
1779.239615371925
 30
0.0
 40
0.2478390771075291
  1
Modelo
  7
arial
100
AcDbText
  0
TEXT
  5
25FC
330
1F
100
AcDbEntity
  8
0
100
AcDbText
 10
3086.948458519304
 20
1778.231888899235
 30
0.0
 40
0.2478390771075291
  1
Quantidade
  7
arial
100
AcDbText
  0
TEXT
  5
25FF
330
1F
100
AcDbEntity
  8
0
 62
     1
 48
0.1
100
AcDbText
 10
3088.817298126021
 20
1778.215473699828
 30
0.0
 40
0.2478390771075291
  1
01
  7
arial
100
AcDbText
  0
TEXT
  5
2600
330
1F
100
AcDbEntity
  8
0
100
AcDbText
 10
3087.431014893632
 20
1777.943308632693
 30
0.0
 40
0.2478390771075291
  1
2x4mm²
  7
arial
100
AcDbText
  0
LINE
  5
2601
330
1F
100
AcDbEntity
  8
0
 62
     3
100
AcDbLine
 10
3088.311065008206
 20
1781.551277446503
 30
0.0
 11
3088.604019164419
 21
1781.551277446503
 31
0.0
  0
LINE
  5
2602
330
1F
100
AcDbEntity
  8
0
 62
     3
100
AcDbLine
 10
3088.604019164419
 20
1781.3295140003
 30
0.0
 11
3088.604019164419
 21
1781.773040892707
 31
0.0
  0
LINE
  5
2603
330
1F
100
AcDbEntity
  8
0
 62
     3
100
AcDbLine
 10
3088.667954214203
 20
1781.421317126376
 30
0.0
 11
3088.667954214203
 21
1781.689662193091
 31
0.0
  0
LINE
  5
2604
330
1F
100
AcDbEntity
  8
0
 62
     3
100
AcDbLine
 10
3088.734190958684
 20
1781.499886335655
 30
0.0
 11
3088.734190958684
 21
1781.617958831979
 31
0.0
  0
LINE
  5
2605
330
1F
100
AcDbEntity
  8
0
 62
     3
100
AcDbLine
 10
3088.801956691184
 20
1781.5346697659
 30
0.0
 11
3088.801956691184
 21
1781.577604934888
 31
0.0
  0
TEXT
  5
2606
330
1F
100
AcDbEntity
  8
0
 62
     1
 48
0.1
100
AcDbText
 10
3088.287734309639
 20
1783.563354443779
 30
0.0
 40
0.1687247977395283
  1
2P-15A
 50
270.0
  7
arial
100
AcDbText
  0
TEXT
  5
2607
330
1F
100
AcDbEntity
  8
0
100
AcDbText
 10
3088.505076943139
 20
1785.073403810421
 30
0.0
 40
0.1485104375604364
  1
+
  7
arial
100
AcDbText
  0
TEXT
  5
2608
330
1F
100
AcDbEntity
  8
0
100
AcDbText
 10
3088.511594772329
 20
1784.994052261454
 30
0.0
 40
0.1485104375604364
  1
-
 50
270.0
  7
arial
100
AcDbText
  0
LINE
  5
2609
330
1F
100
AcDbEntity
  8
0
100
AcDbLine
 10
3090.45850391289
 20
1786.49980913682
 30
0.0
 11
3090.45850391289
 21
1783.386682951855
 31
0.0
  0
LINE
  5
260A
330
1F
100
AcDbEntity
  8
0
100
AcDbLine
 10
3090.45850391289
 20
1782.975115254971
 30
0.0
 11
3090.45850391289
 21
1781.551277446503
 31
0.0
  0
LINE
  5
260B
330
1F
100
AcDbEntity
  8
0
100
AcDbLine
 10
3090.841094586656
 20
1785.14309893165
 30
0.0
 11
3090.075913239123
 21
1785.14309893165
 31
0.0
  0
LINE
  5
260C
330
1F
100
AcDbEntity
  8
0
100
AcDbLine
 10
3090.841094586656
 20
1784.956471294823
 30
0.0
 11
3090.075913239123
 21
1784.956471294823
 31
0.0
  0
LWPOLYLINE
  5
260D
330
1F
100
AcDbEntity
  8
0
100
AcDbPolyline
 90
        4
 70
     1
 43
0.0
 10
3089.358296923955
 20
1783.910317168767
 10
3090.247228236377
 20
1783.910317168767
 10
3090.247228236377
 20
1784.388762370956
 10
3089.358296923955
 20
1784.388762370956
  0
LINE
  5
260E
330
1F
100
AcDbEntity
  8
0
100
AcDbLine
 10
3089.358296923955
 20
1784.388762370956
 30
0.0
 11
3090.247228236377
 21
1783.910317168767
 31
0.0
  0
LINE
  5
260F
330
1F
100
AcDbEntity
  8
0
100
AcDbLine
 10
3089.194883324505
 20
1784.149539769862
 30
0.0
 11
3089.358296923955
 21
1784.149539769862
 31
0.0
  0
LINE
  5
2610
330
1F
100
AcDbEntity
  8
0
100
AcDbLine
 10
3090.247228236377
 20
1784.149539769862
 30
0.0
 11
3090.45850391289
 21
1784.149539769862
 31
0.0
  0
LINE
  5
2611
330
1F
100
AcDbEntity
  8
0
100
AcDbLine
 10
3089.194883324505
 20
1784.284933726837
 30
0.0
 11
3089.194883324505
 21
1784.014145812887
 31
0.0
  0
LINE
  5
2612
330
1F
100
AcDbEntity
  8
0
100
AcDbLine
 10
3089.194883324505
 20
1784.284933726837
 30
0.0
 11
3089.059489367529
 21
1784.149539769862
 31
0.0
  0
LINE
  5
2613
330
1F
100
AcDbEntity
  8
0
100
AcDbLine
 10
3089.059489367529
 20
1784.149539769862
 30
0.0
 11
3089.194883324505
 21
1784.014145812887
 31
0.0
  0
LWPOLYLINE
  5
2614
330
1F
100
AcDbEntity
  8
0
100
AcDbPolyline
 90
        4
 70
     1
 43
0.0
 10
3090.219281311795
 20
1781.551277446503
 10
3090.219281311795
 20
1780.662346134081
 10
3090.697726513984
 20
1780.662346134081
 10
3090.697726513984
 20
1781.551277446503
  0
LINE
  5
2615
330
1F
100
AcDbEntity
  8
0
100
AcDbLine
 10
3090.697726513984
 20
1780.662346134081
 30
0.0
 11
3090.45850391289
 21
1780.973687128964
 31
0.0
  0
LINE
  5
2616
330
1F
100
AcDbEntity
  8
0
100
AcDbLine
 10
3090.45850391289
 20
1780.973687128964
 30
0.0
 11
3090.219281311795
 21
1780.662346134081
 31
0.0
  0
LINE
  5
2617
330
1F
100
AcDbEntity
  8
0
100
AcDbLine
 10
3090.359410361146
 20
1783.386682951855
 30
0.0
 11
3090.556979988813
 21
1783.386682951855
 31
0.0
  0
LWPOLYLINE
  5
2618
330
1F
100
AcDbEntity
  8
0
100
AcDbPolyline
 90
        4
 70
     1
 43
0.0
 10
3090.418378549489
 20
1783.386682951855
 10
3090.498011800469
 20
1783.386682951855
 10
3090.498011800469
 20
1783.2215121914
 10
3090.418378549489
 20
1783.2215121914
  0
LINE
  5
2619
330
1F
100
AcDbEntity
  8
0
100
AcDbLine
 10
3090.24724705831
 20
1783.324989295351
 30
0.0
 11
3090.45850391289
 21
1782.975115254971
 31
0.0
  0
LWPOLYLINE
  5
261A
330
1F
100
AcDbEntity
  8
0
100
AcDbPolyline
 90
        4
 70
     1
 43
0.0
 10
3090.258451442184
 20
1783.2223428945
 10
3090.334879664085
 20
1783.268490890339
 10
3090.48011874329
 20
1783.027952501354
 10
3090.403690521389
 20
1782.981804505514
  0
TEXT
  5
261B
330
1F
100
AcDbEntity
  8
0
100
AcDbText
 10
3089.386880207132
 20
1777.452346743052
 30
0.0
 40
0.2478390771075291
  1
Gerador: P1 
  7
arial
100
AcDbText
  0
TEXT
  5
261C
330
1F
100
AcDbEntity
  8
0
100
AcDbText
 10
3090.0486320411
 20
1779.978371127246
 30
0.0
 40
0.2478390771075291
  1
Marca
  7
arial
100
AcDbText
  0
TEXT
  5
261D
330
1F
100
AcDbEntity
  8
0
100
AcDbText
 10
3089.947583616282
 20
1779.239615371925
 30
0.0
 40
0.2478390771075291
  1
Modelo
  7
arial
100
AcDbText
  0
TEXT
  5
261E
330
1F
100
AcDbEntity
  8
0
100
AcDbText
 10
3089.335120025081
 20
1778.231888899235
 30
0.0
 40
0.2478390771075291
  1
Quantidade
  7
arial
100
AcDbText
  0
TEXT
  5
261F
330
1F
100
AcDbEntity
  8
0
 62
     1
 48
0.1
100
AcDbText
 10
3091.203959631799
 20
1778.215473699828
 30
0.0
 40
0.2478390771075291
  1
01
  7
arial
100
AcDbText
  0
TEXT
  5
2620
330
1F
100
AcDbEntity
  8
0
100
AcDbText
 10
3089.817676399409
 20
1777.943308632693
 30
0.0
 40
0.2478390771075291
  1
2x4mm²
  7
arial
100
AcDbText
  0
LINE
  5
2621
330
1F
100
AcDbEntity
  8
0
 62
     3
100
AcDbLine
 10
3090.697726513984
 20
1781.551277446503
 30
0.0
 11
3090.990680670196
 21
1781.551277446503
 31
0.0
  0
LINE
  5
2622
330
1F
100
AcDbEntity
  8
0
 62
     3
100
AcDbLine
 10
3090.990680670196
 20
1781.3295140003
 30
0.0
 11
3090.990680670196
 21
1781.773040892707
 31
0.0
  0
LINE
  5
2623
330
1F
100
AcDbEntity
  8
0
 62
     3
100
AcDbLine
 10
3091.054615719981
 20
1781.421317126376
 30
0.0
 11
3091.054615719981
 21
1781.689662193091
 31
0.0
  0
LINE
  5
2624
330
1F
100
AcDbEntity
  8
0
 62
     3
100
AcDbLine
 10
3091.120852464462
 20
1781.499886335655
 30
0.0
 11
3091.120852464462
 21
1781.617958831979
 31
0.0
  0
LINE
  5
2625
330
1F
100
AcDbEntity
  8
0
 62
     3
100
AcDbLine
 10
3091.188618196962
 20
1781.5346697659
 30
0.0
 11
3091.188618196962
 21
1781.577604934888
 31
0.0
  0
TEXT
  5
2626
330
1F
100
AcDbEntity
  8
0
 62
     1
 48
0.1
100
AcDbText
 10
3090.674395815416
 20
1783.563354443779
 30
0.0
 40
0.1687247977395283
  1
2P-15A
 50
270.0
  7
arial
100
AcDbText
  0
TEXT
  5
2627
330
1F
100
AcDbEntity
  8
0
100
AcDbText
 10
3090.891738448917
 20
1785.073403810421
 30
0.0
 40
0.1485104375604364
  1
+
  7
arial
100
AcDbText
  0
TEXT
  5
2628
330
1F
100
AcDbEntity
  8
0
100
AcDbText
 10
3090.898256278107
 20
1784.994052261454
 30
0.0
 40
0.1485104375604364
  1
-
 50
270.0
  7
arial
100
AcDbText
  0
LINE
  5
2629
330
1F
100
AcDbEntity
  8
0
100
AcDbLine
 10
3092.845165418667
 20
1786.830519689476
 30
0.0
 11
3092.845165418667
 21
1783.386682951855
 31
0.0
  0
LINE
  5
262A
330
1F
100
AcDbEntity
  8
0
100
AcDbLine
 10
3092.845165418667
 20
1782.975115254971
 30
0.0
 11
3092.845165418667
 21
1781.551277446503
 31
0.0
  0
LINE
  5
262B
330
1F
100
AcDbEntity
  8
0
100
AcDbLine
 10
3093.227756092434
 20
1785.14309893165
 30
0.0
 11
3092.4625747449
 21
1785.14309893165
 31
0.0
  0
LINE
  5
262C
330
1F
100
AcDbEntity
  8
0
100
AcDbLine
 10
3093.227756092434
 20
1784.956471294823
 30
0.0
 11
3092.4625747449
 21
1784.956471294823
 31
0.0
  0
LWPOLYLINE
  5
262D
330
1F
100
AcDbEntity
  8
0
100
AcDbPolyline
 90
        4
 70
     1
 43
0.0
 10
3091.744958429732
 20
1783.910317168767
 10
3092.633889742154
 20
1783.910317168767
 10
3092.633889742154
 20
1784.388762370956
 10
3091.744958429732
 20
1784.388762370956
  0
LINE
  5
262E
330
1F
100
AcDbEntity
  8
0
100
AcDbLine
 10
3091.744958429732
 20
1784.388762370956
 30
0.0
 11
3092.633889742154
 21
1783.910317168767
 31
0.0
  0
LINE
  5
262F
330
1F
100
AcDbEntity
  8
0
100
AcDbLine
 10
3091.581544830283
 20
1784.149539769862
 30
0.0
 11
3091.744958429732
 21
1784.149539769862
 31
0.0
  0
LINE
  5
2630
330
1F
100
AcDbEntity
  8
0
100
AcDbLine
 10
3092.633889742154
 20
1784.149539769862
 30
0.0
 11
3092.845165418667
 21
1784.149539769862
 31
0.0
  0
LINE
  5
2631
330
1F
100
AcDbEntity
  8
0
100
AcDbLine
 10
3091.581544830283
 20
1784.284933726837
 30
0.0
 11
3091.581544830283
 21
1784.014145812887
 31
0.0
  0
LINE
  5
2632
330
1F
100
AcDbEntity
  8
0
100
AcDbLine
 10
3091.581544830283
 20
1784.284933726837
 30
0.0
 11
3091.446150873306
 21
1784.149539769862
 31
0.0
  0
LINE
  5
2633
330
1F
100
AcDbEntity
  8
0
100
AcDbLine
 10
3091.446150873306
 20
1784.149539769862
 30
0.0
 11
3091.581544830283
 21
1784.014145812887
 31
0.0
  0
LWPOLYLINE
  5
2634
330
1F
100
AcDbEntity
  8
0
100
AcDbPolyline
 90
        4
 70
     1
 43
0.0
 10
3092.605942817572
 20
1781.551277446503
 10
3092.605942817572
 20
1780.662346134081
 10
3093.084388019761
 20
1780.662346134081
 10
3093.084388019761
 20
1781.551277446503
  0
LINE
  5
2635
330
1F
100
AcDbEntity
  8
0
100
AcDbLine
 10
3093.084388019761
 20
1780.662346134081
 30
0.0
 11
3092.845165418667
 21
1780.973687128964
 31
0.0
  0
LINE
  5
2636
330
1F
100
AcDbEntity
  8
0
100
AcDbLine
 10
3092.845165418667
 20
1780.973687128964
 30
0.0
 11
3092.605942817572
 21
1780.662346134081
 31
0.0
  0
LINE
  5
2637
330
1F
100
AcDbEntity
  8
0
100
AcDbLine
 10
3092.746071866923
 20
1783.386682951855
 30
0.0
 11
3092.943641494589
 21
1783.386682951855
 31
0.0
  0
LWPOLYLINE
  5
2638
330
1F
100
AcDbEntity
  8
0
100
AcDbPolyline
 90
        4
 70
     1
 43
0.0
 10
3092.805040055267
 20
1783.386682951855
 10
3092.884673306246
 20
1783.386682951855
 10
3092.884673306246
 20
1783.2215121914
 10
3092.805040055267
 20
1783.2215121914
  0
LINE
  5
2639
330
1F
100
AcDbEntity
  8
0
100
AcDbLine
 10
3092.633908564088
 20
1783.324989295351
 30
0.0
 11
3092.845165418667
 21
1782.975115254971
 31
0.0
  0
LWPOLYLINE
  5
263A
330
1F
100
AcDbEntity
  8
0
100
AcDbPolyline
 90
        4
 70
     1
 43
0.0
 10
3092.645112947961
 20
1783.2223428945
 10
3092.721541169862
 20
1783.268490890339
 10
3092.866780249067
 20
1783.027952501354
 10
3092.790352027166
 20
1782.981804505514
  0
TEXT
  5
263B
330
1F
100
AcDbEntity
  8
0
100
AcDbText
 10
3091.773541712909
 20
1777.452346743052
 30
0.0
 40
0.2478390771075291
  1
Gerador: P1 
  7
arial
100
AcDbText
  0
TEXT
  5
263C
330
1F
100
AcDbEntity
  8
0
100
AcDbText
 10
3092.435293546877
 20
1779.978371127246
 30
0.0
 40
0.2478390771075291
  1
Marca
  7
arial
100
AcDbText
  0
TEXT
  5
263D
330
1F
100
AcDbEntity
  8
0
100
AcDbText
 10
3092.334245122059
 20
1779.239615371925
 30
0.0
 40
0.2478390771075291
  1
Modelo
  7
arial
100
AcDbText
  0
TEXT
  5
263E
330
1F
100
AcDbEntity
  8
0
100
AcDbText
 10
3091.721781530858
 20
1778.231888899235
 30
0.0
 40
0.2478390771075291
  1
Quantidade
  7
arial
100
AcDbText
  0
TEXT
  5
263F
330
1F
100
AcDbEntity
  8
0
 62
     1
 48
0.1
100
AcDbText
 10
3093.590621137576
 20
1778.215473699828
 30
0.0
 40
0.2478390771075291
  1
01
  7
arial
100
AcDbText
  0
TEXT
  5
2640
330
1F
100
AcDbEntity
  8
0
100
AcDbText
 10
3092.204337905186
 20
1777.943308632693
 30
0.0
 40
0.2478390771075291
  1
2x4mm²
  7
arial
100
AcDbText
  0
LINE
  5
2641
330
1F
100
AcDbEntity
  8
0
 62
     3
100
AcDbLine
 10
3093.084388019761
 20
1781.551277446503
 30
0.0
 11
3093.377342175974
 21
1781.551277446503
 31
0.0
  0
LINE
  5
2642
330
1F
100
AcDbEntity
  8
0
 62
     3
100
AcDbLine
 10
3093.377342175974
 20
1781.3295140003
 30
0.0
 11
3093.377342175974
 21
1781.773040892707
 31
0.0
  0
LINE
  5
2643
330
1F
100
AcDbEntity
  8
0
 62
     3
100
AcDbLine
 10
3093.441277225758
 20
1781.421317126376
 30
0.0
 11
3093.441277225758
 21
1781.689662193091
 31
0.0
  0
LINE
  5
2644
330
1F
100
AcDbEntity
  8
0
 62
     3
100
AcDbLine
 10
3093.507513970239
 20
1781.499886335655
 30
0.0
 11
3093.507513970239
 21
1781.617958831979
 31
0.0
  0
LINE
  5
2645
330
1F
100
AcDbEntity
  8
0
 62
     3
100
AcDbLine
 10
3093.575279702739
 20
1781.5346697659
 30
0.0
 11
3093.575279702739
 21
1781.577604934888
 31
0.0
  0
TEXT
  5
2646
330
1F
100
AcDbEntity
  8
0
 62
     1
 48
0.1
100
AcDbText
 10
3093.061057321193
 20
1783.563354443779
 30
0.0
 40
0.1687247977395283
  1
2P-15A
 50
270.0
  7
arial
100
AcDbText
  0
TEXT
  5
2647
330
1F
100
AcDbEntity
  8
0
100
AcDbText
 10
3093.278399954694
 20
1785.073403810421
 30
0.0
 40
0.1485104375604364
  1
+
  7
arial
100
AcDbText
  0
TEXT
  5
2648
330
1F
100
AcDbEntity
  8
0
100
AcDbText
 10
3093.284917783885
 20
1784.994052261454
 30
0.0
 40
0.1485104375604364
  1
-
 50
270.0
  7
arial
100
AcDbText
  0
LINE
  5
2649
330
1F
100
AcDbEntity
  8
0
100
AcDbLine
 10
3096.900466358735
 20
1787.96013409242
 30
0.0
 11
3096.900466358735
 21
1783.386682951855
 31
0.0
  0
LINE
  5
264A
330
1F
100
AcDbEntity
  8
0
100
AcDbLine
 10
3096.900466358735
 20
1782.975115254971
 30
0.0
 11
3096.900466358735
 21
1781.551277446503
 31
0.0
  0
LINE
  5
264B
330
1F
100
AcDbEntity
  8
0
100
AcDbLine
 10
3097.283057032502
 20
1785.14309893165
 30
0.0
 11
3096.517875684968
 21
1785.14309893165
 31
0.0
  0
LINE
  5
264C
330
1F
100
AcDbEntity
  8
0
100
AcDbLine
 10
3097.283057032502
 20
1784.956471294823
 30
0.0
 11
3096.517875684968
 21
1784.956471294823
 31
0.0
  0
LWPOLYLINE
  5
264D
330
1F
100
AcDbEntity
  8
0
100
AcDbPolyline
 90
        4
 70
     1
 43
0.0
 10
3095.800259369801
 20
1783.910317168767
 10
3096.689190682222
 20
1783.910317168767
 10
3096.689190682222
 20
1784.388762370956
 10
3095.800259369801
 20
1784.388762370956
  0
LINE
  5
264E
330
1F
100
AcDbEntity
  8
0
100
AcDbLine
 10
3095.800259369801
 20
1784.388762370956
 30
0.0
 11
3096.689190682222
 21
1783.910317168767
 31
0.0
  0
LINE
  5
264F
330
1F
100
AcDbEntity
  8
0
100
AcDbLine
 10
3095.63684577035
 20
1784.149539769862
 30
0.0
 11
3095.800259369801
 21
1784.149539769862
 31
0.0
  0
LINE
  5
2650
330
1F
100
AcDbEntity
  8
0
100
AcDbLine
 10
3096.689190682222
 20
1784.149539769862
 30
0.0
 11
3096.900466358735
 21
1784.149539769862
 31
0.0
  0
LINE
  5
2651
330
1F
100
AcDbEntity
  8
0
100
AcDbLine
 10
3095.63684577035
 20
1784.284933726836
 30
0.0
 11
3095.63684577035
 21
1784.014145812887
 31
0.0
  0
LINE
  5
2652
330
1F
100
AcDbEntity
  8
0
100
AcDbLine
 10
3095.63684577035
 20
1784.284933726836
 30
0.0
 11
3095.501451813375
 21
1784.149539769862
 31
0.0
  0
LINE
  5
2653
330
1F
100
AcDbEntity
  8
0
100
AcDbLine
 10
3095.501451813375
 20
1784.149539769862
 30
0.0
 11
3095.63684577035
 21
1784.014145812887
 31
0.0
  0
LWPOLYLINE
  5
2654
330
1F
100
AcDbEntity
  8
0
100
AcDbPolyline
 90
        4
 70
     1
 43
0.0
 10
3096.661243757641
 20
1781.551277446503
 10
3096.661243757641
 20
1780.662346134081
 10
3097.13968895983
 20
1780.662346134081
 10
3097.13968895983
 20
1781.551277446503
  0
LINE
  5
2655
330
1F
100
AcDbEntity
  8
0
100
AcDbLine
 10
3097.13968895983
 20
1780.662346134081
 30
0.0
 11
3096.900466358735
 21
1780.973687128964
 31
0.0
  0
LINE
  5
2656
330
1F
100
AcDbEntity
  8
0
100
AcDbLine
 10
3096.900466358735
 20
1780.973687128964
 30
0.0
 11
3096.661243757641
 21
1780.662346134081
 31
0.0
  0
LINE
  5
2657
330
1F
100
AcDbEntity
  8
0
100
AcDbLine
 10
3096.801372806992
 20
1783.386682951855
 30
0.0
 11
3096.998942434658
 21
1783.386682951855
 31
0.0
  0
LWPOLYLINE
  5
2658
330
1F
100
AcDbEntity
  8
0
100
AcDbPolyline
 90
        4
 70
     1
 43
0.0
 10
3096.860340995335
 20
1783.386682951855
 10
3096.939974246315
 20
1783.386682951855
 10
3096.939974246315
 20
1783.2215121914
 10
3096.860340995335
 20
1783.2215121914
  0
LINE
  5
2659
330
1F
100
AcDbEntity
  8
0
100
AcDbLine
 10
3096.689209504156
 20
1783.324989295351
 30
0.0
 11
3096.900466358735
 21
1782.975115254971
 31
0.0
  0
LWPOLYLINE
  5
265A
330
1F
100
AcDbEntity
  8
0
100
AcDbPolyline
 90
        4
 70
     1
 43
0.0
 10
3096.70041388803
 20
1783.2223428945
 10
3096.77684210993
 20
1783.268490890339
 10
3096.922081189136
 20
1783.027952501354
 10
3096.845652967235
 20
1782.981804505514
  0
TEXT
  5
265B
330
1F
100
AcDbEntity
  8
0
100
AcDbText
 10
3095.828842652978
 20
1777.452346743052
 30
0.0
 40
0.2478390771075291
  1
Gerador: P1 
  7
arial
100
AcDbText
  0
TEXT
  5
265C
330
1F
100
AcDbEntity
  8
0
100
AcDbText
 10
3096.490594486946
 20
1779.978371127246
 30
0.0
 40
0.2478390771075291
  1
Marca
  7
arial
100
AcDbText
  0
TEXT
  5
265E
330
1F
100
AcDbEntity
  8
0
100
AcDbText
 10
3095.777082470926
 20
1778.231888899235
 30
0.0
 40
0.2478390771075291
  1
Quantidade
  7
arial
100
AcDbText
  0
TEXT
  5
265F
330
1F
100
AcDbEntity
  8
0
 62
     1
 48
0.1
100
AcDbText
 10
3097.645922077644
 20
1778.215473699828
 30
0.0
 40
0.2478390771075291
  1
01
  7
arial
100
AcDbText
  0
TEXT
  5
2660
330
1F
100
AcDbEntity
  8
0
100
AcDbText
 10
3096.259638845254
 20
1777.943308632693
 30
0.0
 40
0.2478390771075291
  1
2x4mm²
  7
arial
100
AcDbText
  0
LINE
  5
2661
330
1F
100
AcDbEntity
  8
0
 62
     3
100
AcDbLine
 10
3097.13968895983
 20
1781.551277446503
 30
0.0
 11
3097.432643116042
 21
1781.551277446503
 31
0.0
  0
LINE
  5
2662
330
1F
100
AcDbEntity
  8
0
 62
     3
100
AcDbLine
 10
3097.432643116042
 20
1781.3295140003
 30
0.0
 11
3097.432643116042
 21
1781.773040892707
 31
0.0
  0
LINE
  5
2663
330
1F
100
AcDbEntity
  8
0
 62
     3
100
AcDbLine
 10
3097.496578165826
 20
1781.421317126376
 30
0.0
 11
3097.496578165826
 21
1781.689662193091
 31
0.0
  0
LINE
  5
2664
330
1F
100
AcDbEntity
  8
0
 62
     3
100
AcDbLine
 10
3097.562814910308
 20
1781.499886335655
 30
0.0
 11
3097.562814910308
 21
1781.617958831979
 31
0.0
  0
LINE
  5
2665
330
1F
100
AcDbEntity
  8
0
 62
     3
100
AcDbLine
 10
3097.630580642807
 20
1781.5346697659
 30
0.0
 11
3097.630580642807
 21
1781.577604934888
 31
0.0
  0
TEXT
  5
2666
330
1F
100
AcDbEntity
  8
0
 62
     1
 48
0.1
100
AcDbText
 10
3097.116358261262
 20
1783.563354443779
 30
0.0
 40
0.1687247977395283
  1
2P-15A
 50
270.0
  7
arial
100
AcDbText
  0
TEXT
  5
2667
330
1F
100
AcDbEntity
  8
0
100
AcDbText
 10
3097.333700894763
 20
1785.073403810421
 30
0.0
 40
0.1485104375604364
  1
+
  7
arial
100
AcDbText
  0
TEXT
  5
2668
330
1F
100
AcDbEntity
  8
0
100
AcDbText
 10
3097.340218723953
 20
1784.994052261454
 30
0.0
 40
0.1485104375604364
  1
-
 50
270.0
  7
arial
100
AcDbText
  0
LINE
  5
2669
330
1F
100
AcDbEntity
  8
0
100
AcDbLine
 10
3099.463917056917
 20
1786.096322153144
 30
0.0
 11
3099.463917056917
 21
1783.386682951855
 31
0.0
  0
LINE
  5
266A
330
1F
100
AcDbEntity
  8
0
100
AcDbLine
 10
3099.463917056917
 20
1782.975115254971
 30
0.0
 11
3099.463917056917
 21
1781.551277446503
 31
0.0
  0
LINE
  5
266B
330
1F
100
AcDbEntity
  8
0
100
AcDbLine
 10
3099.846507730684
 20
1785.14309893165
 30
0.0
 11
3099.08132638315
 21
1785.14309893165
 31
0.0
  0
LINE
  5
266C
330
1F
100
AcDbEntity
  8
0
100
AcDbLine
 10
3099.846507730684
 20
1784.956471294823
 30
0.0
 11
3099.08132638315
 21
1784.956471294823
 31
0.0
  0
LWPOLYLINE
  5
266D
330
1F
100
AcDbEntity
  8
0
100
AcDbPolyline
 90
        4
 70
     1
 43
0.0
 10
3098.363710067983
 20
1783.910317168767
 10
3099.252641380404
 20
1783.910317168767
 10
3099.252641380404
 20
1784.388762370956
 10
3098.363710067983
 20
1784.388762370956
  0
LINE
  5
266E
330
1F
100
AcDbEntity
  8
0
100
AcDbLine
 10
3098.363710067983
 20
1784.388762370956
 30
0.0
 11
3099.252641380404
 21
1783.910317168767
 31
0.0
  0
LINE
  5
266F
330
1F
100
AcDbEntity
  8
0
100
AcDbLine
 10
3098.200296468532
 20
1784.149539769862
 30
0.0
 11
3098.363710067983
 21
1784.149539769862
 31
0.0
  0
LINE
  5
2670
330
1F
100
AcDbEntity
  8
0
100
AcDbLine
 10
3099.252641380404
 20
1784.149539769862
 30
0.0
 11
3099.463917056917
 21
1784.149539769862
 31
0.0
  0
LINE
  5
2671
330
1F
100
AcDbEntity
  8
0
100
AcDbLine
 10
3098.200296468532
 20
1784.284933726837
 30
0.0
 11
3098.200296468532
 21
1784.014145812887
 31
0.0
  0
LINE
  5
2672
330
1F
100
AcDbEntity
  8
0
100
AcDbLine
 10
3098.200296468532
 20
1784.284933726837
 30
0.0
 11
3098.064902511556
 21
1784.149539769862
 31
0.0
  0
LINE
  5
2673
330
1F
100
AcDbEntity
  8
0
100
AcDbLine
 10
3098.064902511556
 20
1784.149539769862
 30
0.0
 11
3098.200296468532
 21
1784.014145812887
 31
0.0
  0
LWPOLYLINE
  5
2674
330
1F
100
AcDbEntity
  8
0
100
AcDbPolyline
 90
        4
 70
     1
 43
0.0
 10
3099.224694455822
 20
1781.551277446503
 10
3099.224694455822
 20
1780.662346134081
 10
3099.703139658012
 20
1780.662346134081
 10
3099.703139658012
 20
1781.551277446503
  0
LINE
  5
2675
330
1F
100
AcDbEntity
  8
0
100
AcDbLine
 10
3099.703139658012
 20
1780.662346134081
 30
0.0
 11
3099.463917056917
 21
1780.973687128964
 31
0.0
  0
LINE
  5
2676
330
1F
100
AcDbEntity
  8
0
100
AcDbLine
 10
3099.463917056917
 20
1780.973687128964
 30
0.0
 11
3099.224694455822
 21
1780.662346134081
 31
0.0
  0
LINE
  5
2677
330
1F
100
AcDbEntity
  8
0
100
AcDbLine
 10
3099.364823505173
 20
1783.386682951855
 30
0.0
 11
3099.56239313284
 21
1783.386682951855
 31
0.0
  0
LWPOLYLINE
  5
2678
330
1F
100
AcDbEntity
  8
0
100
AcDbPolyline
 90
        4
 70
     1
 43
0.0
 10
3099.423791693516
 20
1783.386682951855
 10
3099.503424944496
 20
1783.386682951855
 10
3099.503424944496
 20
1783.2215121914
 10
3099.423791693516
 20
1783.2215121914
  0
LINE
  5
2679
330
1F
100
AcDbEntity
  8
0
100
AcDbLine
 10
3099.252660202337
 20
1783.324989295351
 30
0.0
 11
3099.463917056917
 21
1782.975115254971
 31
0.0
  0
LWPOLYLINE
  5
267A
330
1F
100
AcDbEntity
  8
0
100
AcDbPolyline
 90
        4
 70
     1
 43
0.0
 10
3099.263864586211
 20
1783.2223428945
 10
3099.340292808112
 20
1783.268490890339
 10
3099.485531887317
 20
1783.027952501354
 10
3099.409103665417
 20
1782.981804505514
  0
TEXT
  5
267B
330
1F
100
AcDbEntity
  8
0
100
AcDbText
 10
3098.392293351159
 20
1777.452346743052
 30
0.0
 40
0.2478390771075291
  1
Gerador: P1 
  7
arial
100
AcDbText
  0
TEXT
  5
267C
330
1F
100
AcDbEntity
  8
0
100
AcDbText
 10
3099.054045185127
 20
1779.978371127246
 30
0.0
 40
0.2478390771075291
  1
Marca
  7
arial
100
AcDbText
  0
TEXT
  5
267E
330
1F
100
AcDbEntity
  8
0
100
AcDbText
 10
3098.340533169109
 20
1778.231888899235
 30
0.0
 40
0.2478390771075291
  1
Quantidade
  7
arial
100
AcDbText
  0
TEXT
  5
267F
330
1F
100
AcDbEntity
  8
0
 62
     1
 48
0.1
100
AcDbText
 10
3100.209372775826
 20
1778.215473699828
 30
0.0
 40
0.2478390771075291
  1
01
  7
arial
100
AcDbText
  0
TEXT
  5
2680
330
1F
100
AcDbEntity
  8
0
100
AcDbText
 10
3098.823089543436
 20
1777.943308632693
 30
0.0
 40
0.2478390771075291
  1
2x4mm²
  7
arial
100
AcDbText
  0
LINE
  5
2681
330
1F
100
AcDbEntity
  8
0
 62
     3
100
AcDbLine
 10
3099.703139658012
 20
1781.551277446503
 30
0.0
 11
3099.996093814224
 21
1781.551277446503
 31
0.0
  0
LINE
  5
2682
330
1F
100
AcDbEntity
  8
0
 62
     3
100
AcDbLine
 10
3099.996093814224
 20
1781.3295140003
 30
0.0
 11
3099.996093814224
 21
1781.773040892707
 31
0.0
  0
LINE
  5
2683
330
1F
100
AcDbEntity
  8
0
 62
     3
100
AcDbLine
 10
3100.060028864008
 20
1781.421317126376
 30
0.0
 11
3100.060028864008
 21
1781.689662193091
 31
0.0
  0
LINE
  5
2684
330
1F
100
AcDbEntity
  8
0
 62
     3
100
AcDbLine
 10
3100.126265608489
 20
1781.499886335655
 30
0.0
 11
3100.126265608489
 21
1781.617958831979
 31
0.0
  0
LINE
  5
2685
330
1F
100
AcDbEntity
  8
0
 62
     3
100
AcDbLine
 10
3100.194031340989
 20
1781.5346697659
 30
0.0
 11
3100.194031340989
 21
1781.577604934888
 31
0.0
  0
TEXT
  5
2686
330
1F
100
AcDbEntity
  8
0
 62
     1
 48
0.1
100
AcDbText
 10
3099.679808959443
 20
1783.563354443779
 30
0.0
 40
0.1687247977395283
  1
2P-15A
 50
270.0
  7
arial
100
AcDbText
  0
TEXT
  5
2687
330
1F
100
AcDbEntity
  8
0
100
AcDbText
 10
3099.897151592944
 20
1785.073403810421
 30
0.0
 40
0.1485104375604364
  1
+
  7
arial
100
AcDbText
  0
TEXT
  5
2688
330
1F
100
AcDbEntity
  8
0
100
AcDbText
 10
3099.903669422134
 20
1784.994052261454
 30
0.0
 40
0.1485104375604364
  1
-
 50
270.0
  7
arial
100
AcDbText
  0
LINE
  5
2689
330
1F
100
AcDbEntity
  8
0
100
AcDbLine
 10
3102.027367755098
 20
1786.096322153144
 30
0.0
 11
3102.027367755098
 21
1783.386682951855
 31
0.0
  0
LINE
  5
268A
330
1F
100
AcDbEntity
  8
0
100
AcDbLine
 10
3102.027367755098
 20
1782.975115254971
 30
0.0
 11
3102.027367755098
 21
1781.551277446503
 31
0.0
  0
LINE
  5
268B
330
1F
100
AcDbEntity
  8
0
100
AcDbLine
 10
3102.409958428866
 20
1785.14309893165
 30
0.0
 11
3101.644777081332
 21
1785.14309893165
 31
0.0
  0
LINE
  5
268C
330
1F
100
AcDbEntity
  8
0
100
AcDbLine
 10
3102.409958428866
 20
1784.956471294823
 30
0.0
 11
3101.644777081332
 21
1784.956471294823
 31
0.0
  0
LWPOLYLINE
  5
268D
330
1F
100
AcDbEntity
  8
0
100
AcDbPolyline
 90
        4
 70
     1
 43
0.0
 10
3100.927160766165
 20
1783.910317168767
 10
3101.816092078585
 20
1783.910317168767
 10
3101.816092078585
 20
1784.388762370956
 10
3100.927160766165
 20
1784.388762370956
  0
LINE
  5
268E
330
1F
100
AcDbEntity
  8
0
100
AcDbLine
 10
3100.927160766165
 20
1784.388762370956
 30
0.0
 11
3101.816092078585
 21
1783.910317168767
 31
0.0
  0
LINE
  5
268F
330
1F
100
AcDbEntity
  8
0
100
AcDbLine
 10
3101.816092078585
 20
1784.149539769862
 30
0.0
 11
3102.027367755098
 21
1784.149539769862
 31
0.0
  0
LWPOLYLINE
  5
2690
330
1F
100
AcDbEntity
  8
0
100
AcDbPolyline
 90
        4
 70
     1
 43
0.0
 10
3101.788145154004
 20
1781.551277446503
 10
3101.788145154004
 20
1780.662346134081
 10
3102.266590356193
 20
1780.662346134081
 10
3102.266590356193
 20
1781.551277446503
  0
LINE
  5
2691
330
1F
100
AcDbEntity
  8
0
100
AcDbLine
 10
3102.266590356193
 20
1780.662346134081
 30
0.0
 11
3102.027367755098
 21
1780.973687128964
 31
0.0
  0
LINE
  5
2692
330
1F
100
AcDbEntity
  8
0
100
AcDbLine
 10
3102.027367755098
 20
1780.973687128964
 30
0.0
 11
3101.788145154004
 21
1780.662346134081
 31
0.0
  0
LINE
  5
2693
330
1F
100
AcDbEntity
  8
0
100
AcDbLine
 10
3101.928274203356
 20
1783.386682951855
 30
0.0
 11
3102.125843831021
 21
1783.386682951855
 31
0.0
  0
LWPOLYLINE
  5
2694
330
1F
100
AcDbEntity
  8
0
100
AcDbPolyline
 90
        4
 70
     1
 43
0.0
 10
3101.987242391698
 20
1783.386682951855
 10
3102.066875642678
 20
1783.386682951855
 10
3102.066875642678
 20
1783.2215121914
 10
3101.987242391698
 20
1783.2215121914
  0
LINE
  5
2695
330
1F
100
AcDbEntity
  8
0
100
AcDbLine
 10
3101.81611090052
 20
1783.324989295351
 30
0.0
 11
3102.027367755098
 21
1782.975115254971
 31
0.0
  0
LWPOLYLINE
  5
2696
330
1F
100
AcDbEntity
  8
0
100
AcDbPolyline
 90
        4
 70
     1
 43
0.0
 10
3101.827315284393
 20
1783.2223428945
 10
3101.903743506294
 20
1783.268490890339
 10
3102.048982585499
 20
1783.027952501354
 10
3101.972554363598
 20
1782.981804505514
  0
TEXT
  5
2697
330
1F
100
AcDbEntity
  8
0
100
AcDbText
 10
3100.955744049341
 20
1777.452346743052
 30
0.0
 40
0.2478390771075291
  1
Gerador: P1 
  7
arial
100
AcDbText
  0
TEXT
  5
2698
330
1F
100
AcDbEntity
  8
0
100
AcDbText
 10
3101.617495883309
 20
1779.978371127246
 30
0.0
 40
0.2478390771075291
  1
Marca
  7
arial
100
AcDbText
  0
TEXT
  5
269A
330
1F
100
AcDbEntity
  8
0
100
AcDbText
 10
3100.90398386729
 20
1778.231888899235
 30
0.0
 40
0.2478390771075291
  1
Quantidade
  7
arial
100
AcDbText
  0
TEXT
  5
269B
330
1F
100
AcDbEntity
  8
0
 62
     1
 48
0.1
100
AcDbText
 10
3102.772823474007
 20
1778.215473699828
 30
0.0
 40
0.2478390771075291
  1
01
  7
arial
100
AcDbText
  0
TEXT
  5
269C
330
1F
100
AcDbEntity
  8
0
100
AcDbText
 10
3101.386540241618
 20
1777.943308632693
 30
0.0
 40
0.2478390771075291
  1
2x4mm²
  7
arial
100
AcDbText
  0
LINE
  5
269D
330
1F
100
AcDbEntity
  8
0
 62
     3
100
AcDbLine
 10
3102.266590356193
 20
1781.551277446503
 30
0.0
 11
3102.559544512405
 21
1781.551277446503
 31
0.0
  0
LINE
  5
269E
330
1F
100
AcDbEntity
  8
0
 62
     3
100
AcDbLine
 10
3102.559544512405
 20
1781.3295140003
 30
0.0
 11
3102.559544512405
 21
1781.773040892707
 31
0.0
  0
LINE
  5
269F
330
1F
100
AcDbEntity
  8
0
 62
     3
100
AcDbLine
 10
3102.62347956219
 20
1781.421317126376
 30
0.0
 11
3102.62347956219
 21
1781.689662193091
 31
0.0
  0
LINE
  5
26A0
330
1F
100
AcDbEntity
  8
0
 62
     3
100
AcDbLine
 10
3102.689716306671
 20
1781.499886335655
 30
0.0
 11
3102.689716306671
 21
1781.617958831979
 31
0.0
  0
LINE
  5
26A1
330
1F
100
AcDbEntity
  8
0
 62
     3
100
AcDbLine
 10
3102.757482039171
 20
1781.5346697659
 30
0.0
 11
3102.757482039171
 21
1781.577604934888
 31
0.0
  0
TEXT
  5
26A2
330
1F
100
AcDbEntity
  8
0
 62
     1
 48
0.1
100
AcDbText
 10
3102.243259657626
 20
1783.563354443779
 30
0.0
 40
0.1687247977395283
  1
2P-15A
 50
270.0
  7
arial
100
AcDbText
  0
TEXT
  5
26A3
330
1F
100
AcDbEntity
  8
0
100
AcDbText
 10
3102.460602291126
 20
1785.073403810421
 30
0.0
 40
0.1485104375604364
  1
+
  7
arial
100
AcDbText
  0
TEXT
  5
26A4
330
1F
100
AcDbEntity
  8
0
100
AcDbText
 10
3102.467120120316
 20
1784.994052261454
 30
0.0
 40
0.1485104375604364
  1
-
 50
270.0
  7
arial
100
AcDbText
  0
LINE
  5
26A5
330
1F
100
AcDbEntity
  8
0
100
AcDbLine
 10
3104.325634664674
 20
1786.096322153144
 30
0.0
 11
3104.325634664674
 21
1783.386682951855
 31
0.0
  0
LINE
  5
26A6
330
1F
100
AcDbEntity
  8
0
100
AcDbLine
 10
3104.325634664674
 20
1782.975115254971
 30
0.0
 11
3104.325634664674
 21
1781.551277446503
 31
0.0
  0
LINE
  5
26A7
330
1F
100
AcDbEntity
  8
0
100
AcDbLine
 10
3104.708225338441
 20
1785.14309893165
 30
0.0
 11
3103.943043990907
 21
1785.14309893165
 31
0.0
  0
LINE
  5
26A8
330
1F
100
AcDbEntity
  8
0
100
AcDbLine
 10
3104.708225338441
 20
1784.956471294823
 30
0.0
 11
3103.943043990907
 21
1784.956471294823
 31
0.0
  0
LWPOLYLINE
  5
26A9
330
1F
100
AcDbEntity
  8
0
100
AcDbPolyline
 90
        4
 70
     1
 43
0.0
 10
3103.22542767574
 20
1783.910317168767
 10
3104.114358988161
 20
1783.910317168767
 10
3104.114358988161
 20
1784.388762370956
 10
3103.22542767574
 20
1784.388762370956
  0
LINE
  5
26AA
330
1F
100
AcDbEntity
  8
0
100
AcDbLine
 10
3103.22542767574
 20
1784.388762370956
 30
0.0
 11
3104.114358988161
 21
1783.910317168767
 31
0.0
  0
LINE
  5
26AB
330
1F
100
AcDbEntity
  8
0
100
AcDbLine
 10
3103.06201407629
 20
1784.149539769862
 30
0.0
 11
3103.22542767574
 21
1784.149539769862
 31
0.0
  0
LINE
  5
26AC
330
1F
100
AcDbEntity
  8
0
100
AcDbLine
 10
3104.114358988161
 20
1784.149539769862
 30
0.0
 11
3104.325634664674
 21
1784.149539769862
 31
0.0
  0
LINE
  5
26AD
330
1F
100
AcDbEntity
  8
0
100
AcDbLine
 10
3103.06201407629
 20
1784.284933726837
 30
0.0
 11
3103.06201407629
 21
1784.014145812887
 31
0.0
  0
LINE
  5
26AE
330
1F
100
AcDbEntity
  8
0
100
AcDbLine
 10
3103.06201407629
 20
1784.284933726837
 30
0.0
 11
3102.926620119314
 21
1784.149539769862
 31
0.0
  0
LINE
  5
26AF
330
1F
100
AcDbEntity
  8
0
100
AcDbLine
 10
3102.926620119314
 20
1784.149539769862
 30
0.0
 11
3103.06201407629
 21
1784.014145812887
 31
0.0
  0
LWPOLYLINE
  5
26B0
330
1F
100
AcDbEntity
  8
0
100
AcDbPolyline
 90
        4
 70
     1
 43
0.0
 10
3104.086412063579
 20
1781.551277446503
 10
3104.086412063579
 20
1780.662346134081
 10
3104.564857265769
 20
1780.662346134081
 10
3104.564857265769
 20
1781.551277446503
  0
LINE
  5
26B1
330
1F
100
AcDbEntity
  8
0
100
AcDbLine
 10
3104.564857265769
 20
1780.662346134081
 30
0.0
 11
3104.325634664674
 21
1780.973687128964
 31
0.0
  0
LINE
  5
26B2
330
1F
100
AcDbEntity
  8
0
100
AcDbLine
 10
3104.325634664674
 20
1780.973687128964
 30
0.0
 11
3104.086412063579
 21
1780.662346134081
 31
0.0
  0
LINE
  5
26B3
330
1F
100
AcDbEntity
  8
0
100
AcDbLine
 10
3104.226541112931
 20
1783.386682951855
 30
0.0
 11
3104.424110740597
 21
1783.386682951855
 31
0.0
  0
LWPOLYLINE
  5
26B4
330
1F
100
AcDbEntity
  8
0
100
AcDbPolyline
 90
        4
 70
     1
 43
0.0
 10
3104.285509301274
 20
1783.386682951855
 10
3104.365142552253
 20
1783.386682951855
 10
3104.365142552253
 20
1783.2215121914
 10
3104.285509301274
 20
1783.2215121914
  0
LINE
  5
26B5
330
1F
100
AcDbEntity
  8
0
100
AcDbLine
 10
3104.114377810095
 20
1783.324989295351
 30
0.0
 11
3104.325634664674
 21
1782.975115254971
 31
0.0
  0
LWPOLYLINE
  5
26B6
330
1F
100
AcDbEntity
  8
0
100
AcDbPolyline
 90
        4
 70
     1
 43
0.0
 10
3104.125582193968
 20
1783.2223428945
 10
3104.202010415869
 20
1783.268490890339
 10
3104.347249495075
 20
1783.027952501354
 10
3104.270821273173
 20
1782.981804505514
  0
TEXT
  5
26B7
330
1F
100
AcDbEntity
  8
0
100
AcDbText
 10
3103.254010958917
 20
1777.452346743052
 30
0.0
 40
0.2478390771075291
  1
Gerador: P1 
  7
arial
100
AcDbText
  0
TEXT
  5
26B8
330
1F
100
AcDbEntity
  8
0
100
AcDbText
 10
3103.915762792885
 20
1779.978371127246
 30
0.0
 40
0.2478390771075291
  1
Marca
  7
arial
100
AcDbText
  0
TEXT
  5
26BA
330
1F
100
AcDbEntity
  8
0
100
AcDbText
 10
3103.202250776866
 20
1778.231888899235
 30
0.0
 40
0.2478390771075291
  1
Quantidade
  7
arial
100
AcDbText
  0
TEXT
  5
26BB
330
1F
100
AcDbEntity
  8
0
 62
     1
 48
0.1
100
AcDbText
 10
3105.071090383584
 20
1778.215473699828
 30
0.0
 40
0.2478390771075291
  1
01
  7
arial
100
AcDbText
  0
TEXT
  5
26BC
330
1F
100
AcDbEntity
  8
0
100
AcDbText
 10
3103.684807151194
 20
1777.943308632693
 30
0.0
 40
0.2478390771075291
  1
2x4mm²
  7
arial
100
AcDbText
  0
LINE
  5
26BD
330
1F
100
AcDbEntity
  8
0
 62
     3
100
AcDbLine
 10
3104.564857265769
 20
1781.551277446503
 30
0.0
 11
3104.857811421981
 21
1781.551277446503
 31
0.0
  0
LINE
  5
26BE
330
1F
100
AcDbEntity
  8
0
 62
     3
100
AcDbLine
 10
3104.857811421981
 20
1781.3295140003
 30
0.0
 11
3104.857811421981
 21
1781.773040892707
 31
0.0
  0
LINE
  5
26BF
330
1F
100
AcDbEntity
  8
0
 62
     3
100
AcDbLine
 10
3104.921746471765
 20
1781.421317126376
 30
0.0
 11
3104.921746471765
 21
1781.689662193091
 31
0.0
  0
LINE
  5
26C0
330
1F
100
AcDbEntity
  8
0
 62
     3
100
AcDbLine
 10
3104.987983216246
 20
1781.499886335655
 30
0.0
 11
3104.987983216246
 21
1781.617958831979
 31
0.0
  0
LINE
  5
26C1
330
1F
100
AcDbEntity
  8
0
 62
     3
100
AcDbLine
 10
3105.055748948746
 20
1781.5346697659
 30
0.0
 11
3105.055748948746
 21
1781.577604934888
 31
0.0
  0
TEXT
  5
26C2
330
1F
100
AcDbEntity
  8
0
 62
     1
 48
0.1
100
AcDbText
 10
3104.541526567201
 20
1783.563354443779
 30
0.0
 40
0.1687247977395283
  1
2P-15A
 50
270.0
  7
arial
100
AcDbText
  0
TEXT
  5
26C3
330
1F
100
AcDbEntity
  8
0
100
AcDbText
 10
3104.758869200701
 20
1785.073403810421
 30
0.0
 40
0.1485104375604364
  1
+
  7
arial
100
AcDbText
  0
TEXT
  5
26C4
330
1F
100
AcDbEntity
  8
0
100
AcDbText
 10
3104.765387029892
 20
1784.994052261454
 30
0.0
 40
0.1485104375604364
  1
-
 50
270.0
  7
arial
100
AcDbText
  0
LINE
  5
26C5
330
1F
100
AcDbEntity
  8
0
100
AcDbLine
 10
3088.071842407112
 20
1786.096322153144
 30
0.0
 11
3085.954086493085
 21
1786.096322153144
 31
0.0
  0
LINE
  5
26C6
330
1F
100
AcDbEntity
  8
0
100
AcDbLine
 10
3085.954086493085
 20
1786.096322153144
 30
0.0
 11
3085.929788684153
 21
1787.917565440123
 31
0.0
  0
LINE
  5
26C7
330
1F
100
AcDbEntity
  8
0
100
AcDbLine
 10
3086.196002229282
 20
1787.917565440123
 30
0.0
 11
3086.196002229282
 21
1786.454380461911
 31
0.0
  0
LINE
  5
26C8
330
1F
100
AcDbEntity
  8
0
100
AcDbLine
 10
3086.196002229282
 20
1786.454380461911
 30
0.0
 11
3090.453644658627
 21
1786.454380461911
 31
0.0
  0
LINE
  5
26C9
330
1F
100
AcDbEntity
  8
0
100
AcDbLine
 10
3085.900150308261
 20
1789.184839809266
 30
0.0
 11
3085.900150308261
 21
1789.587236881147
 31
0.0
  0
LINE
  5
26CA
330
1F
100
AcDbEntity
  8
0
100
AcDbLine
 10
3085.900150308261
 20
1789.587236881147
 30
0.0
 11
3108.809748832437
 21
1789.587236881147
 31
0.0
  0
LINE
  5
26CB
330
1F
100
AcDbEntity
  8
0
100
AcDbLine
 10
3086.637184001684
 20
1787.917565440123
 30
0.0
 11
3086.637184001684
 21
1786.830519689476
 31
0.0
  0
LINE
  5
26CC
330
1F
100
AcDbEntity
  8
0
100
AcDbLine
 10
3086.637184001684
 20
1786.830519689476
 30
0.0
 11
3092.845165418666
 21
1786.830519689476
 31
0.0
  0
LINE
  5
26CD
330
1F
100
AcDbEntity
  8
0
100
AcDbLine
 10
3108.556245840569
 20
1787.96013409242
 30
0.0
 11
3108.55624584057
 21
1783.386682951855
 31
0.0
  0
LINE
  5
26CE
330
1F
100
AcDbEntity
  8
0
100
AcDbLine
 10
3108.55624584057
 20
1782.975115254971
 30
0.0
 11
3108.55624584057
 21
1781.551277446503
 31
0.0
  0
LINE
  5
26CF
330
1F
100
AcDbEntity
  8
0
100
AcDbLine
 10
3108.938836514337
 20
1785.14309893165
 30
0.0
 11
3108.173655166803
 21
1785.14309893165
 31
0.0
  0
LINE
  5
26D0
330
1F
100
AcDbEntity
  8
0
100
AcDbLine
 10
3108.938836514337
 20
1784.956471294823
 30
0.0
 11
3108.173655166803
 21
1784.956471294823
 31
0.0
  0
LWPOLYLINE
  5
26D1
330
1F
100
AcDbEntity
  8
0
100
AcDbPolyline
 90
        4
 70
     1
 43
0.0
 10
3107.456038851636
 20
1783.910317168767
 10
3108.344970164057
 20
1783.910317168767
 10
3108.344970164057
 20
1784.388762370956
 10
3107.456038851636
 20
1784.388762370956
  0
LINE
  5
26D2
330
1F
100
AcDbEntity
  8
0
100
AcDbLine
 10
3107.456038851636
 20
1784.388762370956
 30
0.0
 11
3108.344970164057
 21
1783.910317168767
 31
0.0
  0
LINE
  5
26D3
330
1F
100
AcDbEntity
  8
0
100
AcDbLine
 10
3107.292625252186
 20
1784.149539769862
 30
0.0
 11
3107.456038851636
 21
1784.149539769862
 31
0.0
  0
LINE
  5
26D4
330
1F
100
AcDbEntity
  8
0
100
AcDbLine
 10
3108.344970164057
 20
1784.149539769862
 30
0.0
 11
3108.55624584057
 21
1784.149539769862
 31
0.0
  0
LINE
  5
26D5
330
1F
100
AcDbEntity
  8
0
100
AcDbLine
 10
3107.292625252186
 20
1784.284933726837
 30
0.0
 11
3107.292625252186
 21
1784.014145812887
 31
0.0
  0
LINE
  5
26D6
330
1F
100
AcDbEntity
  8
0
100
AcDbLine
 10
3107.292625252186
 20
1784.284933726837
 30
0.0
 11
3107.15723129521
 21
1784.149539769862
 31
0.0
  0
LINE
  5
26D7
330
1F
100
AcDbEntity
  8
0
100
AcDbLine
 10
3107.15723129521
 20
1784.149539769862
 30
0.0
 11
3107.292625252186
 21
1784.014145812887
 31
0.0
  0
LWPOLYLINE
  5
26D8
330
1F
100
AcDbEntity
  8
0
100
AcDbPolyline
 90
        4
 70
     1
 43
0.0
 10
3108.317023239476
 20
1781.551277446503
 10
3108.317023239476
 20
1780.662346134081
 10
3108.795468441665
 20
1780.662346134081
 10
3108.795468441665
 20
1781.551277446503
  0
LINE
  5
26D9
330
1F
100
AcDbEntity
  8
0
100
AcDbLine
 10
3108.795468441665
 20
1780.662346134081
 30
0.0
 11
3108.55624584057
 21
1780.973687128964
 31
0.0
  0
LINE
  5
26DA
330
1F
100
AcDbEntity
  8
0
100
AcDbLine
 10
3108.55624584057
 20
1780.973687128964
 30
0.0
 11
3108.317023239476
 21
1780.662346134081
 31
0.0
  0
LINE
  5
26DB
330
1F
100
AcDbEntity
  8
0
100
AcDbLine
 10
3108.457152288826
 20
1783.386682951855
 30
0.0
 11
3108.654721916493
 21
1783.386682951855
 31
0.0
  0
LWPOLYLINE
  5
26DC
330
1F
100
AcDbEntity
  8
0
100
AcDbPolyline
 90
        4
 70
     1
 43
0.0
 10
3108.516120477169
 20
1783.386682951855
 10
3108.595753728149
 20
1783.386682951855
 10
3108.595753728149
 20
1783.2215121914
 10
3108.516120477169
 20
1783.2215121914
  0
LINE
  5
26DD
330
1F
100
AcDbEntity
  8
0
100
AcDbLine
 10
3108.344988985991
 20
1783.324989295351
 30
0.0
 11
3108.55624584057
 21
1782.975115254971
 31
0.0
  0
LWPOLYLINE
  5
26DE
330
1F
100
AcDbEntity
  8
0
100
AcDbPolyline
 90
        4
 70
     1
 43
0.0
 10
3108.356193369865
 20
1783.2223428945
 10
3108.432621591765
 20
1783.268490890339
 10
3108.577860670971
 20
1783.027952501354
 10
3108.501432449069
 20
1782.981804505514
  0
TEXT
  5
26DF
330
1F
100
AcDbEntity
  8
0
100
AcDbText
 10
3107.484622134812
 20
1777.452346743052
 30
0.0
 40
0.2478390771075291
  1
Gerador: P1 
  7
arial
100
AcDbText
  0
TEXT
  5
26E0
330
1F
100
AcDbEntity
  8
0
100
AcDbText
 10
3108.14637396878
 20
1779.978371127246
 30
0.0
 40
0.2478390771075291
  1
Marca
  7
arial
100
AcDbText
  0
TEXT
  5
26E2
330
1F
100
AcDbEntity
  8
0
100
AcDbText
 10
3107.432861952762
 20
1778.231888899235
 30
0.0
 40
0.2478390771075291
  1
Quantidade
  7
arial
100
AcDbText
  0
TEXT
  5
26E3
330
1F
100
AcDbEntity
  8
0
 62
     1
 48
0.1
100
AcDbText
 10
3109.301701559479
 20
1778.215473699828
 30
0.0
 40
0.2478390771075291
  1
01
  7
arial
100
AcDbText
  0
TEXT
  5
26E4
330
1F
100
AcDbEntity
  8
0
100
AcDbText
 10
3107.91541832709
 20
1777.943308632693
 30
0.0
 40
0.2478390771075291
  1
2x4mm²
  7
arial
100
AcDbText
  0
LINE
  5
26E5
330
1F
100
AcDbEntity
  8
0
 62
     3
100
AcDbLine
 10
3108.795468441665
 20
1781.551277446503
 30
0.0
 11
3109.088422597876
 21
1781.551277446503
 31
0.0
  0
LINE
  5
26E6
330
1F
100
AcDbEntity
  8
0
 62
     3
100
AcDbLine
 10
3109.088422597876
 20
1781.3295140003
 30
0.0
 11
3109.088422597876
 21
1781.773040892707
 31
0.0
  0
LINE
  5
26E7
330
1F
100
AcDbEntity
  8
0
 62
     3
100
AcDbLine
 10
3109.152357647661
 20
1781.421317126376
 30
0.0
 11
3109.152357647661
 21
1781.689662193091
 31
0.0
  0
LINE
  5
26E8
330
1F
100
AcDbEntity
  8
0
 62
     3
100
AcDbLine
 10
3109.218594392142
 20
1781.499886335655
 30
0.0
 11
3109.218594392142
 21
1781.617958831979
 31
0.0
  0
LINE
  5
26E9
330
1F
100
AcDbEntity
  8
0
 62
     3
100
AcDbLine
 10
3109.286360124642
 20
1781.5346697659
 30
0.0
 11
3109.286360124642
 21
1781.577604934888
 31
0.0
  0
TEXT
  5
26EA
330
1F
100
AcDbEntity
  8
0
 62
     1
 48
0.1
100
AcDbText
 10
3108.772137743097
 20
1783.563354443779
 30
0.0
 40
0.1687247977395283
  1
2P-15A
 50
270.0
  7
arial
100
AcDbText
  0
TEXT
  5
26EB
330
1F
100
AcDbEntity
  8
0
100
AcDbText
 10
3108.989480376598
 20
1785.073403810421
 30
0.0
 40
0.1485104375604364
  1
+
  7
arial
100
AcDbText
  0
TEXT
  5
26EC
330
1F
100
AcDbEntity
  8
0
100
AcDbText
 10
3108.995998205788
 20
1784.994052261454
 30
0.0
 40
0.1485104375604364
  1
-
 50
270.0
  7
arial
100
AcDbText
  0
LINE
  5
26ED
330
1F
100
AcDbEntity
  8
0
100
AcDbLine
 10
3111.119696538752
 20
1786.096322153144
 30
0.0
 11
3111.119696538752
 21
1783.386682951855
 31
0.0
  0
LINE
  5
26EE
330
1F
100
AcDbEntity
  8
0
100
AcDbLine
 10
3111.119696538752
 20
1782.975115254971
 30
0.0
 11
3111.119696538752
 21
1781.551277446503
 31
0.0
  0
LINE
  5
26EF
330
1F
100
AcDbEntity
  8
0
100
AcDbLine
 10
3111.502287212519
 20
1785.14309893165
 30
0.0
 11
3110.737105864985
 21
1785.14309893165
 31
0.0
  0
LINE
  5
26F0
330
1F
100
AcDbEntity
  8
0
100
AcDbLine
 10
3111.502287212519
 20
1784.956471294823
 30
0.0
 11
3110.737105864985
 21
1784.956471294823
 31
0.0
  0
LWPOLYLINE
  5
26F1
330
1F
100
AcDbEntity
  8
0
100
AcDbPolyline
 90
        4
 70
     1
 43
0.0
 10
3110.019489549818
 20
1783.910317168767
 10
3110.908420862239
 20
1783.910317168767
 10
3110.908420862239
 20
1784.388762370956
 10
3110.019489549818
 20
1784.388762370956
  0
LINE
  5
26F2
330
1F
100
AcDbEntity
  8
0
100
AcDbLine
 10
3110.019489549818
 20
1784.388762370956
 30
0.0
 11
3110.908420862239
 21
1783.910317168767
 31
0.0
  0
LINE
  5
26F3
330
1F
100
AcDbEntity
  8
0
100
AcDbLine
 10
3109.856075950367
 20
1784.149539769862
 30
0.0
 11
3110.019489549818
 21
1784.149539769862
 31
0.0
  0
LINE
  5
26F4
330
1F
100
AcDbEntity
  8
0
100
AcDbLine
 10
3110.908420862239
 20
1784.149539769862
 30
0.0
 11
3111.119696538752
 21
1784.149539769862
 31
0.0
  0
LINE
  5
26F5
330
1F
100
AcDbEntity
  8
0
100
AcDbLine
 10
3109.856075950367
 20
1784.284933726837
 30
0.0
 11
3109.856075950367
 21
1784.014145812887
 31
0.0
  0
LINE
  5
26F6
330
1F
100
AcDbEntity
  8
0
100
AcDbLine
 10
3109.856075950367
 20
1784.284933726837
 30
0.0
 11
3109.720681993391
 21
1784.149539769862
 31
0.0
  0
LINE
  5
26F7
330
1F
100
AcDbEntity
  8
0
100
AcDbLine
 10
3109.720681993391
 20
1784.149539769862
 30
0.0
 11
3109.856075950367
 21
1784.014145812887
 31
0.0
  0
LWPOLYLINE
  5
26F8
330
1F
100
AcDbEntity
  8
0
100
AcDbPolyline
 90
        4
 70
     1
 43
0.0
 10
3110.880473937657
 20
1781.551277446503
 10
3110.880473937657
 20
1780.662346134081
 10
3111.358919139846
 20
1780.662346134081
 10
3111.358919139846
 20
1781.551277446503
  0
LINE
  5
26F9
330
1F
100
AcDbEntity
  8
0
100
AcDbLine
 10
3111.358919139846
 20
1780.662346134081
 30
0.0
 11
3111.119696538752
 21
1780.973687128964
 31
0.0
  0
LINE
  5
26FA
330
1F
100
AcDbEntity
  8
0
100
AcDbLine
 10
3111.119696538752
 20
1780.973687128964
 30
0.0
 11
3110.880473937657
 21
1780.662346134081
 31
0.0
  0
LINE
  5
26FB
330
1F
100
AcDbEntity
  8
0
100
AcDbLine
 10
3111.020602987009
 20
1783.386682951855
 30
0.0
 11
3111.218172614675
 21
1783.386682951855
 31
0.0
  0
LWPOLYLINE
  5
26FC
330
1F
100
AcDbEntity
  8
0
100
AcDbPolyline
 90
        4
 70
     1
 43
0.0
 10
3111.079571175352
 20
1783.386682951855
 10
3111.159204426331
 20
1783.386682951855
 10
3111.159204426331
 20
1783.2215121914
 10
3111.079571175352
 20
1783.2215121914
  0
LINE
  5
26FD
330
1F
100
AcDbEntity
  8
0
100
AcDbLine
 10
3110.908439684172
 20
1783.324989295351
 30
0.0
 11
3111.119696538752
 21
1782.975115254971
 31
0.0
  0
LWPOLYLINE
  5
26FE
330
1F
100
AcDbEntity
  8
0
100
AcDbPolyline
 90
        4
 70
     1
 43
0.0
 10
3110.919644068046
 20
1783.2223428945
 10
3110.996072289947
 20
1783.268490890339
 10
3111.141311369152
 20
1783.027952501354
 10
3111.064883147252
 20
1782.981804505514
  0
TEXT
  5
26FF
330
1F
100
AcDbEntity
  8
0
100
AcDbText
 10
3110.048072832994
 20
1777.452346743052
 30
0.0
 40
0.2478390771075291
  1
Gerador: P1 
  7
arial
100
AcDbText
  0
TEXT
  5
2700
330
1F
100
AcDbEntity
  8
0
100
AcDbText
 10
3110.709824666962
 20
1779.978371127246
 30
0.0
 40
0.2478390771075291
  1
Marca
  7
arial
100
AcDbText
  0
TEXT
  5
2702
330
1F
100
AcDbEntity
  8
0
100
AcDbText
 10
3109.996312650944
 20
1778.231888899235
 30
0.0
 40
0.2478390771075291
  1
Quantidade
  7
arial
100
AcDbText
  0
TEXT
  5
2703
330
1F
100
AcDbEntity
  8
0
 62
     1
 48
0.1
100
AcDbText
 10
3111.865152257661
 20
1778.215473699828
 30
0.0
 40
0.2478390771075291
  1
01
  7
arial
100
AcDbText
  0
TEXT
  5
2704
330
1F
100
AcDbEntity
  8
0
100
AcDbText
 10
3110.478869025271
 20
1777.943308632693
 30
0.0
 40
0.2478390771075291
  1
2x4mm²
  7
arial
100
AcDbText
  0
LINE
  5
2705
330
1F
100
AcDbEntity
  8
0
 62
     3
100
AcDbLine
 10
3111.358919139846
 20
1781.551277446503
 30
0.0
 11
3111.651873296059
 21
1781.551277446503
 31
0.0
  0
LINE
  5
2706
330
1F
100
AcDbEntity
  8
0
 62
     3
100
AcDbLine
 10
3111.651873296059
 20
1781.3295140003
 30
0.0
 11
3111.651873296059
 21
1781.773040892707
 31
0.0
  0
LINE
  5
2707
330
1F
100
AcDbEntity
  8
0
 62
     3
100
AcDbLine
 10
3111.715808345843
 20
1781.421317126376
 30
0.0
 11
3111.715808345843
 21
1781.689662193091
 31
0.0
  0
LINE
  5
2708
330
1F
100
AcDbEntity
  8
0
 62
     3
100
AcDbLine
 10
3111.782045090324
 20
1781.499886335655
 30
0.0
 11
3111.782045090324
 21
1781.617958831979
 31
0.0
  0
LINE
  5
2709
330
1F
100
AcDbEntity
  8
0
 62
     3
100
AcDbLine
 10
3111.849810822824
 20
1781.5346697659
 30
0.0
 11
3111.849810822824
 21
1781.577604934888
 31
0.0
  0
TEXT
  5
270A
330
1F
100
AcDbEntity
  8
0
 62
     1
 48
0.1
100
AcDbText
 10
3111.335588441279
 20
1783.563354443779
 30
0.0
 40
0.1687247977395283
  1
2P-15A
 50
270.0
  7
arial
100
AcDbText
  0
TEXT
  5
270B
330
1F
100
AcDbEntity
  8
0
100
AcDbText
 10
3111.552931074779
 20
1785.073403810421
 30
0.0
 40
0.1485104375604364
  1
+
  7
arial
100
AcDbText
  0
TEXT
  5
270C
330
1F
100
AcDbEntity
  8
0
100
AcDbText
 10
3111.559448903969
 20
1784.994052261454
 30
0.0
 40
0.1485104375604364
  1
-
 50
270.0
  7
arial
100
AcDbText
  0
LINE
  5
270D
330
1F
100
AcDbEntity
  8
0
100
AcDbLine
 10
3113.683147236933
 20
1786.496949114208
 30
0.0
 11
3113.683147236933
 21
1783.386682951855
 31
0.0
  0
LINE
  5
270E
330
1F
100
AcDbEntity
  8
0
100
AcDbLine
 10
3113.683147236933
 20
1782.975115254971
 30
0.0
 11
3113.683147236933
 21
1781.551277446503
 31
0.0
  0
LINE
  5
270F
330
1F
100
AcDbEntity
  8
0
100
AcDbLine
 10
3114.065737910701
 20
1785.14309893165
 30
0.0
 11
3113.300556563167
 21
1785.14309893165
 31
0.0
  0
LINE
  5
2710
330
1F
100
AcDbEntity
  8
0
100
AcDbLine
 10
3114.065737910701
 20
1784.956471294823
 30
0.0
 11
3113.300556563167
 21
1784.956471294823
 31
0.0
  0
LWPOLYLINE
  5
2711
330
1F
100
AcDbEntity
  8
0
100
AcDbPolyline
 90
        4
 70
     1
 43
0.0
 10
3112.582940248
 20
1783.910317168767
 10
3113.471871560421
 20
1783.910317168767
 10
3113.471871560421
 20
1784.388762370956
 10
3112.582940248
 20
1784.388762370956
  0
LINE
  5
2712
330
1F
100
AcDbEntity
  8
0
100
AcDbLine
 10
3112.582940248
 20
1784.388762370956
 30
0.0
 11
3113.471871560421
 21
1783.910317168767
 31
0.0
  0
LINE
  5
2713
330
1F
100
AcDbEntity
  8
0
100
AcDbLine
 10
3112.419526648549
 20
1784.149539769862
 30
0.0
 11
3112.582940248
 21
1784.149539769862
 31
0.0
  0
LINE
  5
2714
330
1F
100
AcDbEntity
  8
0
100
AcDbLine
 10
3113.471871560421
 20
1784.149539769862
 30
0.0
 11
3113.683147236933
 21
1784.149539769862
 31
0.0
  0
LINE
  5
2715
330
1F
100
AcDbEntity
  8
0
100
AcDbLine
 10
3112.419526648549
 20
1784.284933726837
 30
0.0
 11
3112.419526648549
 21
1784.014145812887
 31
0.0
  0
LINE
  5
2716
330
1F
100
AcDbEntity
  8
0
100
AcDbLine
 10
3112.419526648549
 20
1784.284933726837
 30
0.0
 11
3112.284132691574
 21
1784.149539769862
 31
0.0
  0
LINE
  5
2717
330
1F
100
AcDbEntity
  8
0
100
AcDbLine
 10
3112.284132691574
 20
1784.149539769862
 30
0.0
 11
3112.419526648549
 21
1784.014145812887
 31
0.0
  0
LWPOLYLINE
  5
2718
330
1F
100
AcDbEntity
  8
0
100
AcDbPolyline
 90
        4
 70
     1
 43
0.0
 10
3113.44392463584
 20
1781.551277446503
 10
3113.44392463584
 20
1780.662346134081
 10
3113.922369838029
 20
1780.662346134081
 10
3113.922369838029
 20
1781.551277446503
  0
LINE
  5
2719
330
1F
100
AcDbEntity
  8
0
100
AcDbLine
 10
3113.922369838029
 20
1780.662346134081
 30
0.0
 11
3113.683147236933
 21
1780.973687128964
 31
0.0
  0
LINE
  5
271A
330
1F
100
AcDbEntity
  8
0
100
AcDbLine
 10
3113.683147236933
 20
1780.973687128964
 30
0.0
 11
3113.44392463584
 21
1780.662346134081
 31
0.0
  0
LINE
  5
271B
330
1F
100
AcDbEntity
  8
0
100
AcDbLine
 10
3113.58405368519
 20
1783.386682951855
 30
0.0
 11
3113.781623312856
 21
1783.386682951855
 31
0.0
  0
LWPOLYLINE
  5
271C
330
1F
100
AcDbEntity
  8
0
100
AcDbPolyline
 90
        4
 70
     1
 43
0.0
 10
3113.643021873533
 20
1783.386682951855
 10
3113.722655124513
 20
1783.386682951855
 10
3113.722655124513
 20
1783.2215121914
 10
3113.643021873533
 20
1783.2215121914
  0
LINE
  5
271D
330
1F
100
AcDbEntity
  8
0
100
AcDbLine
 10
3113.471890382355
 20
1783.324989295351
 30
0.0
 11
3113.683147236933
 21
1782.975115254971
 31
0.0
  0
LWPOLYLINE
  5
271E
330
1F
100
AcDbEntity
  8
0
100
AcDbPolyline
 90
        4
 70
     1
 43
0.0
 10
3113.483094766228
 20
1783.2223428945
 10
3113.559522988129
 20
1783.268490890339
 10
3113.704762067334
 20
1783.027952501354
 10
3113.628333845433
 20
1782.981804505514
  0
TEXT
  5
271F
330
1F
100
AcDbEntity
  8
0
100
AcDbText
 10
3112.611523531176
 20
1777.452346743052
 30
0.0
 40
0.2478390771075291
  1
Gerador: P1 
  7
arial
100
AcDbText
  0
TEXT
  5
2720
330
1F
100
AcDbEntity
  8
0
100
AcDbText
 10
3113.273275365144
 20
1779.978371127246
 30
0.0
 40
0.2478390771075291
  1
Marca
  7
arial
100
AcDbText
  0
TEXT
  5
2722
330
1F
100
AcDbEntity
  8
0
100
AcDbText
 10
3112.559763349125
 20
1778.231888899235
 30
0.0
 40
0.2478390771075291
  1
Quantidade
  7
arial
100
AcDbText
  0
TEXT
  5
2723
330
1F
100
AcDbEntity
  8
0
 62
     1
 48
0.1
100
AcDbText
 10
3114.428602955843
 20
1778.215473699828
 30
0.0
 40
0.2478390771075291
  1
01
  7
arial
100
AcDbText
  0
TEXT
  5
2724
330
1F
100
AcDbEntity
  8
0
100
AcDbText
 10
3113.042319723453
 20
1777.943308632693
 30
0.0
 40
0.2478390771075291
  1
2x4mm²
  7
arial
100
AcDbText
  0
LINE
  5
2725
330
1F
100
AcDbEntity
  8
0
 62
     3
100
AcDbLine
 10
3113.922369838029
 20
1781.551277446503
 30
0.0
 11
3114.21532399424
 21
1781.551277446503
 31
0.0
  0
LINE
  5
2726
330
1F
100
AcDbEntity
  8
0
 62
     3
100
AcDbLine
 10
3114.21532399424
 20
1781.3295140003
 30
0.0
 11
3114.21532399424
 21
1781.773040892707
 31
0.0
  0
LINE
  5
2727
330
1F
100
AcDbEntity
  8
0
 62
     3
100
AcDbLine
 10
3114.279259044025
 20
1781.421317126376
 30
0.0
 11
3114.279259044025
 21
1781.689662193091
 31
0.0
  0
LINE
  5
2728
330
1F
100
AcDbEntity
  8
0
 62
     3
100
AcDbLine
 10
3114.345495788505
 20
1781.499886335655
 30
0.0
 11
3114.345495788505
 21
1781.617958831979
 31
0.0
  0
LINE
  5
2729
330
1F
100
AcDbEntity
  8
0
 62
     3
100
AcDbLine
 10
3114.413261521006
 20
1781.5346697659
 30
0.0
 11
3114.413261521006
 21
1781.577604934888
 31
0.0
  0
TEXT
  5
272A
330
1F
100
AcDbEntity
  8
0
 62
     1
 48
0.1
100
AcDbText
 10
3113.89903913946
 20
1783.563354443779
 30
0.0
 40
0.1687247977395283
  1
2P-15A
 50
270.0
  7
arial
100
AcDbText
  0
TEXT
  5
272B
330
1F
100
AcDbEntity
  8
0
100
AcDbText
 10
3114.116381772961
 20
1785.073403810421
 30
0.0
 40
0.1485104375604364
  1
+
  7
arial
100
AcDbText
  0
TEXT
  5
272C
330
1F
100
AcDbEntity
  8
0
100
AcDbText
 10
3114.122899602151
 20
1784.994052261454
 30
0.0
 40
0.1485104375604364
  1
-
 50
270.0
  7
arial
100
AcDbText
  0
LINE
  5
272D
330
1F
100
AcDbEntity
  8
0
100
AcDbLine
 10
3115.968521207213
 20
1786.873088341774
 30
0.0
 11
3115.981414146509
 21
1783.386682951855
 31
0.0
  0
LINE
  5
272E
330
1F
100
AcDbEntity
  8
0
100
AcDbLine
 10
3115.981414146509
 20
1782.975115254971
 30
0.0
 11
3115.981414146509
 21
1781.551277446503
 31
0.0
  0
LINE
  5
272F
330
1F
100
AcDbEntity
  8
0
100
AcDbLine
 10
3116.364004820276
 20
1785.14309893165
 30
0.0
 11
3115.598823472742
 21
1785.14309893165
 31
0.0
  0
LINE
  5
2730
330
1F
100
AcDbEntity
  8
0
100
AcDbLine
 10
3116.364004820276
 20
1784.956471294823
 30
0.0
 11
3115.598823472742
 21
1784.956471294823
 31
0.0
  0
LWPOLYLINE
  5
2731
330
1F
100
AcDbEntity
  8
0
100
AcDbPolyline
 90
        4
 70
     1
 43
0.0
 10
3114.881207157575
 20
1783.910317168767
 10
3115.770138469996
 20
1783.910317168767
 10
3115.770138469996
 20
1784.388762370956
 10
3114.881207157575
 20
1784.388762370956
  0
LINE
  5
2732
330
1F
100
AcDbEntity
  8
0
100
AcDbLine
 10
3114.881207157575
 20
1784.388762370956
 30
0.0
 11
3115.770138469996
 21
1783.910317168767
 31
0.0
  0
LINE
  5
2733
330
1F
100
AcDbEntity
  8
0
100
AcDbLine
 10
3114.717793558125
 20
1784.149539769862
 30
0.0
 11
3114.881207157575
 21
1784.149539769862
 31
0.0
  0
LINE
  5
2734
330
1F
100
AcDbEntity
  8
0
100
AcDbLine
 10
3115.770138469996
 20
1784.149539769862
 30
0.0
 11
3115.981414146509
 21
1784.149539769862
 31
0.0
  0
LINE
  5
2735
330
1F
100
AcDbEntity
  8
0
100
AcDbLine
 10
3114.717793558125
 20
1784.284933726837
 30
0.0
 11
3114.717793558125
 21
1784.014145812887
 31
0.0
  0
LINE
  5
2736
330
1F
100
AcDbEntity
  8
0
100
AcDbLine
 10
3114.717793558125
 20
1784.284933726837
 30
0.0
 11
3114.582399601149
 21
1784.149539769862
 31
0.0
  0
LINE
  5
2737
330
1F
100
AcDbEntity
  8
0
100
AcDbLine
 10
3114.582399601149
 20
1784.149539769862
 30
0.0
 11
3114.717793558125
 21
1784.014145812887
 31
0.0
  0
LWPOLYLINE
  5
2738
330
1F
100
AcDbEntity
  8
0
100
AcDbPolyline
 90
        4
 70
     1
 43
0.0
 10
3115.742191545415
 20
1781.551277446503
 10
3115.742191545415
 20
1780.662346134081
 10
3116.220636747604
 20
1780.662346134081
 10
3116.220636747604
 20
1781.551277446503
  0
LINE
  5
2739
330
1F
100
AcDbEntity
  8
0
100
AcDbLine
 10
3116.220636747604
 20
1780.662346134081
 30
0.0
 11
3115.981414146509
 21
1780.973687128964
 31
0.0
  0
LINE
  5
273A
330
1F
100
AcDbEntity
  8
0
100
AcDbLine
 10
3115.981414146509
 20
1780.973687128964
 30
0.0
 11
3115.742191545415
 21
1780.662346134081
 31
0.0
  0
LINE
  5
273B
330
1F
100
AcDbEntity
  8
0
100
AcDbLine
 10
3115.882320594766
 20
1783.386682951855
 30
0.0
 11
3116.079890222432
 21
1783.386682951855
 31
0.0
  0
LWPOLYLINE
  5
273C
330
1F
100
AcDbEntity
  8
0
100
AcDbPolyline
 90
        4
 70
     1
 43
0.0
 10
3115.941288783109
 20
1783.386682951855
 10
3116.020922034088
 20
1783.386682951855
 10
3116.020922034088
 20
1783.2215121914
 10
3115.941288783109
 20
1783.2215121914
  0
LINE
  5
273D
330
1F
100
AcDbEntity
  8
0
100
AcDbLine
 10
3115.77015729193
 20
1783.324989295351
 30
0.0
 11
3115.981414146509
 21
1782.975115254971
 31
0.0
  0
LWPOLYLINE
  5
273E
330
1F
100
AcDbEntity
  8
0
100
AcDbPolyline
 90
        4
 70
     1
 43
0.0
 10
3115.781361675803
 20
1783.2223428945
 10
3115.857789897705
 20
1783.268490890339
 10
3116.003028976909
 20
1783.027952501354
 10
3115.926600755008
 20
1782.981804505514
  0
TEXT
  5
273F
330
1F
100
AcDbEntity
  8
0
100
AcDbText
 10
3114.909790440752
 20
1777.452346743052
 30
0.0
 40
0.2478390771075291
  1
Gerador: P1 
  7
arial
100
AcDbText
  0
TEXT
  5
2740
330
1F
100
AcDbEntity
  8
0
100
AcDbText
 10
3115.57154227472
 20
1779.978371127246
 30
0.0
 40
0.2478390771075291
  1
Marca
  7
arial
100
AcDbText
  0
TEXT
  5
2742
330
1F
100
AcDbEntity
  8
0
100
AcDbText
 10
3114.858030258701
 20
1778.231888899235
 30
0.0
 40
0.2478390771075291
  1
Quantidade
  7
arial
100
AcDbText
  0
TEXT
  5
2743
330
1F
100
AcDbEntity
  8
0
 62
     1
 48
0.1
100
AcDbText
 10
3116.726869865419
 20
1778.215473699828
 30
0.0
 40
0.2478390771075291
  1
01
  7
arial
100
AcDbText
  0
TEXT
  5
2744
330
1F
100
AcDbEntity
  8
0
100
AcDbText
 10
3115.340586633029
 20
1777.943308632693
 30
0.0
 40
0.2478390771075291
  1
2x4mm²
  7
arial
100
AcDbText
  0
LINE
  5
2745
330
1F
100
AcDbEntity
  8
0
 62
     3
100
AcDbLine
 10
3116.220636747604
 20
1781.551277446503
 30
0.0
 11
3116.513590903816
 21
1781.551277446503
 31
0.0
  0
LINE
  5
2746
330
1F
100
AcDbEntity
  8
0
 62
     3
100
AcDbLine
 10
3116.513590903816
 20
1781.3295140003
 30
0.0
 11
3116.513590903816
 21
1781.773040892707
 31
0.0
  0
LINE
  5
2747
330
1F
100
AcDbEntity
  8
0
 62
     3
100
AcDbLine
 10
3116.5775259536
 20
1781.421317126376
 30
0.0
 11
3116.5775259536
 21
1781.689662193091
 31
0.0
  0
LINE
  5
2748
330
1F
100
AcDbEntity
  8
0
 62
     3
100
AcDbLine
 10
3116.643762698081
 20
1781.499886335655
 30
0.0
 11
3116.643762698081
 21
1781.617958831979
 31
0.0
  0
LINE
  5
2749
330
1F
100
AcDbEntity
  8
0
 62
     3
100
AcDbLine
 10
3116.711528430581
 20
1781.5346697659
 30
0.0
 11
3116.711528430581
 21
1781.577604934888
 31
0.0
  0
TEXT
  5
274A
330
1F
100
AcDbEntity
  8
0
 62
     1
 48
0.1
100
AcDbText
 10
3116.197306049035
 20
1783.563354443779
 30
0.0
 40
0.1687247977395283
  1
2P-15A
 50
270.0
  7
arial
100
AcDbText
  0
TEXT
  5
274B
330
1F
100
AcDbEntity
  8
0
100
AcDbText
 10
3116.414648682536
 20
1785.073403810421
 30
0.0
 40
0.1485104375604364
  1
+
  7
arial
100
AcDbText
  0
TEXT
  5
274C
330
1F
100
AcDbEntity
  8
0
100
AcDbText
 10
3116.421166511726
 20
1784.994052261454
 30
0.0
 40
0.1485104375604364
  1
-
 50
270.0
  7
arial
100
AcDbText
  0
LWPOLYLINE
  5
274D
330
1F
100
AcDbEntity
  8
0
  6
ACAD_ISO02W100
 62
   251
420
  6513766
100
AcDbPolyline
 90
        4
 70
     1
 43
0.0
 10
3095.364961676462
 20
1785.758065170259
 10
3105.214240127378
 20
1785.758065170259
 10
3105.214240127378
 20
1782.446694303723
 10
3095.364961676462
 20
1782.446694303723
  0
TEXT
  5
274E
330
1F
100
AcDbEntity
  8
0
 62
   251
420
  6513766
100
AcDbText
 10
3104.920290371191
 20
1784.747836464552
 30
0.0
 40
0.1687247977395283
  1
PROTEÇÃO
 50
270.0
  7
arial
100
AcDbText
  0
LWPOLYLINE
  5
274F
330
1F
100
AcDbEntity
  8
0
  6
ACAD_ISO02W100
 62
   251
420
  6513766
100
AcDbPolyline
 90
        4
 70
     1
 43
0.0
 10
3107.019999215675
 20
1785.758065170259
 10
3116.7002715684
 20
1785.758065170259
 10
3116.7002715684
 20
1782.446694303723
 10
3107.019999215675
 20
1782.446694303723
  0
TEXT
  5
2750
330
1F
100
AcDbEntity
  8
0
 62
   251
420
  6513766
100
AcDbText
 10
3116.406321812214
 20
1784.747836464552
 30
0.0
 40
0.1687247977395283
  1
PROTEÇÃO
 50
270.0
  7
arial
100
AcDbText
  0
LINE
  5
2751
330
1F
100
AcDbEntity
  8
0
100
AcDbLine
 10
3097.166862289898
 20
1789.227408461563
 30
0.0
 11
3096.120091489366
 21
1789.227408461563
 31
0.0
  0
LINE
  5
2752
330
1F
100
AcDbEntity
  8
0
100
AcDbLine
 10
3096.120091489366
 20
1789.227408461563
 30
0.0
 11
3096.120091489366
 21
1787.96013409242
 31
0.0
  0
LINE
  5
2753
330
1F
100
AcDbEntity
  8
0
100
AcDbLine
 10
3098.272909842212
 20
1787.96013409242
 30
0.0
 11
3098.272909842212
 21
1789.227408461563
 31
0.0
  0
LINE
  5
2754
330
1F
100
AcDbEntity
  8
0
100
AcDbLine
 10
3098.272909842212
 20
1789.227408461563
 30
0.0
 11
3096.120091489366
 21
1787.96013409242
 31
0.0
  0
TEXT
  5
2755
330
1F
100
AcDbEntity
  8
0
100
AcDbText
 10
3096.520400140597
 20
1788.789809550056
 30
0.0
 40
0.2953609511720775
  1
CA
  7
arial
100
AcDbText
  0
TEXT
  5
2756
330
1F
100
AcDbEntity
  8
0
100
AcDbText
 10
3097.520815523857
 20
1788.23656664533
 30
0.0
 40
0.2953609511720775
  1
CC
  7
arial
100
AcDbText
  0
TEXT
  5
2757
330
1F
100
AcDbEntity
  8
0
100
AcDbText
 10
3098.559607456468
 20
1788.423751643062
 30
0.0
 40
0.437154694356413
  1
Marca
  7
arial
100
AcDbText
  0
LINE
  5
2758
330
1F
100
AcDbEntity
  8
0
100
AcDbLine
 10
3097.166862289898
 20
1789.227408461563
 30
0.0
 11
3098.272909842212
 21
1789.227408461563
 31
0.0
  0
TEXT
  5
2759
330
1F
100
AcDbEntity
  8
0
100
AcDbText
 10
3098.539203413642
 20
1787.803216886689
 30
0.0
 40
0.437154694356413
  1
Modelo
  7
arial
100
AcDbText
  0
TEXT
  5
275A
330
1F
100
AcDbEntity
  8
0
 62
     1
 48
0.1
100
AcDbText
 10
3100.282842932006
 20
1788.384266783301
 30
0.0
 40
0.437154694356413
  1
DEYE
  7
arial
100
AcDbText
  0
TEXT
  5
275B
330
1F
100
AcDbEntity
  8
0
100
AcDbText
 10
3098.580011499294
 20
1789.044286399436
 30
0.0
 40
0.437154694356413
  1
Inversor 
  7
arial
100
AcDbText
  0
LINE
  5
275C
330
1F
100
AcDbEntity
  8
0
100
AcDbLine
 10
3096.120091489366
 20
1787.96013409242
 30
0.0
 11
3098.272909842212
 21
1787.96013409242
 31
0.0
  0
LINE
  5
275D
330
1F
100
AcDbEntity
  8
0
 62
     3
100
AcDbLine
 10
3095.999472472301
 20
1787.96013409242
 30
0.0
 11
3095.999472472301
 21
1787.763681058502
 31
0.0
  0
LINE
  5
275E
330
1F
100
AcDbEntity
  8
0
 62
     3
100
AcDbLine
 10
3095.850759436849
 20
1787.763681058502
 30
0.0
 11
3096.148185507754
 21
1787.763681058502
 31
0.0
  0
LINE
  5
275F
330
1F
100
AcDbEntity
  8
0
 62
     3
100
AcDbLine
 10
3095.912321979173
 20
1787.720806655673
 30
0.0
 11
3096.092272327632
 21
1787.720806655673
 31
0.0
  0
LINE
  5
2760
330
1F
100
AcDbEntity
  8
0
 62
     3
100
AcDbLine
 10
3095.965009948291
 20
1787.676388752277
 30
0.0
 11
3096.044188548878
 21
1787.676388752277
 31
0.0
  0
LINE
  5
2761
330
1F
100
AcDbEntity
  8
0
 62
     3
100
AcDbLine
 10
3095.988335476386
 20
1787.630945520075
 30
0.0
 11
3096.017127504187
 21
1787.630945520075
 31
0.0
  0
LINE
  5
2762
330
1F
100
AcDbEntity
  8
0
 62
     3
100
AcDbLine
 10
3096.120091489366
 20
1787.96013409242
 30
0.0
 11
3095.999472472301
 21
1787.96013409242
 31
0.0
  0
TEXT
  5
2763
330
1F
100
AcDbEntity
  8
0
 62
     1
 48
0.1
100
AcDbText
 10
3100.625297746713
 20
1787.755594236838
 30
0.0
 40
0.437154694356413
  1
SUN225G4-EU-Q0 
  7
arial
100
AcDbText
  0
LINE
  5
2764
330
1F
100
AcDbEntity
  8
0
100
AcDbLine
 10
3097.220798474721
 20
1786.13889080544
 30
0.0
 11
3097.196500665789
 21
1787.96013409242
 31
0.0
  0
LINE
  5
2765
330
1F
100
AcDbEntity
  8
0
100
AcDbLine
 10
3097.462714210917
 20
1787.96013409242
 30
0.0
 11
3097.462714210917
 21
1786.496949114208
 31
0.0
  0
LINE
  5
2766
330
1F
100
AcDbEntity
  8
0
100
AcDbLine
 10
3097.166862289898
 20
1789.227408461563
 30
0.0
 11
3097.164828969578
 21
1789.587236881147
 31
0.0
  0
LINE
  5
2767
330
1F
100
AcDbEntity
  8
0
100
AcDbLine
 10
3097.90389598332
 20
1787.96013409242
 30
0.0
 11
3097.90389598332
 21
1786.873088341773
 31
0.0
  0
LINE
  5
2768
330
1F
100
AcDbEntity
  8
0
100
AcDbLine
 10
3099.463917056917
 20
1786.096322153144
 30
0.0
 11
3097.220798474721
 21
1786.13889080544
 31
0.0
  0
LINE
  5
2769
330
1F
100
AcDbEntity
  8
0
100
AcDbLine
 10
3097.462714210917
 20
1786.496949114208
 30
0.0
 11
3102.027367755098
 21
1786.496949114208
 31
0.0
  0
LINE
  5
276A
330
1F
100
AcDbEntity
  8
0
100
AcDbLine
 10
3102.027367755098
 20
1786.496949114208
 30
0.0
 11
3102.027367755098
 21
1785.758065170259
 31
0.0
  0
LINE
  5
276B
330
1F
100
AcDbEntity
  8
0
100
AcDbLine
 10
3097.90389598332
 20
1786.873088341773
 30
0.0
 11
3104.325634664674
 21
1786.873088341774
 31
0.0
  0
LINE
  5
276C
330
1F
100
AcDbEntity
  8
0
100
AcDbLine
 10
3104.325634664674
 20
1786.873088341774
 30
0.0
 11
3104.325634664674
 21
1786.096322153144
 31
0.0
  0
LINE
  5
276D
330
1F
100
AcDbEntity
  8
0
100
AcDbLine
 10
3108.809748832437
 20
1789.227408461563
 30
0.0
 11
3107.762978031906
 21
1789.227408461563
 31
0.0
  0
LINE
  5
276E
330
1F
100
AcDbEntity
  8
0
100
AcDbLine
 10
3107.762978031906
 20
1789.227408461563
 30
0.0
 11
3107.762978031906
 21
1787.96013409242
 31
0.0
  0
LINE
  5
276F
330
1F
100
AcDbEntity
  8
0
100
AcDbLine
 10
3109.915796384752
 20
1787.96013409242
 30
0.0
 11
3109.915796384752
 21
1789.227408461563
 31
0.0
  0
LINE
  5
2770
330
1F
100
AcDbEntity
  8
0
100
AcDbLine
 10
3109.915796384752
 20
1789.227408461563
 30
0.0
 11
3107.762978031906
 21
1787.96013409242
 31
0.0
  0
TEXT
  5
2771
330
1F
100
AcDbEntity
  8
0
100
AcDbText
 10
3108.163286683137
 20
1788.789809550056
 30
0.0
 40
0.2953609511720775
  1
CA
  7
arial
100
AcDbText
  0
TEXT
  5
2772
330
1F
100
AcDbEntity
  8
0
100
AcDbText
 10
3109.163702066397
 20
1788.23656664533
 30
0.0
 40
0.2953609511720775
  1
CC
  7
arial
100
AcDbText
  0
TEXT
  5
2773
330
1F
100
AcDbEntity
  8
0
100
AcDbText
 10
3110.202493999008
 20
1788.423751643062
 30
0.0
 40
0.437154694356413
  1
Marca
  7
arial
100
AcDbText
  0
LINE
  5
2774
330
1F
100
AcDbEntity
  8
0
100
AcDbLine
 10
3108.809748832437
 20
1789.227408461563
 30
0.0
 11
3109.915796384752
 21
1789.227408461563
 31
0.0
  0
TEXT
  5
2775
330
1F
100
AcDbEntity
  8
0
100
AcDbText
 10
3110.182089956181
 20
1787.803216886689
 30
0.0
 40
0.437154694356413
  1
Modelo
  7
arial
100
AcDbText
  0
TEXT
  5
2776
330
1F
100
AcDbEntity
  8
0
 62
     1
 48
0.1
100
AcDbText
 10
3111.925729474545
 20
1788.384266783301
 30
0.0
 40
0.437154694356413
  1
DEYE
  7
arial
100
AcDbText
  0
TEXT
  5
2777
330
1F
100
AcDbEntity
  8
0
100
AcDbText
 10
3110.222898041833
 20
1789.044286399436
 30
0.0
 40
0.437154694356413
  1
Inversor 
  7
arial
100
AcDbText
  0
LINE
  5
2778
330
1F
100
AcDbEntity
  8
0
100
AcDbLine
 10
3107.762978031906
 20
1787.96013409242
 30
0.0
 11
3109.915796384752
 21
1787.96013409242
 31
0.0
  0
LINE
  5
2779
330
1F
100
AcDbEntity
  8
0
 62
     3
100
AcDbLine
 10
3107.642359014841
 20
1787.96013409242
 30
0.0
 11
3107.642359014841
 21
1787.763681058502
 31
0.0
  0
LINE
  5
277A
330
1F
100
AcDbEntity
  8
0
 62
     3
100
AcDbLine
 10
3107.493645979389
 20
1787.763681058502
 30
0.0
 11
3107.791072050293
 21
1787.763681058502
 31
0.0
  0
LINE
  5
277B
330
1F
100
AcDbEntity
  8
0
 62
     3
100
AcDbLine
 10
3107.555208521712
 20
1787.720806655673
 30
0.0
 11
3107.735158870172
 21
1787.720806655673
 31
0.0
  0
LINE
  5
277C
330
1F
100
AcDbEntity
  8
0
 62
     3
100
AcDbLine
 10
3107.60789649083
 20
1787.676388752277
 30
0.0
 11
3107.687075091418
 21
1787.676388752277
 31
0.0
  0
LINE
  5
277D
330
1F
100
AcDbEntity
  8
0
 62
     3
100
AcDbLine
 10
3107.631222018926
 20
1787.630945520075
 30
0.0
 11
3107.660014046726
 21
1787.630945520075
 31
0.0
  0
LINE
  5
277E
330
1F
100
AcDbEntity
  8
0
 62
     3
100
AcDbLine
 10
3107.762978031906
 20
1787.96013409242
 30
0.0
 11
3107.642359014841
 21
1787.96013409242
 31
0.0
  0
TEXT
  5
277F
330
1F
100
AcDbEntity
  8
0
 62
     1
 48
0.1
100
AcDbText
 10
3112.268184289253
 20
1787.755594236838
 30
0.0
 40
0.437154694356413
  1
SUN225G4-EU-Q0 
  7
arial
100
AcDbText
  0
LINE
  5
2780
330
1F
100
AcDbEntity
  8
0
100
AcDbLine
 10
3108.86368501726
 20
1786.13889080544
 30
0.0
 11
3108.839387208329
 21
1787.96013409242
 31
0.0
  0
LINE
  5
2781
330
1F
100
AcDbEntity
  8
0
100
AcDbLine
 10
3109.105600753457
 20
1787.98757268359
 30
0.0
 11
3109.105600753457
 21
1786.496949114208
 31
0.0
  0
LINE
  5
2782
330
1F
100
AcDbEntity
  8
0
100
AcDbLine
 10
3109.546782525859
 20
1787.96013409242
 30
0.0
 11
3109.546782525859
 21
1786.873088341773
 31
0.0
  0
TEXT
  5
2783
330
1F
100
AcDbEntity
  8
0
100
AcDbText
 10
3086.529393659607
 20
1785.773811174645
 30
0.0
 40
0.2764731582275202
  1
MPPT 2
  7
arial
100
AcDbText
  0
TEXT
  5
2784
330
1F
100
AcDbEntity
  8
0
100
AcDbText
 10
3089.055775737812
 20
1786.105529246065
 30
0.0
 40
0.2764731582275202
  1
MPPT 3
  7
arial
100
AcDbText
  0
TEXT
  5
2785
330
1F
100
AcDbEntity
  8
0
100
AcDbText
 10
3091.357318006151
 20
1786.47503904698
 30
0.0
 40
0.2764731582275202
  1
MPPT 4
  7
arial
100
AcDbText
  0
TEXT
  5
2786
330
1F
100
AcDbEntity
  8
0
100
AcDbText
 10
3095.467657369454
 20
1785.831293892714
 30
0.0
 40
0.2764731582275202
  1
MPPT 1
  7
arial
100
AcDbText
  0
TEXT
  5
2787
330
1F
100
AcDbEntity
  8
0
100
AcDbText
 10
3098.01671085347
 20
1785.793094873037
 30
0.0
 40
0.2764731582275202
  1
MPPT 2
  7
arial
100
AcDbText
  0
TEXT
  5
2788
330
1F
100
AcDbEntity
  8
0
100
AcDbText
 10
3100.54517205725
 20
1786.087273501394
 30
0.0
 40
0.2764731582275202
  1
MPPT 3
  7
arial
100
AcDbText
  0
TEXT
  5
2789
330
1F
100
AcDbEntity
  8
0
100
AcDbText
 10
3102.713067695166
 20
1786.495020586509
 30
0.0
 40
0.2764731582275202
  1
MPPT 4
  7
arial
100
AcDbText
  0
LINE
  5
278A
330
1F
100
AcDbEntity
  8
0
100
AcDbLine
 10
3111.106803599457
 20
1786.096322153144
 30
0.0
 11
3108.86368501726
 21
1786.13889080544
 31
0.0
  0
LINE
  5
278B
330
1F
100
AcDbEntity
  8
0
100
AcDbLine
 10
3109.105600753457
 20
1786.496949114208
 30
0.0
 11
3113.683147236933
 21
1786.496949114208
 31
0.0
  0
LINE
  5
278C
330
1F
100
AcDbEntity
  8
0
100
AcDbLine
 10
3109.546782525859
 20
1786.873088341773
 30
0.0
 11
3115.968521207213
 21
1786.873088341774
 31
0.0
  0
TEXT
  5
278D
330
1F
100
AcDbEntity
  8
0
100
AcDbText
 10
3107.055268343517
 20
1785.83412190041
 30
0.0
 40
0.2764731582275202
  1
MPPT 1
  7
arial
100
AcDbText
  0
TEXT
  5
278E
330
1F
100
AcDbEntity
  8
0
100
AcDbText
 10
3109.604321827532
 20
1785.795922880733
 30
0.0
 40
0.2764731582275202
  1
MPPT 2
  7
arial
100
AcDbText
  0
TEXT
  5
278F
330
1F
100
AcDbEntity
  8
0
100
AcDbText
 10
3112.132783031313
 20
1786.090101509091
 30
0.0
 40
0.2764731582275202
  1
MPPT 3
  7
arial
100
AcDbText
  0
TEXT
  5
2790
330
1F
100
AcDbEntity
  8
0
100
AcDbText
 10
3114.300678669229
 20
1786.497848594206
 30
0.0
 40
0.2764731582275202
  1
MPPT 4
  7
arial
100
AcDbText
  0
LINE
  5
2791
330
1F
100
AcDbEntity
  8
0
100
AcDbLine
 10
3108.809748832437
 20
1789.227408461563
 30
0.0
 11
3108.809748832437
 21
1789.587236881147
 31
0.0
  0
HATCH
  5
2792
330
1F
100
AcDbEntity
  8
0
 62
     7
 48
0.1
100
AcDbHatch
 10
0.0
 20
0.0
 30
0.0
210
0.0
220
0.0
230
1.0
  2
ANSI31
 70
     0
 71
     1
 91
        1
 92
        1
 93
        4
 72
     1
 10
3085.585319299498
 20
1791.458209724167
 11
3086.198602490224
 21
1791.458209724167
 72
     1
 10
3086.198602490224
 20
1791.458209724167
 11
3086.198602490224
 21
1790.29191042997
 72
     1
 10
3086.198602490224
 20
1790.29191042997
 11
3085.585319299498
 21
1790.29191042997
 72
     1
 10
3085.585319299498
 20
1790.29191042997
 11
3085.585319299498
 21
1791.458209724167
 97
        1
330
2793
 75
     0
 76
     1
 52
0.0
 41
0.0749389803897122
 77
     0
 78
     1
 53
44.99999999999998
 43
1955.146924301684
 44
1867.335297043823
 45
-0.1682428093378486
 46
0.1682428093378485
 79
     0
 98
        1
 10
1955.146924301684
 20
1867.335297043823
1001
ACAD
1010
0.0
1020
0.0
1030
0.0
  0
LWPOLYLINE
  5
2793
102
{ACAD_REACTORS
330
2792
102
}
330
1F
100
AcDbEntity
  8
0
 62
     7
 48
0.1
100
AcDbPolyline
 90
        4
 70
     1
 43
0.0
 10
3085.585319299498
 20
1791.458209724167
 10
3086.198602490224
 20
1791.458209724167
 10
3086.198602490224
 20
1790.29191042997
 10
3085.585319299498
 20
1790.29191042997
  0
LINE
  5
2794
330
1F
100
AcDbEntity
  8
0
100
AcDbLine
 10
3085.891960894861
 20
1791.458209724167
 30
0.0
 11
3085.891960894861
 21
1792.177729822662
 31
0.0
  0
LINE
  5
2795
330
1F
100
AcDbEntity
  8
0
100
AcDbLine
 10
3122.182269287741
 20
1792.177729822662
 30
0.0
 11
3085.891960894861
 21
1792.177729822662
 31
0.0
  0
LINE
  5
2796
330
1F
100
AcDbEntity
  8
0
100
AcDbLine
 10
3081.044990656815
 20
1776.40458431661
 30
0.0
 11
3081.044990656815
 21
1794.986671164462
 31
0.0
  0
LINE
  5
2797
330
1F
100
AcDbEntity
  8
0
100
AcDbLine
 10
3081.044990656815
 20
1794.986671164463
 30
0.0
 11
3090.891804465643
 21
1794.986671164462
 31
0.0
  0
TEXT
  5
279A
330
1F
100
AcDbEntity
  8
0
100
AcDbText
 10
3086.320762913417
 20
1790.472025078318
 30
0.0
 40
0.437154694356413
  1
DISJUNTOR 32A
  7
arial
100
AcDbText
  0
LINE
  5
2849
330
1F
100
AcDbEntity
  8
0
100
AcDbLine
 10
2956.83330143281
 20
1775.950195228839
 30
0.0
 11
2956.83330143281
 21
1774.716128584935
 31
0.0
  0
LINE
  5
284A
330
1F
100
AcDbEntity
  8
0
100
AcDbLine
 10
2956.83330143281
 20
1774.716128584935
 30
0.0
 11
2955.24513550415
 21
1774.716128584935
 31
0.0
  0
LINE
  5
284B
330
1F
100
AcDbEntity
  8
0
100
AcDbLine
 10
2955.24513550415
 20
1774.716128584935
 30
0.0
 11
2955.24513550415
 21
1772.793413531825
 31
0.0
  0
LINE
  5
284C
330
1F
100
AcDbEntity
  8
0
100
AcDbLine
 10
2955.24513550415
 20
1772.793413531825
 30
0.0
 11
2958.511402347711
 21
1772.793413531825
 31
0.0
  0
LINE
  5
284D
330
1F
100
AcDbEntity
  8
0
100
AcDbLine
 10
2958.511402347711
 20
1772.793413531825
 30
0.0
 11
2958.511402347711
 21
1774.716128584935
 31
0.0
  0
LINE
  5
284E
330
1F
100
AcDbEntity
  8
0
100
AcDbLine
 10
2958.511402347711
 20
1774.716128584935
 30
0.0
 11
2955.24513550415
 21
1772.793413531825
 31
0.0
  0
LINE
  5
284F
330
1F
100
AcDbEntity
  8
0
100
AcDbLine
 10
2956.87826892593
 20
1772.793413531825
 30
0.0
 11
2956.87826892593
 21
1771.43218398209
 31
0.0
  0
CIRCLE
  5
2850
330
1F
100
AcDbEntity
  8
0
100
AcDbCircle
 10
2956.802345512783
 20
1770.265224527468
 30
0.0
 40
1.226573415424766
  0
TEXT
  5
2851
330
1F
100
AcDbEntity
  8
0
100
AcDbText
 10
2955.852485805201
 20
1774.052201313251
 30
0.0
 40
0.4481231221485368
  1
CA
  7
arial
100
AcDbText
  0
TEXT
  5
2852
330
1F
100
AcDbEntity
  8
0
100
AcDbText
 10
2957.370321061393
 20
1773.212818392834
 30
0.0
 40
0.4481231221485368
  1
CC
  7
arial
100
AcDbText
  0
TEXT
  5
2853
330
1F
100
AcDbEntity
  8
0
100
AcDbText
 10
2955.940874866831
 20
1770.021844347405
 30
0.0
 40
0.4481231221485368
  1
G
  7
arial
100
AcDbText
  0
LINE
  5
2854
330
1F
100
AcDbEntity
  8
0
100
AcDbLine
 10
2956.83330143281
 20
1774.716128584935
 30
0.0
 11
2958.511402347711
 21
1774.716128584935
 31
0.0
  0
TEXT
  5
2855
330
1F
100
AcDbEntity
  8
0
100
AcDbText
 10
2958.771095244501
 20
1773.213361863245
 30
0.0
 40
0.395978073333965
  1
Marca
  7
arial
100
AcDbText
  0
TEXT
  5
2856
330
1F
100
AcDbEntity
  8
0
100
AcDbText
 10
2958.752613106094
 20
1772.651276723962
 30
0.0
 40
0.395978073333965
  1
Modelo
  7
arial
100
AcDbText
  0
TEXT
  5
2857
330
1F
100
AcDbEntity
  8
0
100
AcDbText
 10
2958.752613106094
 20
1772.116532775521
 30
0.0
 40
0.395978073333965
  1
Quantidade
  7
arial
100
AcDbText
  0
TEXT
  5
2858
330
1F
100
AcDbEntity
  8
0
 62
     1
 48
0.1
100
AcDbText
 10
2960.681481889164
 20
1772.608139762656
 30
0.0
 40
0.395978073333965
  1
SUN225G4-EU-Q0 
  7
arial
100
AcDbText
  0
TEXT
  5
2859
330
1F
100
AcDbEntity
  8
0
 62
     1
 48
0.1
100
AcDbText
 10
2961.680542126149
 20
1772.071010243605
 30
0.0
 40
0.395978073333965
  1
01
  7
arial
100
AcDbText
  0
TEXT
  5
285A
330
1F
100
AcDbEntity
  8
0
 62
     1
 48
0.1
100
AcDbText
 10
2960.430314986232
 20
1773.177596174585
 30
0.0
 40
0.395978073333965
  1
DEYE
  7
arial
100
AcDbText
  0
TEXT
  5
285B
330
1F
100
AcDbEntity
  8
0
100
AcDbText
 10
2958.789577382907
 20
1773.775447002528
 30
0.0
 40
0.395978073333965
  1
Inversor 
  7
arial
100
AcDbText
  0
TEXT
  5
285C
330
1F
100
AcDbEntity
  8
0
100
AcDbText
 10
2955.352793306315
 20
1767.777000086388
 30
0.0
 40
0.395978073333965
  1
Marca
  7
arial
100
AcDbText
  0
TEXT
  5
285D
330
1F
100
AcDbEntity
  8
0
100
AcDbText
 10
2955.352793306315
 20
1767.268514717856
 30
0.0
 40
0.395978073333965
  1
Modelo
  7
arial
100
AcDbText
  0
TEXT
  5
285E
330
1F
100
AcDbEntity
  8
0
100
AcDbText
 10
2955.352793306315
 20
1766.733770769416
 30
0.0
 40
0.395978073333965
  1
Quantidade
  7
arial
100
AcDbText
  0
TEXT
  5
2861
330
1F
100
AcDbEntity
  8
0
 62
     1
 48
0.1
100
AcDbText
 10
2958.280722326371
 20
1766.6882482375
 30
0.0
 40
0.395978073333965
  1
04
  7
arial
100
AcDbText
  0
TEXT
  5
2862
330
1F
100
AcDbEntity
  8
0
100
AcDbText
 10
2955.352793306315
 20
1768.28548545492
 30
0.0
 40
0.395978073333965
  1
Gerador 
  7
arial
100
AcDbText
  0
TEXT
  5
2863
330
1F
100
AcDbEntity
  8
0
100
AcDbText
 10
2954.563286781944
 20
1771.855364144528
 30
0.0
 40
0.395978073333965
  1
2#4MM²
  7
arial
100
AcDbText
  0
TEXT
  5
2864
330
1F
100
AcDbEntity
  8
0
100
AcDbText
 10
2957.200832820245
 20
1775.062132372266
 30
0.0
 40
0.395978073333965
  1
2#6(6)MM²
  7
arial
100
AcDbText
  0
LINE
  5
2865
330
1F
100
AcDbEntity
  8
0
100
AcDbLine
 10
2944.609879224375
 20
1775.950195228839
 30
0.0
 11
2944.609879224375
 21
1774.716128584935
 31
0.0
  0
LINE
  5
2866
330
1F
100
AcDbEntity
  8
0
100
AcDbLine
 10
2944.609879224375
 20
1774.716128584935
 30
0.0
 11
2943.021713295714
 21
1774.716128584935
 31
0.0
  0
LINE
  5
2867
330
1F
100
AcDbEntity
  8
0
100
AcDbLine
 10
2943.021713295714
 20
1772.793413531825
 30
0.0
 11
2946.287980139276
 21
1772.793413531825
 31
0.0
  0
LINE
  5
2868
330
1F
100
AcDbEntity
  8
0
100
AcDbLine
 10
2946.287980139276
 20
1772.793413531825
 30
0.0
 11
2946.287980139276
 21
1774.716128584935
 31
0.0
  0
LINE
  5
2869
330
1F
100
AcDbEntity
  8
0
100
AcDbLine
 10
2946.287980139276
 20
1774.716128584935
 30
0.0
 11
2943.021713295714
 21
1772.793413531825
 31
0.0
  0
LINE
  5
286A
330
1F
100
AcDbEntity
  8
0
100
AcDbLine
 10
2944.654846717494
 20
1772.793413531825
 30
0.0
 11
2944.654846717494
 21
1771.43218398209
 31
0.0
  0
CIRCLE
  5
286B
330
1F
100
AcDbEntity
  8
0
100
AcDbCircle
 10
2944.578923304348
 20
1770.265224527468
 30
0.0
 40
1.226573415424766
  0
TEXT
  5
286C
330
1F
100
AcDbEntity
  8
0
100
AcDbText
 10
2943.629063596765
 20
1774.052201313251
 30
0.0
 40
0.4481231221485368
  1
CA
  7
arial
100
AcDbText
  0
TEXT
  5
286D
330
1F
100
AcDbEntity
  8
0
100
AcDbText
 10
2945.146898852958
 20
1773.212818392834
 30
0.0
 40
0.4481231221485368
  1
CC
  7
arial
100
AcDbText
  0
TEXT
  5
286E
330
1F
100
AcDbEntity
  8
0
100
AcDbText
 10
2944.376824087093
 20
1770.021844347405
 30
0.0
 40
0.4481231221485368
  1
G
  7
arial
100
AcDbText
  0
LINE
  5
286F
330
1F
100
AcDbEntity
  8
0
100
AcDbLine
 10
2944.609879224375
 20
1774.716128584935
 30
0.0
 11
2946.287980139276
 21
1774.716128584935
 31
0.0
  0
HATCH
  5
2870
330
1F
100
AcDbEntity
  8
0
 62
     7
 48
0.1
100
AcDbHatch
 10
0.0
 20
0.0
 30
0.0
210
0.0
220
0.0
230
1.0
  2
ANSI31
 70
     0
 71
     1
 91
        1
 92
        1
 93
        4
 72
     1
 10
2944.156757147833
 20
1778.257719515811
 11
2945.08723349245
 21
1778.257719515811
 72
     1
 10
2945.08723349245
 20
1778.257719515811
 11
2945.08723349245
 21
1776.488204354782
 72
     1
 10
2945.08723349245
 20
1776.488204354782
 11
2944.156757147833
 21
1776.488204354782
 72
     1
 10
2944.156757147833
 20
1776.488204354782
 11
2944.156757147833
 21
1778.257719515811
 97
        1
330
2871
 75
     0
 76
     1
 52
0.0
 41
0.1136977983365884
 77
     0
 78
     1
 53
45.0
 43
1229.049932928981
 44
1893.378818409524
 45
-0.2552588373660585
 46
0.2552588373660585
 79
     0
 98
        1
 10
1229.049932928981
 20
1893.378818409524
1001
ACAD
1010
0.0
1020
0.0
1030
0.0
  0
LWPOLYLINE
  5
2871
102
{ACAD_REACTORS
330
2870
102
}
330
1F
100
AcDbEntity
  8
0
 62
     7
 48
0.1
100
AcDbPolyline
 90
        4
 70
     1
 43
0.0
 10
2944.156757147833
 20
1778.257719515811
 10
2945.08723349245
 20
1778.257719515811
 10
2945.08723349245
 20
1776.488204354782
 10
2944.156757147833
 20
1776.488204354782
  0
TEXT
  5
2872
330
1F
100
AcDbEntity
  8
0
100
AcDbText
 10
2946.547673036065
 20
1773.213361863245
 30
0.0
 40
0.395978073333965
  1
Marca
  7
arial
100
AcDbText
  0
TEXT
  5
2873
330
1F
100
AcDbEntity
  8
0
100
AcDbText
 10
2946.529190897658
 20
1772.651276723962
 30
0.0
 40
0.395978073333965
  1
Modelo
  7
arial
100
AcDbText
  0
TEXT
  5
2874
330
1F
100
AcDbEntity
  8
0
100
AcDbText
 10
2946.529190897658
 20
1772.116532775521
 30
0.0
 40
0.395978073333965
  1
Quantidade
  7
arial
100
AcDbText
  0
TEXT
  5
2875
330
1F
100
AcDbEntity
  8
0
 62
     1
 48
0.1
100
AcDbText
 10
2948.509342946973
 20
1772.638694549635
 30
0.0
 40
0.395978073333965
  1
SUN225G4-EU-Q0 
  7
arial
100
AcDbText
  0
TEXT
  5
2876
330
1F
100
AcDbEntity
  8
0
 62
     1
 48
0.1
100
AcDbText
 10
2949.457119917715
 20
1772.071010243605
 30
0.0
 40
0.395978073333965
  1
01
  7
arial
100
AcDbText
  0
TEXT
  5
2877
330
1F
100
AcDbEntity
  8
0
 62
     1
 48
0.1
100
AcDbText
 10
2948.206892777796
 20
1773.177596174585
 30
0.0
 40
0.395978073333965
  1
DEYE
  7
arial
100
AcDbText
  0
TEXT
  5
2878
330
1F
100
AcDbEntity
  8
0
100
AcDbText
 10
2946.566155174472
 20
1773.775447002528
 30
0.0
 40
0.395978073333965
  1
Inversor 
  7
arial
100
AcDbText
  0
TEXT
  5
2879
330
1F
100
AcDbEntity
  8
0
100
AcDbText
 10
2943.129371097879
 20
1767.777000086388
 30
0.0
 40
0.395978073333965
  1
Marca
  7
arial
100
AcDbText
  0
TEXT
  5
287A
330
1F
100
AcDbEntity
  8
0
100
AcDbText
 10
2943.129371097879
 20
1767.268514717856
 30
0.0
 40
0.395978073333965
  1
Modelo
  7
arial
100
AcDbText
  0
TEXT
  5
287B
330
1F
100
AcDbEntity
  8
0
100
AcDbText
 10
2943.129371097879
 20
1766.733770769416
 30
0.0
 40
0.395978073333965
  1
Quantidade
  7
arial
100
AcDbText
  0
TEXT
  5
287C
330
1F
100
AcDbEntity
  8
0
 62
     1
 48
0.1
100
AcDbText
 10
2944.840853003422
 20
1767.714303431685
 30
0.0
 40
0.395978073333965
  1
CANADIANSOLAR
  7
arial
100
AcDbText
  0
TEXT
  5
287E
330
1F
100
AcDbEntity
  8
0
 62
     1
 48
0.1
100
AcDbText
 10
2946.057300117937
 20
1766.6882482375
 30
0.0
 40
0.395978073333965
  1
04
  7
arial
100
AcDbText
  0
TEXT
  5
287F
330
1F
100
AcDbEntity
  8
0
100
AcDbText
 10
2943.129371097879
 20
1768.28548545492
 30
0.0
 40
0.395978073333965
  1
Gerador 
  7
arial
100
AcDbText
  0
TEXT
  5
2880
330
1F
100
AcDbEntity
  8
0
100
AcDbText
 10
2942.762016410268
 20
1771.668084121126
 30
0.0
 40
0.395978073333965
  1
2#4MM²
  7
arial
100
AcDbText
  0
TEXT
  5
2881
330
1F
100
AcDbEntity
  8
0
100
AcDbText
 10
2945.294463701015
 20
1777.245994753464
 30
0.0
 40
0.3445268855784118
  1
Dispositivo de Proteção 32A
  7
arial
100
AcDbText
  0
TEXT
  5
2882
330
1F
100
AcDbEntity
  8
0
100
AcDbText
 10
2944.926250757786
 20
1775.062132372266
 30
0.0
 40
0.395978073333965
  1
2#6(6)MM²
  7
arial
100
AcDbText
  0
LINE
  5
2883
330
1F
100
AcDbEntity
  8
0
100
AcDbLine
 10
2969.056723641245
 20
1775.950195228839
 30
0.0
 11
2944.609879224374
 21
1775.950195228839
 31
0.0
  0
LINE
  5
2884
330
1F
100
AcDbEntity
  8
0
100
AcDbLine
 10
2969.056723641245
 20
1775.950195228839
 30
0.0
 11
2969.056723641245
 21
1774.716128584935
 31
0.0
  0
LINE
  5
2885
330
1F
100
AcDbEntity
  8
0
100
AcDbLine
 10
2969.056723641245
 20
1774.716128584935
 30
0.0
 11
2967.468557712586
 21
1774.716128584935
 31
0.0
  0
LINE
  5
2886
330
1F
100
AcDbEntity
  8
0
100
AcDbLine
 10
2967.468557712586
 20
1774.716128584935
 30
0.0
 11
2967.468557712586
 21
1772.793413531825
 31
0.0
  0
LINE
  5
2887
330
1F
100
AcDbEntity
  8
0
100
AcDbLine
 10
2967.468557712586
 20
1772.793413531825
 30
0.0
 11
2970.734824556147
 21
1772.793413531825
 31
0.0
  0
LINE
  5
2888
330
1F
100
AcDbEntity
  8
0
100
AcDbLine
 10
2970.734824556147
 20
1772.793413531825
 30
0.0
 11
2970.734824556147
 21
1774.716128584935
 31
0.0
  0
LINE
  5
2889
330
1F
100
AcDbEntity
  8
0
100
AcDbLine
 10
2970.734824556147
 20
1774.716128584935
 30
0.0
 11
2967.468557712586
 21
1772.793413531825
 31
0.0
  0
LINE
  5
288A
330
1F
100
AcDbEntity
  8
0
100
AcDbLine
 10
2969.101691134365
 20
1772.793413531825
 30
0.0
 11
2969.101691134365
 21
1771.43218398209
 31
0.0
  0
CIRCLE
  5
288B
330
1F
100
AcDbEntity
  8
0
100
AcDbCircle
 10
2969.02576772122
 20
1770.265224527468
 30
0.0
 40
1.226573415424766
  0
TEXT
  5
288C
330
1F
100
AcDbEntity
  8
0
100
AcDbText
 10
2968.075908013636
 20
1774.052201313251
 30
0.0
 40
0.4481231221485368
  1
CA
  7
arial
100
AcDbText
  0
TEXT
  5
288D
330
1F
100
AcDbEntity
  8
0
100
AcDbText
 10
2969.593743269829
 20
1773.212818392834
 30
0.0
 40
0.4481231221485368
  1
CC
  7
arial
100
AcDbText
  0
TEXT
  5
288E
330
1F
100
AcDbEntity
  8
0
100
AcDbText
 10
2968.823668503965
 20
1770.021844347405
 30
0.0
 40
0.4481231221485368
  1
G
  7
arial
100
AcDbText
  0
LINE
  5
288F
330
1F
100
AcDbEntity
  8
0
100
AcDbLine
 10
2969.056723641245
 20
1774.716128584935
 30
0.0
 11
2970.734824556147
 21
1774.716128584935
 31
0.0
  0
TEXT
  5
2890
330
1F
100
AcDbEntity
  8
0
100
AcDbText
 10
2970.994517452936
 20
1772.673809062245
 30
0.0
 40
0.395978073333965
  1
Marca
  7
arial
100
AcDbText
  0
TEXT
  5
2891
330
1F
100
AcDbEntity
  8
0
100
AcDbText
 10
2970.97603531453
 20
1772.111723922962
 30
0.0
 40
0.395978073333965
  1
Modelo
  7
arial
100
AcDbText
  0
TEXT
  5
2892
330
1F
100
AcDbEntity
  8
0
100
AcDbText
 10
2970.97603531453
 20
1771.576979974522
 30
0.0
 40
0.395978073333965
  1
Quantidade
  7
arial
100
AcDbText
  0
TEXT
  5
2893
330
1F
100
AcDbEntity
  8
0
 62
     1
 48
0.1
100
AcDbText
 10
2972.904904097599
 20
1772.068586961657
 30
0.0
 40
0.395978073333965
  1
SUN225G4-EU-Q0 
  7
arial
100
AcDbText
  0
TEXT
  5
2894
330
1F
100
AcDbEntity
  8
0
 62
     1
 48
0.1
100
AcDbText
 10
2972.653737194668
 20
1772.638043373586
 30
0.0
 40
0.395978073333965
  1
DEYE
  7
arial
100
AcDbText
  0
TEXT
  5
2895
330
1F
100
AcDbEntity
  8
0
100
AcDbText
 10
2971.012999591343
 20
1773.235894201528
 30
0.0
 40
0.395978073333965
  1
Inversor 
  7
arial
100
AcDbText
  0
TEXT
  5
2896
330
1F
100
AcDbEntity
  8
0
100
AcDbText
 10
2967.576215514751
 20
1767.777000086388
 30
0.0
 40
0.395978073333965
  1
Marca
  7
arial
100
AcDbText
  0
TEXT
  5
2897
330
1F
100
AcDbEntity
  8
0
100
AcDbText
 10
2967.576215514751
 20
1767.268514717856
 30
0.0
 40
0.395978073333965
  1
Modelo
  7
arial
100
AcDbText
  0
TEXT
  5
2898
330
1F
100
AcDbEntity
  8
0
100
AcDbText
 10
2967.576215514751
 20
1766.733770769416
 30
0.0
 40
0.395978073333965
  1
Quantidade
  7
arial
100
AcDbText
  0
TEXT
  5
289B
330
1F
100
AcDbEntity
  8
0
 62
     1
 48
0.1
100
AcDbText
 10
2970.504144534807
 20
1766.6882482375
 30
0.0
 40
0.395978073333965
  1
04
  7
arial
100
AcDbText
  0
TEXT
  5
289C
330
1F
100
AcDbEntity
  8
0
100
AcDbText
 10
2967.576215514751
 20
1768.28548545492
 30
0.0
 40
0.395978073333965
  1
Gerador 
  7
arial
100
AcDbText
  0
TEXT
  5
289D
330
1F
100
AcDbEntity
  8
0
100
AcDbText
 10
2966.968752034715
 20
1771.67353423507
 30
0.0
 40
0.395978073333965
  1
2#4MM²
  7
arial
100
AcDbText
  0
TEXT
  5
289E
330
1F
100
AcDbEntity
  8
0
100
AcDbText
 10
2969.42425502868
 20
1775.062132372266
 30
0.0
 40
0.395978073333965
  1
2#6(6)MM²
  7
arial
100
AcDbText
  0
TEXT
  5
289F
330
1F
100
AcDbEntity
  8
0
 62
     1
 48
0.1
100
AcDbText
 10
2948.685652263139
 20
1773.737678357055
 30
0.0
 40
0.395978073333965
  1
01
  7
arial
100
AcDbText
  0
TEXT
  5
28A0
330
1F
100
AcDbEntity
  8
0
 62
     1
 48
0.1
100
AcDbText
 10
2960.870226976914
 20
1773.737678357055
 30
0.0
 40
0.395978073333965
  1
02
  7
arial
100
AcDbText
  0
TEXT
  5
28A1
330
1F
100
AcDbEntity
  8
0
 62
     1
 48
0.1
100
AcDbText
 10
2973.107404177269
 20
1773.198125556055
 30
0.0
 40
0.395978073333965
  1
03
  7
arial
100
AcDbText
  0
LINE
  5
28A2
330
1F
100
AcDbEntity
  8
0
100
AcDbLine
 10
2943.021713295714
 20
1772.793413531825
 30
0.0
 11
2943.021713295714
 21
1774.716128584935
 31
0.0
  0
LINE
  5
28A3
330
1F
100
AcDbEntity
  8
0
100
AcDbLine
 10
2944.621995320141
 20
1778.562865030032
 30
0.0
 11
2944.621995320141
 21
1778.257719515811
 31
0.0
  0
LINE
  5
28A4
330
1F
100
AcDbEntity
  8
0
100
AcDbLine
 10
2944.609879224375
 20
1775.950195228839
 30
0.0
 11
2944.621995320141
 21
1776.488204354782
 31
0.0
  0
LINE
  5
28A5
330
1F
100
AcDbEntity
  8
0
100
AcDbLine
 10
2956.999440613718
 20
1760.850290543716
 30
0.0
 11
2956.999440613718
 21
1759.616223899812
 31
0.0
  0
LINE
  5
28A6
330
1F
100
AcDbEntity
  8
0
100
AcDbLine
 10
2956.999440613718
 20
1759.616223899812
 30
0.0
 11
2955.411274685057
 21
1759.616223899812
 31
0.0
  0
LINE
  5
28A7
330
1F
100
AcDbEntity
  8
0
100
AcDbLine
 10
2955.411274685057
 20
1759.616223899812
 30
0.0
 11
2955.411274685057
 21
1757.693508846703
 31
0.0
  0
LINE
  5
28A8
330
1F
100
AcDbEntity
  8
0
100
AcDbLine
 10
2955.411274685057
 20
1757.693508846703
 30
0.0
 11
2958.677541528619
 21
1757.693508846703
 31
0.0
  0
LINE
  5
28A9
330
1F
100
AcDbEntity
  8
0
100
AcDbLine
 10
2958.677541528619
 20
1757.693508846703
 30
0.0
 11
2958.677541528619
 21
1759.616223899812
 31
0.0
  0
LINE
  5
28AA
330
1F
100
AcDbEntity
  8
0
100
AcDbLine
 10
2958.677541528619
 20
1759.616223899812
 30
0.0
 11
2955.411274685057
 21
1757.693508846703
 31
0.0
  0
LINE
  5
28AB
330
1F
100
AcDbEntity
  8
0
100
AcDbLine
 10
2957.044408106836
 20
1757.693508846703
 30
0.0
 11
2957.044408106836
 21
1756.332279296968
 31
0.0
  0
CIRCLE
  5
28AC
330
1F
100
AcDbEntity
  8
0
100
AcDbCircle
 10
2956.968484693691
 20
1755.165319842346
 30
0.0
 40
1.226573415424766
  0
TEXT
  5
28AD
330
1F
100
AcDbEntity
  8
0
100
AcDbText
 10
2956.018624986108
 20
1758.952296628129
 30
0.0
 40
0.4481231221485368
  1
CA
  7
arial
100
AcDbText
  0
TEXT
  5
28AE
330
1F
100
AcDbEntity
  8
0
100
AcDbText
 10
2957.536460242301
 20
1758.112913707712
 30
0.0
 40
0.4481231221485368
  1
CC
  7
arial
100
AcDbText
  0
TEXT
  5
28AF
330
1F
100
AcDbEntity
  8
0
100
AcDbText
 10
2956.107014047737
 20
1754.921939662283
 30
0.0
 40
0.4481231221485368
  1
G
  7
arial
100
AcDbText
  0
LINE
  5
28B0
330
1F
100
AcDbEntity
  8
0
100
AcDbLine
 10
2956.999440613718
 20
1759.616223899812
 30
0.0
 11
2958.677541528619
 21
1759.616223899812
 31
0.0
  0
TEXT
  5
28B1
330
1F
100
AcDbEntity
  8
0
100
AcDbText
 10
2958.937234425407
 20
1758.113457178123
 30
0.0
 40
0.395978073333965
  1
Marca
  7
arial
100
AcDbText
  0
TEXT
  5
28B2
330
1F
100
AcDbEntity
  8
0
100
AcDbText
 10
2958.918752287001
 20
1757.55137203884
 30
0.0
 40
0.395978073333965
  1
Modelo
  7
arial
100
AcDbText
  0
TEXT
  5
28B3
330
1F
100
AcDbEntity
  8
0
100
AcDbText
 10
2958.918752287001
 20
1757.016628090399
 30
0.0
 40
0.395978073333965
  1
Quantidade
  7
arial
100
AcDbText
  0
TEXT
  5
28B4
330
1F
100
AcDbEntity
  8
0
 62
     1
 48
0.1
100
AcDbText
 10
2960.84762107007
 20
1757.508235077534
 30
0.0
 40
0.395978073333965
  1
SUN225G4-EU-Q0 
  7
arial
100
AcDbText
  0
TEXT
  5
28B5
330
1F
100
AcDbEntity
  8
0
 62
     1
 48
0.1
100
AcDbText
 10
2961.846681307056
 20
1756.971105558483
 30
0.0
 40
0.395978073333965
  1
01
  7
arial
100
AcDbText
  0
TEXT
  5
28B6
330
1F
100
AcDbEntity
  8
0
 62
     1
 48
0.1
100
AcDbText
 10
2960.59645416714
 20
1758.077691489463
 30
0.0
 40
0.395978073333965
  1
DEYE
  7
arial
100
AcDbText
  0
TEXT
  5
28B7
330
1F
100
AcDbEntity
  8
0
100
AcDbText
 10
2958.955716563814
 20
1758.675542317406
 30
0.0
 40
0.395978073333965
  1
Inversor 
  7
arial
100
AcDbText
  0
TEXT
  5
28B8
330
1F
100
AcDbEntity
  8
0
100
AcDbText
 10
2955.518932487222
 20
1752.677095401266
 30
0.0
 40
0.395978073333965
  1
Marca
  7
arial
100
AcDbText
  0
TEXT
  5
28B9
330
1F
100
AcDbEntity
  8
0
100
AcDbText
 10
2955.518932487222
 20
1752.168610032734
 30
0.0
 40
0.395978073333965
  1
Modelo
  7
arial
100
AcDbText
  0
TEXT
  5
28BA
330
1F
100
AcDbEntity
  8
0
100
AcDbText
 10
2955.518932487222
 20
1751.633866084294
 30
0.0
 40
0.395978073333965
  1
Quantidade
  7
arial
100
AcDbText
  0
TEXT
  5
28BD
330
1F
100
AcDbEntity
  8
0
 62
     1
 48
0.1
100
AcDbText
 10
2958.446861507278
 20
1751.588343552378
 30
0.0
 40
0.395978073333965
  1
04
  7
arial
100
AcDbText
  0
TEXT
  5
28BE
330
1F
100
AcDbEntity
  8
0
100
AcDbText
 10
2955.518932487222
 20
1753.185580769798
 30
0.0
 40
0.395978073333965
  1
Gerador 
  7
arial
100
AcDbText
  0
TEXT
  5
28BF
330
1F
100
AcDbEntity
  8
0
100
AcDbText
 10
2954.729425962852
 20
1756.755459459406
 30
0.0
 40
0.395978073333965
  1
2#4MM²
  7
arial
100
AcDbText
  0
TEXT
  5
28C0
330
1F
100
AcDbEntity
  8
0
100
AcDbText
 10
2957.366972001151
 20
1759.962227687144
 30
0.0
 40
0.395978073333965
  1
2#6(6)MM²
  7
arial
100
AcDbText
  0
LINE
  5
28C1
330
1F
100
AcDbEntity
  8
0
100
AcDbLine
 10
2944.776018405282
 20
1760.850290543716
 30
0.0
 11
2944.776018405282
 21
1759.616223899812
 31
0.0
  0
LINE
  5
28C2
330
1F
100
AcDbEntity
  8
0
100
AcDbLine
 10
2944.776018405282
 20
1759.616223899812
 30
0.0
 11
2943.187852476622
 21
1759.616223899812
 31
0.0
  0
LINE
  5
28C3
330
1F
100
AcDbEntity
  8
0
100
AcDbLine
 10
2943.187852476622
 20
1757.693508846703
 30
0.0
 11
2946.454119320182
 21
1757.693508846703
 31
0.0
  0
LINE
  5
28C4
330
1F
100
AcDbEntity
  8
0
100
AcDbLine
 10
2946.454119320182
 20
1757.693508846703
 30
0.0
 11
2946.454119320182
 21
1759.616223899812
 31
0.0
  0
LINE
  5
28C5
330
1F
100
AcDbEntity
  8
0
100
AcDbLine
 10
2946.454119320182
 20
1759.616223899812
 30
0.0
 11
2943.187852476622
 21
1757.693508846703
 31
0.0
  0
LINE
  5
28C6
330
1F
100
AcDbEntity
  8
0
100
AcDbLine
 10
2944.820985898401
 20
1757.693508846703
 30
0.0
 11
2944.820985898401
 21
1756.332279296968
 31
0.0
  0
CIRCLE
  5
28C7
330
1F
100
AcDbEntity
  8
0
100
AcDbCircle
 10
2944.745062485255
 20
1755.165319842346
 30
0.0
 40
1.226573415424766
  0
TEXT
  5
28C8
330
1F
100
AcDbEntity
  8
0
100
AcDbText
 10
2943.795202777673
 20
1758.952296628129
 30
0.0
 40
0.4481231221485368
  1
CA
  7
arial
100
AcDbText
  0
TEXT
  5
28C9
330
1F
100
AcDbEntity
  8
0
100
AcDbText
 10
2945.313038033865
 20
1758.112913707712
 30
0.0
 40
0.4481231221485368
  1
CC
  7
arial
100
AcDbText
  0
TEXT
  5
28CA
330
1F
100
AcDbEntity
  8
0
100
AcDbText
 10
2944.542963268001
 20
1754.921939662283
 30
0.0
 40
0.4481231221485368
  1
G
  7
arial
100
AcDbText
  0
LINE
  5
28CB
330
1F
100
AcDbEntity
  8
0
100
AcDbLine
 10
2944.776018405282
 20
1759.616223899812
 30
0.0
 11
2946.454119320182
 21
1759.616223899812
 31
0.0
  0
HATCH
  5
28CC
330
1F
100
AcDbEntity
  8
0
 62
     7
 48
0.1
100
AcDbHatch
 10
0.0
 20
0.0
 30
0.0
210
0.0
220
0.0
230
1.0
  2
ANSI31
 70
     0
 71
     1
 91
        1
 92
        1
 93
        4
 72
     1
 10
2944.322896328741
 20
1763.157814830689
 11
2945.253372673356
 21
1763.157814830689
 72
     1
 10
2945.253372673356
 20
1763.157814830689
 11
2945.253372673356
 21
1761.38829966966
 72
     1
 10
2945.253372673356
 20
1761.38829966966
 11
2944.322896328741
 21
1761.38829966966
 72
     1
 10
2944.322896328741
 20
1761.38829966966
 11
2944.322896328741
 21
1763.157814830689
 97
        1
330
28CD
 75
     0
 76
     1
 52
0.0
 41
0.1136977983365884
 77
     0
 78
     1
 53
45.0
 43
1229.216072109888
 44
1878.278913724402
 45
-0.2552588373660585
 46
0.2552588373660585
 79
     0
 98
        1
 10
1229.216072109888
 20
1878.278913724402
1001
ACAD
1010
0.0
1020
0.0
1030
0.0
  0
LWPOLYLINE
  5
28CD
102
{ACAD_REACTORS
330
28CC
102
}
330
1F
100
AcDbEntity
  8
0
 62
     7
 48
0.1
100
AcDbPolyline
 90
        4
 70
     1
 43
0.0
 10
2944.322896328741
 20
1763.157814830689
 10
2945.253372673356
 20
1763.157814830689
 10
2945.253372673356
 20
1761.38829966966
 10
2944.322896328741
 20
1761.38829966966
  0
TEXT
  5
28CE
330
1F
100
AcDbEntity
  8
0
100
AcDbText
 10
2946.713812216973
 20
1758.113457178123
 30
0.0
 40
0.395978073333965
  1
Marca
  7
arial
100
AcDbText
  0
TEXT
  5
28CF
330
1F
100
AcDbEntity
  8
0
100
AcDbText
 10
2946.695330078565
 20
1757.55137203884
 30
0.0
 40
0.395978073333965
  1
Modelo
  7
arial
100
AcDbText
  0
TEXT
  5
28D0
330
1F
100
AcDbEntity
  8
0
100
AcDbText
 10
2946.695330078565
 20
1757.016628090399
 30
0.0
 40
0.395978073333965
  1
Quantidade
  7
arial
100
AcDbText
  0
TEXT
  5
28D1
330
1F
100
AcDbEntity
  8
0
 62
     1
 48
0.1
100
AcDbText
 10
2948.675482127881
 20
1757.538789864513
 30
0.0
 40
0.395978073333965
  1
SUN225G4-EU-Q0 
  7
arial
100
AcDbText
  0
TEXT
  5
28D2
330
1F
100
AcDbEntity
  8
0
 62
     1
 48
0.1
100
AcDbText
 10
2949.623259098621
 20
1756.971105558483
 30
0.0
 40
0.395978073333965
  1
01
  7
arial
100
AcDbText
  0
TEXT
  5
28D3
330
1F
100
AcDbEntity
  8
0
 62
     1
 48
0.1
100
AcDbText
 10
2948.373031958703
 20
1758.077691489463
 30
0.0
 40
0.395978073333965
  1
DEYE
  7
arial
100
AcDbText
  0
TEXT
  5
28D4
330
1F
100
AcDbEntity
  8
0
100
AcDbText
 10
2946.732294355379
 20
1758.675542317406
 30
0.0
 40
0.395978073333965
  1
Inversor 
  7
arial
100
AcDbText
  0
TEXT
  5
28D5
330
1F
100
AcDbEntity
  8
0
100
AcDbText
 10
2943.295510278787
 20
1752.677095401266
 30
0.0
 40
0.395978073333965
  1
Marca
  7
arial
100
AcDbText
  0
TEXT
  5
28D6
330
1F
100
AcDbEntity
  8
0
100
AcDbText
 10
2943.295510278787
 20
1752.168610032734
 30
0.0
 40
0.395978073333965
  1
Modelo
  7
arial
100
AcDbText
  0
TEXT
  5
28D7
330
1F
100
AcDbEntity
  8
0
100
AcDbText
 10
2943.295510278787
 20
1751.633866084294
 30
0.0
 40
0.395978073333965
  1
Quantidade
  7
arial
100
AcDbText
  0
TEXT
  5
28DA
330
1F
100
AcDbEntity
  8
0
 62
     1
 48
0.1
100
AcDbText
 10
2946.223439298843
 20
1751.588343552378
 30
0.0
 40
0.395978073333965
  1
04
  7
arial
100
AcDbText
  0
TEXT
  5
28DB
330
1F
100
AcDbEntity
  8
0
100
AcDbText
 10
2943.295510278787
 20
1753.185580769798
 30
0.0
 40
0.395978073333965
  1
Gerador 
  7
arial
100
AcDbText
  0
TEXT
  5
28DC
330
1F
100
AcDbEntity
  8
0
100
AcDbText
 10
2942.928155591175
 20
1756.568179436004
 30
0.0
 40
0.395978073333965
  1
2#4MM²
  7
arial
100
AcDbText
  0
TEXT
  5
28DD
330
1F
100
AcDbEntity
  8
0
100
AcDbText
 10
2945.460602881922
 20
1762.146090068342
 30
0.0
 40
0.3445268855784118
  1
Dispositivo de Proteção 32A
  7
arial
100
AcDbText
  0
TEXT
  5
28DE
330
1F
100
AcDbEntity
  8
0
100
AcDbText
 10
2945.092389938693
 20
1759.962227687144
 30
0.0
 40
0.395978073333965
  1
2#6(6)MM²
  7
arial
100
AcDbText
  0
LINE
  5
28DF
330
1F
100
AcDbEntity
  8
0
100
AcDbLine
 10
2969.222862822153
 20
1760.850290543716
 30
0.0
 11
2944.776018405282
 21
1760.850290543716
 31
0.0
  0
LINE
  5
28E0
330
1F
100
AcDbEntity
  8
0
100
AcDbLine
 10
2969.222862822153
 20
1760.850290543716
 30
0.0
 11
2969.222862822153
 21
1759.616223899812
 31
0.0
  0
LINE
  5
28E1
330
1F
100
AcDbEntity
  8
0
100
AcDbLine
 10
2969.222862822153
 20
1759.616223899812
 30
0.0
 11
2967.634696893493
 21
1759.616223899812
 31
0.0
  0
LINE
  5
28E2
330
1F
100
AcDbEntity
  8
0
100
AcDbLine
 10
2967.634696893493
 20
1759.616223899812
 30
0.0
 11
2967.634696893493
 21
1757.693508846703
 31
0.0
  0
LINE
  5
28E3
330
1F
100
AcDbEntity
  8
0
100
AcDbLine
 10
2967.634696893493
 20
1757.693508846703
 30
0.0
 11
2970.900963737054
 21
1757.693508846703
 31
0.0
  0
LINE
  5
28E4
330
1F
100
AcDbEntity
  8
0
100
AcDbLine
 10
2970.900963737054
 20
1757.693508846703
 30
0.0
 11
2970.900963737054
 21
1759.616223899812
 31
0.0
  0
LINE
  5
28E5
330
1F
100
AcDbEntity
  8
0
100
AcDbLine
 10
2970.900963737054
 20
1759.616223899812
 30
0.0
 11
2967.634696893493
 21
1757.693508846703
 31
0.0
  0
LINE
  5
28E6
330
1F
100
AcDbEntity
  8
0
100
AcDbLine
 10
2969.267830315273
 20
1757.693508846703
 30
0.0
 11
2969.267830315273
 21
1756.332279296968
 31
0.0
  0
CIRCLE
  5
28E7
330
1F
100
AcDbEntity
  8
0
100
AcDbCircle
 10
2969.191906902126
 20
1755.165319842346
 30
0.0
 40
1.226573415424766
  0
TEXT
  5
28E8
330
1F
100
AcDbEntity
  8
0
100
AcDbText
 10
2968.242047194543
 20
1758.952296628129
 30
0.0
 40
0.4481231221485368
  1
CA
  7
arial
100
AcDbText
  0
TEXT
  5
28E9
330
1F
100
AcDbEntity
  8
0
100
AcDbText
 10
2969.759882450737
 20
1758.112913707712
 30
0.0
 40
0.4481231221485368
  1
CC
  7
arial
100
AcDbText
  0
TEXT
  5
28EA
330
1F
100
AcDbEntity
  8
0
100
AcDbText
 10
2968.989807684872
 20
1754.921939662283
 30
0.0
 40
0.4481231221485368
  1
G
  7
arial
100
AcDbText
  0
LINE
  5
28EB
330
1F
100
AcDbEntity
  8
0
100
AcDbLine
 10
2969.222862822153
 20
1759.616223899812
 30
0.0
 11
2970.900963737054
 21
1759.616223899812
 31
0.0
  0
TEXT
  5
28EC
330
1F
100
AcDbEntity
  8
0
100
AcDbText
 10
2971.160656633843
 20
1757.573904377123
 30
0.0
 40
0.395978073333965
  1
Marca
  7
arial
100
AcDbText
  0
TEXT
  5
28ED
330
1F
100
AcDbEntity
  8
0
100
AcDbText
 10
2971.142174495436
 20
1757.01181923784
 30
0.0
 40
0.395978073333965
  1
Modelo
  7
arial
100
AcDbText
  0
TEXT
  5
28EE
330
1F
100
AcDbEntity
  8
0
100
AcDbText
 10
2971.142174495436
 20
1756.4770752894
 30
0.0
 40
0.395978073333965
  1
Quantidade
  7
arial
100
AcDbText
  0
TEXT
  5
28EF
330
1F
100
AcDbEntity
  8
0
 62
     1
 48
0.1
100
AcDbText
 10
2973.071043278507
 20
1756.968682276534
 30
0.0
 40
0.395978073333965
  1
SUN225G4-EU-Q0 
  7
arial
100
AcDbText
  0
TEXT
  5
28F0
330
1F
100
AcDbEntity
  8
0
 62
     1
 48
0.1
100
AcDbText
 10
2972.819876375575
 20
1757.538138688463
 30
0.0
 40
0.395978073333965
  1
DEYE
  7
arial
100
AcDbText
  0
TEXT
  5
28F1
330
1F
100
AcDbEntity
  8
0
100
AcDbText
 10
2971.17913877225
 20
1758.135989516406
 30
0.0
 40
0.395978073333965
  1
Inversor 
  7
arial
100
AcDbText
  0
TEXT
  5
28F2
330
1F
100
AcDbEntity
  8
0
100
AcDbText
 10
2967.742354695658
 20
1752.677095401266
 30
0.0
 40
0.395978073333965
  1
Marca
  7
arial
100
AcDbText
  0
TEXT
  5
28F3
330
1F
100
AcDbEntity
  8
0
100
AcDbText
 10
2967.742354695658
 20
1752.168610032734
 30
0.0
 40
0.395978073333965
  1
Modelo
  7
arial
100
AcDbText
  0
TEXT
  5
28F4
330
1F
100
AcDbEntity
  8
0
100
AcDbText
 10
2967.742354695658
 20
1751.633866084294
 30
0.0
 40
0.395978073333965
  1
Quantidade
  7
arial
100
AcDbText
  0
TEXT
  5
28F7
330
1F
100
AcDbEntity
  8
0
 62
     1
 48
0.1
100
AcDbText
 10
2970.670283715714
 20
1751.588343552378
 30
0.0
 40
0.395978073333965
  1
04
  7
arial
100
AcDbText
  0
TEXT
  5
28F8
330
1F
100
AcDbEntity
  8
0
100
AcDbText
 10
2967.742354695658
 20
1753.185580769798
 30
0.0
 40
0.395978073333965
  1
Gerador 
  7
arial
100
AcDbText
  0
TEXT
  5
28F9
330
1F
100
AcDbEntity
  8
0
100
AcDbText
 10
2967.134891215623
 20
1756.573629549948
 30
0.0
 40
0.395978073333965
  1
2#4MM²
  7
arial
100
AcDbText
  0
TEXT
  5
28FA
330
1F
100
AcDbEntity
  8
0
100
AcDbText
 10
2969.590394209587
 20
1759.962227687144
 30
0.0
 40
0.395978073333965
  1
2#6(6)MM²
  7
arial
100
AcDbText
  0
TEXT
  5
28FB
330
1F
100
AcDbEntity
  8
0
 62
     1
 48
0.1
100
AcDbText
 10
2948.851791444046
 20
1758.637773671933
 30
0.0
 40
0.395978073333965
  1
07
  7
arial
100
AcDbText
  0
TEXT
  5
28FC
330
1F
100
AcDbEntity
  8
0
 62
     1
 48
0.1
100
AcDbText
 10
2961.036366157821
 20
1758.637773671933
 30
0.0
 40
0.395978073333965
  1
08
  7
arial
100
AcDbText
  0
TEXT
  5
28FD
330
1F
100
AcDbEntity
  8
0
 62
     1
 48
0.1
100
AcDbText
 10
2973.273543358176
 20
1758.098220870934
 30
0.0
 40
0.395978073333965
  1
09
  7
arial
100
AcDbText
  0
LINE
  5
28FE
330
1F
100
AcDbEntity
  8
0
100
AcDbLine
 10
2943.187852476622
 20
1757.693508846703
 30
0.0
 11
2943.187852476622
 21
1759.616223899812
 31
0.0
  0
LINE
  5
28FF
330
1F
100
AcDbEntity
  8
0
100
AcDbLine
 10
2944.788134501049
 20
1764.129347409474
 30
0.0
 11
2944.788134501049
 21
1763.157814830689
 31
0.0
  0
LINE
  5
2900
330
1F
100
AcDbEntity
  8
0
100
AcDbLine
 10
2944.776018405282
 20
1760.850290543716
 30
0.0
 11
2944.788134501049
 21
1761.38829966966
 31
0.0
  0
LINE
  5
2901
330
1F
100
AcDbEntity
  8
0
100
AcDbLine
 10
2993.580598028018
 20
1774.788664099214
 30
0.0
 11
2993.580598028018
 21
1773.55459745531
 31
0.0
  0
LINE
  5
2902
330
1F
100
AcDbEntity
  8
0
100
AcDbLine
 10
2993.580598028018
 20
1773.55459745531
 30
0.0
 11
2991.992432099357
 21
1773.55459745531
 31
0.0
  0
LINE
  5
2903
330
1F
100
AcDbEntity
  8
0
100
AcDbLine
 10
2991.992432099357
 20
1773.55459745531
 30
0.0
 11
2991.992432099357
 21
1771.6318824022
 31
0.0
  0
LINE
  5
2904
330
1F
100
AcDbEntity
  8
0
100
AcDbLine
 10
2991.992432099357
 20
1771.6318824022
 30
0.0
 11
2995.258698942918
 21
1771.6318824022
 31
0.0
  0
LINE
  5
2905
330
1F
100
AcDbEntity
  8
0
100
AcDbLine
 10
2995.258698942918
 20
1771.6318824022
 30
0.0
 11
2995.258698942918
 21
1773.55459745531
 31
0.0
  0
LINE
  5
2906
330
1F
100
AcDbEntity
  8
0
100
AcDbLine
 10
2995.258698942918
 20
1773.55459745531
 30
0.0
 11
2991.992432099357
 21
1771.6318824022
 31
0.0
  0
LINE
  5
2907
330
1F
100
AcDbEntity
  8
0
100
AcDbLine
 10
2993.625565521136
 20
1771.6318824022
 30
0.0
 11
2993.625565521136
 21
1770.270652852466
 31
0.0
  0
CIRCLE
  5
2908
330
1F
100
AcDbEntity
  8
0
100
AcDbCircle
 10
2993.549642107991
 20
1769.103693397844
 30
0.0
 40
1.226573415424766
  0
TEXT
  5
2909
330
1F
100
AcDbEntity
  8
0
100
AcDbText
 10
2992.599782400408
 20
1772.890670183627
 30
0.0
 40
0.4481231221485368
  1
CA
  7
arial
100
AcDbText
  0
TEXT
  5
290A
330
1F
100
AcDbEntity
  8
0
100
AcDbText
 10
2994.117617656601
 20
1772.051287263209
 30
0.0
 40
0.4481231221485368
  1
CC
  7
arial
100
AcDbText
  0
TEXT
  5
290B
330
1F
100
AcDbEntity
  8
0
100
AcDbText
 10
2993.231326808736
 20
1768.86031321778
 30
0.0
 40
0.4481231221485368
  1
G
  7
arial
100
AcDbText
  0
LINE
  5
290C
330
1F
100
AcDbEntity
  8
0
100
AcDbLine
 10
2993.580598028018
 20
1773.55459745531
 30
0.0
 11
2995.258698942918
 21
1773.55459745531
 31
0.0
  0
TEXT
  5
290D
330
1F
100
AcDbEntity
  8
0
100
AcDbText
 10
2995.518391839707
 20
1772.05183073362
 30
0.0
 40
0.395978073333965
  1
Marca
  7
arial
100
AcDbText
  0
TEXT
  5
290E
330
1F
100
AcDbEntity
  8
0
100
AcDbText
 10
2995.499909701301
 20
1771.489745594337
 30
0.0
 40
0.395978073333965
  1
Modelo
  7
arial
100
AcDbText
  0
TEXT
  5
290F
330
1F
100
AcDbEntity
  8
0
100
AcDbText
 10
2995.499909701301
 20
1770.955001645896
 30
0.0
 40
0.395978073333965
  1
Quantidade
  7
arial
100
AcDbText
  0
TEXT
  5
2910
330
1F
100
AcDbEntity
  8
0
 62
     1
 48
0.1
100
AcDbText
 10
2997.42877848437
 20
1771.446608633031
 30
0.0
 40
0.395978073333965
  1
SUN225G4-EU-Q0 
  7
arial
100
AcDbText
  0
TEXT
  5
2911
330
1F
100
AcDbEntity
  8
0
 62
     1
 48
0.1
100
AcDbText
 10
2998.427838721357
 20
1770.90947911398
 30
0.0
 40
0.395978073333965
  1
01
  7
arial
100
AcDbText
  0
TEXT
  5
2912
330
1F
100
AcDbEntity
  8
0
 62
     1
 48
0.1
100
AcDbText
 10
2997.17761158144
 20
1772.016065044961
 30
0.0
 40
0.395978073333965
  1
DEYE
  7
arial
100
AcDbText
  0
TEXT
  5
2913
330
1F
100
AcDbEntity
  8
0
100
AcDbText
 10
2995.536873978114
 20
1772.613915872903
 30
0.0
 40
0.395978073333965
  1
Inversor 
  7
arial
100
AcDbText
  0
TEXT
  5
2914
330
1F
100
AcDbEntity
  8
0
100
AcDbText
 10
2992.100089901521
 20
1766.615468956764
 30
0.0
 40
0.395978073333965
  1
Marca
  7
arial
100
AcDbText
  0
TEXT
  5
2915
330
1F
100
AcDbEntity
  8
0
100
AcDbText
 10
2992.100089901521
 20
1766.106983588231
 30
0.0
 40
0.395978073333965
  1
Modelo
  7
arial
100
AcDbText
  0
TEXT
  5
2916
330
1F
100
AcDbEntity
  8
0
100
AcDbText
 10
2992.100089901521
 20
1765.572239639791
 30
0.0
 40
0.395978073333965
  1
Quantidade
  7
arial
100
AcDbText
  0
TEXT
  5
2919
330
1F
100
AcDbEntity
  8
0
 62
     1
 48
0.1
100
AcDbText
 10
2995.028018921578
 20
1765.526717107875
 30
0.0
 40
0.395978073333965
  1
04
  7
arial
100
AcDbText
  0
TEXT
  5
291A
330
1F
100
AcDbEntity
  8
0
100
AcDbText
 10
2992.100089901521
 20
1767.123954325296
 30
0.0
 40
0.395978073333965
  1
Gerador 
  7
arial
100
AcDbText
  0
TEXT
  5
291B
330
1F
100
AcDbEntity
  8
0
100
AcDbText
 10
2991.310583377151
 20
1770.693833014903
 30
0.0
 40
0.395978073333965
  1
2#4MM²
  7
arial
100
AcDbText
  0
TEXT
  5
291C
330
1F
100
AcDbEntity
  8
0
100
AcDbText
 10
2993.948129415451
 20
1773.900601242642
 30
0.0
 40
0.395978073333965
  1
2#6(6)MM²
  7
arial
100
AcDbText
  0
LINE
  5
291D
330
1F
100
AcDbEntity
  8
0
100
AcDbLine
 10
2981.357175819582
 20
1774.788664099214
 30
0.0
 11
2981.357175819582
 21
1773.55459745531
 31
0.0
  0
LINE
  5
291E
330
1F
100
AcDbEntity
  8
0
100
AcDbLine
 10
2981.357175819582
 20
1773.55459745531
 30
0.0
 11
2979.769009890921
 21
1773.55459745531
 31
0.0
  0
LINE
  5
291F
330
1F
100
AcDbEntity
  8
0
100
AcDbLine
 10
2979.769009890921
 20
1771.6318824022
 30
0.0
 11
2983.035276734482
 21
1771.6318824022
 31
0.0
  0
LINE
  5
2920
330
1F
100
AcDbEntity
  8
0
100
AcDbLine
 10
2983.035276734482
 20
1771.6318824022
 30
0.0
 11
2983.035276734482
 21
1773.55459745531
 31
0.0
  0
LINE
  5
2921
330
1F
100
AcDbEntity
  8
0
100
AcDbLine
 10
2983.035276734482
 20
1773.55459745531
 30
0.0
 11
2979.769009890921
 21
1771.6318824022
 31
0.0
  0
LINE
  5
2922
330
1F
100
AcDbEntity
  8
0
100
AcDbLine
 10
2981.402143312701
 20
1771.6318824022
 30
0.0
 11
2981.402143312701
 21
1770.270652852466
 31
0.0
  0
CIRCLE
  5
2923
330
1F
100
AcDbEntity
  8
0
100
AcDbCircle
 10
2981.326219899555
 20
1769.103693397844
 30
0.0
 40
1.226573415424766
  0
TEXT
  5
2924
330
1F
100
AcDbEntity
  8
0
100
AcDbText
 10
2980.376360191973
 20
1772.890670183627
 30
0.0
 40
0.4481231221485368
  1
CA
  7
arial
100
AcDbText
  0
TEXT
  5
2925
330
1F
100
AcDbEntity
  8
0
100
AcDbText
 10
2981.894195448165
 20
1772.051287263209
 30
0.0
 40
0.4481231221485368
  1
CC
  7
arial
100
AcDbText
  0
TEXT
  5
2926
330
1F
100
AcDbEntity
  8
0
100
AcDbText
 10
2981.124120682301
 20
1768.86031321778
 30
0.0
 40
0.4481231221485368
  1
G
  7
arial
100
AcDbText
  0
LINE
  5
2927
330
1F
100
AcDbEntity
  8
0
100
AcDbLine
 10
2981.357175819582
 20
1773.55459745531
 30
0.0
 11
2983.035276734482
 21
1773.55459745531
 31
0.0
  0
HATCH
  5
2928
330
1F
100
AcDbEntity
  8
0
 62
     7
 48
0.1
100
AcDbHatch
 10
0.0
 20
0.0
 30
0.0
210
0.0
220
0.0
230
1.0
  2
ANSI31
 70
     0
 71
     1
 91
        1
 92
        1
 93
        4
 72
     1
 10
2980.90405374304
 20
1777.096188386186
 11
2981.834530087656
 21
1777.096188386186
 72
     1
 10
2981.834530087656
 20
1777.096188386186
 11
2981.834530087656
 21
1775.326673225158
 72
     1
 10
2981.834530087656
 20
1775.326673225158
 11
2980.90405374304
 21
1775.326673225158
 72
     1
 10
2980.90405374304
 20
1775.326673225158
 11
2980.90405374304
 21
1777.096188386186
 97
        1
330
2929
 75
     0
 76
     1
 52
0.0
 41
0.1136977983365884
 77
     0
 78
     1
 53
45.0
 43
1265.797229524188
 44
1892.217287279899
 45
-0.2552588373660585
 46
0.2552588373660585
 79
     0
 98
        1
 10
1265.797229524188
 20
1892.217287279899
1001
ACAD
1010
0.0
1020
0.0
1030
0.0
  0
LWPOLYLINE
  5
2929
102
{ACAD_REACTORS
330
2928
102
}
330
1F
100
AcDbEntity
  8
0
 62
     7
 48
0.1
100
AcDbPolyline
 90
        4
 70
     1
 43
0.0
 10
2980.90405374304
 20
1777.096188386186
 10
2981.834530087656
 20
1777.096188386186
 10
2981.834530087656
 20
1775.326673225158
 10
2980.90405374304
 20
1775.326673225158
  0
TEXT
  5
292A
330
1F
100
AcDbEntity
  8
0
100
AcDbText
 10
2983.294969631272
 20
1772.05183073362
 30
0.0
 40
0.395978073333965
  1
Marca
  7
arial
100
AcDbText
  0
TEXT
  5
292B
330
1F
100
AcDbEntity
  8
0
100
AcDbText
 10
2983.276487492864
 20
1771.489745594337
 30
0.0
 40
0.395978073333965
  1
Modelo
  7
arial
100
AcDbText
  0
TEXT
  5
292C
330
1F
100
AcDbEntity
  8
0
100
AcDbText
 10
2983.276487492864
 20
1770.955001645896
 30
0.0
 40
0.395978073333965
  1
Quantidade
  7
arial
100
AcDbText
  0
TEXT
  5
292D
330
1F
100
AcDbEntity
  8
0
 62
     1
 48
0.1
100
AcDbText
 10
2985.256639542181
 20
1771.477163420011
 30
0.0
 40
0.395978073333965
  1
SUN225G4-EU-Q0 
  7
arial
100
AcDbText
  0
TEXT
  5
292E
330
1F
100
AcDbEntity
  8
0
 62
     1
 48
0.1
100
AcDbText
 10
2986.204416512921
 20
1770.90947911398
 30
0.0
 40
0.395978073333965
  1
01
  7
arial
100
AcDbText
  0
TEXT
  5
292F
330
1F
100
AcDbEntity
  8
0
 62
     1
 48
0.1
100
AcDbText
 10
2984.954189373003
 20
1772.016065044961
 30
0.0
 40
0.395978073333965
  1
DEYE
  7
arial
100
AcDbText
  0
TEXT
  5
2930
330
1F
100
AcDbEntity
  8
0
100
AcDbText
 10
2983.313451769679
 20
1772.613915872903
 30
0.0
 40
0.395978073333965
  1
Inversor 
  7
arial
100
AcDbText
  0
TEXT
  5
2931
330
1F
100
AcDbEntity
  8
0
100
AcDbText
 10
2979.876667693087
 20
1766.615468956764
 30
0.0
 40
0.395978073333965
  1
Marca
  7
arial
100
AcDbText
  0
TEXT
  5
2932
330
1F
100
AcDbEntity
  8
0
100
AcDbText
 10
2979.876667693087
 20
1766.106983588231
 30
0.0
 40
0.395978073333965
  1
Modelo
  7
arial
100
AcDbText
  0
TEXT
  5
2933
330
1F
100
AcDbEntity
  8
0
100
AcDbText
 10
2979.876667693087
 20
1765.572239639791
 30
0.0
 40
0.395978073333965
  1
Quantidade
  7
arial
100
AcDbText
  0
TEXT
  5
2936
330
1F
100
AcDbEntity
  8
0
 62
     1
 48
0.1
100
AcDbText
 10
2982.804596713143
 20
1765.526717107875
 30
0.0
 40
0.395978073333965
  1
04
  7
arial
100
AcDbText
  0
TEXT
  5
2937
330
1F
100
AcDbEntity
  8
0
100
AcDbText
 10
2979.876667693087
 20
1767.123954325296
 30
0.0
 40
0.395978073333965
  1
Gerador 
  7
arial
100
AcDbText
  0
TEXT
  5
2938
330
1F
100
AcDbEntity
  8
0
100
AcDbText
 10
2979.509313005475
 20
1770.506552991501
 30
0.0
 40
0.395978073333965
  1
2#4MM²
  7
arial
100
AcDbText
  0
TEXT
  5
2939
330
1F
100
AcDbEntity
  8
0
100
AcDbText
 10
2982.041760296222
 20
1776.084463623839
 30
0.0
 40
0.3445268855784118
  1
Dispositivo de Proteção 32A
  7
arial
100
AcDbText
  0
TEXT
  5
293A
330
1F
100
AcDbEntity
  8
0
100
AcDbText
 10
2981.673547352992
 20
1773.900601242642
 30
0.0
 40
0.395978073333965
  1
2#6(6)MM²
  7
arial
100
AcDbText
  0
LINE
  5
293B
330
1F
100
AcDbEntity
  8
0
100
AcDbLine
 10
3005.804020236453
 20
1774.788664099214
 30
0.0
 11
2981.357175819582
 21
1774.788664099214
 31
0.0
  0
LINE
  5
293C
330
1F
100
AcDbEntity
  8
0
100
AcDbLine
 10
3005.804020236453
 20
1774.788664099214
 30
0.0
 11
3005.804020236453
 21
1773.55459745531
 31
0.0
  0
LINE
  5
293D
330
1F
100
AcDbEntity
  8
0
100
AcDbLine
 10
3005.804020236453
 20
1773.55459745531
 30
0.0
 11
3004.215854307793
 21
1773.55459745531
 31
0.0
  0
LINE
  5
293E
330
1F
100
AcDbEntity
  8
0
100
AcDbLine
 10
3004.215854307793
 20
1773.55459745531
 30
0.0
 11
3004.215854307793
 21
1771.6318824022
 31
0.0
  0
LINE
  5
293F
330
1F
100
AcDbEntity
  8
0
100
AcDbLine
 10
3004.215854307793
 20
1771.6318824022
 30
0.0
 11
3007.482121151354
 21
1771.6318824022
 31
0.0
  0
LINE
  5
2940
330
1F
100
AcDbEntity
  8
0
100
AcDbLine
 10
3007.482121151354
 20
1771.6318824022
 30
0.0
 11
3007.482121151354
 21
1773.55459745531
 31
0.0
  0
LINE
  5
2941
330
1F
100
AcDbEntity
  8
0
100
AcDbLine
 10
3007.482121151354
 20
1773.55459745531
 30
0.0
 11
3004.215854307793
 21
1771.6318824022
 31
0.0
  0
LINE
  5
2942
330
1F
100
AcDbEntity
  8
0
100
AcDbLine
 10
3005.848987729573
 20
1771.6318824022
 30
0.0
 11
3005.848987729573
 21
1770.270652852466
 31
0.0
  0
CIRCLE
  5
2943
330
1F
100
AcDbEntity
  8
0
100
AcDbCircle
 10
3005.773064316426
 20
1769.103693397844
 30
0.0
 40
1.226573415424766
  0
TEXT
  5
2944
330
1F
100
AcDbEntity
  8
0
100
AcDbText
 10
3004.823204608844
 20
1772.890670183627
 30
0.0
 40
0.4481231221485368
  1
CA
  7
arial
100
AcDbText
  0
TEXT
  5
2945
330
1F
100
AcDbEntity
  8
0
100
AcDbText
 10
3006.341039865037
 20
1772.051287263209
 30
0.0
 40
0.4481231221485368
  1
CC
  7
arial
100
AcDbText
  0
TEXT
  5
2946
330
1F
100
AcDbEntity
  8
0
100
AcDbText
 10
3005.570965099171
 20
1768.86031321778
 30
0.0
 40
0.4481231221485368
  1
G
  7
arial
100
AcDbText
  0
LINE
  5
2947
330
1F
100
AcDbEntity
  8
0
100
AcDbLine
 10
3005.804020236453
 20
1773.55459745531
 30
0.0
 11
3007.482121151354
 21
1773.55459745531
 31
0.0
  0
TEXT
  5
2948
330
1F
100
AcDbEntity
  8
0
100
AcDbText
 10
3007.741814048143
 20
1771.51227793262
 30
0.0
 40
0.395978073333965
  1
Marca
  7
arial
100
AcDbText
  0
TEXT
  5
2949
330
1F
100
AcDbEntity
  8
0
100
AcDbText
 10
3007.723331909736
 20
1770.950192793337
 30
0.0
 40
0.395978073333965
  1
Modelo
  7
arial
100
AcDbText
  0
TEXT
  5
294A
330
1F
100
AcDbEntity
  8
0
100
AcDbText
 10
3007.723331909736
 20
1770.415448844897
 30
0.0
 40
0.395978073333965
  1
Quantidade
  7
arial
100
AcDbText
  0
TEXT
  5
294B
330
1F
100
AcDbEntity
  8
0
 62
     1
 48
0.1
100
AcDbText
 10
3009.652200692806
 20
1770.907055832031
 30
0.0
 40
0.395978073333965
  1
SUN225G4-EU-Q0 
  7
arial
100
AcDbText
  0
TEXT
  5
294C
330
1F
100
AcDbEntity
  8
0
 62
     1
 48
0.1
100
AcDbText
 10
3009.401033789874
 20
1771.476512243961
 30
0.0
 40
0.395978073333965
  1
DEYE
  7
arial
100
AcDbText
  0
TEXT
  5
294D
330
1F
100
AcDbEntity
  8
0
100
AcDbText
 10
3007.76029618655
 20
1772.074363071904
 30
0.0
 40
0.395978073333965
  1
Inversor 
  7
arial
100
AcDbText
  0
TEXT
  5
294E
330
1F
100
AcDbEntity
  8
0
100
AcDbText
 10
3004.323512109958
 20
1766.615468956764
 30
0.0
 40
0.395978073333965
  1
Marca
  7
arial
100
AcDbText
  0
TEXT
  5
294F
330
1F
100
AcDbEntity
  8
0
100
AcDbText
 10
3004.323512109958
 20
1766.106983588231
 30
0.0
 40
0.395978073333965
  1
Modelo
  7
arial
100
AcDbText
  0
TEXT
  5
2950
330
1F
100
AcDbEntity
  8
0
100
AcDbText
 10
3004.323512109958
 20
1765.572239639791
 30
0.0
 40
0.395978073333965
  1
Quantidade
  7
arial
100
AcDbText
  0
TEXT
  5
2953
330
1F
100
AcDbEntity
  8
0
 62
     1
 48
0.1
100
AcDbText
 10
3007.251441130014
 20
1765.526717107875
 30
0.0
 40
0.395978073333965
  1
04
  7
arial
100
AcDbText
  0
TEXT
  5
2954
330
1F
100
AcDbEntity
  8
0
100
AcDbText
 10
3004.323512109958
 20
1767.123954325296
 30
0.0
 40
0.395978073333965
  1
Gerador 
  7
arial
100
AcDbText
  0
TEXT
  5
2955
330
1F
100
AcDbEntity
  8
0
100
AcDbText
 10
3003.716048629923
 20
1770.512003105446
 30
0.0
 40
0.395978073333965
  1
2#4MM²
  7
arial
100
AcDbText
  0
TEXT
  5
2956
330
1F
100
AcDbEntity
  8
0
100
AcDbText
 10
3006.171551623887
 20
1773.900601242642
 30
0.0
 40
0.395978073333965
  1
2#6(6)MM²
  7
arial
100
AcDbText
  0
TEXT
  5
2957
330
1F
100
AcDbEntity
  8
0
 62
     1
 48
0.1
100
AcDbText
 10
2985.432948858345
 20
1772.576147227431
 30
0.0
 40
0.395978073333965
  1
04
  7
arial
100
AcDbText
  0
TEXT
  5
2958
330
1F
100
AcDbEntity
  8
0
 62
     1
 48
0.1
100
AcDbText
 10
2997.617523572121
 20
1772.576147227431
 30
0.0
 40
0.395978073333965
  1
05
  7
arial
100
AcDbText
  0
TEXT
  5
2959
330
1F
100
AcDbEntity
  8
0
 62
     1
 48
0.1
100
AcDbText
 10
3009.854700772476
 20
1772.036594426431
 30
0.0
 40
0.395978073333965
  1
06
  7
arial
100
AcDbText
  0
LINE
  5
295A
330
1F
100
AcDbEntity
  8
0
100
AcDbLine
 10
2979.769009890921
 20
1771.6318824022
 30
0.0
 11
2979.769009890921
 21
1773.55459745531
 31
0.0
  0
LINE
  5
295B
330
1F
100
AcDbEntity
  8
0
100
AcDbLine
 10
2981.369291915348
 20
1778.562865030032
 30
0.0
 11
2981.369291915348
 21
1777.096188386186
 31
0.0
  0
LINE
  5
295C
330
1F
100
AcDbEntity
  8
0
100
AcDbLine
 10
2981.357175819582
 20
1774.788664099214
 30
0.0
 11
2981.369291915348
 21
1775.326673225158
 31
0.0
  0
LINE
  5
2A1B
330
1F
100
AcDbEntity
  8
0
100
AcDbLine
 10
2944.621995320141
 20
1778.562865030032
 30
0.0
 11
2981.369291915348
 21
1778.562865030032
 31
0.0
  0
LINE
  5
2A1C
330
1F
100
AcDbEntity
  8
0
100
AcDbLine
 10
2944.621995320141
 20
1779.101811311247
 30
0.0
 11
2941.692290709987
 21
1779.101811311247
 31
0.0
  0
LINE
  5
2A1D
330
1F
100
AcDbEntity
  8
0
100
AcDbLine
 10
2941.692290709987
 20
1779.101811311247
 30
0.0
 11
2941.692290709987
 21
1764.129347409474
 31
0.0
  0
LINE
  5
2A1E
330
1F
100
AcDbEntity
  8
0
100
AcDbLine
 10
2941.692290709987
 20
1764.129347409474
 30
0.0
 11
2944.788134501049
 21
1764.129347409474
 31
0.0
  0
LINE
  5
2A21
330
1F
100
AcDbEntity
  8
0
 62
     7
 48
0.1
100
AcDbLine
 10
3085.891960894862
 20
1774.586347717914
 30
0.0
 11
3085.900150308261
 21
1773.88167416909
 31
0.0
  0
LINE
  5
2A22
330
1F
100
AcDbEntity
  8
0
100
AcDbLine
 10
3085.900150308261
 20
1773.47927709721
 30
0.0
 11
3084.853379507731
 21
1773.47927709721
 31
0.0
  0
LINE
  5
2A23
330
1F
100
AcDbEntity
  8
0
100
AcDbLine
 10
3084.853379507731
 20
1773.47927709721
 30
0.0
 11
3084.853379507731
 21
1772.212002728067
 31
0.0
  0
LINE
  5
2A24
330
1F
100
AcDbEntity
  8
0
100
AcDbLine
 10
3087.006197860576
 20
1772.212002728067
 30
0.0
 11
3087.006197860576
 21
1773.47927709721
 31
0.0
  0
LINE
  5
2A25
330
1F
100
AcDbEntity
  8
0
100
AcDbLine
 10
3087.006197860576
 20
1773.47927709721
 30
0.0
 11
3084.853379507731
 21
1772.212002728067
 31
0.0
  0
TEXT
  5
2A26
330
1F
100
AcDbEntity
  8
0
100
AcDbText
 10
3085.253688158962
 20
1773.041678185703
 30
0.0
 40
0.2953609511720775
  1
CA
  7
arial
100
AcDbText
  0
TEXT
  5
2A27
330
1F
100
AcDbEntity
  8
0
100
AcDbText
 10
3086.254103542221
 20
1772.488435280977
 30
0.0
 40
0.2953609511720775
  1
CC
  7
arial
100
AcDbText
  0
TEXT
  5
2A28
330
1F
100
AcDbEntity
  8
0
100
AcDbText
 10
3087.134714993995
 20
1772.675620278709
 30
0.0
 40
0.437154694356413
  1
Marca
  7
arial
100
AcDbText
  0
LINE
  5
2A29
330
1F
100
AcDbEntity
  8
0
100
AcDbLine
 10
3085.900150308261
 20
1773.47927709721
 30
0.0
 11
3087.006197860576
 21
1773.47927709721
 31
0.0
  0
TEXT
  5
2A2A
330
1F
100
AcDbEntity
  8
0
100
AcDbText
 10
3087.114310951168
 20
1772.055085522335
 30
0.0
 40
0.437154694356413
  1
Modelo
  7
arial
100
AcDbText
  0
TEXT
  5
2A2B
330
1F
100
AcDbEntity
  8
0
 62
     1
 48
0.1
100
AcDbText
 10
3088.966472224792
 20
1772.636135418948
 30
0.0
 40
0.437154694356413
  1
DEYE
  7
arial
100
AcDbText
  0
TEXT
  5
2A2C
330
1F
100
AcDbEntity
  8
0
100
AcDbText
 10
3087.15511903682
 20
1773.296155035082
 30
0.0
 40
0.437154694356413
  1
Inversor 
  7
arial
100
AcDbText
  0
LINE
  5
2A2D
330
1F
100
AcDbEntity
  8
0
100
AcDbLine
 10
3084.853379507731
 20
1772.212002728067
 30
0.0
 11
3087.006197860576
 21
1772.212002728067
 31
0.0
  0
LINE
  5
2A2E
330
1F
100
AcDbEntity
  8
0
100
AcDbLine
 10
3085.640983603234
 20
1770.390759441087
 30
0.0
 11
3085.640983603234
 21
1767.681120239798
 31
0.0
  0
LINE
  5
2A2F
330
1F
100
AcDbEntity
  8
0
100
AcDbLine
 10
3085.640983603234
 20
1767.269552542915
 30
0.0
 11
3085.640983603234
 21
1765.845714734446
 31
0.0
  0
LINE
  5
2A30
330
1F
100
AcDbEntity
  8
0
100
AcDbLine
 10
3086.023574277
 20
1769.437536219593
 30
0.0
 11
3085.258392929467
 21
1769.437536219593
 31
0.0
  0
LINE
  5
2A31
330
1F
100
AcDbEntity
  8
0
100
AcDbLine
 10
3086.023574277
 20
1769.250908582767
 30
0.0
 11
3085.258392929467
 21
1769.250908582767
 31
0.0
  0
LWPOLYLINE
  5
2A32
330
1F
100
AcDbEntity
  8
0
100
AcDbPolyline
 90
        4
 70
     1
 43
0.0
 10
3084.540776614299
 20
1768.204754456711
 10
3085.429707926721
 20
1768.204754456711
 10
3085.429707926721
 20
1768.683199658899
 10
3084.540776614299
 20
1768.683199658899
  0
LINE
  5
2A33
330
1F
100
AcDbEntity
  8
0
100
AcDbLine
 10
3084.540776614299
 20
1768.683199658899
 30
0.0
 11
3085.429707926721
 21
1768.204754456711
 31
0.0
  0
LINE
  5
2A34
330
1F
100
AcDbEntity
  8
0
100
AcDbLine
 10
3084.377363014849
 20
1768.443977057805
 30
0.0
 11
3084.540776614299
 21
1768.443977057805
 31
0.0
  0
LINE
  5
2A35
330
1F
100
AcDbEntity
  8
0
100
AcDbLine
 10
3085.429707926721
 20
1768.443977057805
 30
0.0
 11
3085.640983603234
 21
1768.443977057805
 31
0.0
  0
LINE
  5
2A36
330
1F
100
AcDbEntity
  8
0
100
AcDbLine
 10
3084.377363014849
 20
1768.57937101478
 30
0.0
 11
3084.377363014849
 21
1768.30858310083
 31
0.0
  0
LINE
  5
2A37
330
1F
100
AcDbEntity
  8
0
100
AcDbLine
 10
3084.377363014849
 20
1768.57937101478
 30
0.0
 11
3084.241969057873
 21
1768.443977057805
 31
0.0
  0
LINE
  5
2A38
330
1F
100
AcDbEntity
  8
0
100
AcDbLine
 10
3084.241969057873
 20
1768.443977057805
 30
0.0
 11
3084.377363014849
 21
1768.30858310083
 31
0.0
  0
LWPOLYLINE
  5
2A39
330
1F
100
AcDbEntity
  8
0
100
AcDbPolyline
 90
        4
 70
     1
 43
0.0
 10
3085.401761002139
 20
1765.845714734446
 10
3085.401761002139
 20
1764.956783422024
 10
3085.880206204328
 20
1764.956783422024
 10
3085.880206204328
 20
1765.845714734446
  0
LINE
  5
2A3A
330
1F
100
AcDbEntity
  8
0
100
AcDbLine
 10
3085.880206204328
 20
1764.956783422024
 30
0.0
 11
3085.640983603234
 21
1765.268124416908
 31
0.0
  0
LINE
  5
2A3B
330
1F
100
AcDbEntity
  8
0
100
AcDbLine
 10
3085.640983603234
 20
1765.268124416908
 30
0.0
 11
3085.401761002139
 21
1764.956783422024
 31
0.0
  0
LINE
  5
2A3C
330
1F
100
AcDbEntity
  8
0
100
AcDbLine
 10
3085.54189005149
 20
1767.681120239798
 30
0.0
 11
3085.739459679155
 21
1767.681120239798
 31
0.0
  0
LWPOLYLINE
  5
2A3D
330
1F
100
AcDbEntity
  8
0
100
AcDbPolyline
 90
        4
 70
     1
 43
0.0
 10
3085.600858239833
 20
1767.681120239798
 10
3085.680491490812
 20
1767.681120239798
 10
3085.680491490812
 20
1767.515949479343
 10
3085.600858239833
 20
1767.515949479343
  0
LINE
  5
2A3E
330
1F
100
AcDbEntity
  8
0
100
AcDbLine
 10
3085.429726748654
 20
1767.619426583295
 30
0.0
 11
3085.640983603234
 21
1767.269552542915
 31
0.0
  0
LWPOLYLINE
  5
2A3F
330
1F
100
AcDbEntity
  8
0
100
AcDbPolyline
 90
        4
 70
     1
 43
0.0
 10
3085.440931132528
 20
1767.516780182443
 10
3085.517359354428
 20
1767.562928178283
 10
3085.662598433634
 20
1767.322389789297
 10
3085.586170211732
 20
1767.276241793458
  0
TEXT
  5
2A40
330
1F
100
AcDbEntity
  8
0
100
AcDbText
 10
3084.287673887657
 20
1770.222260574876
 30
0.0
 40
0.2764731582275202
  1
MPPT 1
  7
arial
100
AcDbText
  0
TEXT
  5
2A41
330
1F
100
AcDbEntity
  8
0
100
AcDbText
 10
3084.569359897476
 20
1761.605863274736
 30
0.0
 40
0.2478390771075291
  1
Gerador: P1 
  7
arial
100
AcDbText
  0
TEXT
  5
2A42
330
1F
100
AcDbEntity
  8
0
100
AcDbText
 10
3085.231111731444
 20
1764.272808415189
 30
0.0
 40
0.2478390771075291
  1
Marca
  7
arial
100
AcDbText
  0
TEXT
  5
2A43
330
1F
100
AcDbEntity
  8
0
100
AcDbText
 10
3085.130063306626
 20
1763.534052659869
 30
0.0
 40
0.2478390771075291
  1
Modelo
  7
arial
100
AcDbText
  0
TEXT
  5
2A44
330
1F
100
AcDbEntity
  8
0
100
AcDbText
 10
3084.517599715426
 20
1762.385405430918
 30
0.0
 40
0.2478390771075291
  1
Quantidade
  7
arial
100
AcDbText
  0
TEXT
  5
2A47
330
1F
100
AcDbEntity
  8
0
 62
     1
 48
0.1
100
AcDbText
 10
3086.386439322142
 20
1762.368990231512
 30
0.0
 40
0.2478390771075291
  1
01
  7
arial
100
AcDbText
  0
TEXT
  5
2A48
330
1F
100
AcDbEntity
  8
0
100
AcDbText
 10
3085.000156089753
 20
1762.096825164376
 30
0.0
 40
0.2478390771075291
  1
2x4mm²
  7
arial
100
AcDbText
  0
LINE
  5
2A49
330
1F
100
AcDbEntity
  8
0
 62
     3
100
AcDbLine
 10
3085.880206204328
 20
1765.845714734446
 30
0.0
 11
3086.17316036054
 21
1765.845714734446
 31
0.0
  0
LINE
  5
2A4A
330
1F
100
AcDbEntity
  8
0
 62
     3
100
AcDbLine
 10
3086.17316036054
 20
1765.623951288243
 30
0.0
 11
3086.17316036054
 21
1766.06747818065
 31
0.0
  0
LINE
  5
2A4B
330
1F
100
AcDbEntity
  8
0
 62
     3
100
AcDbLine
 10
3086.237095410325
 20
1765.715754414319
 30
0.0
 11
3086.237095410325
 21
1765.984099481035
 31
0.0
  0
LINE
  5
2A4C
330
1F
100
AcDbEntity
  8
0
 62
     3
100
AcDbLine
 10
3086.303332154805
 20
1765.794323623598
 30
0.0
 11
3086.303332154805
 21
1765.912396119923
 31
0.0
  0
LINE
  5
2A4D
330
1F
100
AcDbEntity
  8
0
 62
     3
100
AcDbLine
 10
3086.371097887305
 20
1765.829107053843
 30
0.0
 11
3086.371097887305
 21
1765.872042222832
 31
0.0
  0
TEXT
  5
2A4E
330
1F
100
AcDbEntity
  8
0
100
AcDbText
 10
3083.311012943179
 20
1774.078505594449
 30
0.0
 40
0.2764731582275202
  1
2#10(10)MM²
  7
arial
100
AcDbText
  0
LINE
  5
2A4F
330
1F
100
AcDbEntity
  8
0
 62
     3
100
AcDbLine
 10
3084.732760490666
 20
1772.212002728067
 30
0.0
 11
3084.732760490666
 21
1772.015549694149
 31
0.0
  0
LINE
  5
2A50
330
1F
100
AcDbEntity
  8
0
 62
     3
100
AcDbLine
 10
3084.584047455213
 20
1772.015549694149
 30
0.0
 11
3084.881473526118
 21
1772.015549694149
 31
0.0
  0
LINE
  5
2A51
330
1F
100
AcDbEntity
  8
0
 62
     3
100
AcDbLine
 10
3084.645609997537
 20
1771.97267529132
 30
0.0
 11
3084.825560345997
 21
1771.97267529132
 31
0.0
  0
LINE
  5
2A52
330
1F
100
AcDbEntity
  8
0
 62
     3
100
AcDbLine
 10
3084.698297966655
 20
1771.928257387924
 30
0.0
 11
3084.777476567243
 21
1771.928257387924
 31
0.0
  0
LINE
  5
2A53
330
1F
100
AcDbEntity
  8
0
 62
     3
100
AcDbLine
 10
3084.721623494751
 20
1771.882814155722
 30
0.0
 11
3084.750415522551
 21
1771.882814155722
 31
0.0
  0
LINE
  5
2A54
330
1F
100
AcDbEntity
  8
0
 62
     3
100
AcDbLine
 10
3084.853379507731
 20
1772.212002728067
 30
0.0
 11
3084.732760490666
 21
1772.212002728067
 31
0.0
  0
TEXT
  5
2A55
330
1F
100
AcDbEntity
  8
0
 62
     1
 48
0.1
100
AcDbText
 10
3085.85687550576
 20
1767.857791731722
 30
0.0
 40
0.1687247977395283
  1
2P-15A
 50
270.0
  7
arial
100
AcDbText
  0
LWPOLYLINE
  5
2A56
330
1F
100
AcDbEntity
  8
0
  6
ACAD_ISO02W100
 62
   251
420
  6513766
100
AcDbPolyline
 90
        4
 70
     1
 43
0.0
 10
3083.759731251353
 20
1770.052502458202
 10
3093.659181885867
 20
1770.052502458202
 10
3093.659181885867
 20
1766.741131591667
 10
3083.759731251353
 20
1766.741131591667
  0
TEXT
  5
2A57
330
1F
100
AcDbEntity
  8
0
 62
   251
420
  6513766
100
AcDbText
 10
3093.365232129682
 20
1769.042273752495
 30
0.0
 40
0.1687247977395283
  1
PROTEÇÃO
 50
270.0
  7
arial
100
AcDbText
  0
TEXT
  5
2A58
330
1F
100
AcDbEntity
  8
0
100
AcDbText
 10
3086.07421813926
 20
1769.367841098365
 30
0.0
 40
0.1485104375604364
  1
+
  7
arial
100
AcDbText
  0
TEXT
  5
2A59
330
1F
100
AcDbEntity
  8
0
100
AcDbText
 10
3086.080735968451
 20
1769.288489549397
 30
0.0
 40
0.1485104375604364
  1
-
 50
270.0
  7
arial
100
AcDbText
  0
TEXT
  5
2A5A
330
1F
100
AcDbEntity
  8
0
 62
     1
 48
0.1
100
AcDbText
 10
3089.308927039498
 20
1772.007462872485
 30
0.0
 40
0.437154694356413
  1
SUN225G4-EU-Q0 
  7
arial
100
AcDbText
  0
LINE
  5
2A5B
330
1F
100
AcDbEntity
  8
0
100
AcDbLine
 10
3085.640983603234
 20
1770.390759441087
 30
0.0
 11
3085.640983603234
 21
1772.212002728067
 31
0.0
  0
LINE
  5
2A5C
330
1F
100
AcDbEntity
  8
0
100
AcDbLine
 10
3088.071842407112
 20
1770.390759441087
 30
0.0
 11
3088.071842407112
 21
1767.681120239798
 31
0.0
  0
LINE
  5
2A5D
330
1F
100
AcDbEntity
  8
0
100
AcDbLine
 10
3088.071842407112
 20
1767.269552542915
 30
0.0
 11
3088.071842407112
 21
1765.845714734446
 31
0.0
  0
LINE
  5
2A5E
330
1F
100
AcDbEntity
  8
0
100
AcDbLine
 10
3088.454433080879
 20
1769.437536219593
 30
0.0
 11
3087.689251733345
 21
1769.437536219593
 31
0.0
  0
LINE
  5
2A5F
330
1F
100
AcDbEntity
  8
0
100
AcDbLine
 10
3088.454433080879
 20
1769.250908582767
 30
0.0
 11
3087.689251733345
 21
1769.250908582767
 31
0.0
  0
LWPOLYLINE
  5
2A60
330
1F
100
AcDbEntity
  8
0
100
AcDbPolyline
 90
        4
 70
     1
 43
0.0
 10
3086.971635418178
 20
1768.204754456711
 10
3087.860566730599
 20
1768.204754456711
 10
3087.860566730599
 20
1768.683199658899
 10
3086.971635418178
 20
1768.683199658899
  0
LINE
  5
2A61
330
1F
100
AcDbEntity
  8
0
100
AcDbLine
 10
3086.971635418178
 20
1768.683199658899
 30
0.0
 11
3087.860566730599
 21
1768.204754456711
 31
0.0
  0
LINE
  5
2A62
330
1F
100
AcDbEntity
  8
0
100
AcDbLine
 10
3086.808221818727
 20
1768.443977057805
 30
0.0
 11
3086.971635418178
 21
1768.443977057805
 31
0.0
  0
LINE
  5
2A63
330
1F
100
AcDbEntity
  8
0
100
AcDbLine
 10
3087.860566730599
 20
1768.443977057805
 30
0.0
 11
3088.071842407112
 21
1768.443977057805
 31
0.0
  0
LINE
  5
2A64
330
1F
100
AcDbEntity
  8
0
100
AcDbLine
 10
3086.808221818727
 20
1768.57937101478
 30
0.0
 11
3086.808221818727
 21
1768.30858310083
 31
0.0
  0
LINE
  5
2A65
330
1F
100
AcDbEntity
  8
0
100
AcDbLine
 10
3086.808221818727
 20
1768.57937101478
 30
0.0
 11
3086.672827861752
 21
1768.443977057805
 31
0.0
  0
LINE
  5
2A66
330
1F
100
AcDbEntity
  8
0
100
AcDbLine
 10
3086.672827861752
 20
1768.443977057805
 30
0.0
 11
3086.808221818727
 21
1768.30858310083
 31
0.0
  0
LWPOLYLINE
  5
2A67
330
1F
100
AcDbEntity
  8
0
100
AcDbPolyline
 90
        4
 70
     1
 43
0.0
 10
3087.832619806018
 20
1765.845714734446
 10
3087.832619806018
 20
1764.956783422024
 10
3088.311065008206
 20
1764.956783422024
 10
3088.311065008206
 20
1765.845714734446
  0
LINE
  5
2A68
330
1F
100
AcDbEntity
  8
0
100
AcDbLine
 10
3088.311065008206
 20
1764.956783422024
 30
0.0
 11
3088.071842407112
 21
1765.268124416908
 31
0.0
  0
LINE
  5
2A69
330
1F
100
AcDbEntity
  8
0
100
AcDbLine
 10
3088.071842407112
 20
1765.268124416908
 30
0.0
 11
3087.832619806018
 21
1764.956783422024
 31
0.0
  0
LINE
  5
2A6A
330
1F
100
AcDbEntity
  8
0
100
AcDbLine
 10
3087.972748855369
 20
1767.681120239798
 30
0.0
 11
3088.170318483035
 21
1767.681120239798
 31
0.0
  0
LWPOLYLINE
  5
2A6B
330
1F
100
AcDbEntity
  8
0
100
AcDbPolyline
 90
        4
 70
     1
 43
0.0
 10
3088.031717043712
 20
1767.681120239798
 10
3088.111350294691
 20
1767.681120239798
 10
3088.111350294691
 20
1767.515949479343
 10
3088.031717043712
 20
1767.515949479343
  0
LINE
  5
2A6C
330
1F
100
AcDbEntity
  8
0
100
AcDbLine
 10
3087.860585552532
 20
1767.619426583295
 30
0.0
 11
3088.071842407112
 21
1767.269552542915
 31
0.0
  0
LWPOLYLINE
  5
2A6D
330
1F
100
AcDbEntity
  8
0
100
AcDbPolyline
 90
        4
 70
     1
 43
0.0
 10
3087.871789936406
 20
1767.516780182443
 10
3087.948218158307
 20
1767.562928178283
 10
3088.093457237513
 20
1767.322389789297
 10
3088.017029015611
 20
1767.276241793458
  0
TEXT
  5
2A6E
330
1F
100
AcDbEntity
  8
0
100
AcDbText
 10
3087.000218701354
 20
1761.605863274736
 30
0.0
 40
0.2478390771075291
  1
Gerador: P1 
  7
arial
100
AcDbText
  0
TEXT
  5
2A6F
330
1F
100
AcDbEntity
  8
0
100
AcDbText
 10
3087.661970535322
 20
1764.272808415189
 30
0.0
 40
0.2478390771075291
  1
Marca
  7
arial
100
AcDbText
  0
TEXT
  5
2A70
330
1F
100
AcDbEntity
  8
0
100
AcDbText
 10
3087.560922110505
 20
1763.534052659869
 30
0.0
 40
0.2478390771075291
  1
Modelo
  7
arial
100
AcDbText
  0
TEXT
  5
2A71
330
1F
100
AcDbEntity
  8
0
100
AcDbText
 10
3086.948458519304
 20
1762.385405430918
 30
0.0
 40
0.2478390771075291
  1
Quantidade
  7
arial
100
AcDbText
  0
TEXT
  5
2A74
330
1F
100
AcDbEntity
  8
0
 62
     1
 48
0.1
100
AcDbText
 10
3088.817298126021
 20
1762.368990231512
 30
0.0
 40
0.2478390771075291
  1
01
  7
arial
100
AcDbText
  0
TEXT
  5
2A75
330
1F
100
AcDbEntity
  8
0
100
AcDbText
 10
3087.431014893632
 20
1762.096825164376
 30
0.0
 40
0.2478390771075291
  1
2x4mm²
  7
arial
100
AcDbText
  0
LINE
  5
2A76
330
1F
100
AcDbEntity
  8
0
 62
     3
100
AcDbLine
 10
3088.311065008206
 20
1765.845714734446
 30
0.0
 11
3088.604019164419
 21
1765.845714734446
 31
0.0
  0
LINE
  5
2A77
330
1F
100
AcDbEntity
  8
0
 62
     3
100
AcDbLine
 10
3088.604019164419
 20
1765.623951288243
 30
0.0
 11
3088.604019164419
 21
1766.06747818065
 31
0.0
  0
LINE
  5
2A78
330
1F
100
AcDbEntity
  8
0
 62
     3
100
AcDbLine
 10
3088.667954214203
 20
1765.715754414319
 30
0.0
 11
3088.667954214203
 21
1765.984099481035
 31
0.0
  0
LINE
  5
2A79
330
1F
100
AcDbEntity
  8
0
 62
     3
100
AcDbLine
 10
3088.734190958684
 20
1765.794323623598
 30
0.0
 11
3088.734190958684
 21
1765.912396119923
 31
0.0
  0
LINE
  5
2A7A
330
1F
100
AcDbEntity
  8
0
 62
     3
100
AcDbLine
 10
3088.801956691184
 20
1765.829107053843
 30
0.0
 11
3088.801956691184
 21
1765.872042222832
 31
0.0
  0
TEXT
  5
2A7B
330
1F
100
AcDbEntity
  8
0
 62
     1
 48
0.1
100
AcDbText
 10
3088.287734309639
 20
1767.857791731722
 30
0.0
 40
0.1687247977395283
  1
2P-15A
 50
270.0
  7
arial
100
AcDbText
  0
TEXT
  5
2A7C
330
1F
100
AcDbEntity
  8
0
100
AcDbText
 10
3088.505076943139
 20
1769.367841098365
 30
0.0
 40
0.1485104375604364
  1
+
  7
arial
100
AcDbText
  0
TEXT
  5
2A7D
330
1F
100
AcDbEntity
  8
0
100
AcDbText
 10
3088.511594772329
 20
1769.288489549397
 30
0.0
 40
0.1485104375604364
  1
-
 50
270.0
  7
arial
100
AcDbText
  0
LINE
  5
2A7E
330
1F
100
AcDbEntity
  8
0
100
AcDbLine
 10
3090.45850391289
 20
1770.794246424764
 30
0.0
 11
3090.45850391289
 21
1767.681120239798
 31
0.0
  0
LINE
  5
2A7F
330
1F
100
AcDbEntity
  8
0
100
AcDbLine
 10
3090.45850391289
 20
1767.269552542915
 30
0.0
 11
3090.45850391289
 21
1765.845714734446
 31
0.0
  0
LINE
  5
2A80
330
1F
100
AcDbEntity
  8
0
100
AcDbLine
 10
3090.841094586656
 20
1769.437536219593
 30
0.0
 11
3090.075913239123
 21
1769.437536219593
 31
0.0
  0
LINE
  5
2A81
330
1F
100
AcDbEntity
  8
0
100
AcDbLine
 10
3090.841094586656
 20
1769.250908582767
 30
0.0
 11
3090.075913239123
 21
1769.250908582767
 31
0.0
  0
LWPOLYLINE
  5
2A82
330
1F
100
AcDbEntity
  8
0
100
AcDbPolyline
 90
        4
 70
     1
 43
0.0
 10
3089.358296923955
 20
1768.204754456711
 10
3090.247228236377
 20
1768.204754456711
 10
3090.247228236377
 20
1768.683199658899
 10
3089.358296923955
 20
1768.683199658899
  0
LINE
  5
2A83
330
1F
100
AcDbEntity
  8
0
100
AcDbLine
 10
3089.358296923955
 20
1768.683199658899
 30
0.0
 11
3090.247228236377
 21
1768.204754456711
 31
0.0
  0
LINE
  5
2A84
330
1F
100
AcDbEntity
  8
0
100
AcDbLine
 10
3089.194883324505
 20
1768.443977057805
 30
0.0
 11
3089.358296923955
 21
1768.443977057805
 31
0.0
  0
LINE
  5
2A85
330
1F
100
AcDbEntity
  8
0
100
AcDbLine
 10
3090.247228236377
 20
1768.443977057805
 30
0.0
 11
3090.45850391289
 21
1768.443977057805
 31
0.0
  0
LINE
  5
2A86
330
1F
100
AcDbEntity
  8
0
100
AcDbLine
 10
3089.194883324505
 20
1768.57937101478
 30
0.0
 11
3089.194883324505
 21
1768.30858310083
 31
0.0
  0
LINE
  5
2A87
330
1F
100
AcDbEntity
  8
0
100
AcDbLine
 10
3089.194883324505
 20
1768.57937101478
 30
0.0
 11
3089.059489367529
 21
1768.443977057805
 31
0.0
  0
LINE
  5
2A88
330
1F
100
AcDbEntity
  8
0
100
AcDbLine
 10
3089.059489367529
 20
1768.443977057805
 30
0.0
 11
3089.194883324505
 21
1768.30858310083
 31
0.0
  0
LWPOLYLINE
  5
2A89
330
1F
100
AcDbEntity
  8
0
100
AcDbPolyline
 90
        4
 70
     1
 43
0.0
 10
3090.219281311795
 20
1765.845714734446
 10
3090.219281311795
 20
1764.956783422024
 10
3090.697726513984
 20
1764.956783422024
 10
3090.697726513984
 20
1765.845714734446
  0
LINE
  5
2A8A
330
1F
100
AcDbEntity
  8
0
100
AcDbLine
 10
3090.697726513984
 20
1764.956783422024
 30
0.0
 11
3090.45850391289
 21
1765.268124416908
 31
0.0
  0
LINE
  5
2A8B
330
1F
100
AcDbEntity
  8
0
100
AcDbLine
 10
3090.45850391289
 20
1765.268124416908
 30
0.0
 11
3090.219281311795
 21
1764.956783422024
 31
0.0
  0
LINE
  5
2A8C
330
1F
100
AcDbEntity
  8
0
100
AcDbLine
 10
3090.359410361146
 20
1767.681120239798
 30
0.0
 11
3090.556979988813
 21
1767.681120239798
 31
0.0
  0
LWPOLYLINE
  5
2A8D
330
1F
100
AcDbEntity
  8
0
100
AcDbPolyline
 90
        4
 70
     1
 43
0.0
 10
3090.418378549489
 20
1767.681120239798
 10
3090.498011800469
 20
1767.681120239798
 10
3090.498011800469
 20
1767.515949479343
 10
3090.418378549489
 20
1767.515949479343
  0
LINE
  5
2A8E
330
1F
100
AcDbEntity
  8
0
100
AcDbLine
 10
3090.24724705831
 20
1767.619426583295
 30
0.0
 11
3090.45850391289
 21
1767.269552542915
 31
0.0
  0
LWPOLYLINE
  5
2A8F
330
1F
100
AcDbEntity
  8
0
100
AcDbPolyline
 90
        4
 70
     1
 43
0.0
 10
3090.258451442184
 20
1767.516780182443
 10
3090.334879664085
 20
1767.562928178283
 10
3090.48011874329
 20
1767.322389789297
 10
3090.403690521389
 20
1767.276241793458
  0
TEXT
  5
2A90
330
1F
100
AcDbEntity
  8
0
100
AcDbText
 10
3089.386880207132
 20
1761.605863274736
 30
0.0
 40
0.2478390771075291
  1
Gerador: P1 
  7
arial
100
AcDbText
  0
TEXT
  5
2A91
330
1F
100
AcDbEntity
  8
0
100
AcDbText
 10
3090.0486320411
 20
1764.272808415189
 30
0.0
 40
0.2478390771075291
  1
Marca
  7
arial
100
AcDbText
  0
TEXT
  5
2A92
330
1F
100
AcDbEntity
  8
0
100
AcDbText
 10
3089.947583616282
 20
1763.534052659869
 30
0.0
 40
0.2478390771075291
  1
Modelo
  7
arial
100
AcDbText
  0
TEXT
  5
2A93
330
1F
100
AcDbEntity
  8
0
100
AcDbText
 10
3089.335120025081
 20
1762.385405430918
 30
0.0
 40
0.2478390771075291
  1
Quantidade
  7
arial
100
AcDbText
  0
TEXT
  5
2A94
330
1F
100
AcDbEntity
  8
0
 62
     1
 48
0.1
100
AcDbText
 10
3091.203959631799
 20
1762.368990231512
 30
0.0
 40
0.2478390771075291
  1
01
  7
arial
100
AcDbText
  0
TEXT
  5
2A95
330
1F
100
AcDbEntity
  8
0
100
AcDbText
 10
3089.817676399409
 20
1762.096825164376
 30
0.0
 40
0.2478390771075291
  1
2x4mm²
  7
arial
100
AcDbText
  0
LINE
  5
2A96
330
1F
100
AcDbEntity
  8
0
 62
     3
100
AcDbLine
 10
3090.697726513984
 20
1765.845714734446
 30
0.0
 11
3090.990680670196
 21
1765.845714734446
 31
0.0
  0
LINE
  5
2A97
330
1F
100
AcDbEntity
  8
0
 62
     3
100
AcDbLine
 10
3090.990680670196
 20
1765.623951288243
 30
0.0
 11
3090.990680670196
 21
1766.06747818065
 31
0.0
  0
LINE
  5
2A98
330
1F
100
AcDbEntity
  8
0
 62
     3
100
AcDbLine
 10
3091.054615719981
 20
1765.715754414319
 30
0.0
 11
3091.054615719981
 21
1765.984099481035
 31
0.0
  0
LINE
  5
2A99
330
1F
100
AcDbEntity
  8
0
 62
     3
100
AcDbLine
 10
3091.120852464462
 20
1765.794323623598
 30
0.0
 11
3091.120852464462
 21
1765.912396119923
 31
0.0
  0
LINE
  5
2A9A
330
1F
100
AcDbEntity
  8
0
 62
     3
100
AcDbLine
 10
3091.188618196962
 20
1765.829107053843
 30
0.0
 11
3091.188618196962
 21
1765.872042222832
 31
0.0
  0
TEXT
  5
2A9B
330
1F
100
AcDbEntity
  8
0
 62
     1
 48
0.1
100
AcDbText
 10
3090.674395815416
 20
1767.857791731722
 30
0.0
 40
0.1687247977395283
  1
2P-15A
 50
270.0
  7
arial
100
AcDbText
  0
TEXT
  5
2A9C
330
1F
100
AcDbEntity
  8
0
100
AcDbText
 10
3090.891738448917
 20
1769.367841098365
 30
0.0
 40
0.1485104375604364
  1
+
  7
arial
100
AcDbText
  0
TEXT
  5
2A9D
330
1F
100
AcDbEntity
  8
0
100
AcDbText
 10
3090.898256278107
 20
1769.288489549397
 30
0.0
 40
0.1485104375604364
  1
-
 50
270.0
  7
arial
100
AcDbText
  0
LINE
  5
2A9E
330
1F
100
AcDbEntity
  8
0
100
AcDbLine
 10
3092.845165418667
 20
1771.12495697742
 30
0.0
 11
3092.845165418667
 21
1767.681120239798
 31
0.0
  0
LINE
  5
2A9F
330
1F
100
AcDbEntity
  8
0
100
AcDbLine
 10
3092.845165418667
 20
1767.269552542915
 30
0.0
 11
3092.845165418667
 21
1765.845714734446
 31
0.0
  0
LINE
  5
2AA0
330
1F
100
AcDbEntity
  8
0
100
AcDbLine
 10
3093.227756092434
 20
1769.437536219593
 30
0.0
 11
3092.4625747449
 21
1769.437536219593
 31
0.0
  0
LINE
  5
2AA1
330
1F
100
AcDbEntity
  8
0
100
AcDbLine
 10
3093.227756092434
 20
1769.250908582767
 30
0.0
 11
3092.4625747449
 21
1769.250908582767
 31
0.0
  0
LWPOLYLINE
  5
2AA2
330
1F
100
AcDbEntity
  8
0
100
AcDbPolyline
 90
        4
 70
     1
 43
0.0
 10
3091.744958429732
 20
1768.204754456711
 10
3092.633889742154
 20
1768.204754456711
 10
3092.633889742154
 20
1768.683199658899
 10
3091.744958429732
 20
1768.683199658899
  0
LINE
  5
2AA3
330
1F
100
AcDbEntity
  8
0
100
AcDbLine
 10
3091.744958429732
 20
1768.683199658899
 30
0.0
 11
3092.633889742154
 21
1768.204754456711
 31
0.0
  0
LINE
  5
2AA4
330
1F
100
AcDbEntity
  8
0
100
AcDbLine
 10
3091.581544830283
 20
1768.443977057805
 30
0.0
 11
3091.744958429732
 21
1768.443977057805
 31
0.0
  0
LINE
  5
2AA5
330
1F
100
AcDbEntity
  8
0
100
AcDbLine
 10
3092.633889742154
 20
1768.443977057805
 30
0.0
 11
3092.845165418667
 21
1768.443977057805
 31
0.0
  0
LINE
  5
2AA6
330
1F
100
AcDbEntity
  8
0
100
AcDbLine
 10
3091.581544830283
 20
1768.57937101478
 30
0.0
 11
3091.581544830283
 21
1768.30858310083
 31
0.0
  0
LINE
  5
2AA7
330
1F
100
AcDbEntity
  8
0
100
AcDbLine
 10
3091.581544830283
 20
1768.57937101478
 30
0.0
 11
3091.446150873306
 21
1768.443977057805
 31
0.0
  0
LINE
  5
2AA8
330
1F
100
AcDbEntity
  8
0
100
AcDbLine
 10
3091.446150873306
 20
1768.443977057805
 30
0.0
 11
3091.581544830283
 21
1768.30858310083
 31
0.0
  0
LWPOLYLINE
  5
2AA9
330
1F
100
AcDbEntity
  8
0
100
AcDbPolyline
 90
        4
 70
     1
 43
0.0
 10
3092.605942817572
 20
1765.845714734446
 10
3092.605942817572
 20
1764.956783422024
 10
3093.084388019761
 20
1764.956783422024
 10
3093.084388019761
 20
1765.845714734446
  0
LINE
  5
2AAA
330
1F
100
AcDbEntity
  8
0
100
AcDbLine
 10
3093.084388019761
 20
1764.956783422024
 30
0.0
 11
3092.845165418667
 21
1765.268124416908
 31
0.0
  0
LINE
  5
2AAB
330
1F
100
AcDbEntity
  8
0
100
AcDbLine
 10
3092.845165418667
 20
1765.268124416908
 30
0.0
 11
3092.605942817572
 21
1764.956783422024
 31
0.0
  0
LINE
  5
2AAC
330
1F
100
AcDbEntity
  8
0
100
AcDbLine
 10
3092.746071866923
 20
1767.681120239798
 30
0.0
 11
3092.943641494589
 21
1767.681120239798
 31
0.0
  0
LWPOLYLINE
  5
2AAD
330
1F
100
AcDbEntity
  8
0
100
AcDbPolyline
 90
        4
 70
     1
 43
0.0
 10
3092.805040055267
 20
1767.681120239798
 10
3092.884673306246
 20
1767.681120239798
 10
3092.884673306246
 20
1767.515949479343
 10
3092.805040055267
 20
1767.515949479343
  0
LINE
  5
2AAE
330
1F
100
AcDbEntity
  8
0
100
AcDbLine
 10
3092.633908564088
 20
1767.619426583295
 30
0.0
 11
3092.845165418667
 21
1767.269552542915
 31
0.0
  0
LWPOLYLINE
  5
2AAF
330
1F
100
AcDbEntity
  8
0
100
AcDbPolyline
 90
        4
 70
     1
 43
0.0
 10
3092.645112947961
 20
1767.516780182443
 10
3092.721541169862
 20
1767.562928178283
 10
3092.866780249067
 20
1767.322389789297
 10
3092.790352027166
 20
1767.276241793458
  0
TEXT
  5
2AB0
330
1F
100
AcDbEntity
  8
0
100
AcDbText
 10
3091.773541712909
 20
1761.605863274736
 30
0.0
 40
0.2478390771075291
  1
Gerador: P1 
  7
arial
100
AcDbText
  0
TEXT
  5
2AB1
330
1F
100
AcDbEntity
  8
0
100
AcDbText
 10
3092.435293546877
 20
1764.272808415189
 30
0.0
 40
0.2478390771075291
  1
Marca
  7
arial
100
AcDbText
  0
TEXT
  5
2AB2
330
1F
100
AcDbEntity
  8
0
100
AcDbText
 10
3092.334245122059
 20
1763.534052659869
 30
0.0
 40
0.2478390771075291
  1
Modelo
  7
arial
100
AcDbText
  0
TEXT
  5
2AB3
330
1F
100
AcDbEntity
  8
0
100
AcDbText
 10
3091.721781530858
 20
1762.385405430918
 30
0.0
 40
0.2478390771075291
  1
Quantidade
  7
arial
100
AcDbText
  0
TEXT
  5
2AB4
330
1F
100
AcDbEntity
  8
0
 62
     1
 48
0.1
100
AcDbText
 10
3093.590621137576
 20
1762.368990231512
 30
0.0
 40
0.2478390771075291
  1
01
  7
arial
100
AcDbText
  0
TEXT
  5
2AB5
330
1F
100
AcDbEntity
  8
0
100
AcDbText
 10
3092.204337905186
 20
1762.096825164376
 30
0.0
 40
0.2478390771075291
  1
2x4mm²
  7
arial
100
AcDbText
  0
LINE
  5
2AB6
330
1F
100
AcDbEntity
  8
0
 62
     3
100
AcDbLine
 10
3093.084388019761
 20
1765.845714734446
 30
0.0
 11
3093.377342175974
 21
1765.845714734446
 31
0.0
  0
LINE
  5
2AB7
330
1F
100
AcDbEntity
  8
0
 62
     3
100
AcDbLine
 10
3093.377342175974
 20
1765.623951288243
 30
0.0
 11
3093.377342175974
 21
1766.06747818065
 31
0.0
  0
LINE
  5
2AB8
330
1F
100
AcDbEntity
  8
0
 62
     3
100
AcDbLine
 10
3093.441277225758
 20
1765.715754414319
 30
0.0
 11
3093.441277225758
 21
1765.984099481035
 31
0.0
  0
LINE
  5
2AB9
330
1F
100
AcDbEntity
  8
0
 62
     3
100
AcDbLine
 10
3093.507513970239
 20
1765.794323623598
 30
0.0
 11
3093.507513970239
 21
1765.912396119923
 31
0.0
  0
LINE
  5
2ABA
330
1F
100
AcDbEntity
  8
0
 62
     3
100
AcDbLine
 10
3093.575279702739
 20
1765.829107053843
 30
0.0
 11
3093.575279702739
 21
1765.872042222832
 31
0.0
  0
TEXT
  5
2ABB
330
1F
100
AcDbEntity
  8
0
 62
     1
 48
0.1
100
AcDbText
 10
3093.061057321193
 20
1767.857791731722
 30
0.0
 40
0.1687247977395283
  1
2P-15A
 50
270.0
  7
arial
100
AcDbText
  0
TEXT
  5
2ABC
330
1F
100
AcDbEntity
  8
0
100
AcDbText
 10
3093.278399954694
 20
1769.367841098365
 30
0.0
 40
0.1485104375604364
  1
+
  7
arial
100
AcDbText
  0
TEXT
  5
2ABD
330
1F
100
AcDbEntity
  8
0
100
AcDbText
 10
3093.284917783885
 20
1769.288489549397
 30
0.0
 40
0.1485104375604364
  1
-
 50
270.0
  7
arial
100
AcDbText
  0
LINE
  5
2ABE
330
1F
100
AcDbEntity
  8
0
100
AcDbLine
 10
3096.900466358735
 20
1772.254571380363
 30
0.0
 11
3096.900466358735
 21
1767.681120239798
 31
0.0
  0
LINE
  5
2ABF
330
1F
100
AcDbEntity
  8
0
100
AcDbLine
 10
3096.900466358735
 20
1767.269552542915
 30
0.0
 11
3096.900466358735
 21
1765.845714734446
 31
0.0
  0
LINE
  5
2AC0
330
1F
100
AcDbEntity
  8
0
100
AcDbLine
 10
3097.283057032502
 20
1769.437536219593
 30
0.0
 11
3096.517875684968
 21
1769.437536219593
 31
0.0
  0
LINE
  5
2AC1
330
1F
100
AcDbEntity
  8
0
100
AcDbLine
 10
3097.283057032502
 20
1769.250908582767
 30
0.0
 11
3096.517875684968
 21
1769.250908582767
 31
0.0
  0
LWPOLYLINE
  5
2AC2
330
1F
100
AcDbEntity
  8
0
100
AcDbPolyline
 90
        4
 70
     1
 43
0.0
 10
3095.800259369801
 20
1768.204754456711
 10
3096.689190682222
 20
1768.204754456711
 10
3096.689190682222
 20
1768.683199658899
 10
3095.800259369801
 20
1768.683199658899
  0
LINE
  5
2AC3
330
1F
100
AcDbEntity
  8
0
100
AcDbLine
 10
3095.800259369801
 20
1768.683199658899
 30
0.0
 11
3096.689190682222
 21
1768.204754456711
 31
0.0
  0
LINE
  5
2AC4
330
1F
100
AcDbEntity
  8
0
100
AcDbLine
 10
3095.63684577035
 20
1768.443977057805
 30
0.0
 11
3095.800259369801
 21
1768.443977057805
 31
0.0
  0
LINE
  5
2AC5
330
1F
100
AcDbEntity
  8
0
100
AcDbLine
 10
3096.689190682222
 20
1768.443977057805
 30
0.0
 11
3096.900466358735
 21
1768.443977057805
 31
0.0
  0
LINE
  5
2AC6
330
1F
100
AcDbEntity
  8
0
100
AcDbLine
 10
3095.63684577035
 20
1768.57937101478
 30
0.0
 11
3095.63684577035
 21
1768.30858310083
 31
0.0
  0
LINE
  5
2AC7
330
1F
100
AcDbEntity
  8
0
100
AcDbLine
 10
3095.63684577035
 20
1768.57937101478
 30
0.0
 11
3095.501451813375
 21
1768.443977057805
 31
0.0
  0
LINE
  5
2AC8
330
1F
100
AcDbEntity
  8
0
100
AcDbLine
 10
3095.501451813375
 20
1768.443977057805
 30
0.0
 11
3095.63684577035
 21
1768.30858310083
 31
0.0
  0
LWPOLYLINE
  5
2AC9
330
1F
100
AcDbEntity
  8
0
100
AcDbPolyline
 90
        4
 70
     1
 43
0.0
 10
3096.661243757641
 20
1765.845714734446
 10
3096.661243757641
 20
1764.956783422024
 10
3097.13968895983
 20
1764.956783422024
 10
3097.13968895983
 20
1765.845714734446
  0
LINE
  5
2ACA
330
1F
100
AcDbEntity
  8
0
100
AcDbLine
 10
3097.13968895983
 20
1764.956783422024
 30
0.0
 11
3096.900466358735
 21
1765.268124416908
 31
0.0
  0
LINE
  5
2ACB
330
1F
100
AcDbEntity
  8
0
100
AcDbLine
 10
3096.900466358735
 20
1765.268124416908
 30
0.0
 11
3096.661243757641
 21
1764.956783422024
 31
0.0
  0
LINE
  5
2ACC
330
1F
100
AcDbEntity
  8
0
100
AcDbLine
 10
3096.801372806992
 20
1767.681120239798
 30
0.0
 11
3096.998942434658
 21
1767.681120239798
 31
0.0
  0
LWPOLYLINE
  5
2ACD
330
1F
100
AcDbEntity
  8
0
100
AcDbPolyline
 90
        4
 70
     1
 43
0.0
 10
3096.860340995335
 20
1767.681120239798
 10
3096.939974246315
 20
1767.681120239798
 10
3096.939974246315
 20
1767.515949479343
 10
3096.860340995335
 20
1767.515949479343
  0
LINE
  5
2ACE
330
1F
100
AcDbEntity
  8
0
100
AcDbLine
 10
3096.689209504156
 20
1767.619426583295
 30
0.0
 11
3096.900466358735
 21
1767.269552542915
 31
0.0
  0
LWPOLYLINE
  5
2ACF
330
1F
100
AcDbEntity
  8
0
100
AcDbPolyline
 90
        4
 70
     1
 43
0.0
 10
3096.70041388803
 20
1767.516780182443
 10
3096.77684210993
 20
1767.562928178283
 10
3096.922081189136
 20
1767.322389789297
 10
3096.845652967235
 20
1767.276241793458
  0
TEXT
  5
2AD0
330
1F
100
AcDbEntity
  8
0
100
AcDbText
 10
3095.828842652978
 20
1761.605863274736
 30
0.0
 40
0.2478390771075291
  1
Gerador: P1 
  7
arial
100
AcDbText
  0
TEXT
  5
2AD1
330
1F
100
AcDbEntity
  8
0
100
AcDbText
 10
3096.490594486946
 20
1764.272808415189
 30
0.0
 40
0.2478390771075291
  1
Marca
  7
arial
100
AcDbText
  0
TEXT
  5
2AD2
330
1F
100
AcDbEntity
  8
0
100
AcDbText
 10
3096.389546062128
 20
1763.534052659869
 30
0.0
 40
0.2478390771075291
  1
Modelo
  7
arial
100
AcDbText
  0
TEXT
  5
2AD3
330
1F
100
AcDbEntity
  8
0
100
AcDbText
 10
3095.777082470926
 20
1762.385405430918
 30
0.0
 40
0.2478390771075291
  1
Quantidade
  7
arial
100
AcDbText
  0
TEXT
  5
2AD4
330
1F
100
AcDbEntity
  8
0
 62
     1
 48
0.1
100
AcDbText
 10
3097.645922077644
 20
1762.368990231512
 30
0.0
 40
0.2478390771075291
  1
01
  7
arial
100
AcDbText
  0
TEXT
  5
2AD5
330
1F
100
AcDbEntity
  8
0
100
AcDbText
 10
3096.259638845254
 20
1762.096825164376
 30
0.0
 40
0.2478390771075291
  1
2x4mm²
  7
arial
100
AcDbText
  0
LINE
  5
2AD6
330
1F
100
AcDbEntity
  8
0
 62
     3
100
AcDbLine
 10
3097.13968895983
 20
1765.845714734446
 30
0.0
 11
3097.432643116042
 21
1765.845714734446
 31
0.0
  0
LINE
  5
2AD7
330
1F
100
AcDbEntity
  8
0
 62
     3
100
AcDbLine
 10
3097.432643116042
 20
1765.623951288243
 30
0.0
 11
3097.432643116042
 21
1766.06747818065
 31
0.0
  0
LINE
  5
2AD8
330
1F
100
AcDbEntity
  8
0
 62
     3
100
AcDbLine
 10
3097.496578165826
 20
1765.715754414319
 30
0.0
 11
3097.496578165826
 21
1765.984099481035
 31
0.0
  0
LINE
  5
2AD9
330
1F
100
AcDbEntity
  8
0
 62
     3
100
AcDbLine
 10
3097.562814910308
 20
1765.794323623598
 30
0.0
 11
3097.562814910308
 21
1765.912396119923
 31
0.0
  0
LINE
  5
2ADA
330
1F
100
AcDbEntity
  8
0
 62
     3
100
AcDbLine
 10
3097.630580642807
 20
1765.829107053843
 30
0.0
 11
3097.630580642807
 21
1765.872042222832
 31
0.0
  0
TEXT
  5
2ADB
330
1F
100
AcDbEntity
  8
0
 62
     1
 48
0.1
100
AcDbText
 10
3097.116358261262
 20
1767.857791731722
 30
0.0
 40
0.1687247977395283
  1
2P-15A
 50
270.0
  7
arial
100
AcDbText
  0
TEXT
  5
2ADC
330
1F
100
AcDbEntity
  8
0
100
AcDbText
 10
3097.333700894763
 20
1769.367841098365
 30
0.0
 40
0.1485104375604364
  1
+
  7
arial
100
AcDbText
  0
TEXT
  5
2ADD
330
1F
100
AcDbEntity
  8
0
100
AcDbText
 10
3097.340218723953
 20
1769.288489549397
 30
0.0
 40
0.1485104375604364
  1
-
 50
270.0
  7
arial
100
AcDbText
  0
LINE
  5
2ADE
330
1F
100
AcDbEntity
  8
0
100
AcDbLine
 10
3099.463917056917
 20
1770.390759441087
 30
0.0
 11
3099.463917056917
 21
1767.681120239798
 31
0.0
  0
LINE
  5
2ADF
330
1F
100
AcDbEntity
  8
0
100
AcDbLine
 10
3099.463917056917
 20
1767.269552542915
 30
0.0
 11
3099.463917056917
 21
1765.845714734446
 31
0.0
  0
LINE
  5
2AE0
330
1F
100
AcDbEntity
  8
0
100
AcDbLine
 10
3099.846507730684
 20
1769.437536219593
 30
0.0
 11
3099.08132638315
 21
1769.437536219593
 31
0.0
  0
LINE
  5
2AE1
330
1F
100
AcDbEntity
  8
0
100
AcDbLine
 10
3099.846507730684
 20
1769.250908582767
 30
0.0
 11
3099.08132638315
 21
1769.250908582767
 31
0.0
  0
LWPOLYLINE
  5
2AE2
330
1F
100
AcDbEntity
  8
0
100
AcDbPolyline
 90
        4
 70
     1
 43
0.0
 10
3098.363710067983
 20
1768.204754456711
 10
3099.252641380404
 20
1768.204754456711
 10
3099.252641380404
 20
1768.683199658899
 10
3098.363710067983
 20
1768.683199658899
  0
LINE
  5
2AE3
330
1F
100
AcDbEntity
  8
0
100
AcDbLine
 10
3098.363710067983
 20
1768.683199658899
 30
0.0
 11
3099.252641380404
 21
1768.204754456711
 31
0.0
  0
LINE
  5
2AE4
330
1F
100
AcDbEntity
  8
0
100
AcDbLine
 10
3098.200296468532
 20
1768.443977057805
 30
0.0
 11
3098.363710067983
 21
1768.443977057805
 31
0.0
  0
LINE
  5
2AE5
330
1F
100
AcDbEntity
  8
0
100
AcDbLine
 10
3099.252641380404
 20
1768.443977057805
 30
0.0
 11
3099.463917056917
 21
1768.443977057805
 31
0.0
  0
LINE
  5
2AE6
330
1F
100
AcDbEntity
  8
0
100
AcDbLine
 10
3098.200296468532
 20
1768.57937101478
 30
0.0
 11
3098.200296468532
 21
1768.30858310083
 31
0.0
  0
LINE
  5
2AE7
330
1F
100
AcDbEntity
  8
0
100
AcDbLine
 10
3098.200296468532
 20
1768.57937101478
 30
0.0
 11
3098.064902511556
 21
1768.443977057805
 31
0.0
  0
LINE
  5
2AE8
330
1F
100
AcDbEntity
  8
0
100
AcDbLine
 10
3098.064902511556
 20
1768.443977057805
 30
0.0
 11
3098.200296468532
 21
1768.30858310083
 31
0.0
  0
LWPOLYLINE
  5
2AE9
330
1F
100
AcDbEntity
  8
0
100
AcDbPolyline
 90
        4
 70
     1
 43
0.0
 10
3099.224694455822
 20
1765.845714734446
 10
3099.224694455822
 20
1764.956783422024
 10
3099.703139658012
 20
1764.956783422024
 10
3099.703139658012
 20
1765.845714734446
  0
LINE
  5
2AEA
330
1F
100
AcDbEntity
  8
0
100
AcDbLine
 10
3099.703139658012
 20
1764.956783422024
 30
0.0
 11
3099.463917056917
 21
1765.268124416908
 31
0.0
  0
LINE
  5
2AEB
330
1F
100
AcDbEntity
  8
0
100
AcDbLine
 10
3099.463917056917
 20
1765.268124416908
 30
0.0
 11
3099.224694455822
 21
1764.956783422024
 31
0.0
  0
LINE
  5
2AEC
330
1F
100
AcDbEntity
  8
0
100
AcDbLine
 10
3099.364823505173
 20
1767.681120239798
 30
0.0
 11
3099.56239313284
 21
1767.681120239798
 31
0.0
  0
LWPOLYLINE
  5
2AED
330
1F
100
AcDbEntity
  8
0
100
AcDbPolyline
 90
        4
 70
     1
 43
0.0
 10
3099.423791693516
 20
1767.681120239798
 10
3099.503424944496
 20
1767.681120239798
 10
3099.503424944496
 20
1767.515949479343
 10
3099.423791693516
 20
1767.515949479343
  0
LINE
  5
2AEE
330
1F
100
AcDbEntity
  8
0
100
AcDbLine
 10
3099.252660202337
 20
1767.619426583295
 30
0.0
 11
3099.463917056917
 21
1767.269552542915
 31
0.0
  0
LWPOLYLINE
  5
2AEF
330
1F
100
AcDbEntity
  8
0
100
AcDbPolyline
 90
        4
 70
     1
 43
0.0
 10
3099.263864586211
 20
1767.516780182443
 10
3099.340292808112
 20
1767.562928178283
 10
3099.485531887317
 20
1767.322389789297
 10
3099.409103665417
 20
1767.276241793458
  0
TEXT
  5
2AF0
330
1F
100
AcDbEntity
  8
0
100
AcDbText
 10
3098.392293351159
 20
1761.605863274736
 30
0.0
 40
0.2478390771075291
  1
Gerador: P1 
  7
arial
100
AcDbText
  0
TEXT
  5
2AF1
330
1F
100
AcDbEntity
  8
0
100
AcDbText
 10
3099.054045185127
 20
1764.272808415189
 30
0.0
 40
0.2478390771075291
  1
Marca
  7
arial
100
AcDbText
  0
TEXT
  5
2AF2
330
1F
100
AcDbEntity
  8
0
100
AcDbText
 10
3098.952996760309
 20
1763.534052659869
 30
0.0
 40
0.2478390771075291
  1
Modelo
  7
arial
100
AcDbText
  0
TEXT
  5
2AF3
330
1F
100
AcDbEntity
  8
0
100
AcDbText
 10
3098.340533169109
 20
1762.385405430918
 30
0.0
 40
0.2478390771075291
  1
Quantidade
  7
arial
100
AcDbText
  0
TEXT
  5
2AF4
330
1F
100
AcDbEntity
  8
0
 62
     1
 48
0.1
100
AcDbText
 10
3100.209372775826
 20
1762.368990231512
 30
0.0
 40
0.2478390771075291
  1
01
  7
arial
100
AcDbText
  0
TEXT
  5
2AF5
330
1F
100
AcDbEntity
  8
0
100
AcDbText
 10
3098.823089543436
 20
1762.096825164376
 30
0.0
 40
0.2478390771075291
  1
2x4mm²
  7
arial
100
AcDbText
  0
LINE
  5
2AF6
330
1F
100
AcDbEntity
  8
0
 62
     3
100
AcDbLine
 10
3099.703139658012
 20
1765.845714734446
 30
0.0
 11
3099.996093814224
 21
1765.845714734446
 31
0.0
  0
LINE
  5
2AF7
330
1F
100
AcDbEntity
  8
0
 62
     3
100
AcDbLine
 10
3099.996093814224
 20
1765.623951288243
 30
0.0
 11
3099.996093814224
 21
1766.06747818065
 31
0.0
  0
LINE
  5
2AF8
330
1F
100
AcDbEntity
  8
0
 62
     3
100
AcDbLine
 10
3100.060028864008
 20
1765.715754414319
 30
0.0
 11
3100.060028864008
 21
1765.984099481035
 31
0.0
  0
LINE
  5
2AF9
330
1F
100
AcDbEntity
  8
0
 62
     3
100
AcDbLine
 10
3100.126265608489
 20
1765.794323623598
 30
0.0
 11
3100.126265608489
 21
1765.912396119923
 31
0.0
  0
LINE
  5
2AFA
330
1F
100
AcDbEntity
  8
0
 62
     3
100
AcDbLine
 10
3100.194031340989
 20
1765.829107053843
 30
0.0
 11
3100.194031340989
 21
1765.872042222832
 31
0.0
  0
TEXT
  5
2AFB
330
1F
100
AcDbEntity
  8
0
 62
     1
 48
0.1
100
AcDbText
 10
3099.679808959443
 20
1767.857791731722
 30
0.0
 40
0.1687247977395283
  1
2P-15A
 50
270.0
  7
arial
100
AcDbText
  0
TEXT
  5
2AFC
330
1F
100
AcDbEntity
  8
0
100
AcDbText
 10
3099.897151592944
 20
1769.367841098365
 30
0.0
 40
0.1485104375604364
  1
+
  7
arial
100
AcDbText
  0
TEXT
  5
2AFD
330
1F
100
AcDbEntity
  8
0
100
AcDbText
 10
3099.903669422134
 20
1769.288489549397
 30
0.0
 40
0.1485104375604364
  1
-
 50
270.0
  7
arial
100
AcDbText
  0
LINE
  5
2AFE
330
1F
100
AcDbEntity
  8
0
100
AcDbLine
 10
3102.027367755098
 20
1770.390759441087
 30
0.0
 11
3102.027367755098
 21
1767.681120239798
 31
0.0
  0
LINE
  5
2AFF
330
1F
100
AcDbEntity
  8
0
100
AcDbLine
 10
3102.027367755098
 20
1767.269552542915
 30
0.0
 11
3102.027367755098
 21
1765.845714734446
 31
0.0
  0
LINE
  5
2B00
330
1F
100
AcDbEntity
  8
0
100
AcDbLine
 10
3102.409958428866
 20
1769.437536219593
 30
0.0
 11
3101.644777081332
 21
1769.437536219593
 31
0.0
  0
LINE
  5
2B01
330
1F
100
AcDbEntity
  8
0
100
AcDbLine
 10
3102.409958428866
 20
1769.250908582767
 30
0.0
 11
3101.644777081332
 21
1769.250908582767
 31
0.0
  0
LWPOLYLINE
  5
2B02
330
1F
100
AcDbEntity
  8
0
100
AcDbPolyline
 90
        4
 70
     1
 43
0.0
 10
3100.927160766165
 20
1768.204754456711
 10
3101.816092078585
 20
1768.204754456711
 10
3101.816092078585
 20
1768.683199658899
 10
3100.927160766165
 20
1768.683199658899
  0
LINE
  5
2B03
330
1F
100
AcDbEntity
  8
0
100
AcDbLine
 10
3100.927160766165
 20
1768.683199658899
 30
0.0
 11
3101.816092078585
 21
1768.204754456711
 31
0.0
  0
LINE
  5
2B04
330
1F
100
AcDbEntity
  8
0
100
AcDbLine
 10
3101.816092078585
 20
1768.443977057805
 30
0.0
 11
3102.027367755098
 21
1768.443977057805
 31
0.0
  0
LWPOLYLINE
  5
2B05
330
1F
100
AcDbEntity
  8
0
100
AcDbPolyline
 90
        4
 70
     1
 43
0.0
 10
3101.788145154004
 20
1765.845714734446
 10
3101.788145154004
 20
1764.956783422024
 10
3102.266590356193
 20
1764.956783422024
 10
3102.266590356193
 20
1765.845714734446
  0
LINE
  5
2B06
330
1F
100
AcDbEntity
  8
0
100
AcDbLine
 10
3102.266590356193
 20
1764.956783422024
 30
0.0
 11
3102.027367755098
 21
1765.268124416908
 31
0.0
  0
LINE
  5
2B07
330
1F
100
AcDbEntity
  8
0
100
AcDbLine
 10
3102.027367755098
 20
1765.268124416908
 30
0.0
 11
3101.788145154004
 21
1764.956783422024
 31
0.0
  0
LINE
  5
2B08
330
1F
100
AcDbEntity
  8
0
100
AcDbLine
 10
3101.928274203356
 20
1767.681120239798
 30
0.0
 11
3102.125843831021
 21
1767.681120239798
 31
0.0
  0
LWPOLYLINE
  5
2B09
330
1F
100
AcDbEntity
  8
0
100
AcDbPolyline
 90
        4
 70
     1
 43
0.0
 10
3101.987242391698
 20
1767.681120239798
 10
3102.066875642678
 20
1767.681120239798
 10
3102.066875642678
 20
1767.515949479343
 10
3101.987242391698
 20
1767.515949479343
  0
LINE
  5
2B0A
330
1F
100
AcDbEntity
  8
0
100
AcDbLine
 10
3101.81611090052
 20
1767.619426583295
 30
0.0
 11
3102.027367755098
 21
1767.269552542915
 31
0.0
  0
LWPOLYLINE
  5
2B0B
330
1F
100
AcDbEntity
  8
0
100
AcDbPolyline
 90
        4
 70
     1
 43
0.0
 10
3101.827315284393
 20
1767.516780182443
 10
3101.903743506294
 20
1767.562928178283
 10
3102.048982585499
 20
1767.322389789297
 10
3101.972554363598
 20
1767.276241793458
  0
TEXT
  5
2B0C
330
1F
100
AcDbEntity
  8
0
100
AcDbText
 10
3100.955744049341
 20
1761.605863274736
 30
0.0
 40
0.2478390771075291
  1
Gerador: P1 
  7
arial
100
AcDbText
  0
TEXT
  5
2B0D
330
1F
100
AcDbEntity
  8
0
100
AcDbText
 10
3101.617495883309
 20
1764.272808415189
 30
0.0
 40
0.2478390771075291
  1
Marca
  7
arial
100
AcDbText
  0
TEXT
  5
2B0E
330
1F
100
AcDbEntity
  8
0
100
AcDbText
 10
3101.516447458492
 20
1763.534052659869
 30
0.0
 40
0.2478390771075291
  1
Modelo
  7
arial
100
AcDbText
  0
TEXT
  5
2B0F
330
1F
100
AcDbEntity
  8
0
100
AcDbText
 10
3100.90398386729
 20
1762.385405430918
 30
0.0
 40
0.2478390771075291
  1
Quantidade
  7
arial
100
AcDbText
  0
TEXT
  5
2B10
330
1F
100
AcDbEntity
  8
0
 62
     1
 48
0.1
100
AcDbText
 10
3102.772823474007
 20
1762.368990231512
 30
0.0
 40
0.2478390771075291
  1
01
  7
arial
100
AcDbText
  0
TEXT
  5
2B11
330
1F
100
AcDbEntity
  8
0
100
AcDbText
 10
3101.386540241618
 20
1762.096825164376
 30
0.0
 40
0.2478390771075291
  1
2x4mm²
  7
arial
100
AcDbText
  0
LINE
  5
2B12
330
1F
100
AcDbEntity
  8
0
 62
     3
100
AcDbLine
 10
3102.266590356193
 20
1765.845714734446
 30
0.0
 11
3102.559544512405
 21
1765.845714734446
 31
0.0
  0
LINE
  5
2B13
330
1F
100
AcDbEntity
  8
0
 62
     3
100
AcDbLine
 10
3102.559544512405
 20
1765.623951288243
 30
0.0
 11
3102.559544512405
 21
1766.06747818065
 31
0.0
  0
LINE
  5
2B14
330
1F
100
AcDbEntity
  8
0
 62
     3
100
AcDbLine
 10
3102.62347956219
 20
1765.715754414319
 30
0.0
 11
3102.62347956219
 21
1765.984099481035
 31
0.0
  0
LINE
  5
2B15
330
1F
100
AcDbEntity
  8
0
 62
     3
100
AcDbLine
 10
3102.689716306671
 20
1765.794323623598
 30
0.0
 11
3102.689716306671
 21
1765.912396119923
 31
0.0
  0
LINE
  5
2B16
330
1F
100
AcDbEntity
  8
0
 62
     3
100
AcDbLine
 10
3102.757482039171
 20
1765.829107053843
 30
0.0
 11
3102.757482039171
 21
1765.872042222832
 31
0.0
  0
TEXT
  5
2B17
330
1F
100
AcDbEntity
  8
0
 62
     1
 48
0.1
100
AcDbText
 10
3102.243259657626
 20
1767.857791731722
 30
0.0
 40
0.1687247977395283
  1
2P-15A
 50
270.0
  7
arial
100
AcDbText
  0
TEXT
  5
2B18
330
1F
100
AcDbEntity
  8
0
100
AcDbText
 10
3102.460602291126
 20
1769.367841098365
 30
0.0
 40
0.1485104375604364
  1
+
  7
arial
100
AcDbText
  0
TEXT
  5
2B19
330
1F
100
AcDbEntity
  8
0
100
AcDbText
 10
3102.467120120316
 20
1769.288489549397
 30
0.0
 40
0.1485104375604364
  1
-
 50
270.0
  7
arial
100
AcDbText
  0
LINE
  5
2B1A
330
1F
100
AcDbEntity
  8
0
100
AcDbLine
 10
3104.325634664674
 20
1770.390759441087
 30
0.0
 11
3104.325634664674
 21
1767.681120239798
 31
0.0
  0
LINE
  5
2B1B
330
1F
100
AcDbEntity
  8
0
100
AcDbLine
 10
3104.325634664674
 20
1767.269552542915
 30
0.0
 11
3104.325634664674
 21
1765.845714734446
 31
0.0
  0
LINE
  5
2B1C
330
1F
100
AcDbEntity
  8
0
100
AcDbLine
 10
3104.708225338441
 20
1769.437536219593
 30
0.0
 11
3103.943043990907
 21
1769.437536219593
 31
0.0
  0
LINE
  5
2B1D
330
1F
100
AcDbEntity
  8
0
100
AcDbLine
 10
3104.708225338441
 20
1769.250908582767
 30
0.0
 11
3103.943043990907
 21
1769.250908582767
 31
0.0
  0
LWPOLYLINE
  5
2B1E
330
1F
100
AcDbEntity
  8
0
100
AcDbPolyline
 90
        4
 70
     1
 43
0.0
 10
3103.22542767574
 20
1768.204754456711
 10
3104.114358988161
 20
1768.204754456711
 10
3104.114358988161
 20
1768.683199658899
 10
3103.22542767574
 20
1768.683199658899
  0
LINE
  5
2B1F
330
1F
100
AcDbEntity
  8
0
100
AcDbLine
 10
3103.22542767574
 20
1768.683199658899
 30
0.0
 11
3104.114358988161
 21
1768.204754456711
 31
0.0
  0
LINE
  5
2B20
330
1F
100
AcDbEntity
  8
0
100
AcDbLine
 10
3103.06201407629
 20
1768.443977057805
 30
0.0
 11
3103.22542767574
 21
1768.443977057805
 31
0.0
  0
LINE
  5
2B21
330
1F
100
AcDbEntity
  8
0
100
AcDbLine
 10
3104.114358988161
 20
1768.443977057805
 30
0.0
 11
3104.325634664674
 21
1768.443977057805
 31
0.0
  0
LINE
  5
2B22
330
1F
100
AcDbEntity
  8
0
100
AcDbLine
 10
3103.06201407629
 20
1768.57937101478
 30
0.0
 11
3103.06201407629
 21
1768.30858310083
 31
0.0
  0
LINE
  5
2B23
330
1F
100
AcDbEntity
  8
0
100
AcDbLine
 10
3103.06201407629
 20
1768.57937101478
 30
0.0
 11
3102.926620119314
 21
1768.443977057805
 31
0.0
  0
LINE
  5
2B24
330
1F
100
AcDbEntity
  8
0
100
AcDbLine
 10
3102.926620119314
 20
1768.443977057805
 30
0.0
 11
3103.06201407629
 21
1768.30858310083
 31
0.0
  0
LWPOLYLINE
  5
2B25
330
1F
100
AcDbEntity
  8
0
100
AcDbPolyline
 90
        4
 70
     1
 43
0.0
 10
3104.086412063579
 20
1765.845714734446
 10
3104.086412063579
 20
1764.956783422024
 10
3104.564857265769
 20
1764.956783422024
 10
3104.564857265769
 20
1765.845714734446
  0
LINE
  5
2B26
330
1F
100
AcDbEntity
  8
0
100
AcDbLine
 10
3104.564857265769
 20
1764.956783422024
 30
0.0
 11
3104.325634664674
 21
1765.268124416908
 31
0.0
  0
LINE
  5
2B27
330
1F
100
AcDbEntity
  8
0
100
AcDbLine
 10
3104.325634664674
 20
1765.268124416908
 30
0.0
 11
3104.086412063579
 21
1764.956783422024
 31
0.0
  0
LINE
  5
2B28
330
1F
100
AcDbEntity
  8
0
100
AcDbLine
 10
3104.226541112931
 20
1767.681120239798
 30
0.0
 11
3104.424110740597
 21
1767.681120239798
 31
0.0
  0
LWPOLYLINE
  5
2B29
330
1F
100
AcDbEntity
  8
0
100
AcDbPolyline
 90
        4
 70
     1
 43
0.0
 10
3104.285509301274
 20
1767.681120239798
 10
3104.365142552253
 20
1767.681120239798
 10
3104.365142552253
 20
1767.515949479343
 10
3104.285509301274
 20
1767.515949479343
  0
LINE
  5
2B2A
330
1F
100
AcDbEntity
  8
0
100
AcDbLine
 10
3104.114377810095
 20
1767.619426583295
 30
0.0
 11
3104.325634664674
 21
1767.269552542915
 31
0.0
  0
LWPOLYLINE
  5
2B2B
330
1F
100
AcDbEntity
  8
0
100
AcDbPolyline
 90
        4
 70
     1
 43
0.0
 10
3104.125582193968
 20
1767.516780182443
 10
3104.202010415869
 20
1767.562928178283
 10
3104.347249495075
 20
1767.322389789297
 10
3104.270821273173
 20
1767.276241793458
  0
TEXT
  5
2B2C
330
1F
100
AcDbEntity
  8
0
100
AcDbText
 10
3103.254010958917
 20
1761.605863274736
 30
0.0
 40
0.2478390771075291
  1
Gerador: P1 
  7
arial
100
AcDbText
  0
TEXT
  5
2B2D
330
1F
100
AcDbEntity
  8
0
100
AcDbText
 10
3103.915762792885
 20
1764.272808415189
 30
0.0
 40
0.2478390771075291
  1
Marca
  7
arial
100
AcDbText
  0
TEXT
  5
2B2E
330
1F
100
AcDbEntity
  8
0
100
AcDbText
 10
3103.814714368067
 20
1763.534052659869
 30
0.0
 40
0.2478390771075291
  1
Modelo
  7
arial
100
AcDbText
  0
TEXT
  5
2B2F
330
1F
100
AcDbEntity
  8
0
100
AcDbText
 10
3103.202250776866
 20
1762.385405430918
 30
0.0
 40
0.2478390771075291
  1
Quantidade
  7
arial
100
AcDbText
  0
TEXT
  5
2B30
330
1F
100
AcDbEntity
  8
0
 62
     1
 48
0.1
100
AcDbText
 10
3105.071090383584
 20
1762.368990231512
 30
0.0
 40
0.2478390771075291
  1
01
  7
arial
100
AcDbText
  0
TEXT
  5
2B31
330
1F
100
AcDbEntity
  8
0
100
AcDbText
 10
3103.684807151194
 20
1762.096825164376
 30
0.0
 40
0.2478390771075291
  1
2x4mm²
  7
arial
100
AcDbText
  0
LINE
  5
2B32
330
1F
100
AcDbEntity
  8
0
 62
     3
100
AcDbLine
 10
3104.564857265769
 20
1765.845714734446
 30
0.0
 11
3104.857811421981
 21
1765.845714734446
 31
0.0
  0
LINE
  5
2B33
330
1F
100
AcDbEntity
  8
0
 62
     3
100
AcDbLine
 10
3104.857811421981
 20
1765.623951288243
 30
0.0
 11
3104.857811421981
 21
1766.06747818065
 31
0.0
  0
LINE
  5
2B34
330
1F
100
AcDbEntity
  8
0
 62
     3
100
AcDbLine
 10
3104.921746471765
 20
1765.715754414319
 30
0.0
 11
3104.921746471765
 21
1765.984099481035
 31
0.0
  0
LINE
  5
2B35
330
1F
100
AcDbEntity
  8
0
 62
     3
100
AcDbLine
 10
3104.987983216246
 20
1765.794323623598
 30
0.0
 11
3104.987983216246
 21
1765.912396119923
 31
0.0
  0
LINE
  5
2B36
330
1F
100
AcDbEntity
  8
0
 62
     3
100
AcDbLine
 10
3105.055748948746
 20
1765.829107053843
 30
0.0
 11
3105.055748948746
 21
1765.872042222832
 31
0.0
  0
TEXT
  5
2B37
330
1F
100
AcDbEntity
  8
0
 62
     1
 48
0.1
100
AcDbText
 10
3104.541526567201
 20
1767.857791731722
 30
0.0
 40
0.1687247977395283
  1
2P-15A
 50
270.0
  7
arial
100
AcDbText
  0
TEXT
  5
2B38
330
1F
100
AcDbEntity
  8
0
100
AcDbText
 10
3104.758869200701
 20
1769.367841098365
 30
0.0
 40
0.1485104375604364
  1
+
  7
arial
100
AcDbText
  0
TEXT
  5
2B39
330
1F
100
AcDbEntity
  8
0
100
AcDbText
 10
3104.765387029892
 20
1769.288489549397
 30
0.0
 40
0.1485104375604364
  1
-
 50
270.0
  7
arial
100
AcDbText
  0
LINE
  5
2B3A
330
1F
100
AcDbEntity
  8
0
100
AcDbLine
 10
3088.071842407112
 20
1770.390759441087
 30
0.0
 11
3085.954086493085
 21
1770.390759441087
 31
0.0
  0
LINE
  5
2B3B
330
1F
100
AcDbEntity
  8
0
100
AcDbLine
 10
3085.954086493085
 20
1770.390759441087
 30
0.0
 11
3085.929788684153
 21
1772.212002728067
 31
0.0
  0
LINE
  5
2B3C
330
1F
100
AcDbEntity
  8
0
100
AcDbLine
 10
3086.196002229282
 20
1772.212002728067
 30
0.0
 11
3086.196002229282
 21
1770.748817749854
 31
0.0
  0
LINE
  5
2B3D
330
1F
100
AcDbEntity
  8
0
100
AcDbLine
 10
3086.196002229282
 20
1770.748817749854
 30
0.0
 11
3090.453644658627
 21
1770.748817749854
 31
0.0
  0
LINE
  5
2B3E
330
1F
100
AcDbEntity
  8
0
100
AcDbLine
 10
3085.900150308261
 20
1773.47927709721
 30
0.0
 11
3085.900150308261
 21
1773.88167416909
 31
0.0
  0
LINE
  5
2B3F
330
1F
100
AcDbEntity
  8
0
100
AcDbLine
 10
3085.900150308261
 20
1773.88167416909
 30
0.0
 11
3108.809748832437
 21
1773.88167416909
 31
0.0
  0
LINE
  5
2B40
330
1F
100
AcDbEntity
  8
0
100
AcDbLine
 10
3086.637184001684
 20
1772.212002728067
 30
0.0
 11
3086.637184001684
 21
1771.12495697742
 31
0.0
  0
LINE
  5
2B41
330
1F
100
AcDbEntity
  8
0
100
AcDbLine
 10
3086.637184001684
 20
1771.12495697742
 30
0.0
 11
3092.845165418666
 21
1771.124956977419
 31
0.0
  0
LINE
  5
2B42
330
1F
100
AcDbEntity
  8
0
100
AcDbLine
 10
3108.556245840569
 20
1772.254571380363
 30
0.0
 11
3108.55624584057
 21
1767.681120239798
 31
0.0
  0
LINE
  5
2B43
330
1F
100
AcDbEntity
  8
0
100
AcDbLine
 10
3108.55624584057
 20
1767.269552542915
 30
0.0
 11
3108.55624584057
 21
1765.845714734446
 31
0.0
  0
LINE
  5
2B44
330
1F
100
AcDbEntity
  8
0
100
AcDbLine
 10
3108.938836514337
 20
1769.437536219593
 30
0.0
 11
3108.173655166803
 21
1769.437536219593
 31
0.0
  0
LINE
  5
2B45
330
1F
100
AcDbEntity
  8
0
100
AcDbLine
 10
3108.938836514337
 20
1769.250908582767
 30
0.0
 11
3108.173655166803
 21
1769.250908582767
 31
0.0
  0
LWPOLYLINE
  5
2B46
330
1F
100
AcDbEntity
  8
0
100
AcDbPolyline
 90
        4
 70
     1
 43
0.0
 10
3107.456038851636
 20
1768.204754456711
 10
3108.344970164057
 20
1768.204754456711
 10
3108.344970164057
 20
1768.683199658899
 10
3107.456038851636
 20
1768.683199658899
  0
LINE
  5
2B47
330
1F
100
AcDbEntity
  8
0
100
AcDbLine
 10
3107.456038851636
 20
1768.683199658899
 30
0.0
 11
3108.344970164057
 21
1768.204754456711
 31
0.0
  0
LINE
  5
2B48
330
1F
100
AcDbEntity
  8
0
100
AcDbLine
 10
3107.292625252186
 20
1768.443977057805
 30
0.0
 11
3107.456038851636
 21
1768.443977057805
 31
0.0
  0
LINE
  5
2B49
330
1F
100
AcDbEntity
  8
0
100
AcDbLine
 10
3108.344970164057
 20
1768.443977057805
 30
0.0
 11
3108.55624584057
 21
1768.443977057805
 31
0.0
  0
LINE
  5
2B4A
330
1F
100
AcDbEntity
  8
0
100
AcDbLine
 10
3107.292625252186
 20
1768.57937101478
 30
0.0
 11
3107.292625252186
 21
1768.30858310083
 31
0.0
  0
LINE
  5
2B4B
330
1F
100
AcDbEntity
  8
0
100
AcDbLine
 10
3107.292625252186
 20
1768.57937101478
 30
0.0
 11
3107.15723129521
 21
1768.443977057805
 31
0.0
  0
LINE
  5
2B4C
330
1F
100
AcDbEntity
  8
0
100
AcDbLine
 10
3107.15723129521
 20
1768.443977057805
 30
0.0
 11
3107.292625252186
 21
1768.30858310083
 31
0.0
  0
LWPOLYLINE
  5
2B4D
330
1F
100
AcDbEntity
  8
0
100
AcDbPolyline
 90
        4
 70
     1
 43
0.0
 10
3108.317023239476
 20
1765.845714734446
 10
3108.317023239476
 20
1764.956783422024
 10
3108.795468441665
 20
1764.956783422024
 10
3108.795468441665
 20
1765.845714734446
  0
LINE
  5
2B4E
330
1F
100
AcDbEntity
  8
0
100
AcDbLine
 10
3108.795468441665
 20
1764.956783422024
 30
0.0
 11
3108.55624584057
 21
1765.268124416908
 31
0.0
  0
LINE
  5
2B4F
330
1F
100
AcDbEntity
  8
0
100
AcDbLine
 10
3108.55624584057
 20
1765.268124416908
 30
0.0
 11
3108.317023239476
 21
1764.956783422024
 31
0.0
  0
LINE
  5
2B50
330
1F
100
AcDbEntity
  8
0
100
AcDbLine
 10
3108.457152288826
 20
1767.681120239798
 30
0.0
 11
3108.654721916493
 21
1767.681120239798
 31
0.0
  0
LWPOLYLINE
  5
2B51
330
1F
100
AcDbEntity
  8
0
100
AcDbPolyline
 90
        4
 70
     1
 43
0.0
 10
3108.516120477169
 20
1767.681120239798
 10
3108.595753728149
 20
1767.681120239798
 10
3108.595753728149
 20
1767.515949479343
 10
3108.516120477169
 20
1767.515949479343
  0
LINE
  5
2B52
330
1F
100
AcDbEntity
  8
0
100
AcDbLine
 10
3108.344988985991
 20
1767.619426583295
 30
0.0
 11
3108.55624584057
 21
1767.269552542915
 31
0.0
  0
LWPOLYLINE
  5
2B53
330
1F
100
AcDbEntity
  8
0
100
AcDbPolyline
 90
        4
 70
     1
 43
0.0
 10
3108.356193369865
 20
1767.516780182443
 10
3108.432621591765
 20
1767.562928178283
 10
3108.577860670971
 20
1767.322389789297
 10
3108.501432449069
 20
1767.276241793458
  0
TEXT
  5
2B54
330
1F
100
AcDbEntity
  8
0
100
AcDbText
 10
3107.484622134812
 20
1761.605863274736
 30
0.0
 40
0.2478390771075291
  1
Gerador: P1 
  7
arial
100
AcDbText
  0
TEXT
  5
2B55
330
1F
100
AcDbEntity
  8
0
100
AcDbText
 10
3108.14637396878
 20
1764.272808415189
 30
0.0
 40
0.2478390771075291
  1
Marca
  7
arial
100
AcDbText
  0
TEXT
  5
2B56
330
1F
100
AcDbEntity
  8
0
100
AcDbText
 10
3108.045325543963
 20
1763.534052659869
 30
0.0
 40
0.2478390771075291
  1
Modelo
  7
arial
100
AcDbText
  0
TEXT
  5
2B57
330
1F
100
AcDbEntity
  8
0
100
AcDbText
 10
3107.432861952762
 20
1762.385405430918
 30
0.0
 40
0.2478390771075291
  1
Quantidade
  7
arial
100
AcDbText
  0
TEXT
  5
2B58
330
1F
100
AcDbEntity
  8
0
 62
     1
 48
0.1
100
AcDbText
 10
3109.301701559479
 20
1762.368990231512
 30
0.0
 40
0.2478390771075291
  1
01
  7
arial
100
AcDbText
  0
TEXT
  5
2B59
330
1F
100
AcDbEntity
  8
0
100
AcDbText
 10
3107.91541832709
 20
1762.096825164376
 30
0.0
 40
0.2478390771075291
  1
2x4mm²
  7
arial
100
AcDbText
  0
LINE
  5
2B5A
330
1F
100
AcDbEntity
  8
0
 62
     3
100
AcDbLine
 10
3108.795468441665
 20
1765.845714734446
 30
0.0
 11
3109.088422597876
 21
1765.845714734446
 31
0.0
  0
LINE
  5
2B5B
330
1F
100
AcDbEntity
  8
0
 62
     3
100
AcDbLine
 10
3109.088422597876
 20
1765.623951288243
 30
0.0
 11
3109.088422597876
 21
1766.06747818065
 31
0.0
  0
LINE
  5
2B5C
330
1F
100
AcDbEntity
  8
0
 62
     3
100
AcDbLine
 10
3109.152357647661
 20
1765.715754414319
 30
0.0
 11
3109.152357647661
 21
1765.984099481035
 31
0.0
  0
LINE
  5
2B5D
330
1F
100
AcDbEntity
  8
0
 62
     3
100
AcDbLine
 10
3109.218594392142
 20
1765.794323623598
 30
0.0
 11
3109.218594392142
 21
1765.912396119923
 31
0.0
  0
LINE
  5
2B5E
330
1F
100
AcDbEntity
  8
0
 62
     3
100
AcDbLine
 10
3109.286360124642
 20
1765.829107053843
 30
0.0
 11
3109.286360124642
 21
1765.872042222832
 31
0.0
  0
TEXT
  5
2B5F
330
1F
100
AcDbEntity
  8
0
 62
     1
 48
0.1
100
AcDbText
 10
3108.772137743097
 20
1767.857791731722
 30
0.0
 40
0.1687247977395283
  1
2P-15A
 50
270.0
  7
arial
100
AcDbText
  0
TEXT
  5
2B60
330
1F
100
AcDbEntity
  8
0
100
AcDbText
 10
3108.989480376598
 20
1769.367841098365
 30
0.0
 40
0.1485104375604364
  1
+
  7
arial
100
AcDbText
  0
TEXT
  5
2B61
330
1F
100
AcDbEntity
  8
0
100
AcDbText
 10
3108.995998205788
 20
1769.288489549397
 30
0.0
 40
0.1485104375604364
  1
-
 50
270.0
  7
arial
100
AcDbText
  0
LINE
  5
2B62
330
1F
100
AcDbEntity
  8
0
100
AcDbLine
 10
3111.119696538752
 20
1770.390759441087
 30
0.0
 11
3111.119696538752
 21
1767.681120239798
 31
0.0
  0
LINE
  5
2B63
330
1F
100
AcDbEntity
  8
0
100
AcDbLine
 10
3111.119696538752
 20
1767.269552542915
 30
0.0
 11
3111.119696538752
 21
1765.845714734446
 31
0.0
  0
LINE
  5
2B64
330
1F
100
AcDbEntity
  8
0
100
AcDbLine
 10
3111.502287212519
 20
1769.437536219593
 30
0.0
 11
3110.737105864985
 21
1769.437536219593
 31
0.0
  0
LINE
  5
2B65
330
1F
100
AcDbEntity
  8
0
100
AcDbLine
 10
3111.502287212519
 20
1769.250908582767
 30
0.0
 11
3110.737105864985
 21
1769.250908582767
 31
0.0
  0
LWPOLYLINE
  5
2B66
330
1F
100
AcDbEntity
  8
0
100
AcDbPolyline
 90
        4
 70
     1
 43
0.0
 10
3110.019489549818
 20
1768.204754456711
 10
3110.908420862239
 20
1768.204754456711
 10
3110.908420862239
 20
1768.683199658899
 10
3110.019489549818
 20
1768.683199658899
  0
LINE
  5
2B67
330
1F
100
AcDbEntity
  8
0
100
AcDbLine
 10
3110.019489549818
 20
1768.683199658899
 30
0.0
 11
3110.908420862239
 21
1768.204754456711
 31
0.0
  0
LINE
  5
2B68
330
1F
100
AcDbEntity
  8
0
100
AcDbLine
 10
3109.856075950367
 20
1768.443977057805
 30
0.0
 11
3110.019489549818
 21
1768.443977057805
 31
0.0
  0
LINE
  5
2B69
330
1F
100
AcDbEntity
  8
0
100
AcDbLine
 10
3110.908420862239
 20
1768.443977057805
 30
0.0
 11
3111.119696538752
 21
1768.443977057805
 31
0.0
  0
LINE
  5
2B6A
330
1F
100
AcDbEntity
  8
0
100
AcDbLine
 10
3109.856075950367
 20
1768.57937101478
 30
0.0
 11
3109.856075950367
 21
1768.30858310083
 31
0.0
  0
LINE
  5
2B6B
330
1F
100
AcDbEntity
  8
0
100
AcDbLine
 10
3109.856075950367
 20
1768.57937101478
 30
0.0
 11
3109.720681993391
 21
1768.443977057805
 31
0.0
  0
LINE
  5
2B6C
330
1F
100
AcDbEntity
  8
0
100
AcDbLine
 10
3109.720681993391
 20
1768.443977057805
 30
0.0
 11
3109.856075950367
 21
1768.30858310083
 31
0.0
  0
LWPOLYLINE
  5
2B6D
330
1F
100
AcDbEntity
  8
0
100
AcDbPolyline
 90
        4
 70
     1
 43
0.0
 10
3110.880473937657
 20
1765.845714734446
 10
3110.880473937657
 20
1764.956783422024
 10
3111.358919139846
 20
1764.956783422024
 10
3111.358919139846
 20
1765.845714734446
  0
LINE
  5
2B6E
330
1F
100
AcDbEntity
  8
0
100
AcDbLine
 10
3111.358919139846
 20
1764.956783422024
 30
0.0
 11
3111.119696538752
 21
1765.268124416908
 31
0.0
  0
LINE
  5
2B6F
330
1F
100
AcDbEntity
  8
0
100
AcDbLine
 10
3111.119696538752
 20
1765.268124416908
 30
0.0
 11
3110.880473937657
 21
1764.956783422024
 31
0.0
  0
LINE
  5
2B70
330
1F
100
AcDbEntity
  8
0
100
AcDbLine
 10
3111.020602987009
 20
1767.681120239798
 30
0.0
 11
3111.218172614675
 21
1767.681120239798
 31
0.0
  0
LWPOLYLINE
  5
2B71
330
1F
100
AcDbEntity
  8
0
100
AcDbPolyline
 90
        4
 70
     1
 43
0.0
 10
3111.079571175352
 20
1767.681120239798
 10
3111.159204426331
 20
1767.681120239798
 10
3111.159204426331
 20
1767.515949479343
 10
3111.079571175352
 20
1767.515949479343
  0
LINE
  5
2B72
330
1F
100
AcDbEntity
  8
0
100
AcDbLine
 10
3110.908439684172
 20
1767.619426583295
 30
0.0
 11
3111.119696538752
 21
1767.269552542915
 31
0.0
  0
LWPOLYLINE
  5
2B73
330
1F
100
AcDbEntity
  8
0
100
AcDbPolyline
 90
        4
 70
     1
 43
0.0
 10
3110.919644068046
 20
1767.516780182443
 10
3110.996072289947
 20
1767.562928178283
 10
3111.141311369152
 20
1767.322389789297
 10
3111.064883147252
 20
1767.276241793458
  0
TEXT
  5
2B74
330
1F
100
AcDbEntity
  8
0
100
AcDbText
 10
3110.048072832994
 20
1761.605863274736
 30
0.0
 40
0.2478390771075291
  1
Gerador: P1 
  7
arial
100
AcDbText
  0
TEXT
  5
2B75
330
1F
100
AcDbEntity
  8
0
100
AcDbText
 10
3110.709824666962
 20
1764.272808415189
 30
0.0
 40
0.2478390771075291
  1
Marca
  7
arial
100
AcDbText
  0
TEXT
  5
2B76
330
1F
100
AcDbEntity
  8
0
100
AcDbText
 10
3110.608776242145
 20
1763.534052659869
 30
0.0
 40
0.2478390771075291
  1
Modelo
  7
arial
100
AcDbText
  0
TEXT
  5
2B77
330
1F
100
AcDbEntity
  8
0
100
AcDbText
 10
3109.996312650944
 20
1762.385405430918
 30
0.0
 40
0.2478390771075291
  1
Quantidade
  7
arial
100
AcDbText
  0
TEXT
  5
2B78
330
1F
100
AcDbEntity
  8
0
 62
     1
 48
0.1
100
AcDbText
 10
3111.865152257661
 20
1762.368990231512
 30
0.0
 40
0.2478390771075291
  1
01
  7
arial
100
AcDbText
  0
TEXT
  5
2B79
330
1F
100
AcDbEntity
  8
0
100
AcDbText
 10
3110.478869025271
 20
1762.096825164376
 30
0.0
 40
0.2478390771075291
  1
2x4mm²
  7
arial
100
AcDbText
  0
LINE
  5
2B7A
330
1F
100
AcDbEntity
  8
0
 62
     3
100
AcDbLine
 10
3111.358919139846
 20
1765.845714734446
 30
0.0
 11
3111.651873296059
 21
1765.845714734446
 31
0.0
  0
LINE
  5
2B7B
330
1F
100
AcDbEntity
  8
0
 62
     3
100
AcDbLine
 10
3111.651873296059
 20
1765.623951288243
 30
0.0
 11
3111.651873296059
 21
1766.06747818065
 31
0.0
  0
LINE
  5
2B7C
330
1F
100
AcDbEntity
  8
0
 62
     3
100
AcDbLine
 10
3111.715808345843
 20
1765.715754414319
 30
0.0
 11
3111.715808345843
 21
1765.984099481035
 31
0.0
  0
LINE
  5
2B7D
330
1F
100
AcDbEntity
  8
0
 62
     3
100
AcDbLine
 10
3111.782045090324
 20
1765.794323623598
 30
0.0
 11
3111.782045090324
 21
1765.912396119923
 31
0.0
  0
LINE
  5
2B7E
330
1F
100
AcDbEntity
  8
0
 62
     3
100
AcDbLine
 10
3111.849810822824
 20
1765.829107053843
 30
0.0
 11
3111.849810822824
 21
1765.872042222832
 31
0.0
  0
TEXT
  5
2B7F
330
1F
100
AcDbEntity
  8
0
 62
     1
 48
0.1
100
AcDbText
 10
3111.335588441279
 20
1767.857791731722
 30
0.0
 40
0.1687247977395283
  1
2P-15A
 50
270.0
  7
arial
100
AcDbText
  0
TEXT
  5
2B80
330
1F
100
AcDbEntity
  8
0
100
AcDbText
 10
3111.552931074779
 20
1769.367841098365
 30
0.0
 40
0.1485104375604364
  1
+
  7
arial
100
AcDbText
  0
TEXT
  5
2B81
330
1F
100
AcDbEntity
  8
0
100
AcDbText
 10
3111.559448903969
 20
1769.288489549397
 30
0.0
 40
0.1485104375604364
  1
-
 50
270.0
  7
arial
100
AcDbText
  0
LINE
  5
2B82
330
1F
100
AcDbEntity
  8
0
100
AcDbLine
 10
3113.683147236933
 20
1770.791386402151
 30
0.0
 11
3113.683147236933
 21
1767.681120239798
 31
0.0
  0
LINE
  5
2B83
330
1F
100
AcDbEntity
  8
0
100
AcDbLine
 10
3113.683147236933
 20
1767.269552542915
 30
0.0
 11
3113.683147236933
 21
1765.845714734446
 31
0.0
  0
LINE
  5
2B84
330
1F
100
AcDbEntity
  8
0
100
AcDbLine
 10
3114.065737910701
 20
1769.437536219593
 30
0.0
 11
3113.300556563167
 21
1769.437536219593
 31
0.0
  0
LINE
  5
2B85
330
1F
100
AcDbEntity
  8
0
100
AcDbLine
 10
3114.065737910701
 20
1769.250908582767
 30
0.0
 11
3113.300556563167
 21
1769.250908582767
 31
0.0
  0
LWPOLYLINE
  5
2B86
330
1F
100
AcDbEntity
  8
0
100
AcDbPolyline
 90
        4
 70
     1
 43
0.0
 10
3112.582940248
 20
1768.204754456711
 10
3113.471871560421
 20
1768.204754456711
 10
3113.471871560421
 20
1768.683199658899
 10
3112.582940248
 20
1768.683199658899
  0
LINE
  5
2B87
330
1F
100
AcDbEntity
  8
0
100
AcDbLine
 10
3112.582940248
 20
1768.683199658899
 30
0.0
 11
3113.471871560421
 21
1768.204754456711
 31
0.0
  0
LINE
  5
2B88
330
1F
100
AcDbEntity
  8
0
100
AcDbLine
 10
3112.419526648549
 20
1768.443977057805
 30
0.0
 11
3112.582940248
 21
1768.443977057805
 31
0.0
  0
LINE
  5
2B89
330
1F
100
AcDbEntity
  8
0
100
AcDbLine
 10
3113.471871560421
 20
1768.443977057805
 30
0.0
 11
3113.683147236933
 21
1768.443977057805
 31
0.0
  0
LINE
  5
2B8A
330
1F
100
AcDbEntity
  8
0
100
AcDbLine
 10
3112.419526648549
 20
1768.57937101478
 30
0.0
 11
3112.419526648549
 21
1768.30858310083
 31
0.0
  0
LINE
  5
2B8B
330
1F
100
AcDbEntity
  8
0
100
AcDbLine
 10
3112.419526648549
 20
1768.57937101478
 30
0.0
 11
3112.284132691574
 21
1768.443977057805
 31
0.0
  0
LINE
  5
2B8C
330
1F
100
AcDbEntity
  8
0
100
AcDbLine
 10
3112.284132691574
 20
1768.443977057805
 30
0.0
 11
3112.419526648549
 21
1768.30858310083
 31
0.0
  0
LWPOLYLINE
  5
2B8D
330
1F
100
AcDbEntity
  8
0
100
AcDbPolyline
 90
        4
 70
     1
 43
0.0
 10
3113.44392463584
 20
1765.845714734446
 10
3113.44392463584
 20
1764.956783422024
 10
3113.922369838029
 20
1764.956783422024
 10
3113.922369838029
 20
1765.845714734446
  0
LINE
  5
2B8E
330
1F
100
AcDbEntity
  8
0
100
AcDbLine
 10
3113.922369838029
 20
1764.956783422024
 30
0.0
 11
3113.683147236933
 21
1765.268124416908
 31
0.0
  0
LINE
  5
2B8F
330
1F
100
AcDbEntity
  8
0
100
AcDbLine
 10
3113.683147236933
 20
1765.268124416908
 30
0.0
 11
3113.44392463584
 21
1764.956783422024
 31
0.0
  0
LINE
  5
2B90
330
1F
100
AcDbEntity
  8
0
100
AcDbLine
 10
3113.58405368519
 20
1767.681120239798
 30
0.0
 11
3113.781623312856
 21
1767.681120239798
 31
0.0
  0
LWPOLYLINE
  5
2B91
330
1F
100
AcDbEntity
  8
0
100
AcDbPolyline
 90
        4
 70
     1
 43
0.0
 10
3113.643021873533
 20
1767.681120239798
 10
3113.722655124513
 20
1767.681120239798
 10
3113.722655124513
 20
1767.515949479343
 10
3113.643021873533
 20
1767.515949479343
  0
LINE
  5
2B92
330
1F
100
AcDbEntity
  8
0
100
AcDbLine
 10
3113.471890382355
 20
1767.619426583295
 30
0.0
 11
3113.683147236933
 21
1767.269552542915
 31
0.0
  0
LWPOLYLINE
  5
2B93
330
1F
100
AcDbEntity
  8
0
100
AcDbPolyline
 90
        4
 70
     1
 43
0.0
 10
3113.483094766228
 20
1767.516780182443
 10
3113.559522988129
 20
1767.562928178283
 10
3113.704762067334
 20
1767.322389789297
 10
3113.628333845433
 20
1767.276241793458
  0
TEXT
  5
2B94
330
1F
100
AcDbEntity
  8
0
100
AcDbText
 10
3112.611523531176
 20
1761.605863274736
 30
0.0
 40
0.2478390771075291
  1
Gerador: P1 
  7
arial
100
AcDbText
  0
TEXT
  5
2B95
330
1F
100
AcDbEntity
  8
0
100
AcDbText
 10
3113.273275365144
 20
1764.272808415189
 30
0.0
 40
0.2478390771075291
  1
Marca
  7
arial
100
AcDbText
  0
TEXT
  5
2B96
330
1F
100
AcDbEntity
  8
0
100
AcDbText
 10
3113.172226940327
 20
1763.534052659869
 30
0.0
 40
0.2478390771075291
  1
Modelo
  7
arial
100
AcDbText
  0
TEXT
  5
2B97
330
1F
100
AcDbEntity
  8
0
100
AcDbText
 10
3112.559763349125
 20
1762.385405430918
 30
0.0
 40
0.2478390771075291
  1
Quantidade
  7
arial
100
AcDbText
  0
TEXT
  5
2B98
330
1F
100
AcDbEntity
  8
0
 62
     1
 48
0.1
100
AcDbText
 10
3114.428602955843
 20
1762.368990231512
 30
0.0
 40
0.2478390771075291
  1
01
  7
arial
100
AcDbText
  0
TEXT
  5
2B99
330
1F
100
AcDbEntity
  8
0
100
AcDbText
 10
3113.042319723453
 20
1762.096825164376
 30
0.0
 40
0.2478390771075291
  1
2x4mm²
  7
arial
100
AcDbText
  0
LINE
  5
2B9A
330
1F
100
AcDbEntity
  8
0
 62
     3
100
AcDbLine
 10
3113.922369838029
 20
1765.845714734446
 30
0.0
 11
3114.21532399424
 21
1765.845714734446
 31
0.0
  0
LINE
  5
2B9B
330
1F
100
AcDbEntity
  8
0
 62
     3
100
AcDbLine
 10
3114.21532399424
 20
1765.623951288243
 30
0.0
 11
3114.21532399424
 21
1766.06747818065
 31
0.0
  0
LINE
  5
2B9C
330
1F
100
AcDbEntity
  8
0
 62
     3
100
AcDbLine
 10
3114.279259044025
 20
1765.715754414319
 30
0.0
 11
3114.279259044025
 21
1765.984099481035
 31
0.0
  0
LINE
  5
2B9D
330
1F
100
AcDbEntity
  8
0
 62
     3
100
AcDbLine
 10
3114.345495788505
 20
1765.794323623598
 30
0.0
 11
3114.345495788505
 21
1765.912396119923
 31
0.0
  0
LINE
  5
2B9E
330
1F
100
AcDbEntity
  8
0
 62
     3
100
AcDbLine
 10
3114.413261521006
 20
1765.829107053843
 30
0.0
 11
3114.413261521006
 21
1765.872042222832
 31
0.0
  0
TEXT
  5
2B9F
330
1F
100
AcDbEntity
  8
0
 62
     1
 48
0.1
100
AcDbText
 10
3113.89903913946
 20
1767.857791731722
 30
0.0
 40
0.1687247977395283
  1
2P-15A
 50
270.0
  7
arial
100
AcDbText
  0
TEXT
  5
2BA0
330
1F
100
AcDbEntity
  8
0
100
AcDbText
 10
3114.116381772961
 20
1769.367841098365
 30
0.0
 40
0.1485104375604364
  1
+
  7
arial
100
AcDbText
  0
TEXT
  5
2BA1
330
1F
100
AcDbEntity
  8
0
100
AcDbText
 10
3114.122899602151
 20
1769.288489549397
 30
0.0
 40
0.1485104375604364
  1
-
 50
270.0
  7
arial
100
AcDbText
  0
LINE
  5
2BA2
330
1F
100
AcDbEntity
  8
0
100
AcDbLine
 10
3115.968521207213
 20
1771.167525629717
 30
0.0
 11
3115.981414146509
 21
1767.681120239798
 31
0.0
  0
LINE
  5
2BA3
330
1F
100
AcDbEntity
  8
0
100
AcDbLine
 10
3115.981414146509
 20
1767.269552542915
 30
0.0
 11
3115.981414146509
 21
1765.845714734446
 31
0.0
  0
LINE
  5
2BA4
330
1F
100
AcDbEntity
  8
0
100
AcDbLine
 10
3116.364004820276
 20
1769.437536219593
 30
0.0
 11
3115.598823472742
 21
1769.437536219593
 31
0.0
  0
LINE
  5
2BA5
330
1F
100
AcDbEntity
  8
0
100
AcDbLine
 10
3116.364004820276
 20
1769.250908582767
 30
0.0
 11
3115.598823472742
 21
1769.250908582767
 31
0.0
  0
LWPOLYLINE
  5
2BA6
330
1F
100
AcDbEntity
  8
0
100
AcDbPolyline
 90
        4
 70
     1
 43
0.0
 10
3114.881207157575
 20
1768.204754456711
 10
3115.770138469996
 20
1768.204754456711
 10
3115.770138469996
 20
1768.683199658899
 10
3114.881207157575
 20
1768.683199658899
  0
LINE
  5
2BA7
330
1F
100
AcDbEntity
  8
0
100
AcDbLine
 10
3114.881207157575
 20
1768.683199658899
 30
0.0
 11
3115.770138469996
 21
1768.204754456711
 31
0.0
  0
LINE
  5
2BA8
330
1F
100
AcDbEntity
  8
0
100
AcDbLine
 10
3114.717793558125
 20
1768.443977057805
 30
0.0
 11
3114.881207157575
 21
1768.443977057805
 31
0.0
  0
LINE
  5
2BA9
330
1F
100
AcDbEntity
  8
0
100
AcDbLine
 10
3115.770138469996
 20
1768.443977057805
 30
0.0
 11
3115.981414146509
 21
1768.443977057805
 31
0.0
  0
LINE
  5
2BAA
330
1F
100
AcDbEntity
  8
0
100
AcDbLine
 10
3114.717793558125
 20
1768.57937101478
 30
0.0
 11
3114.717793558125
 21
1768.30858310083
 31
0.0
  0
LINE
  5
2BAB
330
1F
100
AcDbEntity
  8
0
100
AcDbLine
 10
3114.717793558125
 20
1768.57937101478
 30
0.0
 11
3114.582399601149
 21
1768.443977057805
 31
0.0
  0
LINE
  5
2BAC
330
1F
100
AcDbEntity
  8
0
100
AcDbLine
 10
3114.582399601149
 20
1768.443977057805
 30
0.0
 11
3114.717793558125
 21
1768.30858310083
 31
0.0
  0
LWPOLYLINE
  5
2BAD
330
1F
100
AcDbEntity
  8
0
100
AcDbPolyline
 90
        4
 70
     1
 43
0.0
 10
3115.742191545415
 20
1765.845714734446
 10
3115.742191545415
 20
1764.956783422024
 10
3116.220636747604
 20
1764.956783422024
 10
3116.220636747604
 20
1765.845714734446
  0
LINE
  5
2BAE
330
1F
100
AcDbEntity
  8
0
100
AcDbLine
 10
3116.220636747604
 20
1764.956783422024
 30
0.0
 11
3115.981414146509
 21
1765.268124416908
 31
0.0
  0
LINE
  5
2BAF
330
1F
100
AcDbEntity
  8
0
100
AcDbLine
 10
3115.981414146509
 20
1765.268124416908
 30
0.0
 11
3115.742191545415
 21
1764.956783422024
 31
0.0
  0
LINE
  5
2BB0
330
1F
100
AcDbEntity
  8
0
100
AcDbLine
 10
3115.882320594766
 20
1767.681120239798
 30
0.0
 11
3116.079890222432
 21
1767.681120239798
 31
0.0
  0
LWPOLYLINE
  5
2BB1
330
1F
100
AcDbEntity
  8
0
100
AcDbPolyline
 90
        4
 70
     1
 43
0.0
 10
3115.941288783109
 20
1767.681120239798
 10
3116.020922034088
 20
1767.681120239798
 10
3116.020922034088
 20
1767.515949479343
 10
3115.941288783109
 20
1767.515949479343
  0
LINE
  5
2BB2
330
1F
100
AcDbEntity
  8
0
100
AcDbLine
 10
3115.77015729193
 20
1767.619426583295
 30
0.0
 11
3115.981414146509
 21
1767.269552542915
 31
0.0
  0
LWPOLYLINE
  5
2BB3
330
1F
100
AcDbEntity
  8
0
100
AcDbPolyline
 90
        4
 70
     1
 43
0.0
 10
3115.781361675803
 20
1767.516780182443
 10
3115.857789897705
 20
1767.562928178283
 10
3116.003028976909
 20
1767.322389789297
 10
3115.926600755008
 20
1767.276241793458
  0
TEXT
  5
2BB4
330
1F
100
AcDbEntity
  8
0
100
AcDbText
 10
3114.909790440752
 20
1761.605863274736
 30
0.0
 40
0.2478390771075291
  1
Gerador: P1 
  7
arial
100
AcDbText
  0
TEXT
  5
2BB5
330
1F
100
AcDbEntity
  8
0
100
AcDbText
 10
3115.57154227472
 20
1764.272808415189
 30
0.0
 40
0.2478390771075291
  1
Marca
  7
arial
100
AcDbText
  0
TEXT
  5
2BB6
330
1F
100
AcDbEntity
  8
0
100
AcDbText
 10
3115.470493849902
 20
1763.534052659869
 30
0.0
 40
0.2478390771075291
  1
Modelo
  7
arial
100
AcDbText
  0
TEXT
  5
2BB7
330
1F
100
AcDbEntity
  8
0
100
AcDbText
 10
3114.858030258701
 20
1762.385405430918
 30
0.0
 40
0.2478390771075291
  1
Quantidade
  7
arial
100
AcDbText
  0
TEXT
  5
2BB8
330
1F
100
AcDbEntity
  8
0
 62
     1
 48
0.1
100
AcDbText
 10
3116.726869865419
 20
1762.368990231512
 30
0.0
 40
0.2478390771075291
  1
01
  7
arial
100
AcDbText
  0
TEXT
  5
2BB9
330
1F
100
AcDbEntity
  8
0
100
AcDbText
 10
3115.340586633029
 20
1762.096825164376
 30
0.0
 40
0.2478390771075291
  1
2x4mm²
  7
arial
100
AcDbText
  0
LINE
  5
2BBA
330
1F
100
AcDbEntity
  8
0
 62
     3
100
AcDbLine
 10
3116.220636747604
 20
1765.845714734446
 30
0.0
 11
3116.513590903816
 21
1765.845714734446
 31
0.0
  0
LINE
  5
2BBB
330
1F
100
AcDbEntity
  8
0
 62
     3
100
AcDbLine
 10
3116.513590903816
 20
1765.623951288243
 30
0.0
 11
3116.513590903816
 21
1766.06747818065
 31
0.0
  0
LINE
  5
2BBC
330
1F
100
AcDbEntity
  8
0
 62
     3
100
AcDbLine
 10
3116.5775259536
 20
1765.715754414319
 30
0.0
 11
3116.5775259536
 21
1765.984099481035
 31
0.0
  0
LINE
  5
2BBD
330
1F
100
AcDbEntity
  8
0
 62
     3
100
AcDbLine
 10
3116.643762698081
 20
1765.794323623598
 30
0.0
 11
3116.643762698081
 21
1765.912396119923
 31
0.0
  0
LINE
  5
2BBE
330
1F
100
AcDbEntity
  8
0
 62
     3
100
AcDbLine
 10
3116.711528430581
 20
1765.829107053843
 30
0.0
 11
3116.711528430581
 21
1765.872042222832
 31
0.0
  0
TEXT
  5
2BBF
330
1F
100
AcDbEntity
  8
0
 62
     1
 48
0.1
100
AcDbText
 10
3116.197306049035
 20
1767.857791731722
 30
0.0
 40
0.1687247977395283
  1
2P-15A
 50
270.0
  7
arial
100
AcDbText
  0
TEXT
  5
2BC0
330
1F
100
AcDbEntity
  8
0
100
AcDbText
 10
3116.414648682536
 20
1769.367841098365
 30
0.0
 40
0.1485104375604364
  1
+
  7
arial
100
AcDbText
  0
TEXT
  5
2BC1
330
1F
100
AcDbEntity
  8
0
100
AcDbText
 10
3116.421166511726
 20
1769.288489549397
 30
0.0
 40
0.1485104375604364
  1
-
 50
270.0
  7
arial
100
AcDbText
  0
LWPOLYLINE
  5
2BC2
330
1F
100
AcDbEntity
  8
0
  6
ACAD_ISO02W100
 62
   251
420
  6513766
100
AcDbPolyline
 90
        4
 70
     1
 43
0.0
 10
3095.364961676462
 20
1770.052502458202
 10
3105.214240127378
 20
1770.052502458202
 10
3105.214240127378
 20
1766.741131591667
 10
3095.364961676462
 20
1766.741131591667
  0
TEXT
  5
2BC3
330
1F
100
AcDbEntity
  8
0
 62
   251
420
  6513766
100
AcDbText
 10
3104.920290371191
 20
1769.042273752495
 30
0.0
 40
0.1687247977395283
  1
PROTEÇÃO
 50
270.0
  7
arial
100
AcDbText
  0
LWPOLYLINE
  5
2BC4
330
1F
100
AcDbEntity
  8
0
  6
ACAD_ISO02W100
 62
   251
420
  6513766
100
AcDbPolyline
 90
        4
 70
     1
 43
0.0
 10
3107.019999215675
 20
1770.052502458202
 10
3116.7002715684
 20
1770.052502458202
 10
3116.7002715684
 20
1766.741131591667
 10
3107.019999215675
 20
1766.741131591667
  0
TEXT
  5
2BC5
330
1F
100
AcDbEntity
  8
0
 62
   251
420
  6513766
100
AcDbText
 10
3116.406321812214
 20
1769.042273752495
 30
0.0
 40
0.1687247977395283
  1
PROTEÇÃO
 50
270.0
  7
arial
100
AcDbText
  0
LINE
  5
2BC6
330
1F
100
AcDbEntity
  8
0
100
AcDbLine
 10
3097.166862289898
 20
1773.521845749506
 30
0.0
 11
3096.120091489366
 21
1773.521845749506
 31
0.0
  0
LINE
  5
2BC7
330
1F
100
AcDbEntity
  8
0
100
AcDbLine
 10
3096.120091489366
 20
1773.521845749506
 30
0.0
 11
3096.120091489366
 21
1772.254571380363
 31
0.0
  0
LINE
  5
2BC8
330
1F
100
AcDbEntity
  8
0
100
AcDbLine
 10
3098.272909842212
 20
1772.254571380363
 30
0.0
 11
3098.272909842212
 21
1773.521845749506
 31
0.0
  0
LINE
  5
2BC9
330
1F
100
AcDbEntity
  8
0
100
AcDbLine
 10
3098.272909842212
 20
1773.521845749506
 30
0.0
 11
3096.120091489366
 21
1772.254571380363
 31
0.0
  0
TEXT
  5
2BCA
330
1F
100
AcDbEntity
  8
0
100
AcDbText
 10
3096.520400140597
 20
1773.084246837999
 30
0.0
 40
0.2953609511720775
  1
CA
  7
arial
100
AcDbText
  0
TEXT
  5
2BCB
330
1F
100
AcDbEntity
  8
0
100
AcDbText
 10
3097.520815523857
 20
1772.531003933274
 30
0.0
 40
0.2953609511720775
  1
CC
  7
arial
100
AcDbText
  0
TEXT
  5
2BCC
330
1F
100
AcDbEntity
  8
0
100
AcDbText
 10
3098.559607456468
 20
1772.718188931006
 30
0.0
 40
0.437154694356413
  1
Marca
  7
arial
100
AcDbText
  0
LINE
  5
2BCD
330
1F
100
AcDbEntity
  8
0
100
AcDbLine
 10
3097.166862289898
 20
1773.521845749506
 30
0.0
 11
3098.272909842212
 21
1773.521845749506
 31
0.0
  0
TEXT
  5
2BCE
330
1F
100
AcDbEntity
  8
0
100
AcDbText
 10
3098.539203413642
 20
1772.097654174632
 30
0.0
 40
0.437154694356413
  1
Modelo
  7
arial
100
AcDbText
  0
TEXT
  5
2BCF
330
1F
100
AcDbEntity
  8
0
 62
     1
 48
0.1
100
AcDbText
 10
3100.282842932006
 20
1772.678704071245
 30
0.0
 40
0.437154694356413
  1
DEYE
  7
arial
100
AcDbText
  0
TEXT
  5
2BD0
330
1F
100
AcDbEntity
  8
0
100
AcDbText
 10
3098.580011499294
 20
1773.338723687379
 30
0.0
 40
0.437154694356413
  1
Inversor 
  7
arial
100
AcDbText
  0
LINE
  5
2BD1
330
1F
100
AcDbEntity
  8
0
100
AcDbLine
 10
3096.120091489366
 20
1772.254571380363
 30
0.0
 11
3098.272909842212
 21
1772.254571380363
 31
0.0
  0
LINE
  5
2BD2
330
1F
100
AcDbEntity
  8
0
 62
     3
100
AcDbLine
 10
3095.999472472301
 20
1772.254571380363
 30
0.0
 11
3095.999472472301
 21
1772.058118346446
 31
0.0
  0
LINE
  5
2BD3
330
1F
100
AcDbEntity
  8
0
 62
     3
100
AcDbLine
 10
3095.850759436849
 20
1772.058118346446
 30
0.0
 11
3096.148185507754
 21
1772.058118346446
 31
0.0
  0
LINE
  5
2BD4
330
1F
100
AcDbEntity
  8
0
 62
     3
100
AcDbLine
 10
3095.912321979173
 20
1772.015243943617
 30
0.0
 11
3096.092272327632
 21
1772.015243943617
 31
0.0
  0
LINE
  5
2BD5
330
1F
100
AcDbEntity
  8
0
 62
     3
100
AcDbLine
 10
3095.965009948291
 20
1771.97082604022
 30
0.0
 11
3096.044188548878
 21
1771.97082604022
 31
0.0
  0
LINE
  5
2BD6
330
1F
100
AcDbEntity
  8
0
 62
     3
100
AcDbLine
 10
3095.988335476386
 20
1771.925382808019
 30
0.0
 11
3096.017127504187
 21
1771.925382808019
 31
0.0
  0
LINE
  5
2BD7
330
1F
100
AcDbEntity
  8
0
 62
     3
100
AcDbLine
 10
3096.120091489366
 20
1772.254571380363
 30
0.0
 11
3095.999472472301
 21
1772.254571380363
 31
0.0
  0
TEXT
  5
2BD8
330
1F
100
AcDbEntity
  8
0
 62
     1
 48
0.1
100
AcDbText
 10
3100.625297746713
 20
1772.050031524781
 30
0.0
 40
0.437154694356413
  1
SUN225G4-EU-Q0 
  7
arial
100
AcDbText
  0
LINE
  5
2BD9
330
1F
100
AcDbEntity
  8
0
100
AcDbLine
 10
3097.220798474721
 20
1770.433328093384
 30
0.0
 11
3097.196500665789
 21
1772.254571380363
 31
0.0
  0
LINE
  5
2BDA
330
1F
100
AcDbEntity
  8
0
100
AcDbLine
 10
3097.462714210917
 20
1772.254571380363
 30
0.0
 11
3097.462714210917
 21
1770.791386402151
 31
0.0
  0
LINE
  5
2BDB
330
1F
100
AcDbEntity
  8
0
100
AcDbLine
 10
3097.166862289898
 20
1773.521845749506
 30
0.0
 11
3097.164828969578
 21
1773.881674169091
 31
0.0
  0
LINE
  5
2BDC
330
1F
100
AcDbEntity
  8
0
100
AcDbLine
 10
3097.90389598332
 20
1772.254571380363
 30
0.0
 11
3097.90389598332
 21
1771.167525629716
 31
0.0
  0
LINE
  5
2BDD
330
1F
100
AcDbEntity
  8
0
100
AcDbLine
 10
3099.463917056917
 20
1770.390759441087
 30
0.0
 11
3097.220798474721
 21
1770.433328093384
 31
0.0
  0
LINE
  5
2BDE
330
1F
100
AcDbEntity
  8
0
100
AcDbLine
 10
3097.462714210917
 20
1770.791386402151
 30
0.0
 11
3102.027367755098
 21
1770.791386402151
 31
0.0
  0
LINE
  5
2BDF
330
1F
100
AcDbEntity
  8
0
100
AcDbLine
 10
3102.027367755098
 20
1770.791386402151
 30
0.0
 11
3102.027367755098
 21
1770.052502458202
 31
0.0
  0
LINE
  5
2BE0
330
1F
100
AcDbEntity
  8
0
100
AcDbLine
 10
3097.90389598332
 20
1771.167525629716
 30
0.0
 11
3104.325634664674
 21
1771.167525629717
 31
0.0
  0
LINE
  5
2BE1
330
1F
100
AcDbEntity
  8
0
100
AcDbLine
 10
3104.325634664674
 20
1771.167525629717
 30
0.0
 11
3104.325634664674
 21
1770.390759441087
 31
0.0
  0
LINE
  5
2BE2
330
1F
100
AcDbEntity
  8
0
100
AcDbLine
 10
3108.809748832437
 20
1773.521845749506
 30
0.0
 11
3107.762978031906
 21
1773.521845749506
 31
0.0
  0
LINE
  5
2BE3
330
1F
100
AcDbEntity
  8
0
100
AcDbLine
 10
3107.762978031906
 20
1773.521845749506
 30
0.0
 11
3107.762978031906
 21
1772.254571380363
 31
0.0
  0
LINE
  5
2BE4
330
1F
100
AcDbEntity
  8
0
100
AcDbLine
 10
3109.915796384752
 20
1772.254571380363
 30
0.0
 11
3109.915796384752
 21
1773.521845749506
 31
0.0
  0
LINE
  5
2BE5
330
1F
100
AcDbEntity
  8
0
100
AcDbLine
 10
3109.915796384752
 20
1773.521845749506
 30
0.0
 11
3107.762978031906
 21
1772.254571380363
 31
0.0
  0
TEXT
  5
2BE6
330
1F
100
AcDbEntity
  8
0
100
AcDbText
 10
3108.163286683137
 20
1773.084246837999
 30
0.0
 40
0.2953609511720775
  1
CA
  7
arial
100
AcDbText
  0
TEXT
  5
2BE7
330
1F
100
AcDbEntity
  8
0
100
AcDbText
 10
3109.163702066397
 20
1772.531003933274
 30
0.0
 40
0.2953609511720775
  1
CC
  7
arial
100
AcDbText
  0
TEXT
  5
2BE8
330
1F
100
AcDbEntity
  8
0
100
AcDbText
 10
3110.202493999008
 20
1772.718188931006
 30
0.0
 40
0.437154694356413
  1
Marca
  7
arial
100
AcDbText
  0
LINE
  5
2BE9
330
1F
100
AcDbEntity
  8
0
100
AcDbLine
 10
3108.809748832437
 20
1773.521845749506
 30
0.0
 11
3109.915796384752
 21
1773.521845749506
 31
0.0
  0
TEXT
  5
2BEA
330
1F
100
AcDbEntity
  8
0
100
AcDbText
 10
3110.182089956181
 20
1772.097654174632
 30
0.0
 40
0.437154694356413
  1
Modelo
  7
arial
100
AcDbText
  0
TEXT
  5
2BEB
330
1F
100
AcDbEntity
  8
0
 62
     1
 48
0.1
100
AcDbText
 10
3111.925729474545
 20
1772.678704071245
 30
0.0
 40
0.437154694356413
  1
DEYE
  7
arial
100
AcDbText
  0
TEXT
  5
2BEC
330
1F
100
AcDbEntity
  8
0
100
AcDbText
 10
3110.222898041833
 20
1773.338723687379
 30
0.0
 40
0.437154694356413
  1
Inversor 
  7
arial
100
AcDbText
  0
LINE
  5
2BED
330
1F
100
AcDbEntity
  8
0
100
AcDbLine
 10
3107.762978031906
 20
1772.254571380363
 30
0.0
 11
3109.915796384752
 21
1772.254571380363
 31
0.0
  0
LINE
  5
2BEE
330
1F
100
AcDbEntity
  8
0
 62
     3
100
AcDbLine
 10
3107.642359014841
 20
1772.254571380363
 30
0.0
 11
3107.642359014841
 21
1772.058118346446
 31
0.0
  0
LINE
  5
2BEF
330
1F
100
AcDbEntity
  8
0
 62
     3
100
AcDbLine
 10
3107.493645979389
 20
1772.058118346446
 30
0.0
 11
3107.791072050293
 21
1772.058118346446
 31
0.0
  0
LINE
  5
2BF0
330
1F
100
AcDbEntity
  8
0
 62
     3
100
AcDbLine
 10
3107.555208521712
 20
1772.015243943617
 30
0.0
 11
3107.735158870172
 21
1772.015243943617
 31
0.0
  0
LINE
  5
2BF1
330
1F
100
AcDbEntity
  8
0
 62
     3
100
AcDbLine
 10
3107.60789649083
 20
1771.97082604022
 30
0.0
 11
3107.687075091418
 21
1771.97082604022
 31
0.0
  0
LINE
  5
2BF2
330
1F
100
AcDbEntity
  8
0
 62
     3
100
AcDbLine
 10
3107.631222018926
 20
1771.925382808019
 30
0.0
 11
3107.660014046726
 21
1771.925382808019
 31
0.0
  0
LINE
  5
2BF3
330
1F
100
AcDbEntity
  8
0
 62
     3
100
AcDbLine
 10
3107.762978031906
 20
1772.254571380363
 30
0.0
 11
3107.642359014841
 21
1772.254571380363
 31
0.0
  0
TEXT
  5
2BF4
330
1F
100
AcDbEntity
  8
0
 62
     1
 48
0.1
100
AcDbText
 10
3112.268184289253
 20
1772.050031524781
 30
0.0
 40
0.437154694356413
  1
SUN225G4-EU-Q0 
  7
arial
100
AcDbText
  0
LINE
  5
2BF5
330
1F
100
AcDbEntity
  8
0
100
AcDbLine
 10
3108.86368501726
 20
1770.433328093384
 30
0.0
 11
3108.839387208329
 21
1772.254571380363
 31
0.0
  0
LINE
  5
2BF6
330
1F
100
AcDbEntity
  8
0
100
AcDbLine
 10
3109.105600753457
 20
1772.282009971533
 30
0.0
 11
3109.105600753457
 21
1770.791386402151
 31
0.0
  0
LINE
  5
2BF7
330
1F
100
AcDbEntity
  8
0
100
AcDbLine
 10
3109.546782525859
 20
1772.254571380363
 30
0.0
 11
3109.546782525859
 21
1771.167525629716
 31
0.0
  0
TEXT
  5
2BF8
330
1F
100
AcDbEntity
  8
0
100
AcDbText
 10
3086.529393659607
 20
1770.068248462589
 30
0.0
 40
0.2764731582275202
  1
MPPT 2
  7
arial
100
AcDbText
  0
TEXT
  5
2BF9
330
1F
100
AcDbEntity
  8
0
100
AcDbText
 10
3089.055775737812
 20
1770.399966534008
 30
0.0
 40
0.2764731582275202
  1
MPPT 3
  7
arial
100
AcDbText
  0
TEXT
  5
2BFA
330
1F
100
AcDbEntity
  8
0
100
AcDbText
 10
3091.357318006151
 20
1770.769476334924
 30
0.0
 40
0.2764731582275202
  1
MPPT 4
  7
arial
100
AcDbText
  0
TEXT
  5
2BFB
330
1F
100
AcDbEntity
  8
0
100
AcDbText
 10
3095.467657369454
 20
1770.125731180657
 30
0.0
 40
0.2764731582275202
  1
MPPT 1
  7
arial
100
AcDbText
  0
TEXT
  5
2BFC
330
1F
100
AcDbEntity
  8
0
100
AcDbText
 10
3098.01671085347
 20
1770.08753216098
 30
0.0
 40
0.2764731582275202
  1
MPPT 2
  7
arial
100
AcDbText
  0
TEXT
  5
2BFD
330
1F
100
AcDbEntity
  8
0
100
AcDbText
 10
3100.54517205725
 20
1770.381710789338
 30
0.0
 40
0.2764731582275202
  1
MPPT 3
  7
arial
100
AcDbText
  0
TEXT
  5
2BFE
330
1F
100
AcDbEntity
  8
0
100
AcDbText
 10
3102.713067695166
 20
1770.789457874453
 30
0.0
 40
0.2764731582275202
  1
MPPT 4
  7
arial
100
AcDbText
  0
LINE
  5
2BFF
330
1F
100
AcDbEntity
  8
0
100
AcDbLine
 10
3111.106803599457
 20
1770.390759441087
 30
0.0
 11
3108.86368501726
 21
1770.433328093384
 31
0.0
  0
LINE
  5
2C00
330
1F
100
AcDbEntity
  8
0
100
AcDbLine
 10
3109.105600753457
 20
1770.791386402151
 30
0.0
 11
3113.683147236933
 21
1770.791386402151
 31
0.0
  0
LINE
  5
2C01
330
1F
100
AcDbEntity
  8
0
100
AcDbLine
 10
3109.546782525859
 20
1771.167525629716
 30
0.0
 11
3115.968521207213
 21
1771.167525629717
 31
0.0
  0
TEXT
  5
2C02
330
1F
100
AcDbEntity
  8
0
100
AcDbText
 10
3107.055268343517
 20
1770.128559188353
 30
0.0
 40
0.2764731582275202
  1
MPPT 1
  7
arial
100
AcDbText
  0
TEXT
  5
2C03
330
1F
100
AcDbEntity
  8
0
100
AcDbText
 10
3109.604321827532
 20
1770.090360168677
 30
0.0
 40
0.2764731582275202
  1
MPPT 2
  7
arial
100
AcDbText
  0
TEXT
  5
2C04
330
1F
100
AcDbEntity
  8
0
100
AcDbText
 10
3112.132783031313
 20
1770.384538797034
 30
0.0
 40
0.2764731582275202
  1
MPPT 3
  7
arial
100
AcDbText
  0
TEXT
  5
2C05
330
1F
100
AcDbEntity
  8
0
100
AcDbText
 10
3114.300678669229
 20
1770.792285882149
 30
0.0
 40
0.2764731582275202
  1
MPPT 4
  7
arial
100
AcDbText
  0
LINE
  5
2C06
330
1F
100
AcDbEntity
  8
0
100
AcDbLine
 10
3108.809748832437
 20
1773.521845749506
 30
0.0
 11
3108.809748832437
 21
1773.88167416909
 31
0.0
  0
HATCH
  5
2C07
330
1F
100
AcDbEntity
  8
0
 62
     7
 48
0.1
100
AcDbHatch
 10
0.0
 20
0.0
 30
0.0
210
0.0
220
0.0
230
1.0
  2
ANSI31
 70
     0
 71
     1
 91
        1
 92
        1
 93
        4
 72
     1
 10
3085.585319299498
 20
1775.75264701211
 11
3086.198602490224
 21
1775.75264701211
 72
     1
 10
3086.198602490224
 20
1775.75264701211
 11
3086.198602490224
 21
1774.586347717914
 72
     1
 10
3086.198602490224
 20
1774.586347717914
 11
3085.585319299498
 21
1774.586347717914
 72
     1
 10
3085.585319299498
 20
1774.586347717914
 11
3085.585319299498
 21
1775.75264701211
 97
        1
330
2C08
 75
     0
 76
     1
 52
0.0
 41
0.0749389803897122
 77
     0
 78
     1
 53
44.99999999999998
 43
1955.146924301684
 44
1851.629734331766
 45
-0.1682428093378486
 46
0.1682428093378485
 79
     0
 98
        1
 10
1955.146924301684
 20
1851.629734331766
1001
ACAD
1010
0.0
1020
0.0
1030
0.0
  0
LWPOLYLINE
  5
2C08
102
{ACAD_REACTORS
330
2C07
102
}
330
1F
100
AcDbEntity
  8
0
 62
     7
 48
0.1
100
AcDbPolyline
 90
        4
 70
     1
 43
0.0
 10
3085.585319299498
 20
1775.75264701211
 10
3086.198602490224
 20
1775.75264701211
 10
3086.198602490224
 20
1774.586347717914
 10
3085.585319299498
 20
1774.586347717914
  0
TEXT
  5
2C09
330
1F
100
AcDbEntity
  8
0
100
AcDbText
 10
3086.320762913417
 20
1774.766462366261
 30
0.0
 40
0.437154694356413
  1
DISJUNTOR 32A
  7
arial
100
AcDbText
  0
LINE
  5
2C1E
330
1F
100
AcDbEntity
  8
0
 62
     7
 48
0.1
100
AcDbLine
 10
3122.182269287742
 20
1790.29191042997
 30
0.0
 11
3122.190458701142
 21
1789.587236881147
 31
0.0
  0
LINE
  5
2C1F
330
1F
100
AcDbEntity
  8
0
100
AcDbLine
 10
3122.190458701142
 20
1789.184839809266
 30
0.0
 11
3121.143687900611
 21
1789.184839809266
 31
0.0
  0
LINE
  5
2C20
330
1F
100
AcDbEntity
  8
0
100
AcDbLine
 10
3121.143687900611
 20
1789.184839809266
 30
0.0
 11
3121.143687900611
 21
1787.917565440123
 31
0.0
  0
LINE
  5
2C21
330
1F
100
AcDbEntity
  8
0
100
AcDbLine
 10
3123.296506253457
 20
1787.917565440123
 30
0.0
 11
3123.296506253457
 21
1789.184839809266
 31
0.0
  0
LINE
  5
2C22
330
1F
100
AcDbEntity
  8
0
100
AcDbLine
 10
3123.296506253457
 20
1789.184839809266
 30
0.0
 11
3121.143687900611
 21
1787.917565440123
 31
0.0
  0
TEXT
  5
2C23
330
1F
100
AcDbEntity
  8
0
100
AcDbText
 10
3121.543996551842
 20
1788.747240897759
 30
0.0
 40
0.2953609511720775
  1
CA
  7
arial
100
AcDbText
  0
TEXT
  5
2C24
330
1F
100
AcDbEntity
  8
0
100
AcDbText
 10
3122.544411935102
 20
1788.193997993033
 30
0.0
 40
0.2953609511720775
  1
CC
  7
arial
100
AcDbText
  0
TEXT
  5
2C25
330
1F
100
AcDbEntity
  8
0
100
AcDbText
 10
3123.425023386876
 20
1788.381182990766
 30
0.0
 40
0.437154694356413
  1
Marca
  7
arial
100
AcDbText
  0
LINE
  5
2C26
330
1F
100
AcDbEntity
  8
0
100
AcDbLine
 10
3122.190458701142
 20
1789.184839809266
 30
0.0
 11
3123.296506253457
 21
1789.184839809266
 31
0.0
  0
TEXT
  5
2C27
330
1F
100
AcDbEntity
  8
0
100
AcDbText
 10
3123.404619344049
 20
1787.760648234392
 30
0.0
 40
0.437154694356413
  1
Modelo
  7
arial
100
AcDbText
  0
TEXT
  5
2C28
330
1F
100
AcDbEntity
  8
0
 62
     1
 48
0.1
100
AcDbText
 10
3125.256780617672
 20
1788.341698131005
 30
0.0
 40
0.437154694356413
  1
DEYE
  7
arial
100
AcDbText
  0
TEXT
  5
2C29
330
1F
100
AcDbEntity
  8
0
100
AcDbText
 10
3123.445427429701
 20
1789.001717747139
 30
0.0
 40
0.437154694356413
  1
Inversor 
  7
arial
100
AcDbText
  0
LINE
  5
2C2A
330
1F
100
AcDbEntity
  8
0
100
AcDbLine
 10
3121.143687900611
 20
1787.917565440123
 30
0.0
 11
3123.296506253457
 21
1787.917565440123
 31
0.0
  0
LINE
  5
2C2B
330
1F
100
AcDbEntity
  8
0
100
AcDbLine
 10
3121.931291996114
 20
1786.096322153144
 30
0.0
 11
3121.931291996114
 21
1783.386682951855
 31
0.0
  0
LINE
  5
2C2C
330
1F
100
AcDbEntity
  8
0
100
AcDbLine
 10
3121.931291996114
 20
1782.975115254971
 30
0.0
 11
3121.931291996114
 21
1781.551277446503
 31
0.0
  0
LINE
  5
2C2D
330
1F
100
AcDbEntity
  8
0
100
AcDbLine
 10
3122.31388266988
 20
1785.14309893165
 30
0.0
 11
3121.548701322347
 21
1785.14309893165
 31
0.0
  0
LINE
  5
2C2E
330
1F
100
AcDbEntity
  8
0
100
AcDbLine
 10
3122.31388266988
 20
1784.956471294823
 30
0.0
 11
3121.548701322347
 21
1784.956471294823
 31
0.0
  0
LWPOLYLINE
  5
2C2F
330
1F
100
AcDbEntity
  8
0
100
AcDbPolyline
 90
        4
 70
     1
 43
0.0
 10
3120.831085007179
 20
1783.910317168767
 10
3121.720016319601
 20
1783.910317168767
 10
3121.720016319601
 20
1784.388762370956
 10
3120.831085007179
 20
1784.388762370956
  0
LINE
  5
2C30
330
1F
100
AcDbEntity
  8
0
100
AcDbLine
 10
3120.831085007179
 20
1784.388762370956
 30
0.0
 11
3121.720016319601
 21
1783.910317168767
 31
0.0
  0
LINE
  5
2C31
330
1F
100
AcDbEntity
  8
0
100
AcDbLine
 10
3120.667671407729
 20
1784.149539769862
 30
0.0
 11
3120.831085007179
 21
1784.149539769862
 31
0.0
  0
LINE
  5
2C32
330
1F
100
AcDbEntity
  8
0
100
AcDbLine
 10
3121.720016319601
 20
1784.149539769862
 30
0.0
 11
3121.931291996114
 21
1784.149539769862
 31
0.0
  0
LINE
  5
2C33
330
1F
100
AcDbEntity
  8
0
100
AcDbLine
 10
3120.667671407729
 20
1784.284933726837
 30
0.0
 11
3120.667671407729
 21
1784.014145812887
 31
0.0
  0
LINE
  5
2C34
330
1F
100
AcDbEntity
  8
0
100
AcDbLine
 10
3120.667671407729
 20
1784.284933726837
 30
0.0
 11
3120.532277450753
 21
1784.149539769862
 31
0.0
  0
LINE
  5
2C35
330
1F
100
AcDbEntity
  8
0
100
AcDbLine
 10
3120.532277450753
 20
1784.149539769862
 30
0.0
 11
3120.667671407729
 21
1784.014145812887
 31
0.0
  0
LWPOLYLINE
  5
2C36
330
1F
100
AcDbEntity
  8
0
100
AcDbPolyline
 90
        4
 70
     1
 43
0.0
 10
3121.692069395019
 20
1781.551277446503
 10
3121.692069395019
 20
1780.662346134081
 10
3122.170514597208
 20
1780.662346134081
 10
3122.170514597208
 20
1781.551277446503
  0
LINE
  5
2C37
330
1F
100
AcDbEntity
  8
0
100
AcDbLine
 10
3122.170514597208
 20
1780.662346134081
 30
0.0
 11
3121.931291996114
 21
1780.973687128964
 31
0.0
  0
LINE
  5
2C38
330
1F
100
AcDbEntity
  8
0
100
AcDbLine
 10
3121.931291996114
 20
1780.973687128964
 30
0.0
 11
3121.692069395019
 21
1780.662346134081
 31
0.0
  0
LINE
  5
2C39
330
1F
100
AcDbEntity
  8
0
100
AcDbLine
 10
3121.83219844437
 20
1783.386682951855
 30
0.0
 11
3122.029768072036
 21
1783.386682951855
 31
0.0
  0
LWPOLYLINE
  5
2C3A
330
1F
100
AcDbEntity
  8
0
100
AcDbPolyline
 90
        4
 70
     1
 43
0.0
 10
3121.891166632713
 20
1783.386682951855
 10
3121.970799883693
 20
1783.386682951855
 10
3121.970799883693
 20
1783.2215121914
 10
3121.891166632713
 20
1783.2215121914
  0
LINE
  5
2C3B
330
1F
100
AcDbEntity
  8
0
100
AcDbLine
 10
3121.720035141534
 20
1783.324989295351
 30
0.0
 11
3121.931291996114
 21
1782.975115254971
 31
0.0
  0
LWPOLYLINE
  5
2C3C
330
1F
100
AcDbEntity
  8
0
100
AcDbPolyline
 90
        4
 70
     1
 43
0.0
 10
3121.731239525408
 20
1783.2223428945
 10
3121.807667747309
 20
1783.268490890339
 10
3121.952906826515
 20
1783.027952501354
 10
3121.876478604613
 20
1782.981804505514
  0
TEXT
  5
2C3D
330
1F
100
AcDbEntity
  8
0
100
AcDbText
 10
3120.577982280537
 20
1785.927823286933
 30
0.0
 40
0.2764731582275202
  1
MPPT 1
  7
arial
100
AcDbText
  0
TEXT
  5
2C3E
330
1F
100
AcDbEntity
  8
0
100
AcDbText
 10
3120.859668290357
 20
1777.213867337373
 30
0.0
 40
0.2478390771075291
  1
Gerador: P1 
  7
arial
100
AcDbText
  0
TEXT
  5
2C3F
330
1F
100
AcDbEntity
  8
0
100
AcDbText
 10
3121.521420124324
 20
1779.978371127246
 30
0.0
 40
0.2478390771075291
  1
Marca
  7
arial
100
AcDbText
  0
TEXT
  5
2C40
330
1F
100
AcDbEntity
  8
0
100
AcDbText
 10
3121.420371699507
 20
1779.239615371925
 30
0.0
 40
0.2478390771075291
  1
Modelo
  7
arial
100
AcDbText
  0
TEXT
  5
2C41
330
1F
100
AcDbEntity
  8
0
100
AcDbText
 10
3120.807908108306
 20
1777.993409493555
 30
0.0
 40
0.2478390771075291
  1
Quantidade
  7
arial
100
AcDbText
  0
TEXT
  5
2C44
330
1F
100
AcDbEntity
  8
0
 62
     1
 48
0.1
100
AcDbText
 10
3122.676747715023
 20
1777.976994294149
 30
0.0
 40
0.2478390771075291
  1
01
  7
arial
100
AcDbText
  0
TEXT
  5
2C45
330
1F
100
AcDbEntity
  8
0
100
AcDbText
 10
3121.290464482633
 20
1777.704829227014
 30
0.0
 40
0.2478390771075291
  1
2x4mm²
  7
arial
100
AcDbText
  0
LINE
  5
2C46
330
1F
100
AcDbEntity
  8
0
 62
     3
100
AcDbLine
 10
3122.170514597208
 20
1781.551277446503
 30
0.0
 11
3122.463468753421
 21
1781.551277446503
 31
0.0
  0
LINE
  5
2C47
330
1F
100
AcDbEntity
  8
0
 62
     3
100
AcDbLine
 10
3122.463468753421
 20
1781.3295140003
 30
0.0
 11
3122.463468753421
 21
1781.773040892707
 31
0.0
  0
LINE
  5
2C48
330
1F
100
AcDbEntity
  8
0
 62
     3
100
AcDbLine
 10
3122.527403803205
 20
1781.421317126376
 30
0.0
 11
3122.527403803205
 21
1781.689662193091
 31
0.0
  0
LINE
  5
2C49
330
1F
100
AcDbEntity
  8
0
 62
     3
100
AcDbLine
 10
3122.593640547686
 20
1781.499886335655
 30
0.0
 11
3122.593640547686
 21
1781.617958831979
 31
0.0
  0
LINE
  5
2C4A
330
1F
100
AcDbEntity
  8
0
 62
     3
100
AcDbLine
 10
3122.661406280185
 20
1781.5346697659
 30
0.0
 11
3122.661406280185
 21
1781.577604934888
 31
0.0
  0
TEXT
  5
2C4B
330
1F
100
AcDbEntity
  8
0
100
AcDbText
 10
3119.601321336059
 20
1789.784068306506
 30
0.0
 40
0.2764731582275202
  1
2#10(10)MM²
  7
arial
100
AcDbText
  0
LINE
  5
2C4C
330
1F
100
AcDbEntity
  8
0
 62
     3
100
AcDbLine
 10
3121.023068883546
 20
1787.917565440123
 30
0.0
 11
3121.023068883546
 21
1787.721112406206
 31
0.0
  0
LINE
  5
2C4D
330
1F
100
AcDbEntity
  8
0
 62
     3
100
AcDbLine
 10
3120.874355848093
 20
1787.721112406206
 30
0.0
 11
3121.171781918998
 21
1787.721112406206
 31
0.0
  0
LINE
  5
2C4E
330
1F
100
AcDbEntity
  8
0
 62
     3
100
AcDbLine
 10
3120.935918390418
 20
1787.678238003376
 30
0.0
 11
3121.115868738877
 21
1787.678238003376
 31
0.0
  0
LINE
  5
2C4F
330
1F
100
AcDbEntity
  8
0
 62
     3
100
AcDbLine
 10
3120.988606359536
 20
1787.633820099981
 30
0.0
 11
3121.067784960123
 21
1787.633820099981
 31
0.0
  0
LINE
  5
2C50
330
1F
100
AcDbEntity
  8
0
 62
     3
100
AcDbLine
 10
3121.011931887631
 20
1787.588376867778
 30
0.0
 11
3121.040723915431
 21
1787.588376867778
 31
0.0
  0
LINE
  5
2C51
330
1F
100
AcDbEntity
  8
0
 62
     3
100
AcDbLine
 10
3121.143687900611
 20
1787.917565440123
 30
0.0
 11
3121.023068883546
 21
1787.917565440123
 31
0.0
  0
TEXT
  5
2C52
330
1F
100
AcDbEntity
  8
0
 62
     1
 48
0.1
100
AcDbText
 10
3122.14718389864
 20
1783.563354443779
 30
0.0
 40
0.1687247977395283
  1
2P-15A
 50
270.0
  7
arial
100
AcDbText
  0
LWPOLYLINE
  5
2C53
330
1F
100
AcDbEntity
  8
0
  6
ACAD_ISO02W100
 62
   251
420
  6513766
100
AcDbPolyline
 90
        4
 70
     1
 43
0.0
 10
3120.050039644234
 20
1785.758065170259
 10
3129.949490278748
 20
1785.758065170259
 10
3129.949490278748
 20
1782.446694303723
 10
3120.050039644234
 20
1782.446694303723
  0
TEXT
  5
2C54
330
1F
100
AcDbEntity
  8
0
 62
   251
420
  6513766
100
AcDbText
 10
3129.655540522562
 20
1784.747836464552
 30
0.0
 40
0.1687247977395283
  1
PROTEÇÃO
 50
270.0
  7
arial
100
AcDbText
  0
TEXT
  5
2C55
330
1F
100
AcDbEntity
  8
0
100
AcDbText
 10
3122.364526532141
 20
1785.073403810421
 30
0.0
 40
0.1485104375604364
  1
+
  7
arial
100
AcDbText
  0
TEXT
  5
2C56
330
1F
100
AcDbEntity
  8
0
100
AcDbText
 10
3122.371044361332
 20
1784.994052261454
 30
0.0
 40
0.1485104375604364
  1
-
 50
270.0
  7
arial
100
AcDbText
  0
TEXT
  5
2C57
330
1F
100
AcDbEntity
  8
0
 62
     1
 48
0.1
100
AcDbText
 10
3125.599235432379
 20
1787.713025584541
 30
0.0
 40
0.437154694356413
  1
SUN225G4-EU-Q0 
  7
arial
100
AcDbText
  0
LINE
  5
2C58
330
1F
100
AcDbEntity
  8
0
100
AcDbLine
 10
3121.931291996114
 20
1786.096322153144
 30
0.0
 11
3121.931291996114
 21
1787.917565440123
 31
0.0
  0
LINE
  5
2C59
330
1F
100
AcDbEntity
  8
0
100
AcDbLine
 10
3124.362150799992
 20
1786.096322153144
 30
0.0
 11
3124.362150799992
 21
1783.386682951855
 31
0.0
  0
LINE
  5
2C5A
330
1F
100
AcDbEntity
  8
0
100
AcDbLine
 10
3124.362150799992
 20
1782.975115254971
 30
0.0
 11
3124.362150799992
 21
1781.551277446503
 31
0.0
  0
LINE
  5
2C5B
330
1F
100
AcDbEntity
  8
0
100
AcDbLine
 10
3124.74474147376
 20
1785.14309893165
 30
0.0
 11
3123.979560126226
 21
1785.14309893165
 31
0.0
  0
LINE
  5
2C5C
330
1F
100
AcDbEntity
  8
0
100
AcDbLine
 10
3124.74474147376
 20
1784.956471294823
 30
0.0
 11
3123.979560126226
 21
1784.956471294823
 31
0.0
  0
LWPOLYLINE
  5
2C5D
330
1F
100
AcDbEntity
  8
0
100
AcDbPolyline
 90
        4
 70
     1
 43
0.0
 10
3123.261943811058
 20
1783.910317168767
 10
3124.15087512348
 20
1783.910317168767
 10
3124.15087512348
 20
1784.388762370956
 10
3123.261943811058
 20
1784.388762370956
  0
LINE
  5
2C5E
330
1F
100
AcDbEntity
  8
0
100
AcDbLine
 10
3123.261943811058
 20
1784.388762370956
 30
0.0
 11
3124.15087512348
 21
1783.910317168767
 31
0.0
  0
LINE
  5
2C5F
330
1F
100
AcDbEntity
  8
0
100
AcDbLine
 10
3123.098530211608
 20
1784.149539769862
 30
0.0
 11
3123.261943811058
 21
1784.149539769862
 31
0.0
  0
LINE
  5
2C60
330
1F
100
AcDbEntity
  8
0
100
AcDbLine
 10
3124.15087512348
 20
1784.149539769862
 30
0.0
 11
3124.362150799992
 21
1784.149539769862
 31
0.0
  0
LINE
  5
2C61
330
1F
100
AcDbEntity
  8
0
100
AcDbLine
 10
3123.098530211608
 20
1784.284933726837
 30
0.0
 11
3123.098530211608
 21
1784.014145812887
 31
0.0
  0
LINE
  5
2C62
330
1F
100
AcDbEntity
  8
0
100
AcDbLine
 10
3123.098530211608
 20
1784.284933726837
 30
0.0
 11
3122.963136254632
 21
1784.149539769862
 31
0.0
  0
LINE
  5
2C63
330
1F
100
AcDbEntity
  8
0
100
AcDbLine
 10
3122.963136254632
 20
1784.149539769862
 30
0.0
 11
3123.098530211608
 21
1784.014145812887
 31
0.0
  0
LWPOLYLINE
  5
2C64
330
1F
100
AcDbEntity
  8
0
100
AcDbPolyline
 90
        4
 70
     1
 43
0.0
 10
3124.122928198898
 20
1781.551277446503
 10
3124.122928198898
 20
1780.662346134081
 10
3124.601373401087
 20
1780.662346134081
 10
3124.601373401087
 20
1781.551277446503
  0
LINE
  5
2C65
330
1F
100
AcDbEntity
  8
0
100
AcDbLine
 10
3124.601373401087
 20
1780.662346134081
 30
0.0
 11
3124.362150799992
 21
1780.973687128964
 31
0.0
  0
LINE
  5
2C66
330
1F
100
AcDbEntity
  8
0
100
AcDbLine
 10
3124.362150799992
 20
1780.973687128964
 30
0.0
 11
3124.122928198898
 21
1780.662346134081
 31
0.0
  0
LINE
  5
2C67
330
1F
100
AcDbEntity
  8
0
100
AcDbLine
 10
3124.263057248249
 20
1783.386682951855
 30
0.0
 11
3124.460626875915
 21
1783.386682951855
 31
0.0
  0
LWPOLYLINE
  5
2C68
330
1F
100
AcDbEntity
  8
0
100
AcDbPolyline
 90
        4
 70
     1
 43
0.0
 10
3124.322025436592
 20
1783.386682951855
 10
3124.401658687572
 20
1783.386682951855
 10
3124.401658687572
 20
1783.2215121914
 10
3124.322025436592
 20
1783.2215121914
  0
LINE
  5
2C69
330
1F
100
AcDbEntity
  8
0
100
AcDbLine
 10
3124.150893945413
 20
1783.324989295351
 30
0.0
 11
3124.362150799992
 21
1782.975115254971
 31
0.0
  0
LWPOLYLINE
  5
2C6A
330
1F
100
AcDbEntity
  8
0
100
AcDbPolyline
 90
        4
 70
     1
 43
0.0
 10
3124.162098329287
 20
1783.2223428945
 10
3124.238526551188
 20
1783.268490890339
 10
3124.383765630393
 20
1783.027952501354
 10
3124.307337408491
 20
1782.981804505514
  0
TEXT
  5
2C6B
330
1F
100
AcDbEntity
  8
0
100
AcDbText
 10
3123.290527094235
 20
1777.213867337373
 30
0.0
 40
0.2478390771075291
  1
Gerador: P1 
  7
arial
100
AcDbText
  0
TEXT
  5
2C6C
330
1F
100
AcDbEntity
  8
0
100
AcDbText
 10
3123.952278928203
 20
1779.978371127246
 30
0.0
 40
0.2478390771075291
  1
Marca
  7
arial
100
AcDbText
  0
TEXT
  5
2C6D
330
1F
100
AcDbEntity
  8
0
100
AcDbText
 10
3123.851230503385
 20
1779.239615371925
 30
0.0
 40
0.2478390771075291
  1
Modelo
  7
arial
100
AcDbText
  0
TEXT
  5
2C6E
330
1F
100
AcDbEntity
  8
0
100
AcDbText
 10
3123.238766912184
 20
1777.993409493555
 30
0.0
 40
0.2478390771075291
  1
Quantidade
  7
arial
100
AcDbText
  0
TEXT
  5
2C71
330
1F
100
AcDbEntity
  8
0
 62
     1
 48
0.1
100
AcDbText
 10
3125.107606518902
 20
1777.976994294149
 30
0.0
 40
0.2478390771075291
  1
01
  7
arial
100
AcDbText
  0
TEXT
  5
2C72
330
1F
100
AcDbEntity
  8
0
100
AcDbText
 10
3123.721323286512
 20
1777.704829227014
 30
0.0
 40
0.2478390771075291
  1
2x4mm²
  7
arial
100
AcDbText
  0
LINE
  5
2C73
330
1F
100
AcDbEntity
  8
0
 62
     3
100
AcDbLine
 10
3124.601373401087
 20
1781.551277446503
 30
0.0
 11
3124.894327557299
 21
1781.551277446503
 31
0.0
  0
LINE
  5
2C74
330
1F
100
AcDbEntity
  8
0
 62
     3
100
AcDbLine
 10
3124.894327557299
 20
1781.3295140003
 30
0.0
 11
3124.894327557299
 21
1781.773040892707
 31
0.0
  0
LINE
  5
2C75
330
1F
100
AcDbEntity
  8
0
 62
     3
100
AcDbLine
 10
3124.958262607083
 20
1781.421317126376
 30
0.0
 11
3124.958262607083
 21
1781.689662193091
 31
0.0
  0
LINE
  5
2C76
330
1F
100
AcDbEntity
  8
0
 62
     3
100
AcDbLine
 10
3125.024499351564
 20
1781.499886335655
 30
0.0
 11
3125.024499351564
 21
1781.617958831979
 31
0.0
  0
LINE
  5
2C77
330
1F
100
AcDbEntity
  8
0
 62
     3
100
AcDbLine
 10
3125.092265084064
 20
1781.5346697659
 30
0.0
 11
3125.092265084064
 21
1781.577604934888
 31
0.0
  0
TEXT
  5
2C78
330
1F
100
AcDbEntity
  8
0
 62
     1
 48
0.1
100
AcDbText
 10
3124.578042702519
 20
1783.563354443779
 30
0.0
 40
0.1687247977395283
  1
2P-15A
 50
270.0
  7
arial
100
AcDbText
  0
TEXT
  5
2C79
330
1F
100
AcDbEntity
  8
0
100
AcDbText
 10
3124.795385336019
 20
1785.073403810421
 30
0.0
 40
0.1485104375604364
  1
+
  7
arial
100
AcDbText
  0
TEXT
  5
2C7A
330
1F
100
AcDbEntity
  8
0
100
AcDbText
 10
3124.80190316521
 20
1784.994052261454
 30
0.0
 40
0.1485104375604364
  1
-
 50
270.0
  7
arial
100
AcDbText
  0
LINE
  5
2C7B
330
1F
100
AcDbEntity
  8
0
100
AcDbLine
 10
3126.74881230577
 20
1786.49980913682
 30
0.0
 11
3126.74881230577
 21
1783.386682951855
 31
0.0
  0
LINE
  5
2C7C
330
1F
100
AcDbEntity
  8
0
100
AcDbLine
 10
3126.74881230577
 20
1782.975115254971
 30
0.0
 11
3126.74881230577
 21
1781.551277446503
 31
0.0
  0
LINE
  5
2C7D
330
1F
100
AcDbEntity
  8
0
100
AcDbLine
 10
3127.131402979537
 20
1785.14309893165
 30
0.0
 11
3126.366221632003
 21
1785.14309893165
 31
0.0
  0
LINE
  5
2C7E
330
1F
100
AcDbEntity
  8
0
100
AcDbLine
 10
3127.131402979537
 20
1784.956471294823
 30
0.0
 11
3126.366221632003
 21
1784.956471294823
 31
0.0
  0
LWPOLYLINE
  5
2C7F
330
1F
100
AcDbEntity
  8
0
100
AcDbPolyline
 90
        4
 70
     1
 43
0.0
 10
3125.648605316836
 20
1783.910317168767
 10
3126.537536629257
 20
1783.910317168767
 10
3126.537536629257
 20
1784.388762370956
 10
3125.648605316836
 20
1784.388762370956
  0
LINE
  5
2C80
330
1F
100
AcDbEntity
  8
0
100
AcDbLine
 10
3125.648605316836
 20
1784.388762370956
 30
0.0
 11
3126.537536629257
 21
1783.910317168767
 31
0.0
  0
LINE
  5
2C81
330
1F
100
AcDbEntity
  8
0
100
AcDbLine
 10
3125.485191717385
 20
1784.149539769862
 30
0.0
 11
3125.648605316836
 21
1784.149539769862
 31
0.0
  0
LINE
  5
2C82
330
1F
100
AcDbEntity
  8
0
100
AcDbLine
 10
3126.537536629257
 20
1784.149539769862
 30
0.0
 11
3126.74881230577
 21
1784.149539769862
 31
0.0
  0
LINE
  5
2C83
330
1F
100
AcDbEntity
  8
0
100
AcDbLine
 10
3125.485191717385
 20
1784.284933726837
 30
0.0
 11
3125.485191717385
 21
1784.014145812887
 31
0.0
  0
LINE
  5
2C84
330
1F
100
AcDbEntity
  8
0
100
AcDbLine
 10
3125.485191717385
 20
1784.284933726837
 30
0.0
 11
3125.34979776041
 21
1784.149539769862
 31
0.0
  0
LINE
  5
2C85
330
1F
100
AcDbEntity
  8
0
100
AcDbLine
 10
3125.34979776041
 20
1784.149539769862
 30
0.0
 11
3125.485191717385
 21
1784.014145812887
 31
0.0
  0
LWPOLYLINE
  5
2C86
330
1F
100
AcDbEntity
  8
0
100
AcDbPolyline
 90
        4
 70
     1
 43
0.0
 10
3126.509589704676
 20
1781.551277446503
 10
3126.509589704676
 20
1780.662346134081
 10
3126.988034906865
 20
1780.662346134081
 10
3126.988034906865
 20
1781.551277446503
  0
LINE
  5
2C87
330
1F
100
AcDbEntity
  8
0
100
AcDbLine
 10
3126.988034906865
 20
1780.662346134081
 30
0.0
 11
3126.74881230577
 21
1780.973687128964
 31
0.0
  0
LINE
  5
2C88
330
1F
100
AcDbEntity
  8
0
100
AcDbLine
 10
3126.74881230577
 20
1780.973687128964
 30
0.0
 11
3126.509589704676
 21
1780.662346134081
 31
0.0
  0
LINE
  5
2C89
330
1F
100
AcDbEntity
  8
0
100
AcDbLine
 10
3126.649718754026
 20
1783.386682951855
 30
0.0
 11
3126.847288381693
 21
1783.386682951855
 31
0.0
  0
LWPOLYLINE
  5
2C8A
330
1F
100
AcDbEntity
  8
0
100
AcDbPolyline
 90
        4
 70
     1
 43
0.0
 10
3126.708686942369
 20
1783.386682951855
 10
3126.788320193349
 20
1783.386682951855
 10
3126.788320193349
 20
1783.2215121914
 10
3126.708686942369
 20
1783.2215121914
  0
LINE
  5
2C8B
330
1F
100
AcDbEntity
  8
0
100
AcDbLine
 10
3126.53755545119
 20
1783.324989295351
 30
0.0
 11
3126.74881230577
 21
1782.975115254971
 31
0.0
  0
LWPOLYLINE
  5
2C8C
330
1F
100
AcDbEntity
  8
0
100
AcDbPolyline
 90
        4
 70
     1
 43
0.0
 10
3126.548759835064
 20
1783.2223428945
 10
3126.625188056965
 20
1783.268490890339
 10
3126.77042713617
 20
1783.027952501354
 10
3126.693998914269
 20
1782.981804505514
  0
TEXT
  5
2C8D
330
1F
100
AcDbEntity
  8
0
100
AcDbText
 10
3125.677188600012
 20
1777.213867337373
 30
0.0
 40
0.2478390771075291
  1
Gerador: P1 
  7
arial
100
AcDbText
  0
TEXT
  5
2C8E
330
1F
100
AcDbEntity
  8
0
100
AcDbText
 10
3126.33894043398
 20
1779.978371127246
 30
0.0
 40
0.2478390771075291
  1
Marca
  7
arial
100
AcDbText
  0
TEXT
  5
2C8F
330
1F
100
AcDbEntity
  8
0
100
AcDbText
 10
3126.237892009163
 20
1779.239615371925
 30
0.0
 40
0.2478390771075291
  1
Modelo
  7
arial
100
AcDbText
  0
TEXT
  5
2C90
330
1F
100
AcDbEntity
  8
0
100
AcDbText
 10
3125.625428417962
 20
1777.993409493555
 30
0.0
 40
0.2478390771075291
  1
Quantidade
  7
arial
100
AcDbText
  0
TEXT
  5
2C91
330
1F
100
AcDbEntity
  8
0
 62
     1
 48
0.1
100
AcDbText
 10
3127.494268024679
 20
1777.976994294149
 30
0.0
 40
0.2478390771075291
  1
01
  7
arial
100
AcDbText
  0
TEXT
  5
2C92
330
1F
100
AcDbEntity
  8
0
100
AcDbText
 10
3126.10798479229
 20
1777.704829227014
 30
0.0
 40
0.2478390771075291
  1
2x4mm²
  7
arial
100
AcDbText
  0
LINE
  5
2C93
330
1F
100
AcDbEntity
  8
0
 62
     3
100
AcDbLine
 10
3126.988034906865
 20
1781.551277446503
 30
0.0
 11
3127.280989063077
 21
1781.551277446503
 31
0.0
  0
LINE
  5
2C94
330
1F
100
AcDbEntity
  8
0
 62
     3
100
AcDbLine
 10
3127.280989063077
 20
1781.3295140003
 30
0.0
 11
3127.280989063077
 21
1781.773040892707
 31
0.0
  0
LINE
  5
2C95
330
1F
100
AcDbEntity
  8
0
 62
     3
100
AcDbLine
 10
3127.344924112861
 20
1781.421317126376
 30
0.0
 11
3127.344924112861
 21
1781.689662193091
 31
0.0
  0
LINE
  5
2C96
330
1F
100
AcDbEntity
  8
0
 62
     3
100
AcDbLine
 10
3127.411160857342
 20
1781.499886335655
 30
0.0
 11
3127.411160857342
 21
1781.617958831979
 31
0.0
  0
LINE
  5
2C97
330
1F
100
AcDbEntity
  8
0
 62
     3
100
AcDbLine
 10
3127.478926589843
 20
1781.5346697659
 30
0.0
 11
3127.478926589843
 21
1781.577604934888
 31
0.0
  0
TEXT
  5
2C98
330
1F
100
AcDbEntity
  8
0
 62
     1
 48
0.1
100
AcDbText
 10
3126.964704208297
 20
1783.563354443779
 30
0.0
 40
0.1687247977395283
  1
2P-15A
 50
270.0
  7
arial
100
AcDbText
  0
TEXT
  5
2C99
330
1F
100
AcDbEntity
  8
0
100
AcDbText
 10
3127.182046841797
 20
1785.073403810421
 30
0.0
 40
0.1485104375604364
  1
+
  7
arial
100
AcDbText
  0
TEXT
  5
2C9A
330
1F
100
AcDbEntity
  8
0
100
AcDbText
 10
3127.188564670988
 20
1784.994052261454
 30
0.0
 40
0.1485104375604364
  1
-
 50
270.0
  7
arial
100
AcDbText
  0
LINE
  5
2C9B
330
1F
100
AcDbEntity
  8
0
100
AcDbLine
 10
3129.135473811547
 20
1786.830519689476
 30
0.0
 11
3129.135473811547
 21
1783.386682951855
 31
0.0
  0
LINE
  5
2C9C
330
1F
100
AcDbEntity
  8
0
100
AcDbLine
 10
3129.135473811547
 20
1782.975115254971
 30
0.0
 11
3129.135473811547
 21
1781.551277446503
 31
0.0
  0
LINE
  5
2C9D
330
1F
100
AcDbEntity
  8
0
100
AcDbLine
 10
3129.518064485314
 20
1785.14309893165
 30
0.0
 11
3128.752883137781
 21
1785.14309893165
 31
0.0
  0
LINE
  5
2C9E
330
1F
100
AcDbEntity
  8
0
100
AcDbLine
 10
3129.518064485314
 20
1784.956471294823
 30
0.0
 11
3128.752883137781
 21
1784.956471294823
 31
0.0
  0
LWPOLYLINE
  5
2C9F
330
1F
100
AcDbEntity
  8
0
100
AcDbPolyline
 90
        4
 70
     1
 43
0.0
 10
3128.035266822613
 20
1783.910317168767
 10
3128.924198135035
 20
1783.910317168767
 10
3128.924198135035
 20
1784.388762370956
 10
3128.035266822613
 20
1784.388762370956
  0
LINE
  5
2CA0
330
1F
100
AcDbEntity
  8
0
100
AcDbLine
 10
3128.035266822613
 20
1784.388762370956
 30
0.0
 11
3128.924198135035
 21
1783.910317168767
 31
0.0
  0
LINE
  5
2CA1
330
1F
100
AcDbEntity
  8
0
100
AcDbLine
 10
3127.871853223163
 20
1784.149539769862
 30
0.0
 11
3128.035266822613
 21
1784.149539769862
 31
0.0
  0
LINE
  5
2CA2
330
1F
100
AcDbEntity
  8
0
100
AcDbLine
 10
3128.924198135035
 20
1784.149539769862
 30
0.0
 11
3129.135473811547
 21
1784.149539769862
 31
0.0
  0
LINE
  5
2CA3
330
1F
100
AcDbEntity
  8
0
100
AcDbLine
 10
3127.871853223163
 20
1784.284933726837
 30
0.0
 11
3127.871853223163
 21
1784.014145812887
 31
0.0
  0
LINE
  5
2CA4
330
1F
100
AcDbEntity
  8
0
100
AcDbLine
 10
3127.871853223163
 20
1784.284933726837
 30
0.0
 11
3127.736459266186
 21
1784.149539769862
 31
0.0
  0
LINE
  5
2CA5
330
1F
100
AcDbEntity
  8
0
100
AcDbLine
 10
3127.736459266186
 20
1784.149539769862
 30
0.0
 11
3127.871853223163
 21
1784.014145812887
 31
0.0
  0
LWPOLYLINE
  5
2CA6
330
1F
100
AcDbEntity
  8
0
100
AcDbPolyline
 90
        4
 70
     1
 43
0.0
 10
3128.896251210453
 20
1781.551277446503
 10
3128.896251210453
 20
1780.662346134081
 10
3129.374696412642
 20
1780.662346134081
 10
3129.374696412642
 20
1781.551277446503
  0
LINE
  5
2CA7
330
1F
100
AcDbEntity
  8
0
100
AcDbLine
 10
3129.374696412642
 20
1780.662346134081
 30
0.0
 11
3129.135473811547
 21
1780.973687128964
 31
0.0
  0
LINE
  5
2CA8
330
1F
100
AcDbEntity
  8
0
100
AcDbLine
 10
3129.135473811547
 20
1780.973687128964
 30
0.0
 11
3128.896251210453
 21
1780.662346134081
 31
0.0
  0
LINE
  5
2CA9
330
1F
100
AcDbEntity
  8
0
100
AcDbLine
 10
3129.036380259804
 20
1783.386682951855
 30
0.0
 11
3129.23394988747
 21
1783.386682951855
 31
0.0
  0
LWPOLYLINE
  5
2CAA
330
1F
100
AcDbEntity
  8
0
100
AcDbPolyline
 90
        4
 70
     1
 43
0.0
 10
3129.095348448147
 20
1783.386682951855
 10
3129.174981699126
 20
1783.386682951855
 10
3129.174981699126
 20
1783.2215121914
 10
3129.095348448147
 20
1783.2215121914
  0
LINE
  5
2CAB
330
1F
100
AcDbEntity
  8
0
100
AcDbLine
 10
3128.924216956968
 20
1783.324989295351
 30
0.0
 11
3129.135473811547
 21
1782.975115254971
 31
0.0
  0
LWPOLYLINE
  5
2CAC
330
1F
100
AcDbEntity
  8
0
100
AcDbPolyline
 90
        4
 70
     1
 43
0.0
 10
3128.935421340842
 20
1783.2223428945
 10
3129.011849562742
 20
1783.268490890339
 10
3129.157088641947
 20
1783.027952501354
 10
3129.080660420047
 20
1782.981804505514
  0
TEXT
  5
2CAD
330
1F
100
AcDbEntity
  8
0
100
AcDbText
 10
3128.063850105789
 20
1777.213867337373
 30
0.0
 40
0.2478390771075291
  1
Gerador: P1 
  7
arial
100
AcDbText
  0
TEXT
  5
2CAE
330
1F
100
AcDbEntity
  8
0
100
AcDbText
 10
3128.725601939758
 20
1779.978371127246
 30
0.0
 40
0.2478390771075291
  1
Marca
  7
arial
100
AcDbText
  0
TEXT
  5
2CAF
330
1F
100
AcDbEntity
  8
0
100
AcDbText
 10
3128.62455351494
 20
1779.239615371925
 30
0.0
 40
0.2478390771075291
  1
Modelo
  7
arial
100
AcDbText
  0
TEXT
  5
2CB0
330
1F
100
AcDbEntity
  8
0
100
AcDbText
 10
3128.012089923739
 20
1777.993409493555
 30
0.0
 40
0.2478390771075291
  1
Quantidade
  7
arial
100
AcDbText
  0
TEXT
  5
2CB1
330
1F
100
AcDbEntity
  8
0
 62
     1
 48
0.1
100
AcDbText
 10
3129.880929530457
 20
1777.976994294149
 30
0.0
 40
0.2478390771075291
  1
01
  7
arial
100
AcDbText
  0
TEXT
  5
2CB2
330
1F
100
AcDbEntity
  8
0
100
AcDbText
 10
3128.494646298067
 20
1777.704829227014
 30
0.0
 40
0.2478390771075291
  1
2x4mm²
  7
arial
100
AcDbText
  0
LINE
  5
2CB3
330
1F
100
AcDbEntity
  8
0
 62
     3
100
AcDbLine
 10
3129.374696412642
 20
1781.551277446503
 30
0.0
 11
3129.667650568854
 21
1781.551277446503
 31
0.0
  0
LINE
  5
2CB4
330
1F
100
AcDbEntity
  8
0
 62
     3
100
AcDbLine
 10
3129.667650568854
 20
1781.3295140003
 30
0.0
 11
3129.667650568854
 21
1781.773040892707
 31
0.0
  0
LINE
  5
2CB5
330
1F
100
AcDbEntity
  8
0
 62
     3
100
AcDbLine
 10
3129.731585618638
 20
1781.421317126376
 30
0.0
 11
3129.731585618638
 21
1781.689662193091
 31
0.0
  0
LINE
  5
2CB6
330
1F
100
AcDbEntity
  8
0
 62
     3
100
AcDbLine
 10
3129.79782236312
 20
1781.499886335655
 30
0.0
 11
3129.79782236312
 21
1781.617958831979
 31
0.0
  0
LINE
  5
2CB7
330
1F
100
AcDbEntity
  8
0
 62
     3
100
AcDbLine
 10
3129.865588095619
 20
1781.5346697659
 30
0.0
 11
3129.865588095619
 21
1781.577604934888
 31
0.0
  0
TEXT
  5
2CB8
330
1F
100
AcDbEntity
  8
0
 62
     1
 48
0.1
100
AcDbText
 10
3129.351365714074
 20
1783.563354443779
 30
0.0
 40
0.1687247977395283
  1
2P-15A
 50
270.0
  7
arial
100
AcDbText
  0
TEXT
  5
2CB9
330
1F
100
AcDbEntity
  8
0
100
AcDbText
 10
3129.568708347574
 20
1785.073403810421
 30
0.0
 40
0.1485104375604364
  1
+
  7
arial
100
AcDbText
  0
TEXT
  5
2CBA
330
1F
100
AcDbEntity
  8
0
100
AcDbText
 10
3129.575226176765
 20
1784.994052261454
 30
0.0
 40
0.1485104375604364
  1
-
 50
270.0
  7
arial
100
AcDbText
  0
LINE
  5
2CBB
330
1F
100
AcDbEntity
  8
0
100
AcDbLine
 10
3133.190774751616
 20
1787.96013409242
 30
0.0
 11
3133.190774751615
 21
1783.386682951855
 31
0.0
  0
LINE
  5
2CBC
330
1F
100
AcDbEntity
  8
0
100
AcDbLine
 10
3133.190774751615
 20
1782.975115254971
 30
0.0
 11
3133.190774751615
 21
1781.551277446503
 31
0.0
  0
LINE
  5
2CBD
330
1F
100
AcDbEntity
  8
0
100
AcDbLine
 10
3133.573365425383
 20
1785.14309893165
 30
0.0
 11
3132.808184077849
 21
1785.14309893165
 31
0.0
  0
LINE
  5
2CBE
330
1F
100
AcDbEntity
  8
0
100
AcDbLine
 10
3133.573365425383
 20
1784.956471294823
 30
0.0
 11
3132.808184077849
 21
1784.956471294823
 31
0.0
  0
LWPOLYLINE
  5
2CBF
330
1F
100
AcDbEntity
  8
0
100
AcDbPolyline
 90
        4
 70
     1
 43
0.0
 10
3132.090567762681
 20
1783.910317168767
 10
3132.979499075103
 20
1783.910317168767
 10
3132.979499075103
 20
1784.388762370956
 10
3132.090567762681
 20
1784.388762370956
  0
LINE
  5
2CC0
330
1F
100
AcDbEntity
  8
0
100
AcDbLine
 10
3132.090567762681
 20
1784.388762370956
 30
0.0
 11
3132.979499075103
 21
1783.910317168767
 31
0.0
  0
LINE
  5
2CC1
330
1F
100
AcDbEntity
  8
0
100
AcDbLine
 10
3131.927154163231
 20
1784.149539769862
 30
0.0
 11
3132.090567762681
 21
1784.149539769862
 31
0.0
  0
LINE
  5
2CC2
330
1F
100
AcDbEntity
  8
0
100
AcDbLine
 10
3132.979499075103
 20
1784.149539769862
 30
0.0
 11
3133.190774751615
 21
1784.149539769862
 31
0.0
  0
LINE
  5
2CC3
330
1F
100
AcDbEntity
  8
0
100
AcDbLine
 10
3131.927154163231
 20
1784.284933726836
 30
0.0
 11
3131.927154163231
 21
1784.014145812887
 31
0.0
  0
LINE
  5
2CC4
330
1F
100
AcDbEntity
  8
0
100
AcDbLine
 10
3131.927154163231
 20
1784.284933726836
 30
0.0
 11
3131.791760206255
 21
1784.149539769862
 31
0.0
  0
LINE
  5
2CC5
330
1F
100
AcDbEntity
  8
0
100
AcDbLine
 10
3131.791760206255
 20
1784.149539769862
 30
0.0
 11
3131.927154163231
 21
1784.014145812887
 31
0.0
  0
LWPOLYLINE
  5
2CC6
330
1F
100
AcDbEntity
  8
0
100
AcDbPolyline
 90
        4
 70
     1
 43
0.0
 10
3132.951552150521
 20
1781.551277446503
 10
3132.951552150521
 20
1780.662346134081
 10
3133.42999735271
 20
1780.662346134081
 10
3133.42999735271
 20
1781.551277446503
  0
LINE
  5
2CC7
330
1F
100
AcDbEntity
  8
0
100
AcDbLine
 10
3133.42999735271
 20
1780.662346134081
 30
0.0
 11
3133.190774751615
 21
1780.973687128964
 31
0.0
  0
LINE
  5
2CC8
330
1F
100
AcDbEntity
  8
0
100
AcDbLine
 10
3133.190774751615
 20
1780.973687128964
 30
0.0
 11
3132.951552150521
 21
1780.662346134081
 31
0.0
  0
LINE
  5
2CC9
330
1F
100
AcDbEntity
  8
0
100
AcDbLine
 10
3133.091681199872
 20
1783.386682951855
 30
0.0
 11
3133.289250827538
 21
1783.386682951855
 31
0.0
  0
LWPOLYLINE
  5
2CCA
330
1F
100
AcDbEntity
  8
0
100
AcDbPolyline
 90
        4
 70
     1
 43
0.0
 10
3133.150649388215
 20
1783.386682951855
 10
3133.230282639195
 20
1783.386682951855
 10
3133.230282639195
 20
1783.2215121914
 10
3133.150649388215
 20
1783.2215121914
  0
LINE
  5
2CCB
330
1F
100
AcDbEntity
  8
0
100
AcDbLine
 10
3132.979517897036
 20
1783.324989295351
 30
0.0
 11
3133.190774751615
 21
1782.975115254971
 31
0.0
  0
LWPOLYLINE
  5
2CCC
330
1F
100
AcDbEntity
  8
0
100
AcDbPolyline
 90
        4
 70
     1
 43
0.0
 10
3132.99072228091
 20
1783.2223428945
 10
3133.067150502811
 20
1783.268490890339
 10
3133.212389582016
 20
1783.027952501354
 10
3133.135961360115
 20
1782.981804505514
  0
TEXT
  5
2CCD
330
1F
100
AcDbEntity
  8
0
100
AcDbText
 10
3132.119151045858
 20
1777.213867337373
 30
0.0
 40
0.2478390771075291
  1
Gerador: P1 
  7
arial
100
AcDbText
  0
TEXT
  5
2CCE
330
1F
100
AcDbEntity
  8
0
100
AcDbText
 10
3132.780902879826
 20
1779.978371127246
 30
0.0
 40
0.2478390771075291
  1
Marca
  7
arial
100
AcDbText
  0
TEXT
  5
2CCF
330
1F
100
AcDbEntity
  8
0
100
AcDbText
 10
3132.679854455008
 20
1779.239615371925
 30
0.0
 40
0.2478390771075291
  1
Modelo
  7
arial
100
AcDbText
  0
TEXT
  5
2CD0
330
1F
100
AcDbEntity
  8
0
100
AcDbText
 10
3132.067390863807
 20
1777.993409493555
 30
0.0
 40
0.2478390771075291
  1
Quantidade
  7
arial
100
AcDbText
  0
TEXT
  5
2CD1
330
1F
100
AcDbEntity
  8
0
 62
     1
 48
0.1
100
AcDbText
 10
3133.936230470525
 20
1777.976994294149
 30
0.0
 40
0.2478390771075291
  1
01
  7
arial
100
AcDbText
  0
TEXT
  5
2CD2
330
1F
100
AcDbEntity
  8
0
100
AcDbText
 10
3132.549947238135
 20
1777.704829227014
 30
0.0
 40
0.2478390771075291
  1
2x4mm²
  7
arial
100
AcDbText
  0
LINE
  5
2CD3
330
1F
100
AcDbEntity
  8
0
 62
     3
100
AcDbLine
 10
3133.42999735271
 20
1781.551277446503
 30
0.0
 11
3133.722951508922
 21
1781.551277446503
 31
0.0
  0
LINE
  5
2CD4
330
1F
100
AcDbEntity
  8
0
 62
     3
100
AcDbLine
 10
3133.722951508922
 20
1781.3295140003
 30
0.0
 11
3133.722951508922
 21
1781.773040892707
 31
0.0
  0
LINE
  5
2CD5
330
1F
100
AcDbEntity
  8
0
 62
     3
100
AcDbLine
 10
3133.786886558707
 20
1781.421317126376
 30
0.0
 11
3133.786886558707
 21
1781.689662193091
 31
0.0
  0
LINE
  5
2CD6
330
1F
100
AcDbEntity
  8
0
 62
     3
100
AcDbLine
 10
3133.853123303188
 20
1781.499886335655
 30
0.0
 11
3133.853123303188
 21
1781.617958831979
 31
0.0
  0
LINE
  5
2CD7
330
1F
100
AcDbEntity
  8
0
 62
     3
100
AcDbLine
 10
3133.920889035687
 20
1781.5346697659
 30
0.0
 11
3133.920889035687
 21
1781.577604934888
 31
0.0
  0
TEXT
  5
2CD8
330
1F
100
AcDbEntity
  8
0
 62
     1
 48
0.1
100
AcDbText
 10
3133.406666654142
 20
1783.563354443779
 30
0.0
 40
0.1687247977395283
  1
2P-15A
 50
270.0
  7
arial
100
AcDbText
  0
TEXT
  5
2CD9
330
1F
100
AcDbEntity
  8
0
100
AcDbText
 10
3133.624009287643
 20
1785.073403810421
 30
0.0
 40
0.1485104375604364
  1
+
  7
arial
100
AcDbText
  0
TEXT
  5
2CDA
330
1F
100
AcDbEntity
  8
0
100
AcDbText
 10
3133.630527116833
 20
1784.994052261454
 30
0.0
 40
0.1485104375604364
  1
-
 50
270.0
  7
arial
100
AcDbText
  0
LINE
  5
2CDB
330
1F
100
AcDbEntity
  8
0
100
AcDbLine
 10
3135.754225449797
 20
1786.096322153144
 30
0.0
 11
3135.754225449797
 21
1783.386682951855
 31
0.0
  0
LINE
  5
2CDC
330
1F
100
AcDbEntity
  8
0
100
AcDbLine
 10
3135.754225449797
 20
1782.975115254971
 30
0.0
 11
3135.754225449797
 21
1781.551277446503
 31
0.0
  0
LINE
  5
2CDD
330
1F
100
AcDbEntity
  8
0
100
AcDbLine
 10
3136.136816123565
 20
1785.14309893165
 30
0.0
 11
3135.37163477603
 21
1785.14309893165
 31
0.0
  0
LINE
  5
2CDE
330
1F
100
AcDbEntity
  8
0
100
AcDbLine
 10
3136.136816123565
 20
1784.956471294823
 30
0.0
 11
3135.37163477603
 21
1784.956471294823
 31
0.0
  0
LWPOLYLINE
  5
2CDF
330
1F
100
AcDbEntity
  8
0
100
AcDbPolyline
 90
        4
 70
     1
 43
0.0
 10
3134.654018460863
 20
1783.910317168767
 10
3135.542949773285
 20
1783.910317168767
 10
3135.542949773285
 20
1784.388762370956
 10
3134.654018460863
 20
1784.388762370956
  0
LINE
  5
2CE0
330
1F
100
AcDbEntity
  8
0
100
AcDbLine
 10
3134.654018460863
 20
1784.388762370956
 30
0.0
 11
3135.542949773285
 21
1783.910317168767
 31
0.0
  0
LINE
  5
2CE1
330
1F
100
AcDbEntity
  8
0
100
AcDbLine
 10
3134.490604861412
 20
1784.149539769862
 30
0.0
 11
3134.654018460863
 21
1784.149539769862
 31
0.0
  0
LINE
  5
2CE2
330
1F
100
AcDbEntity
  8
0
100
AcDbLine
 10
3135.542949773285
 20
1784.149539769862
 30
0.0
 11
3135.754225449797
 21
1784.149539769862
 31
0.0
  0
LINE
  5
2CE3
330
1F
100
AcDbEntity
  8
0
100
AcDbLine
 10
3134.490604861412
 20
1784.284933726837
 30
0.0
 11
3134.490604861412
 21
1784.014145812887
 31
0.0
  0
LINE
  5
2CE4
330
1F
100
AcDbEntity
  8
0
100
AcDbLine
 10
3134.490604861412
 20
1784.284933726837
 30
0.0
 11
3134.355210904437
 21
1784.149539769862
 31
0.0
  0
LINE
  5
2CE5
330
1F
100
AcDbEntity
  8
0
100
AcDbLine
 10
3134.355210904437
 20
1784.149539769862
 30
0.0
 11
3134.490604861412
 21
1784.014145812887
 31
0.0
  0
LWPOLYLINE
  5
2CE6
330
1F
100
AcDbEntity
  8
0
100
AcDbPolyline
 90
        4
 70
     1
 43
0.0
 10
3135.515002848702
 20
1781.551277446503
 10
3135.515002848702
 20
1780.662346134081
 10
3135.993448050892
 20
1780.662346134081
 10
3135.993448050892
 20
1781.551277446503
  0
LINE
  5
2CE7
330
1F
100
AcDbEntity
  8
0
100
AcDbLine
 10
3135.993448050892
 20
1780.662346134081
 30
0.0
 11
3135.754225449797
 21
1780.973687128964
 31
0.0
  0
LINE
  5
2CE8
330
1F
100
AcDbEntity
  8
0
100
AcDbLine
 10
3135.754225449797
 20
1780.973687128964
 30
0.0
 11
3135.515002848702
 21
1780.662346134081
 31
0.0
  0
LINE
  5
2CE9
330
1F
100
AcDbEntity
  8
0
100
AcDbLine
 10
3135.655131898054
 20
1783.386682951855
 30
0.0
 11
3135.85270152572
 21
1783.386682951855
 31
0.0
  0
LWPOLYLINE
  5
2CEA
330
1F
100
AcDbEntity
  8
0
100
AcDbPolyline
 90
        4
 70
     1
 43
0.0
 10
3135.714100086397
 20
1783.386682951855
 10
3135.793733337376
 20
1783.386682951855
 10
3135.793733337376
 20
1783.2215121914
 10
3135.714100086397
 20
1783.2215121914
  0
LINE
  5
2CEB
330
1F
100
AcDbEntity
  8
0
100
AcDbLine
 10
3135.542968595218
 20
1783.324989295351
 30
0.0
 11
3135.754225449797
 21
1782.975115254971
 31
0.0
  0
LWPOLYLINE
  5
2CEC
330
1F
100
AcDbEntity
  8
0
100
AcDbPolyline
 90
        4
 70
     1
 43
0.0
 10
3135.554172979091
 20
1783.2223428945
 10
3135.630601200992
 20
1783.268490890339
 10
3135.775840280198
 20
1783.027952501354
 10
3135.699412058297
 20
1782.981804505514
  0
TEXT
  5
2CED
330
1F
100
AcDbEntity
  8
0
100
AcDbText
 10
3134.68260174404
 20
1777.213867337373
 30
0.0
 40
0.2478390771075291
  1
Gerador: P1 
  7
arial
100
AcDbText
  0
TEXT
  5
2CEE
330
1F
100
AcDbEntity
  8
0
100
AcDbText
 10
3135.344353578008
 20
1779.978371127246
 30
0.0
 40
0.2478390771075291
  1
Marca
  7
arial
100
AcDbText
  0
TEXT
  5
2CEF
330
1F
100
AcDbEntity
  8
0
100
AcDbText
 10
3135.24330515319
 20
1779.239615371925
 30
0.0
 40
0.2478390771075291
  1
Modelo
  7
arial
100
AcDbText
  0
TEXT
  5
2CF0
330
1F
100
AcDbEntity
  8
0
100
AcDbText
 10
3134.630841561989
 20
1777.993409493555
 30
0.0
 40
0.2478390771075291
  1
Quantidade
  7
arial
100
AcDbText
  0
TEXT
  5
2CF1
330
1F
100
AcDbEntity
  8
0
 62
     1
 48
0.1
100
AcDbText
 10
3136.499681168707
 20
1777.976994294149
 30
0.0
 40
0.2478390771075291
  1
01
  7
arial
100
AcDbText
  0
TEXT
  5
2CF2
330
1F
100
AcDbEntity
  8
0
100
AcDbText
 10
3135.113397936316
 20
1777.704829227014
 30
0.0
 40
0.2478390771075291
  1
2x4mm²
  7
arial
100
AcDbText
  0
LINE
  5
2CF3
330
1F
100
AcDbEntity
  8
0
 62
     3
100
AcDbLine
 10
3135.993448050892
 20
1781.551277446503
 30
0.0
 11
3136.286402207104
 21
1781.551277446503
 31
0.0
  0
LINE
  5
2CF4
330
1F
100
AcDbEntity
  8
0
 62
     3
100
AcDbLine
 10
3136.286402207104
 20
1781.3295140003
 30
0.0
 11
3136.286402207104
 21
1781.773040892707
 31
0.0
  0
LINE
  5
2CF5
330
1F
100
AcDbEntity
  8
0
 62
     3
100
AcDbLine
 10
3136.350337256888
 20
1781.421317126376
 30
0.0
 11
3136.350337256888
 21
1781.689662193091
 31
0.0
  0
LINE
  5
2CF6
330
1F
100
AcDbEntity
  8
0
 62
     3
100
AcDbLine
 10
3136.41657400137
 20
1781.499886335655
 30
0.0
 11
3136.41657400137
 21
1781.617958831979
 31
0.0
  0
LINE
  5
2CF7
330
1F
100
AcDbEntity
  8
0
 62
     3
100
AcDbLine
 10
3136.48433973387
 20
1781.5346697659
 30
0.0
 11
3136.48433973387
 21
1781.577604934888
 31
0.0
  0
TEXT
  5
2CF8
330
1F
100
AcDbEntity
  8
0
 62
     1
 48
0.1
100
AcDbText
 10
3135.970117352324
 20
1783.563354443779
 30
0.0
 40
0.1687247977395283
  1
2P-15A
 50
270.0
  7
arial
100
AcDbText
  0
TEXT
  5
2CF9
330
1F
100
AcDbEntity
  8
0
100
AcDbText
 10
3136.187459985825
 20
1785.073403810421
 30
0.0
 40
0.1485104375604364
  1
+
  7
arial
100
AcDbText
  0
TEXT
  5
2CFA
330
1F
100
AcDbEntity
  8
0
100
AcDbText
 10
3136.193977815015
 20
1784.994052261454
 30
0.0
 40
0.1485104375604364
  1
-
 50
270.0
  7
arial
100
AcDbText
  0
LINE
  5
2CFB
330
1F
100
AcDbEntity
  8
0
100
AcDbLine
 10
3138.317676147979
 20
1786.096322153144
 30
0.0
 11
3138.317676147979
 21
1783.386682951855
 31
0.0
  0
LINE
  5
2CFC
330
1F
100
AcDbEntity
  8
0
100
AcDbLine
 10
3138.317676147979
 20
1782.975115254971
 30
0.0
 11
3138.317676147979
 21
1781.551277446503
 31
0.0
  0
LINE
  5
2CFD
330
1F
100
AcDbEntity
  8
0
100
AcDbLine
 10
3138.700266821746
 20
1785.14309893165
 30
0.0
 11
3137.935085474213
 21
1785.14309893165
 31
0.0
  0
LINE
  5
2CFE
330
1F
100
AcDbEntity
  8
0
100
AcDbLine
 10
3138.700266821746
 20
1784.956471294823
 30
0.0
 11
3137.935085474213
 21
1784.956471294823
 31
0.0
  0
LWPOLYLINE
  5
2CFF
330
1F
100
AcDbEntity
  8
0
100
AcDbPolyline
 90
        4
 70
     1
 43
0.0
 10
3137.217469159045
 20
1783.910317168767
 10
3138.106400471466
 20
1783.910317168767
 10
3138.106400471466
 20
1784.388762370956
 10
3137.217469159045
 20
1784.388762370956
  0
LINE
  5
2D00
330
1F
100
AcDbEntity
  8
0
100
AcDbLine
 10
3137.217469159045
 20
1784.388762370956
 30
0.0
 11
3138.106400471466
 21
1783.910317168767
 31
0.0
  0
LINE
  5
2D01
330
1F
100
AcDbEntity
  8
0
100
AcDbLine
 10
3138.106400471466
 20
1784.149539769862
 30
0.0
 11
3138.317676147979
 21
1784.149539769862
 31
0.0
  0
LWPOLYLINE
  5
2D02
330
1F
100
AcDbEntity
  8
0
100
AcDbPolyline
 90
        4
 70
     1
 43
0.0
 10
3138.078453546885
 20
1781.551277446503
 10
3138.078453546885
 20
1780.662346134081
 10
3138.556898749074
 20
1780.662346134081
 10
3138.556898749074
 20
1781.551277446503
  0
LINE
  5
2D03
330
1F
100
AcDbEntity
  8
0
100
AcDbLine
 10
3138.556898749074
 20
1780.662346134081
 30
0.0
 11
3138.317676147979
 21
1780.973687128964
 31
0.0
  0
LINE
  5
2D04
330
1F
100
AcDbEntity
  8
0
100
AcDbLine
 10
3138.317676147979
 20
1780.973687128964
 30
0.0
 11
3138.078453546885
 21
1780.662346134081
 31
0.0
  0
LINE
  5
2D05
330
1F
100
AcDbEntity
  8
0
100
AcDbLine
 10
3138.218582596236
 20
1783.386682951855
 30
0.0
 11
3138.416152223902
 21
1783.386682951855
 31
0.0
  0
LWPOLYLINE
  5
2D06
330
1F
100
AcDbEntity
  8
0
100
AcDbPolyline
 90
        4
 70
     1
 43
0.0
 10
3138.277550784579
 20
1783.386682951855
 10
3138.357184035558
 20
1783.386682951855
 10
3138.357184035558
 20
1783.2215121914
 10
3138.277550784579
 20
1783.2215121914
  0
LINE
  5
2D07
330
1F
100
AcDbEntity
  8
0
100
AcDbLine
 10
3138.1064192934
 20
1783.324989295351
 30
0.0
 11
3138.317676147979
 21
1782.975115254971
 31
0.0
  0
LWPOLYLINE
  5
2D08
330
1F
100
AcDbEntity
  8
0
100
AcDbPolyline
 90
        4
 70
     1
 43
0.0
 10
3138.117623677273
 20
1783.2223428945
 10
3138.194051899175
 20
1783.268490890339
 10
3138.33929097838
 20
1783.027952501354
 10
3138.262862756478
 20
1782.981804505514
  0
TEXT
  5
2D09
330
1F
100
AcDbEntity
  8
0
100
AcDbText
 10
3137.246052442221
 20
1777.213867337373
 30
0.0
 40
0.2478390771075291
  1
Gerador: P1 
  7
arial
100
AcDbText
  0
TEXT
  5
2D0A
330
1F
100
AcDbEntity
  8
0
100
AcDbText
 10
3137.907804276189
 20
1779.978371127246
 30
0.0
 40
0.2478390771075291
  1
Marca
  7
arial
100
AcDbText
  0
TEXT
  5
2D0B
330
1F
100
AcDbEntity
  8
0
100
AcDbText
 10
3137.806755851372
 20
1779.239615371925
 30
0.0
 40
0.2478390771075291
  1
Modelo
  7
arial
100
AcDbText
  0
TEXT
  5
2D0C
330
1F
100
AcDbEntity
  8
0
100
AcDbText
 10
3137.194292260171
 20
1777.993409493555
 30
0.0
 40
0.2478390771075291
  1
Quantidade
  7
arial
100
AcDbText
  0
TEXT
  5
2D0D
330
1F
100
AcDbEntity
  8
0
 62
     1
 48
0.1
100
AcDbText
 10
3139.063131866888
 20
1777.976994294149
 30
0.0
 40
0.2478390771075291
  1
01
  7
arial
100
AcDbText
  0
TEXT
  5
2D0E
330
1F
100
AcDbEntity
  8
0
100
AcDbText
 10
3137.676848634499
 20
1777.704829227014
 30
0.0
 40
0.2478390771075291
  1
2x4mm²
  7
arial
100
AcDbText
  0
LINE
  5
2D0F
330
1F
100
AcDbEntity
  8
0
 62
     3
100
AcDbLine
 10
3138.556898749074
 20
1781.551277446503
 30
0.0
 11
3138.849852905285
 21
1781.551277446503
 31
0.0
  0
LINE
  5
2D10
330
1F
100
AcDbEntity
  8
0
 62
     3
100
AcDbLine
 10
3138.849852905285
 20
1781.3295140003
 30
0.0
 11
3138.849852905285
 21
1781.773040892707
 31
0.0
  0
LINE
  5
2D11
330
1F
100
AcDbEntity
  8
0
 62
     3
100
AcDbLine
 10
3138.91378795507
 20
1781.421317126376
 30
0.0
 11
3138.91378795507
 21
1781.689662193091
 31
0.0
  0
LINE
  5
2D12
330
1F
100
AcDbEntity
  8
0
 62
     3
100
AcDbLine
 10
3138.980024699551
 20
1781.499886335655
 30
0.0
 11
3138.980024699551
 21
1781.617958831979
 31
0.0
  0
LINE
  5
2D13
330
1F
100
AcDbEntity
  8
0
 62
     3
100
AcDbLine
 10
3139.047790432052
 20
1781.5346697659
 30
0.0
 11
3139.047790432052
 21
1781.577604934888
 31
0.0
  0
TEXT
  5
2D14
330
1F
100
AcDbEntity
  8
0
 62
     1
 48
0.1
100
AcDbText
 10
3138.533568050506
 20
1783.563354443779
 30
0.0
 40
0.1687247977395283
  1
2P-15A
 50
270.0
  7
arial
100
AcDbText
  0
TEXT
  5
2D15
330
1F
100
AcDbEntity
  8
0
100
AcDbText
 10
3138.750910684006
 20
1785.073403810421
 30
0.0
 40
0.1485104375604364
  1
+
  7
arial
100
AcDbText
  0
TEXT
  5
2D16
330
1F
100
AcDbEntity
  8
0
100
AcDbText
 10
3138.757428513196
 20
1784.994052261454
 30
0.0
 40
0.1485104375604364
  1
-
 50
270.0
  7
arial
100
AcDbText
  0
LINE
  5
2D17
330
1F
100
AcDbEntity
  8
0
100
AcDbLine
 10
3140.615943057554
 20
1786.096322153144
 30
0.0
 11
3140.615943057554
 21
1783.386682951855
 31
0.0
  0
LINE
  5
2D18
330
1F
100
AcDbEntity
  8
0
100
AcDbLine
 10
3140.615943057554
 20
1782.975115254971
 30
0.0
 11
3140.615943057554
 21
1781.551277446503
 31
0.0
  0
LINE
  5
2D19
330
1F
100
AcDbEntity
  8
0
100
AcDbLine
 10
3140.998533731322
 20
1785.14309893165
 30
0.0
 11
3140.233352383787
 21
1785.14309893165
 31
0.0
  0
LINE
  5
2D1A
330
1F
100
AcDbEntity
  8
0
100
AcDbLine
 10
3140.998533731322
 20
1784.956471294823
 30
0.0
 11
3140.233352383787
 21
1784.956471294823
 31
0.0
  0
LWPOLYLINE
  5
2D1B
330
1F
100
AcDbEntity
  8
0
100
AcDbPolyline
 90
        4
 70
     1
 43
0.0
 10
3139.51573606862
 20
1783.910317168767
 10
3140.404667381042
 20
1783.910317168767
 10
3140.404667381042
 20
1784.388762370956
 10
3139.51573606862
 20
1784.388762370956
  0
LINE
  5
2D1C
330
1F
100
AcDbEntity
  8
0
100
AcDbLine
 10
3139.51573606862
 20
1784.388762370956
 30
0.0
 11
3140.404667381042
 21
1783.910317168767
 31
0.0
  0
LINE
  5
2D1D
330
1F
100
AcDbEntity
  8
0
100
AcDbLine
 10
3139.35232246917
 20
1784.149539769862
 30
0.0
 11
3139.51573606862
 21
1784.149539769862
 31
0.0
  0
LINE
  5
2D1E
330
1F
100
AcDbEntity
  8
0
100
AcDbLine
 10
3140.404667381042
 20
1784.149539769862
 30
0.0
 11
3140.615943057554
 21
1784.149539769862
 31
0.0
  0
LINE
  5
2D1F
330
1F
100
AcDbEntity
  8
0
100
AcDbLine
 10
3139.35232246917
 20
1784.284933726837
 30
0.0
 11
3139.35232246917
 21
1784.014145812887
 31
0.0
  0
LINE
  5
2D20
330
1F
100
AcDbEntity
  8
0
100
AcDbLine
 10
3139.35232246917
 20
1784.284933726837
 30
0.0
 11
3139.216928512194
 21
1784.149539769862
 31
0.0
  0
LINE
  5
2D21
330
1F
100
AcDbEntity
  8
0
100
AcDbLine
 10
3139.216928512194
 20
1784.149539769862
 30
0.0
 11
3139.35232246917
 21
1784.014145812887
 31
0.0
  0
LWPOLYLINE
  5
2D22
330
1F
100
AcDbEntity
  8
0
100
AcDbPolyline
 90
        4
 70
     1
 43
0.0
 10
3140.37672045646
 20
1781.551277446503
 10
3140.37672045646
 20
1780.662346134081
 10
3140.85516565865
 20
1780.662346134081
 10
3140.85516565865
 20
1781.551277446503
  0
LINE
  5
2D23
330
1F
100
AcDbEntity
  8
0
100
AcDbLine
 10
3140.85516565865
 20
1780.662346134081
 30
0.0
 11
3140.615943057554
 21
1780.973687128964
 31
0.0
  0
LINE
  5
2D24
330
1F
100
AcDbEntity
  8
0
100
AcDbLine
 10
3140.615943057554
 20
1780.973687128964
 30
0.0
 11
3140.37672045646
 21
1780.662346134081
 31
0.0
  0
LINE
  5
2D25
330
1F
100
AcDbEntity
  8
0
100
AcDbLine
 10
3140.516849505811
 20
1783.386682951855
 30
0.0
 11
3140.714419133477
 21
1783.386682951855
 31
0.0
  0
LWPOLYLINE
  5
2D26
330
1F
100
AcDbEntity
  8
0
100
AcDbPolyline
 90
        4
 70
     1
 43
0.0
 10
3140.575817694155
 20
1783.386682951855
 10
3140.655450945133
 20
1783.386682951855
 10
3140.655450945133
 20
1783.2215121914
 10
3140.575817694155
 20
1783.2215121914
  0
LINE
  5
2D27
330
1F
100
AcDbEntity
  8
0
100
AcDbLine
 10
3140.404686202975
 20
1783.324989295351
 30
0.0
 11
3140.615943057554
 21
1782.975115254971
 31
0.0
  0
LWPOLYLINE
  5
2D28
330
1F
100
AcDbEntity
  8
0
100
AcDbPolyline
 90
        4
 70
     1
 43
0.0
 10
3140.415890586849
 20
1783.2223428945
 10
3140.49231880875
 20
1783.268490890339
 10
3140.637557887955
 20
1783.027952501354
 10
3140.561129666054
 20
1782.981804505514
  0
TEXT
  5
2D29
330
1F
100
AcDbEntity
  8
0
100
AcDbText
 10
3139.544319351797
 20
1777.213867337373
 30
0.0
 40
0.2478390771075291
  1
Gerador: P1 
  7
arial
100
AcDbText
  0
TEXT
  5
2D2A
330
1F
100
AcDbEntity
  8
0
100
AcDbText
 10
3140.206071185765
 20
1779.978371127246
 30
0.0
 40
0.2478390771075291
  1
Marca
  7
arial
100
AcDbText
  0
TEXT
  5
2D2B
330
1F
100
AcDbEntity
  8
0
100
AcDbText
 10
3140.105022760948
 20
1779.239615371925
 30
0.0
 40
0.2478390771075291
  1
Modelo
  7
arial
100
AcDbText
  0
TEXT
  5
2D2C
330
1F
100
AcDbEntity
  8
0
100
AcDbText
 10
3139.492559169746
 20
1777.993409493555
 30
0.0
 40
0.2478390771075291
  1
Quantidade
  7
arial
100
AcDbText
  0
TEXT
  5
2D2D
330
1F
100
AcDbEntity
  8
0
 62
     1
 48
0.1
100
AcDbText
 10
3141.361398776464
 20
1777.976994294149
 30
0.0
 40
0.2478390771075291
  1
01
  7
arial
100
AcDbText
  0
TEXT
  5
2D2E
330
1F
100
AcDbEntity
  8
0
100
AcDbText
 10
3139.975115544074
 20
1777.704829227014
 30
0.0
 40
0.2478390771075291
  1
2x4mm²
  7
arial
100
AcDbText
  0
LINE
  5
2D2F
330
1F
100
AcDbEntity
  8
0
 62
     3
100
AcDbLine
 10
3140.85516565865
 20
1781.551277446503
 30
0.0
 11
3141.148119814861
 21
1781.551277446503
 31
0.0
  0
LINE
  5
2D30
330
1F
100
AcDbEntity
  8
0
 62
     3
100
AcDbLine
 10
3141.148119814861
 20
1781.3295140003
 30
0.0
 11
3141.148119814861
 21
1781.773040892707
 31
0.0
  0
LINE
  5
2D31
330
1F
100
AcDbEntity
  8
0
 62
     3
100
AcDbLine
 10
3141.212054864646
 20
1781.421317126376
 30
0.0
 11
3141.212054864646
 21
1781.689662193091
 31
0.0
  0
LINE
  5
2D32
330
1F
100
AcDbEntity
  8
0
 62
     3
100
AcDbLine
 10
3141.278291609126
 20
1781.499886335655
 30
0.0
 11
3141.278291609126
 21
1781.617958831979
 31
0.0
  0
LINE
  5
2D33
330
1F
100
AcDbEntity
  8
0
 62
     3
100
AcDbLine
 10
3141.346057341627
 20
1781.5346697659
 30
0.0
 11
3141.346057341627
 21
1781.577604934888
 31
0.0
  0
TEXT
  5
2D34
330
1F
100
AcDbEntity
  8
0
 62
     1
 48
0.1
100
AcDbText
 10
3140.831834960081
 20
1783.563354443779
 30
0.0
 40
0.1687247977395283
  1
2P-15A
 50
270.0
  7
arial
100
AcDbText
  0
TEXT
  5
2D35
330
1F
100
AcDbEntity
  8
0
100
AcDbText
 10
3141.049177593582
 20
1785.073403810421
 30
0.0
 40
0.1485104375604364
  1
+
  7
arial
100
AcDbText
  0
TEXT
  5
2D36
330
1F
100
AcDbEntity
  8
0
100
AcDbText
 10
3141.055695422772
 20
1784.994052261454
 30
0.0
 40
0.1485104375604364
  1
-
 50
270.0
  7
arial
100
AcDbText
  0
LINE
  5
2D37
330
1F
100
AcDbEntity
  8
0
100
AcDbLine
 10
3124.362150799992
 20
1786.096322153144
 30
0.0
 11
3122.244394885966
 21
1786.096322153144
 31
0.0
  0
LINE
  5
2D38
330
1F
100
AcDbEntity
  8
0
100
AcDbLine
 10
3122.244394885966
 20
1786.096322153144
 30
0.0
 11
3122.220097077033
 21
1787.917565440123
 31
0.0
  0
LINE
  5
2D39
330
1F
100
AcDbEntity
  8
0
100
AcDbLine
 10
3122.486310622162
 20
1787.917565440123
 30
0.0
 11
3122.486310622162
 21
1786.454380461911
 31
0.0
  0
LINE
  5
2D3A
330
1F
100
AcDbEntity
  8
0
100
AcDbLine
 10
3122.486310622162
 20
1786.454380461911
 30
0.0
 11
3126.743953051507
 21
1786.454380461911
 31
0.0
  0
LINE
  5
2D3B
330
1F
100
AcDbEntity
  8
0
100
AcDbLine
 10
3122.190458701142
 20
1789.184839809266
 30
0.0
 11
3122.190458701142
 21
1789.587236881147
 31
0.0
  0
LINE
  5
2D3C
330
1F
100
AcDbEntity
  8
0
100
AcDbLine
 10
3122.190458701142
 20
1789.587236881147
 30
0.0
 11
3145.100057225317
 21
1789.587236881147
 31
0.0
  0
LINE
  5
2D3D
330
1F
100
AcDbEntity
  8
0
100
AcDbLine
 10
3122.927492394564
 20
1787.917565440123
 30
0.0
 11
3122.927492394564
 21
1786.830519689476
 31
0.0
  0
LINE
  5
2D3E
330
1F
100
AcDbEntity
  8
0
100
AcDbLine
 10
3122.927492394564
 20
1786.830519689476
 30
0.0
 11
3129.135473811547
 21
1786.830519689476
 31
0.0
  0
LINE
  5
2D3F
330
1F
100
AcDbEntity
  8
0
100
AcDbLine
 10
3144.84655423345
 20
1787.96013409242
 30
0.0
 11
3144.84655423345
 21
1783.386682951855
 31
0.0
  0
LINE
  5
2D40
330
1F
100
AcDbEntity
  8
0
100
AcDbLine
 10
3144.84655423345
 20
1782.975115254971
 30
0.0
 11
3144.84655423345
 21
1781.551277446503
 31
0.0
  0
LINE
  5
2D41
330
1F
100
AcDbEntity
  8
0
100
AcDbLine
 10
3145.229144907217
 20
1785.14309893165
 30
0.0
 11
3144.463963559684
 21
1785.14309893165
 31
0.0
  0
LINE
  5
2D42
330
1F
100
AcDbEntity
  8
0
100
AcDbLine
 10
3145.229144907217
 20
1784.956471294823
 30
0.0
 11
3144.463963559684
 21
1784.956471294823
 31
0.0
  0
LWPOLYLINE
  5
2D43
330
1F
100
AcDbEntity
  8
0
100
AcDbPolyline
 90
        4
 70
     1
 43
0.0
 10
3143.746347244516
 20
1783.910317168767
 10
3144.635278556938
 20
1783.910317168767
 10
3144.635278556938
 20
1784.388762370956
 10
3143.746347244516
 20
1784.388762370956
  0
LINE
  5
2D44
330
1F
100
AcDbEntity
  8
0
100
AcDbLine
 10
3143.746347244516
 20
1784.388762370956
 30
0.0
 11
3144.635278556938
 21
1783.910317168767
 31
0.0
  0
LINE
  5
2D45
330
1F
100
AcDbEntity
  8
0
100
AcDbLine
 10
3143.582933645066
 20
1784.149539769862
 30
0.0
 11
3143.746347244516
 21
1784.149539769862
 31
0.0
  0
LINE
  5
2D46
330
1F
100
AcDbEntity
  8
0
100
AcDbLine
 10
3144.635278556938
 20
1784.149539769862
 30
0.0
 11
3144.84655423345
 21
1784.149539769862
 31
0.0
  0
LINE
  5
2D47
330
1F
100
AcDbEntity
  8
0
100
AcDbLine
 10
3143.582933645066
 20
1784.284933726837
 30
0.0
 11
3143.582933645066
 21
1784.014145812887
 31
0.0
  0
LINE
  5
2D48
330
1F
100
AcDbEntity
  8
0
100
AcDbLine
 10
3143.582933645066
 20
1784.284933726837
 30
0.0
 11
3143.44753968809
 21
1784.149539769862
 31
0.0
  0
LINE
  5
2D49
330
1F
100
AcDbEntity
  8
0
100
AcDbLine
 10
3143.44753968809
 20
1784.149539769862
 30
0.0
 11
3143.582933645066
 21
1784.014145812887
 31
0.0
  0
LWPOLYLINE
  5
2D4A
330
1F
100
AcDbEntity
  8
0
100
AcDbPolyline
 90
        4
 70
     1
 43
0.0
 10
3144.607331632356
 20
1781.551277446503
 10
3144.607331632356
 20
1780.662346134081
 10
3145.085776834545
 20
1780.662346134081
 10
3145.085776834545
 20
1781.551277446503
  0
LINE
  5
2D4B
330
1F
100
AcDbEntity
  8
0
100
AcDbLine
 10
3145.085776834545
 20
1780.662346134081
 30
0.0
 11
3144.84655423345
 21
1780.973687128964
 31
0.0
  0
LINE
  5
2D4C
330
1F
100
AcDbEntity
  8
0
100
AcDbLine
 10
3144.84655423345
 20
1780.973687128964
 30
0.0
 11
3144.607331632356
 21
1780.662346134081
 31
0.0
  0
LINE
  5
2D4D
330
1F
100
AcDbEntity
  8
0
100
AcDbLine
 10
3144.747460681707
 20
1783.386682951855
 30
0.0
 11
3144.945030309373
 21
1783.386682951855
 31
0.0
  0
LWPOLYLINE
  5
2D4E
330
1F
100
AcDbEntity
  8
0
100
AcDbPolyline
 90
        4
 70
     1
 43
0.0
 10
3144.80642887005
 20
1783.386682951855
 10
3144.88606212103
 20
1783.386682951855
 10
3144.88606212103
 20
1783.2215121914
 10
3144.80642887005
 20
1783.2215121914
  0
LINE
  5
2D4F
330
1F
100
AcDbEntity
  8
0
100
AcDbLine
 10
3144.635297378871
 20
1783.324989295351
 30
0.0
 11
3144.84655423345
 21
1782.975115254971
 31
0.0
  0
LWPOLYLINE
  5
2D50
330
1F
100
AcDbEntity
  8
0
100
AcDbPolyline
 90
        4
 70
     1
 43
0.0
 10
3144.646501762745
 20
1783.2223428945
 10
3144.722929984645
 20
1783.268490890339
 10
3144.868169063851
 20
1783.027952501354
 10
3144.79174084195
 20
1782.981804505514
  0
TEXT
  5
2D51
330
1F
100
AcDbEntity
  8
0
100
AcDbText
 10
3143.774930527693
 20
1777.213867337373
 30
0.0
 40
0.2478390771075291
  1
Gerador: P1 
  7
arial
100
AcDbText
  0
TEXT
  5
2D52
330
1F
100
AcDbEntity
  8
0
100
AcDbText
 10
3144.436682361661
 20
1779.978371127246
 30
0.0
 40
0.2478390771075291
  1
Marca
  7
arial
100
AcDbText
  0
TEXT
  5
2D53
330
1F
100
AcDbEntity
  8
0
100
AcDbText
 10
3144.335633936843
 20
1779.239615371925
 30
0.0
 40
0.2478390771075291
  1
Modelo
  7
arial
100
AcDbText
  0
TEXT
  5
2D54
330
1F
100
AcDbEntity
  8
0
100
AcDbText
 10
3143.723170345642
 20
1777.993409493555
 30
0.0
 40
0.2478390771075291
  1
Quantidade
  7
arial
100
AcDbText
  0
TEXT
  5
2D55
330
1F
100
AcDbEntity
  8
0
 62
     1
 48
0.1
100
AcDbText
 10
3145.592009952359
 20
1777.976994294149
 30
0.0
 40
0.2478390771075291
  1
01
  7
arial
100
AcDbText
  0
TEXT
  5
2D56
330
1F
100
AcDbEntity
  8
0
100
AcDbText
 10
3144.20572671997
 20
1777.704829227014
 30
0.0
 40
0.2478390771075291
  1
2x4mm²
  7
arial
100
AcDbText
  0
LINE
  5
2D57
330
1F
100
AcDbEntity
  8
0
 62
     3
100
AcDbLine
 10
3145.085776834545
 20
1781.551277446503
 30
0.0
 11
3145.378730990757
 21
1781.551277446503
 31
0.0
  0
LINE
  5
2D58
330
1F
100
AcDbEntity
  8
0
 62
     3
100
AcDbLine
 10
3145.378730990757
 20
1781.3295140003
 30
0.0
 11
3145.378730990757
 21
1781.773040892707
 31
0.0
  0
LINE
  5
2D59
330
1F
100
AcDbEntity
  8
0
 62
     3
100
AcDbLine
 10
3145.442666040542
 20
1781.421317126376
 30
0.0
 11
3145.442666040542
 21
1781.689662193091
 31
0.0
  0
LINE
  5
2D5A
330
1F
100
AcDbEntity
  8
0
 62
     3
100
AcDbLine
 10
3145.508902785023
 20
1781.499886335655
 30
0.0
 11
3145.508902785023
 21
1781.617958831979
 31
0.0
  0
LINE
  5
2D5B
330
1F
100
AcDbEntity
  8
0
 62
     3
100
AcDbLine
 10
3145.576668517523
 20
1781.5346697659
 30
0.0
 11
3145.576668517523
 21
1781.577604934888
 31
0.0
  0
TEXT
  5
2D5C
330
1F
100
AcDbEntity
  8
0
 62
     1
 48
0.1
100
AcDbText
 10
3145.062446135977
 20
1783.563354443779
 30
0.0
 40
0.1687247977395283
  1
2P-15A
 50
270.0
  7
arial
100
AcDbText
  0
TEXT
  5
2D5D
330
1F
100
AcDbEntity
  8
0
100
AcDbText
 10
3145.279788769478
 20
1785.073403810421
 30
0.0
 40
0.1485104375604364
  1
+
  7
arial
100
AcDbText
  0
TEXT
  5
2D5E
330
1F
100
AcDbEntity
  8
0
100
AcDbText
 10
3145.286306598668
 20
1784.994052261454
 30
0.0
 40
0.1485104375604364
  1
-
 50
270.0
  7
arial
100
AcDbText
  0
LINE
  5
2D5F
330
1F
100
AcDbEntity
  8
0
100
AcDbLine
 10
3147.410004931633
 20
1786.096322153144
 30
0.0
 11
3147.410004931633
 21
1783.386682951855
 31
0.0
  0
LINE
  5
2D60
330
1F
100
AcDbEntity
  8
0
100
AcDbLine
 10
3147.410004931633
 20
1782.975115254971
 30
0.0
 11
3147.410004931633
 21
1781.551277446503
 31
0.0
  0
LINE
  5
2D61
330
1F
100
AcDbEntity
  8
0
100
AcDbLine
 10
3147.7925956054
 20
1785.14309893165
 30
0.0
 11
3147.027414257865
 21
1785.14309893165
 31
0.0
  0
LINE
  5
2D62
330
1F
100
AcDbEntity
  8
0
100
AcDbLine
 10
3147.7925956054
 20
1784.956471294823
 30
0.0
 11
3147.027414257865
 21
1784.956471294823
 31
0.0
  0
LWPOLYLINE
  5
2D63
330
1F
100
AcDbEntity
  8
0
100
AcDbPolyline
 90
        4
 70
     1
 43
0.0
 10
3146.309797942698
 20
1783.910317168767
 10
3147.19872925512
 20
1783.910317168767
 10
3147.19872925512
 20
1784.388762370956
 10
3146.309797942698
 20
1784.388762370956
  0
LINE
  5
2D64
330
1F
100
AcDbEntity
  8
0
100
AcDbLine
 10
3146.309797942698
 20
1784.388762370956
 30
0.0
 11
3147.19872925512
 21
1783.910317168767
 31
0.0
  0
LINE
  5
2D65
330
1F
100
AcDbEntity
  8
0
100
AcDbLine
 10
3146.146384343248
 20
1784.149539769862
 30
0.0
 11
3146.309797942698
 21
1784.149539769862
 31
0.0
  0
LINE
  5
2D66
330
1F
100
AcDbEntity
  8
0
100
AcDbLine
 10
3147.19872925512
 20
1784.149539769862
 30
0.0
 11
3147.410004931633
 21
1784.149539769862
 31
0.0
  0
LINE
  5
2D67
330
1F
100
AcDbEntity
  8
0
100
AcDbLine
 10
3146.146384343248
 20
1784.284933726837
 30
0.0
 11
3146.146384343248
 21
1784.014145812887
 31
0.0
  0
LINE
  5
2D68
330
1F
100
AcDbEntity
  8
0
100
AcDbLine
 10
3146.146384343248
 20
1784.284933726837
 30
0.0
 11
3146.010990386272
 21
1784.149539769862
 31
0.0
  0
LINE
  5
2D69
330
1F
100
AcDbEntity
  8
0
100
AcDbLine
 10
3146.010990386272
 20
1784.149539769862
 30
0.0
 11
3146.146384343248
 21
1784.014145812887
 31
0.0
  0
LWPOLYLINE
  5
2D6A
330
1F
100
AcDbEntity
  8
0
100
AcDbPolyline
 90
        4
 70
     1
 43
0.0
 10
3147.170782330537
 20
1781.551277446503
 10
3147.170782330537
 20
1780.662346134081
 10
3147.649227532727
 20
1780.662346134081
 10
3147.649227532727
 20
1781.551277446503
  0
LINE
  5
2D6B
330
1F
100
AcDbEntity
  8
0
100
AcDbLine
 10
3147.649227532727
 20
1780.662346134081
 30
0.0
 11
3147.410004931633
 21
1780.973687128964
 31
0.0
  0
LINE
  5
2D6C
330
1F
100
AcDbEntity
  8
0
100
AcDbLine
 10
3147.410004931633
 20
1780.973687128964
 30
0.0
 11
3147.170782330537
 21
1780.662346134081
 31
0.0
  0
LINE
  5
2D6D
330
1F
100
AcDbEntity
  8
0
100
AcDbLine
 10
3147.310911379889
 20
1783.386682951855
 30
0.0
 11
3147.508481007555
 21
1783.386682951855
 31
0.0
  0
LWPOLYLINE
  5
2D6E
330
1F
100
AcDbEntity
  8
0
100
AcDbPolyline
 90
        4
 70
     1
 43
0.0
 10
3147.369879568232
 20
1783.386682951855
 10
3147.449512819211
 20
1783.386682951855
 10
3147.449512819211
 20
1783.2215121914
 10
3147.369879568232
 20
1783.2215121914
  0
LINE
  5
2D6F
330
1F
100
AcDbEntity
  8
0
100
AcDbLine
 10
3147.198748077053
 20
1783.324989295351
 30
0.0
 11
3147.410004931633
 21
1782.975115254971
 31
0.0
  0
LWPOLYLINE
  5
2D70
330
1F
100
AcDbEntity
  8
0
100
AcDbPolyline
 90
        4
 70
     1
 43
0.0
 10
3147.209952460926
 20
1783.2223428945
 10
3147.286380682827
 20
1783.268490890339
 10
3147.431619762033
 20
1783.027952501354
 10
3147.355191540132
 20
1782.981804505514
  0
TEXT
  5
2D71
330
1F
100
AcDbEntity
  8
0
100
AcDbText
 10
3146.338381225874
 20
1777.213867337373
 30
0.0
 40
0.2478390771075291
  1
Gerador: P1 
  7
arial
100
AcDbText
  0
TEXT
  5
2D72
330
1F
100
AcDbEntity
  8
0
100
AcDbText
 10
3147.000133059842
 20
1779.978371127246
 30
0.0
 40
0.2478390771075291
  1
Marca
  7
arial
100
AcDbText
  0
TEXT
  5
2D73
330
1F
100
AcDbEntity
  8
0
100
AcDbText
 10
3146.899084635025
 20
1779.239615371925
 30
0.0
 40
0.2478390771075291
  1
Modelo
  7
arial
100
AcDbText
  0
TEXT
  5
2D74
330
1F
100
AcDbEntity
  8
0
100
AcDbText
 10
3146.286621043824
 20
1777.993409493555
 30
0.0
 40
0.2478390771075291
  1
Quantidade
  7
arial
100
AcDbText
  0
TEXT
  5
2D75
330
1F
100
AcDbEntity
  8
0
 62
     1
 48
0.1
100
AcDbText
 10
3148.155460650542
 20
1777.976994294149
 30
0.0
 40
0.2478390771075291
  1
01
  7
arial
100
AcDbText
  0
TEXT
  5
2D76
330
1F
100
AcDbEntity
  8
0
100
AcDbText
 10
3146.769177418152
 20
1777.704829227014
 30
0.0
 40
0.2478390771075291
  1
2x4mm²
  7
arial
100
AcDbText
  0
LINE
  5
2D77
330
1F
100
AcDbEntity
  8
0
 62
     3
100
AcDbLine
 10
3147.649227532727
 20
1781.551277446503
 30
0.0
 11
3147.942181688939
 21
1781.551277446503
 31
0.0
  0
LINE
  5
2D78
330
1F
100
AcDbEntity
  8
0
 62
     3
100
AcDbLine
 10
3147.942181688939
 20
1781.3295140003
 30
0.0
 11
3147.942181688939
 21
1781.773040892707
 31
0.0
  0
LINE
  5
2D79
330
1F
100
AcDbEntity
  8
0
 62
     3
100
AcDbLine
 10
3148.006116738723
 20
1781.421317126376
 30
0.0
 11
3148.006116738723
 21
1781.689662193091
 31
0.0
  0
LINE
  5
2D7A
330
1F
100
AcDbEntity
  8
0
 62
     3
100
AcDbLine
 10
3148.072353483204
 20
1781.499886335655
 30
0.0
 11
3148.072353483204
 21
1781.617958831979
 31
0.0
  0
LINE
  5
2D7B
330
1F
100
AcDbEntity
  8
0
 62
     3
100
AcDbLine
 10
3148.140119215705
 20
1781.5346697659
 30
0.0
 11
3148.140119215705
 21
1781.577604934888
 31
0.0
  0
TEXT
  5
2D7C
330
1F
100
AcDbEntity
  8
0
 62
     1
 48
0.1
100
AcDbText
 10
3147.625896834159
 20
1783.563354443779
 30
0.0
 40
0.1687247977395283
  1
2P-15A
 50
270.0
  7
arial
100
AcDbText
  0
TEXT
  5
2D7D
330
1F
100
AcDbEntity
  8
0
100
AcDbText
 10
3147.843239467659
 20
1785.073403810421
 30
0.0
 40
0.1485104375604364
  1
+
  7
arial
100
AcDbText
  0
TEXT
  5
2D7E
330
1F
100
AcDbEntity
  8
0
100
AcDbText
 10
3147.84975729685
 20
1784.994052261454
 30
0.0
 40
0.1485104375604364
  1
-
 50
270.0
  7
arial
100
AcDbText
  0
LINE
  5
2D7F
330
1F
100
AcDbEntity
  8
0
100
AcDbLine
 10
3149.973455629814
 20
1786.496949114208
 30
0.0
 11
3149.973455629814
 21
1783.386682951855
 31
0.0
  0
LINE
  5
2D80
330
1F
100
AcDbEntity
  8
0
100
AcDbLine
 10
3149.973455629814
 20
1782.975115254971
 30
0.0
 11
3149.973455629814
 21
1781.551277446503
 31
0.0
  0
LINE
  5
2D81
330
1F
100
AcDbEntity
  8
0
100
AcDbLine
 10
3150.356046303581
 20
1785.14309893165
 30
0.0
 11
3149.590864956048
 21
1785.14309893165
 31
0.0
  0
LINE
  5
2D82
330
1F
100
AcDbEntity
  8
0
100
AcDbLine
 10
3150.356046303581
 20
1784.956471294823
 30
0.0
 11
3149.590864956048
 21
1784.956471294823
 31
0.0
  0
LWPOLYLINE
  5
2D83
330
1F
100
AcDbEntity
  8
0
100
AcDbPolyline
 90
        4
 70
     1
 43
0.0
 10
3148.87324864088
 20
1783.910317168767
 10
3149.762179953301
 20
1783.910317168767
 10
3149.762179953301
 20
1784.388762370956
 10
3148.87324864088
 20
1784.388762370956
  0
LINE
  5
2D84
330
1F
100
AcDbEntity
  8
0
100
AcDbLine
 10
3148.87324864088
 20
1784.388762370956
 30
0.0
 11
3149.762179953301
 21
1783.910317168767
 31
0.0
  0
LINE
  5
2D85
330
1F
100
AcDbEntity
  8
0
100
AcDbLine
 10
3148.70983504143
 20
1784.149539769862
 30
0.0
 11
3148.87324864088
 21
1784.149539769862
 31
0.0
  0
LINE
  5
2D86
330
1F
100
AcDbEntity
  8
0
100
AcDbLine
 10
3149.762179953301
 20
1784.149539769862
 30
0.0
 11
3149.973455629814
 21
1784.149539769862
 31
0.0
  0
LINE
  5
2D87
330
1F
100
AcDbEntity
  8
0
100
AcDbLine
 10
3148.70983504143
 20
1784.284933726837
 30
0.0
 11
3148.70983504143
 21
1784.014145812887
 31
0.0
  0
LINE
  5
2D88
330
1F
100
AcDbEntity
  8
0
100
AcDbLine
 10
3148.70983504143
 20
1784.284933726837
 30
0.0
 11
3148.574441084454
 21
1784.149539769862
 31
0.0
  0
LINE
  5
2D89
330
1F
100
AcDbEntity
  8
0
100
AcDbLine
 10
3148.574441084454
 20
1784.149539769862
 30
0.0
 11
3148.70983504143
 21
1784.014145812887
 31
0.0
  0
LWPOLYLINE
  5
2D8A
330
1F
100
AcDbEntity
  8
0
100
AcDbPolyline
 90
        4
 70
     1
 43
0.0
 10
3149.73423302872
 20
1781.551277446503
 10
3149.73423302872
 20
1780.662346134081
 10
3150.212678230909
 20
1780.662346134081
 10
3150.212678230909
 20
1781.551277446503
  0
LINE
  5
2D8B
330
1F
100
AcDbEntity
  8
0
100
AcDbLine
 10
3150.212678230909
 20
1780.662346134081
 30
0.0
 11
3149.973455629814
 21
1780.973687128964
 31
0.0
  0
LINE
  5
2D8C
330
1F
100
AcDbEntity
  8
0
100
AcDbLine
 10
3149.973455629814
 20
1780.973687128964
 30
0.0
 11
3149.73423302872
 21
1780.662346134081
 31
0.0
  0
LINE
  5
2D8D
330
1F
100
AcDbEntity
  8
0
100
AcDbLine
 10
3149.874362078071
 20
1783.386682951855
 30
0.0
 11
3150.071931705737
 21
1783.386682951855
 31
0.0
  0
LWPOLYLINE
  5
2D8E
330
1F
100
AcDbEntity
  8
0
100
AcDbPolyline
 90
        4
 70
     1
 43
0.0
 10
3149.933330266414
 20
1783.386682951855
 10
3150.012963517393
 20
1783.386682951855
 10
3150.012963517393
 20
1783.2215121914
 10
3149.933330266414
 20
1783.2215121914
  0
LINE
  5
2D8F
330
1F
100
AcDbEntity
  8
0
100
AcDbLine
 10
3149.762198775235
 20
1783.324989295351
 30
0.0
 11
3149.973455629814
 21
1782.975115254971
 31
0.0
  0
LWPOLYLINE
  5
2D90
330
1F
100
AcDbEntity
  8
0
100
AcDbPolyline
 90
        4
 70
     1
 43
0.0
 10
3149.773403159108
 20
1783.2223428945
 10
3149.849831381009
 20
1783.268490890339
 10
3149.995070460215
 20
1783.027952501354
 10
3149.918642238314
 20
1782.981804505514
  0
TEXT
  5
2D91
330
1F
100
AcDbEntity
  8
0
100
AcDbText
 10
3148.901831924057
 20
1777.213867337373
 30
0.0
 40
0.2478390771075291
  1
Gerador: P1 
  7
arial
100
AcDbText
  0
TEXT
  5
2D92
330
1F
100
AcDbEntity
  8
0
100
AcDbText
 10
3149.563583758025
 20
1779.978371127246
 30
0.0
 40
0.2478390771075291
  1
Marca
  7
arial
100
AcDbText
  0
TEXT
  5
2D93
330
1F
100
AcDbEntity
  8
0
100
AcDbText
 10
3149.462535333207
 20
1779.239615371925
 30
0.0
 40
0.2478390771075291
  1
Modelo
  7
arial
100
AcDbText
  0
TEXT
  5
2D94
330
1F
100
AcDbEntity
  8
0
100
AcDbText
 10
3148.850071742006
 20
1777.993409493555
 30
0.0
 40
0.2478390771075291
  1
Quantidade
  7
arial
100
AcDbText
  0
TEXT
  5
2D95
330
1F
100
AcDbEntity
  8
0
 62
     1
 48
0.1
100
AcDbText
 10
3150.718911348723
 20
1777.976994294149
 30
0.0
 40
0.2478390771075291
  1
01
  7
arial
100
AcDbText
  0
TEXT
  5
2D96
330
1F
100
AcDbEntity
  8
0
100
AcDbText
 10
3149.332628116334
 20
1777.704829227014
 30
0.0
 40
0.2478390771075291
  1
2x4mm²
  7
arial
100
AcDbText
  0
LINE
  5
2D97
330
1F
100
AcDbEntity
  8
0
 62
     3
100
AcDbLine
 10
3150.212678230909
 20
1781.551277446503
 30
0.0
 11
3150.505632387121
 21
1781.551277446503
 31
0.0
  0
LINE
  5
2D98
330
1F
100
AcDbEntity
  8
0
 62
     3
100
AcDbLine
 10
3150.505632387121
 20
1781.3295140003
 30
0.0
 11
3150.505632387121
 21
1781.773040892707
 31
0.0
  0
LINE
  5
2D99
330
1F
100
AcDbEntity
  8
0
 62
     3
100
AcDbLine
 10
3150.569567436905
 20
1781.421317126376
 30
0.0
 11
3150.569567436905
 21
1781.689662193091
 31
0.0
  0
LINE
  5
2D9A
330
1F
100
AcDbEntity
  8
0
 62
     3
100
AcDbLine
 10
3150.635804181386
 20
1781.499886335655
 30
0.0
 11
3150.635804181386
 21
1781.617958831979
 31
0.0
  0
LINE
  5
2D9B
330
1F
100
AcDbEntity
  8
0
 62
     3
100
AcDbLine
 10
3150.703569913887
 20
1781.5346697659
 30
0.0
 11
3150.703569913887
 21
1781.577604934888
 31
0.0
  0
TEXT
  5
2D9C
330
1F
100
AcDbEntity
  8
0
 62
     1
 48
0.1
100
AcDbText
 10
3150.189347532341
 20
1783.563354443779
 30
0.0
 40
0.1687247977395283
  1
2P-15A
 50
270.0
  7
arial
100
AcDbText
  0
TEXT
  5
2D9D
330
1F
100
AcDbEntity
  8
0
100
AcDbText
 10
3150.406690165841
 20
1785.073403810421
 30
0.0
 40
0.1485104375604364
  1
+
  7
arial
100
AcDbText
  0
TEXT
  5
2D9E
330
1F
100
AcDbEntity
  8
0
100
AcDbText
 10
3150.413207995031
 20
1784.994052261454
 30
0.0
 40
0.1485104375604364
  1
-
 50
270.0
  7
arial
100
AcDbText
  0
LINE
  5
2D9F
330
1F
100
AcDbEntity
  8
0
100
AcDbLine
 10
3152.258829600094
 20
1786.873088341774
 30
0.0
 11
3152.271722539389
 21
1783.386682951855
 31
0.0
  0
LINE
  5
2DA0
330
1F
100
AcDbEntity
  8
0
100
AcDbLine
 10
3152.271722539389
 20
1782.975115254971
 30
0.0
 11
3152.271722539389
 21
1781.551277446503
 31
0.0
  0
LINE
  5
2DA1
330
1F
100
AcDbEntity
  8
0
100
AcDbLine
 10
3152.654313213157
 20
1785.14309893165
 30
0.0
 11
3151.889131865622
 21
1785.14309893165
 31
0.0
  0
LINE
  5
2DA2
330
1F
100
AcDbEntity
  8
0
100
AcDbLine
 10
3152.654313213157
 20
1784.956471294823
 30
0.0
 11
3151.889131865622
 21
1784.956471294823
 31
0.0
  0
LWPOLYLINE
  5
2DA3
330
1F
100
AcDbEntity
  8
0
100
AcDbPolyline
 90
        4
 70
     1
 43
0.0
 10
3151.171515550455
 20
1783.910317168767
 10
3152.060446862877
 20
1783.910317168767
 10
3152.060446862877
 20
1784.388762370956
 10
3151.171515550455
 20
1784.388762370956
  0
LINE
  5
2DA4
330
1F
100
AcDbEntity
  8
0
100
AcDbLine
 10
3151.171515550455
 20
1784.388762370956
 30
0.0
 11
3152.060446862877
 21
1783.910317168767
 31
0.0
  0
LINE
  5
2DA5
330
1F
100
AcDbEntity
  8
0
100
AcDbLine
 10
3151.008101951005
 20
1784.149539769862
 30
0.0
 11
3151.171515550455
 21
1784.149539769862
 31
0.0
  0
LINE
  5
2DA6
330
1F
100
AcDbEntity
  8
0
100
AcDbLine
 10
3152.060446862877
 20
1784.149539769862
 30
0.0
 11
3152.271722539389
 21
1784.149539769862
 31
0.0
  0
LINE
  5
2DA7
330
1F
100
AcDbEntity
  8
0
100
AcDbLine
 10
3151.008101951005
 20
1784.284933726837
 30
0.0
 11
3151.008101951005
 21
1784.014145812887
 31
0.0
  0
LINE
  5
2DA8
330
1F
100
AcDbEntity
  8
0
100
AcDbLine
 10
3151.008101951005
 20
1784.284933726837
 30
0.0
 11
3150.87270799403
 21
1784.149539769862
 31
0.0
  0
LINE
  5
2DA9
330
1F
100
AcDbEntity
  8
0
100
AcDbLine
 10
3150.87270799403
 20
1784.149539769862
 30
0.0
 11
3151.008101951005
 21
1784.014145812887
 31
0.0
  0
LWPOLYLINE
  5
2DAA
330
1F
100
AcDbEntity
  8
0
100
AcDbPolyline
 90
        4
 70
     1
 43
0.0
 10
3152.032499938295
 20
1781.551277446503
 10
3152.032499938295
 20
1780.662346134081
 10
3152.510945140484
 20
1780.662346134081
 10
3152.510945140484
 20
1781.551277446503
  0
LINE
  5
2DAB
330
1F
100
AcDbEntity
  8
0
100
AcDbLine
 10
3152.510945140484
 20
1780.662346134081
 30
0.0
 11
3152.271722539389
 21
1780.973687128964
 31
0.0
  0
LINE
  5
2DAC
330
1F
100
AcDbEntity
  8
0
100
AcDbLine
 10
3152.271722539389
 20
1780.973687128964
 30
0.0
 11
3152.032499938295
 21
1780.662346134081
 31
0.0
  0
LINE
  5
2DAD
330
1F
100
AcDbEntity
  8
0
100
AcDbLine
 10
3152.172628987646
 20
1783.386682951855
 30
0.0
 11
3152.370198615312
 21
1783.386682951855
 31
0.0
  0
LWPOLYLINE
  5
2DAE
330
1F
100
AcDbEntity
  8
0
100
AcDbPolyline
 90
        4
 70
     1
 43
0.0
 10
3152.231597175989
 20
1783.386682951855
 10
3152.311230426969
 20
1783.386682951855
 10
3152.311230426969
 20
1783.2215121914
 10
3152.231597175989
 20
1783.2215121914
  0
LINE
  5
2DAF
330
1F
100
AcDbEntity
  8
0
100
AcDbLine
 10
3152.06046568481
 20
1783.324989295351
 30
0.0
 11
3152.271722539389
 21
1782.975115254971
 31
0.0
  0
LWPOLYLINE
  5
2DB0
330
1F
100
AcDbEntity
  8
0
100
AcDbPolyline
 90
        4
 70
     1
 43
0.0
 10
3152.071670068684
 20
1783.2223428945
 10
3152.148098290585
 20
1783.268490890339
 10
3152.29333736979
 20
1783.027952501354
 10
3152.216909147889
 20
1782.981804505514
  0
TEXT
  5
2DB1
330
1F
100
AcDbEntity
  8
0
100
AcDbText
 10
3151.200098833632
 20
1777.213867337373
 30
0.0
 40
0.2478390771075291
  1
Gerador: P1 
  7
arial
100
AcDbText
  0
TEXT
  5
2DB2
330
1F
100
AcDbEntity
  8
0
100
AcDbText
 10
3151.8618506676
 20
1779.978371127246
 30
0.0
 40
0.2478390771075291
  1
Marca
  7
arial
100
AcDbText
  0
TEXT
  5
2DB3
330
1F
100
AcDbEntity
  8
0
100
AcDbText
 10
3151.760802242783
 20
1779.239615371925
 30
0.0
 40
0.2478390771075291
  1
Modelo
  7
arial
100
AcDbText
  0
TEXT
  5
2DB4
330
1F
100
AcDbEntity
  8
0
100
AcDbText
 10
3151.148338651581
 20
1777.993409493555
 30
0.0
 40
0.2478390771075291
  1
Quantidade
  7
arial
100
AcDbText
  0
TEXT
  5
2DB5
330
1F
100
AcDbEntity
  8
0
 62
     1
 48
0.1
100
AcDbText
 10
3153.017178258299
 20
1777.976994294149
 30
0.0
 40
0.2478390771075291
  1
01
  7
arial
100
AcDbText
  0
TEXT
  5
2DB6
330
1F
100
AcDbEntity
  8
0
100
AcDbText
 10
3151.630895025909
 20
1777.704829227014
 30
0.0
 40
0.2478390771075291
  1
2x4mm²
  7
arial
100
AcDbText
  0
LINE
  5
2DB7
330
1F
100
AcDbEntity
  8
0
 62
     3
100
AcDbLine
 10
3152.510945140484
 20
1781.551277446503
 30
0.0
 11
3152.803899296696
 21
1781.551277446503
 31
0.0
  0
LINE
  5
2DB8
330
1F
100
AcDbEntity
  8
0
 62
     3
100
AcDbLine
 10
3152.803899296696
 20
1781.3295140003
 30
0.0
 11
3152.803899296696
 21
1781.773040892707
 31
0.0
  0
LINE
  5
2DB9
330
1F
100
AcDbEntity
  8
0
 62
     3
100
AcDbLine
 10
3152.86783434648
 20
1781.421317126376
 30
0.0
 11
3152.86783434648
 21
1781.689662193091
 31
0.0
  0
LINE
  5
2DBA
330
1F
100
AcDbEntity
  8
0
 62
     3
100
AcDbLine
 10
3152.934071090962
 20
1781.499886335655
 30
0.0
 11
3152.934071090962
 21
1781.617958831979
 31
0.0
  0
LINE
  5
2DBB
330
1F
100
AcDbEntity
  8
0
 62
     3
100
AcDbLine
 10
3153.001836823462
 20
1781.5346697659
 30
0.0
 11
3153.001836823462
 21
1781.577604934888
 31
0.0
  0
TEXT
  5
2DBC
330
1F
100
AcDbEntity
  8
0
 62
     1
 48
0.1
100
AcDbText
 10
3152.487614441916
 20
1783.563354443779
 30
0.0
 40
0.1687247977395283
  1
2P-15A
 50
270.0
  7
arial
100
AcDbText
  0
TEXT
  5
2DBD
330
1F
100
AcDbEntity
  8
0
100
AcDbText
 10
3152.704957075417
 20
1785.073403810421
 30
0.0
 40
0.1485104375604364
  1
+
  7
arial
100
AcDbText
  0
TEXT
  5
2DBE
330
1F
100
AcDbEntity
  8
0
100
AcDbText
 10
3152.711474904607
 20
1784.994052261454
 30
0.0
 40
0.1485104375604364
  1
-
 50
270.0
  7
arial
100
AcDbText
  0
LWPOLYLINE
  5
2DBF
330
1F
100
AcDbEntity
  8
0
  6
ACAD_ISO02W100
 62
   251
420
  6513766
100
AcDbPolyline
 90
        4
 70
     1
 43
0.0
 10
3131.655270069343
 20
1785.758065170259
 10
3141.504548520258
 20
1785.758065170259
 10
3141.504548520258
 20
1782.446694303723
 10
3131.655270069343
 20
1782.446694303723
  0
TEXT
  5
2DC0
330
1F
100
AcDbEntity
  8
0
 62
   251
420
  6513766
100
AcDbText
 10
3141.210598764072
 20
1784.747836464552
 30
0.0
 40
0.1687247977395283
  1
PROTEÇÃO
 50
270.0
  7
arial
100
AcDbText
  0
LWPOLYLINE
  5
2DC1
330
1F
100
AcDbEntity
  8
0
  6
ACAD_ISO02W100
 62
   251
420
  6513766
100
AcDbPolyline
 90
        4
 70
     1
 43
0.0
 10
3143.310307608556
 20
1785.758065170259
 10
3152.990579961281
 20
1785.758065170259
 10
3152.990579961281
 20
1782.446694303723
 10
3143.310307608556
 20
1782.446694303723
  0
TEXT
  5
2DC2
330
1F
100
AcDbEntity
  8
0
 62
   251
420
  6513766
100
AcDbText
 10
3152.696630205095
 20
1784.747836464552
 30
0.0
 40
0.1687247977395283
  1
PROTEÇÃO
 50
270.0
  7
arial
100
AcDbText
  0
LINE
  5
2DC3
330
1F
100
AcDbEntity
  8
0
100
AcDbLine
 10
3133.457170682778
 20
1789.227408461563
 30
0.0
 11
3132.410399882247
 21
1789.227408461563
 31
0.0
  0
LINE
  5
2DC4
330
1F
100
AcDbEntity
  8
0
100
AcDbLine
 10
3132.410399882247
 20
1789.227408461563
 30
0.0
 11
3132.410399882247
 21
1787.96013409242
 31
0.0
  0
LINE
  5
2DC5
330
1F
100
AcDbEntity
  8
0
100
AcDbLine
 10
3134.563218235093
 20
1787.96013409242
 30
0.0
 11
3134.563218235093
 21
1789.227408461563
 31
0.0
  0
LINE
  5
2DC6
330
1F
100
AcDbEntity
  8
0
100
AcDbLine
 10
3134.563218235093
 20
1789.227408461563
 30
0.0
 11
3132.410399882247
 21
1787.96013409242
 31
0.0
  0
TEXT
  5
2DC7
330
1F
100
AcDbEntity
  8
0
100
AcDbText
 10
3132.810708533478
 20
1788.789809550056
 30
0.0
 40
0.2953609511720775
  1
CA
  7
arial
100
AcDbText
  0
TEXT
  5
2DC8
330
1F
100
AcDbEntity
  8
0
100
AcDbText
 10
3133.811123916738
 20
1788.23656664533
 30
0.0
 40
0.2953609511720775
  1
CC
  7
arial
100
AcDbText
  0
TEXT
  5
2DC9
330
1F
100
AcDbEntity
  8
0
100
AcDbText
 10
3134.849915849349
 20
1788.423751643062
 30
0.0
 40
0.437154694356413
  1
Marca
  7
arial
100
AcDbText
  0
LINE
  5
2DCA
330
1F
100
AcDbEntity
  8
0
100
AcDbLine
 10
3133.457170682778
 20
1789.227408461563
 30
0.0
 11
3134.563218235093
 21
1789.227408461563
 31
0.0
  0
TEXT
  5
2DCB
330
1F
100
AcDbEntity
  8
0
100
AcDbText
 10
3134.829511806522
 20
1787.803216886689
 30
0.0
 40
0.437154694356413
  1
Modelo
  7
arial
100
AcDbText
  0
TEXT
  5
2DCC
330
1F
100
AcDbEntity
  8
0
 62
     1
 48
0.1
100
AcDbText
 10
3136.573151324887
 20
1788.384266783301
 30
0.0
 40
0.437154694356413
  1
DEYE
  7
arial
100
AcDbText
  0
TEXT
  5
2DCD
330
1F
100
AcDbEntity
  8
0
100
AcDbText
 10
3134.870319892174
 20
1789.044286399436
 30
0.0
 40
0.437154694356413
  1
Inversor 
  7
arial
100
AcDbText
  0
LINE
  5
2DCE
330
1F
100
AcDbEntity
  8
0
100
AcDbLine
 10
3132.410399882247
 20
1787.96013409242
 30
0.0
 11
3134.563218235093
 21
1787.96013409242
 31
0.0
  0
LINE
  5
2DCF
330
1F
100
AcDbEntity
  8
0
 62
     3
100
AcDbLine
 10
3132.289780865182
 20
1787.96013409242
 30
0.0
 11
3132.289780865182
 21
1787.763681058502
 31
0.0
  0
LINE
  5
2DD0
330
1F
100
AcDbEntity
  8
0
 62
     3
100
AcDbLine
 10
3132.14106782973
 20
1787.763681058502
 30
0.0
 11
3132.438493900634
 21
1787.763681058502
 31
0.0
  0
LINE
  5
2DD1
330
1F
100
AcDbEntity
  8
0
 62
     3
100
AcDbLine
 10
3132.202630372053
 20
1787.720806655673
 30
0.0
 11
3132.382580720513
 21
1787.720806655673
 31
0.0
  0
LINE
  5
2DD2
330
1F
100
AcDbEntity
  8
0
 62
     3
100
AcDbLine
 10
3132.255318341172
 20
1787.676388752277
 30
0.0
 11
3132.334496941759
 21
1787.676388752277
 31
0.0
  0
LINE
  5
2DD3
330
1F
100
AcDbEntity
  8
0
 62
     3
100
AcDbLine
 10
3132.278643869267
 20
1787.630945520075
 30
0.0
 11
3132.307435897067
 21
1787.630945520075
 31
0.0
  0
LINE
  5
2DD4
330
1F
100
AcDbEntity
  8
0
 62
     3
100
AcDbLine
 10
3132.410399882247
 20
1787.96013409242
 30
0.0
 11
3132.289780865182
 21
1787.96013409242
 31
0.0
  0
TEXT
  5
2DD5
330
1F
100
AcDbEntity
  8
0
 62
     1
 48
0.1
100
AcDbText
 10
3136.915606139594
 20
1787.755594236838
 30
0.0
 40
0.437154694356413
  1
SUN225G4-EU-Q0 
  7
arial
100
AcDbText
  0
LINE
  5
2DD6
330
1F
100
AcDbEntity
  8
0
100
AcDbLine
 10
3133.511106867602
 20
1786.13889080544
 30
0.0
 11
3133.486809058669
 21
1787.96013409242
 31
0.0
  0
LINE
  5
2DD7
330
1F
100
AcDbEntity
  8
0
100
AcDbLine
 10
3133.753022603798
 20
1787.96013409242
 30
0.0
 11
3133.753022603798
 21
1786.496949114208
 31
0.0
  0
LINE
  5
2DD8
330
1F
100
AcDbEntity
  8
0
100
AcDbLine
 10
3133.457170682778
 20
1789.227408461563
 30
0.0
 11
3133.455137362458
 21
1789.587236881147
 31
0.0
  0
LINE
  5
2DD9
330
1F
100
AcDbEntity
  8
0
100
AcDbLine
 10
3134.1942043762
 20
1787.96013409242
 30
0.0
 11
3134.1942043762
 21
1786.873088341773
 31
0.0
  0
LINE
  5
2DDA
330
1F
100
AcDbEntity
  8
0
100
AcDbLine
 10
3135.754225449797
 20
1786.096322153144
 30
0.0
 11
3133.511106867602
 21
1786.13889080544
 31
0.0
  0
LINE
  5
2DDB
330
1F
100
AcDbEntity
  8
0
100
AcDbLine
 10
3133.753022603798
 20
1786.496949114208
 30
0.0
 11
3138.317676147978
 21
1786.496949114208
 31
0.0
  0
LINE
  5
2DDC
330
1F
100
AcDbEntity
  8
0
100
AcDbLine
 10
3138.317676147978
 20
1786.496949114208
 30
0.0
 11
3138.317676147979
 21
1785.758065170259
 31
0.0
  0
LINE
  5
2DDD
330
1F
100
AcDbEntity
  8
0
100
AcDbLine
 10
3134.1942043762
 20
1786.873088341773
 30
0.0
 11
3140.615943057554
 21
1786.873088341774
 31
0.0
  0
LINE
  5
2DDE
330
1F
100
AcDbEntity
  8
0
100
AcDbLine
 10
3140.615943057554
 20
1786.873088341774
 30
0.0
 11
3140.615943057554
 21
1786.096322153144
 31
0.0
  0
LINE
  5
2DDF
330
1F
100
AcDbEntity
  8
0
100
AcDbLine
 10
3145.100057225317
 20
1789.227408461563
 30
0.0
 11
3144.053286424786
 21
1789.227408461563
 31
0.0
  0
LINE
  5
2DE0
330
1F
100
AcDbEntity
  8
0
100
AcDbLine
 10
3144.053286424786
 20
1789.227408461563
 30
0.0
 11
3144.053286424786
 21
1787.96013409242
 31
0.0
  0
LINE
  5
2DE1
330
1F
100
AcDbEntity
  8
0
100
AcDbLine
 10
3146.206104777632
 20
1787.96013409242
 30
0.0
 11
3146.206104777632
 21
1789.227408461563
 31
0.0
  0
LINE
  5
2DE2
330
1F
100
AcDbEntity
  8
0
100
AcDbLine
 10
3146.206104777632
 20
1789.227408461563
 30
0.0
 11
3144.053286424786
 21
1787.96013409242
 31
0.0
  0
TEXT
  5
2DE3
330
1F
100
AcDbEntity
  8
0
100
AcDbText
 10
3144.453595076017
 20
1788.789809550056
 30
0.0
 40
0.2953609511720775
  1
CA
  7
arial
100
AcDbText
  0
TEXT
  5
2DE4
330
1F
100
AcDbEntity
  8
0
100
AcDbText
 10
3145.454010459277
 20
1788.23656664533
 30
0.0
 40
0.2953609511720775
  1
CC
  7
arial
100
AcDbText
  0
TEXT
  5
2DE5
330
1F
100
AcDbEntity
  8
0
100
AcDbText
 10
3146.492802391888
 20
1788.423751643062
 30
0.0
 40
0.437154694356413
  1
Marca
  7
arial
100
AcDbText
  0
LINE
  5
2DE6
330
1F
100
AcDbEntity
  8
0
100
AcDbLine
 10
3145.100057225317
 20
1789.227408461563
 30
0.0
 11
3146.206104777632
 21
1789.227408461563
 31
0.0
  0
TEXT
  5
2DE7
330
1F
100
AcDbEntity
  8
0
100
AcDbText
 10
3146.472398349062
 20
1787.803216886689
 30
0.0
 40
0.437154694356413
  1
Modelo
  7
arial
100
AcDbText
  0
TEXT
  5
2DE8
330
1F
100
AcDbEntity
  8
0
 62
     1
 48
0.1
100
AcDbText
 10
3148.216037867426
 20
1788.384266783301
 30
0.0
 40
0.437154694356413
  1
DEYE
  7
arial
100
AcDbText
  0
TEXT
  5
2DE9
330
1F
100
AcDbEntity
  8
0
100
AcDbText
 10
3146.513206434713
 20
1789.044286399436
 30
0.0
 40
0.437154694356413
  1
Inversor 
  7
arial
100
AcDbText
  0
LINE
  5
2DEA
330
1F
100
AcDbEntity
  8
0
100
AcDbLine
 10
3144.053286424786
 20
1787.96013409242
 30
0.0
 11
3146.206104777632
 21
1787.96013409242
 31
0.0
  0
LINE
  5
2DEB
330
1F
100
AcDbEntity
  8
0
 62
     3
100
AcDbLine
 10
3143.932667407721
 20
1787.96013409242
 30
0.0
 11
3143.932667407721
 21
1787.763681058502
 31
0.0
  0
LINE
  5
2DEC
330
1F
100
AcDbEntity
  8
0
 62
     3
100
AcDbLine
 10
3143.783954372269
 20
1787.763681058502
 30
0.0
 11
3144.081380443174
 21
1787.763681058502
 31
0.0
  0
LINE
  5
2DED
330
1F
100
AcDbEntity
  8
0
 62
     3
100
AcDbLine
 10
3143.845516914593
 20
1787.720806655673
 30
0.0
 11
3144.025467263052
 21
1787.720806655673
 31
0.0
  0
LINE
  5
2DEE
330
1F
100
AcDbEntity
  8
0
 62
     3
100
AcDbLine
 10
3143.898204883711
 20
1787.676388752277
 30
0.0
 11
3143.977383484298
 21
1787.676388752277
 31
0.0
  0
LINE
  5
2DEF
330
1F
100
AcDbEntity
  8
0
 62
     3
100
AcDbLine
 10
3143.921530411806
 20
1787.630945520075
 30
0.0
 11
3143.950322439606
 21
1787.630945520075
 31
0.0
  0
LINE
  5
2DF0
330
1F
100
AcDbEntity
  8
0
 62
     3
100
AcDbLine
 10
3144.053286424786
 20
1787.96013409242
 30
0.0
 11
3143.932667407721
 21
1787.96013409242
 31
0.0
  0
TEXT
  5
2DF1
330
1F
100
AcDbEntity
  8
0
 62
     1
 48
0.1
100
AcDbText
 10
3148.558492682133
 20
1787.755594236838
 30
0.0
 40
0.437154694356413
  1
SUN225G4-EU-Q0 
  7
arial
100
AcDbText
  0
LINE
  5
2DF2
330
1F
100
AcDbEntity
  8
0
100
AcDbLine
 10
3145.153993410141
 20
1786.13889080544
 30
0.0
 11
3145.129695601209
 21
1787.96013409242
 31
0.0
  0
LINE
  5
2DF3
330
1F
100
AcDbEntity
  8
0
100
AcDbLine
 10
3145.395909146337
 20
1787.98757268359
 30
0.0
 11
3145.395909146337
 21
1786.496949114208
 31
0.0
  0
LINE
  5
2DF4
330
1F
100
AcDbEntity
  8
0
100
AcDbLine
 10
3145.837090918739
 20
1787.96013409242
 30
0.0
 11
3145.837090918739
 21
1786.873088341773
 31
0.0
  0
TEXT
  5
2DF5
330
1F
100
AcDbEntity
  8
0
100
AcDbText
 10
3122.819702052487
 20
1785.773811174645
 30
0.0
 40
0.2764731582275202
  1
MPPT 2
  7
arial
100
AcDbText
  0
TEXT
  5
2DF6
330
1F
100
AcDbEntity
  8
0
100
AcDbText
 10
3125.346084130693
 20
1786.105529246065
 30
0.0
 40
0.2764731582275202
  1
MPPT 3
  7
arial
100
AcDbText
  0
TEXT
  5
2DF7
330
1F
100
AcDbEntity
  8
0
100
AcDbText
 10
3127.647626399031
 20
1786.47503904698
 30
0.0
 40
0.2764731582275202
  1
MPPT 4
  7
arial
100
AcDbText
  0
TEXT
  5
2DF8
330
1F
100
AcDbEntity
  8
0
100
AcDbText
 10
3131.757965762334
 20
1785.831293892714
 30
0.0
 40
0.2764731582275202
  1
MPPT 1
  7
arial
100
AcDbText
  0
TEXT
  5
2DF9
330
1F
100
AcDbEntity
  8
0
100
AcDbText
 10
3134.30701924635
 20
1785.793094873037
 30
0.0
 40
0.2764731582275202
  1
MPPT 2
  7
arial
100
AcDbText
  0
TEXT
  5
2DFA
330
1F
100
AcDbEntity
  8
0
100
AcDbText
 10
3136.83548045013
 20
1786.087273501394
 30
0.0
 40
0.2764731582275202
  1
MPPT 3
  7
arial
100
AcDbText
  0
TEXT
  5
2DFB
330
1F
100
AcDbEntity
  8
0
100
AcDbText
 10
3139.003376088047
 20
1786.495020586509
 30
0.0
 40
0.2764731582275202
  1
MPPT 4
  7
arial
100
AcDbText
  0
LINE
  5
2DFC
330
1F
100
AcDbEntity
  8
0
100
AcDbLine
 10
3147.397111992337
 20
1786.096322153144
 30
0.0
 11
3145.153993410141
 21
1786.13889080544
 31
0.0
  0
LINE
  5
2DFD
330
1F
100
AcDbEntity
  8
0
100
AcDbLine
 10
3145.395909146337
 20
1786.496949114208
 30
0.0
 11
3149.973455629814
 21
1786.496949114208
 31
0.0
  0
LINE
  5
2DFE
330
1F
100
AcDbEntity
  8
0
100
AcDbLine
 10
3145.837090918739
 20
1786.873088341773
 30
0.0
 11
3152.258829600094
 21
1786.873088341774
 31
0.0
  0
TEXT
  5
2DFF
330
1F
100
AcDbEntity
  8
0
100
AcDbText
 10
3143.345576736397
 20
1785.83412190041
 30
0.0
 40
0.2764731582275202
  1
MPPT 1
  7
arial
100
AcDbText
  0
TEXT
  5
2E00
330
1F
100
AcDbEntity
  8
0
100
AcDbText
 10
3145.894630220412
 20
1785.795922880733
 30
0.0
 40
0.2764731582275202
  1
MPPT 2
  7
arial
100
AcDbText
  0
TEXT
  5
2E01
330
1F
100
AcDbEntity
  8
0
100
AcDbText
 10
3148.423091424193
 20
1786.090101509091
 30
0.0
 40
0.2764731582275202
  1
MPPT 3
  7
arial
100
AcDbText
  0
TEXT
  5
2E02
330
1F
100
AcDbEntity
  8
0
100
AcDbText
 10
3150.59098706211
 20
1786.497848594206
 30
0.0
 40
0.2764731582275202
  1
MPPT 4
  7
arial
100
AcDbText
  0
LINE
  5
2E03
330
1F
100
AcDbEntity
  8
0
100
AcDbLine
 10
3145.100057225317
 20
1789.227408461563
 30
0.0
 11
3145.100057225317
 21
1789.587236881147
 31
0.0
  0
HATCH
  5
2E04
330
1F
100
AcDbEntity
  8
0
 62
     7
 48
0.1
100
AcDbHatch
 10
0.0
 20
0.0
 30
0.0
210
0.0
220
0.0
230
1.0
  2
ANSI31
 70
     0
 71
     1
 91
        1
 92
        1
 93
        4
 72
     1
 10
3121.875627692379
 20
1791.458209724167
 11
3122.488910883105
 21
1791.458209724167
 72
     1
 10
3122.488910883105
 20
1791.458209724167
 11
3122.488910883105
 21
1790.29191042997
 72
     1
 10
3122.488910883105
 20
1790.29191042997
 11
3121.875627692379
 21
1790.29191042997
 72
     1
 10
3121.875627692379
 20
1790.29191042997
 11
3121.875627692379
 21
1791.458209724167
 97
        1
330
2E05
 75
     0
 76
     1
 52
0.0
 41
0.0749389803897122
 77
     0
 78
     1
 53
44.99999999999998
 43
1991.437232694564
 44
1867.335297043823
 45
-0.1682428093378486
 46
0.1682428093378485
 79
     0
 98
        1
 10
1991.437232694564
 20
1867.335297043823
1001
ACAD
1010
0.0
1020
0.0
1030
0.0
  0
LWPOLYLINE
  5
2E05
102
{ACAD_REACTORS
330
2E04
102
}
330
1F
100
AcDbEntity
  8
0
 62
     7
 48
0.1
100
AcDbPolyline
 90
        4
 70
     1
 43
0.0
 10
3121.875627692379
 20
1791.458209724167
 10
3122.488910883105
 20
1791.458209724167
 10
3122.488910883105
 20
1790.29191042997
 10
3121.875627692379
 20
1790.29191042997
  0
LINE
  5
2E06
330
1F
100
AcDbEntity
  8
0
100
AcDbLine
 10
3122.182269287741
 20
1791.458209724167
 30
0.0
 11
3122.182269287741
 21
1792.177729822662
 31
0.0
  0
TEXT
  5
2E08
330
1F
100
AcDbEntity
  8
0
100
AcDbText
 10
3122.611071306297
 20
1790.472025078318
 30
0.0
 40
0.437154694356413
  1
DISJUNTOR 32A
  7
arial
100
AcDbText
  0
LINE
  5
3418
330
1F
100
AcDbEntity
  8
0
100
AcDbLine
 10
3085.891960894862
 20
1776.40458431661
 30
0.0
 11
3081.044990656814
 21
1776.40458431661
 31
0.0
  0
LINE
  5
3419
330
1F
100
AcDbEntity
  8
0
100
AcDbLine
 10
3085.891960894862
 20
1775.75264701211
 30
0.0
 11
3085.891960894862
 21
1776.40458431661
 31
0.0
  0
MTEXT
  5
341B
330
1F
100
AcDbEntity
  8
0
100
AcDbMText
 10
3035.647627636962
 20
1751.726888893614
 30
0.0
 40
0.3763675831320123
 41
16.23586472904047
 46
0.0
 71
     1
 72
     5
  1
{\H1.33333x;(EMEF EMIR DE MACEDO GOMES)}
  7
arial
 73
     1
 44
1.0
101
Embedded Object
 70
     1
 10
1.0
 20
0.0
 30
0.0
 11
3035.647627636962
 21
1751.726888893614
 31
0.0
 40
16.23586472904047
 41
0.0
 42
11.53882959741687
 43
0.6582565283999126
 71
     2
 72
     1
 44
16.23586472904047
 45
17.72793187093529
 73
     0
 74
     0
 46
0.0
  0
MTEXT
  5
341C
330
1F
100
AcDbEntity
  8
0
100
AcDbMText
 10
3174.727699940824
 20
1751.726888893614
 30
0.0
 40
0.3763675831320123
 41
16.23586472904047
 46
0.0
 71
     1
 72
     5
  1
{\H1.33333x;(EMEF EMIR DE MACEDO GOMES)}
  7
arial
 73
     1
 44
1.0
101
Embedded Object
 70
     1
 10
1.0
 20
0.0
 30
0.0
 11
3174.727699940824
 21
1751.726888893614
 31
0.0
 40
16.23586472904047
 41
0.0
 42
11.53882959741687
 43
0.6582565283999126
 71
     2
 72
     1
 44
16.23586472904047
 45
17.72793187093529
 73
     0
 74
     0
 46
0.0
  0
TEXT
  5
3421
330
1F
100
AcDbEntity
  8
0
 62
     1
 48
0.1
100
AcDbText
 10
2945.224379061857
 20
1752.176522560031
 30
0.0
 40
0.395978073333965
  1
CS7N-695TB-AG-Bifacial N-Type 695Wp
  7
arial
100
AcDbText
  0
TEXT
  5
3422
330
1F
100
AcDbEntity
  8
0
 62
     1
 48
0.1
100
AcDbText
 10
2957.332866579699
 20
1752.176522560031
 30
0.0
 40
0.395978073333965
  1
CS7N-695TB-AG-Bifacial N-Type 695Wp
  7
arial
100
AcDbText
  0
TEXT
  5
3423
330
1F
100
AcDbEntity
  8
0
 62
     1
 48
0.1
100
AcDbText
 10
2969.683524101737
 20
1752.176522560031
 30
0.0
 40
0.395978073333965
  1
CS7N-695TB-AG-Bifacial N-Type 695Wp
  7
arial
100
AcDbText
  0
TEXT
  5
3427
330
1F
100
AcDbEntity
  8
0
 62
     1
 48
0.1
100
AcDbText
 10
2944.973437228566
 20
1767.249236871949
 30
0.0
 40
0.395978073333965
  1
CS7N-695TB-AG-Bifacial N-Type 695Wp
  7
arial
100
AcDbText
  0
TEXT
  5
3428
330
1F
100
AcDbEntity
  8
0
 62
     1
 48
0.1
100
AcDbText
 10
2957.094279195585
 20
1767.762446638429
 30
0.0
 40
0.395978073333965
  1
CANADIANSOLAR
  7
arial
100
AcDbText
  0
TEXT
  5
3429
330
1F
100
AcDbEntity
  8
0
 62
     1
 48
0.1
100
AcDbText
 10
2957.226863420729
 20
1767.297380078693
 30
0.0
 40
0.395978073333965
  1
CS7N-695TB-AG-Bifacial N-Type 695Wp
  7
arial
100
AcDbText
  0
TEXT
  5
342A
330
1F
100
AcDbEntity
  8
0
 62
     1
 48
0.1
100
AcDbText
 10
2969.40373949694
 20
1767.636664551764
 30
0.0
 40
0.395978073333965
  1
CANADIANSOLAR
  7
arial
100
AcDbText
  0
TEXT
  5
342B
330
1F
100
AcDbEntity
  8
0
 62
     1
 48
0.1
100
AcDbText
 10
2969.536323722084
 20
1767.171597992028
 30
0.0
 40
0.395978073333965
  1
CS7N-695TB-AG-Bifacial N-Type 695Wp
  7
arial
100
AcDbText
  0
TEXT
  5
342C
330
1F
100
AcDbEntity
  8
0
 62
     1
 48
0.1
100
AcDbText
 10
2981.649625825202
 20
1766.615830023928
 30
0.0
 40
0.395978073333965
  1
CANADIANSOLAR
  7
arial
100
AcDbText
  0
TEXT
  5
342D
330
1F
100
AcDbEntity
  8
0
 62
     1
 48
0.1
100
AcDbText
 10
2981.782210050346
 20
1766.150763464192
 30
0.0
 40
0.395978073333965
  1
CS7N-695TB-AG-Bifacial N-Type 695Wp
  7
arial
100
AcDbText
  0
TEXT
  5
342E
330
1F
100
AcDbEntity
  8
0
 62
     1
 48
0.1
100
AcDbText
 10
2993.864788329187
 20
1766.615219961141
 30
0.0
 40
0.395978073333965
  1
CANADIANSOLAR
  7
arial
100
AcDbText
  0
TEXT
  5
342F
330
1F
100
AcDbEntity
  8
0
 62
     1
 48
0.1
100
AcDbText
 10
2993.997372554331
 20
1766.150153401406
 30
0.0
 40
0.395978073333965
  1
CS7N-695TB-AG-Bifacial N-Type 695Wp
  7
arial
100
AcDbText
  0
TEXT
  5
3430
330
1F
100
AcDbEntity
  8
0
 62
     1
 48
0.1
100
AcDbText
 10
3006.112394839617
 20
1766.614487885797
 30
0.0
 40
0.395978073333965
  1
CANADIANSOLAR
  7
arial
100
AcDbText
  0
TEXT
  5
3431
330
1F
100
AcDbEntity
  8
0
 62
     1
 48
0.1
100
AcDbText
 10
3006.244979064762
 20
1766.149421326062
 30
0.0
 40
0.395978073333965
  1
CS7N-695TB-AG-Bifacial N-Type 695Wp
  7
arial
100
AcDbText
  0
TEXT
  5
3432
330
1F
100
AcDbEntity
  8
0
 62
     1
 48
0.1
100
AcDbText
 10
2945.052773016108
 20
1752.763842879292
 30
0.0
 40
0.395978073333965
  1
CANADIANSOLAR
  7
arial
100
AcDbText
  0
TEXT
  5
3433
330
1F
100
AcDbEntity
  8
0
 62
     1
 48
0.1
100
AcDbText
 10
2957.112294148152
 20
1752.659284390806
 30
0.0
 40
0.395978073333965
  1
CANADIANSOLAR
  7
arial
100
AcDbText
  0
TEXT
  5
3434
330
1F
100
AcDbEntity
  8
0
 62
     1
 48
0.1
100
AcDbText
 10
2969.37934557075
 20
1752.699687484756
 30
0.0
 40
0.395978073333965
  1
CANADIANSOLAR
  7
arial
100
AcDbText
  0
TEXT
  5
34F7
330
1F
100
AcDbEntity
  8
0
 62
     1
 48
0.1
100
AcDbText
 10
3084.699875440885
 20
1763.951865052261
 30
0.0
 40
0.2478390771075291
  1
CANADIAN
  7
arial
100
AcDbText
  0
TEXT
  5
34F8
330
1F
100
AcDbEntity
  8
0
 62
     1
 48
0.1
100
AcDbText
 10
3084.389160141477
 20
1763.111102791538
 30
0.0
 40
0.1407509375281014
  1
CS7N-695TB-AG-Bifacial 
  7
arial
100
AcDbText
  0
TEXT
  5
34F9
330
1F
100
AcDbEntity
  8
0
 62
     1
 48
0.1
100
AcDbText
 10
3087.118348000941
 20
1763.951865052261
 30
0.0
 40
0.2478390771075291
  1
CANADIAN
  7
arial
100
AcDbText
  0
TEXT
  5
34FA
330
1F
100
AcDbEntity
  8
0
 62
     1
 48
0.1
100
AcDbText
 10
3084.795230061144
 20
1762.876887489295
 30
0.0
 40
0.1407509375281014
  1
N-Type 695Wp 
  7
arial
100
AcDbText
  0
TEXT
  5
34FB
330
1F
100
AcDbEntity
  8
0
 62
     1
 48
0.1
100
AcDbText
 10
3086.960810270096
 20
1763.111102791538
 30
0.0
 40
0.1407509375281014
  1
CS7N-695TB-AG-Bifacial 
  7
arial
100
AcDbText
  0
TEXT
  5
34FC
330
1F
100
AcDbEntity
  8
0
 62
     1
 48
0.1
100
AcDbText
 10
3087.366880189763
 20
1762.876887489295
 30
0.0
 40
0.1407509375281014
  1
N-Type 695Wp 
  7
arial
100
AcDbText
  0
TEXT
  5
34FD
330
1F
100
AcDbEntity
  8
0
 62
     1
 48
0.1
100
AcDbText
 10
3089.62051363352
 20
1763.951865052261
 30
0.0
 40
0.2478390771075291
  1
CANADIAN
  7
arial
100
AcDbText
  0
TEXT
  5
34FE
330
1F
100
AcDbEntity
  8
0
 62
     1
 48
0.1
100
AcDbText
 10
3089.309798334112
 20
1763.111102791538
 30
0.0
 40
0.1407509375281014
  1
CS7N-695TB-AG-Bifacial 
  7
arial
100
AcDbText
  0
TEXT
  5
34FF
330
1F
100
AcDbEntity
  8
0
 62
     1
 48
0.1
100
AcDbText
 10
3092.038986193576
 20
1763.951865052261
 30
0.0
 40
0.2478390771075291
  1
CANADIAN
  7
arial
100
AcDbText
  0
TEXT
  5
3500
330
1F
100
AcDbEntity
  8
0
 62
     1
 48
0.1
100
AcDbText
 10
3089.715868253779
 20
1762.876887489295
 30
0.0
 40
0.1407509375281014
  1
N-Type 695Wp 
  7
arial
100
AcDbText
  0
TEXT
  5
3501
330
1F
100
AcDbEntity
  8
0
 62
     1
 48
0.1
100
AcDbText
 10
3091.881448462731
 20
1763.111102791538
 30
0.0
 40
0.1407509375281014
  1
CS7N-695TB-AG-Bifacial 
  7
arial
100
AcDbText
  0
TEXT
  5
3502
330
1F
100
AcDbEntity
  8
0
 62
     1
 48
0.1
100
AcDbText
 10
3092.287518382398
 20
1762.876887489295
 30
0.0
 40
0.1407509375281014
  1
N-Type 695Wp 
  7
arial
100
AcDbText
  0
TEXT
  5
3503
330
1F
100
AcDbEntity
  8
0
 62
     1
 48
0.1
100
AcDbText
 10
3095.833361702819
 20
1763.951865052261
 30
0.0
 40
0.2478390771075291
  1
CANADIAN
  7
arial
100
AcDbText
  0
TEXT
  5
3504
330
1F
100
AcDbEntity
  8
0
 62
     1
 48
0.1
100
AcDbText
 10
3095.522646403411
 20
1763.111102791538
 30
0.0
 40
0.1407509375281014
  1
CS7N-695TB-AG-Bifacial 
  7
arial
100
AcDbText
  0
TEXT
  5
3505
330
1F
100
AcDbEntity
  8
0
 62
     1
 48
0.1
100
AcDbText
 10
3098.251834262875
 20
1763.951865052261
 30
0.0
 40
0.2478390771075291
  1
CANADIAN
  7
arial
100
AcDbText
  0
TEXT
  5
3506
330
1F
100
AcDbEntity
  8
0
 62
     1
 48
0.1
100
AcDbText
 10
3095.928716323078
 20
1762.876887489295
 30
0.0
 40
0.1407509375281014
  1
N-Type 695Wp 
  7
arial
100
AcDbText
  0
TEXT
  5
3507
330
1F
100
AcDbEntity
  8
0
 62
     1
 48
0.1
100
AcDbText
 10
3098.09429653203
 20
1763.111102791538
 30
0.0
 40
0.1407509375281014
  1
CS7N-695TB-AG-Bifacial 
  7
arial
100
AcDbText
  0
TEXT
  5
3508
330
1F
100
AcDbEntity
  8
0
 62
     1
 48
0.1
100
AcDbText
 10
3098.500366451697
 20
1762.876887489295
 30
0.0
 40
0.1407509375281014
  1
N-Type 695Wp 
  7
arial
100
AcDbText
  0
TEXT
  5
3509
330
1F
100
AcDbEntity
  8
0
 62
     1
 48
0.1
100
AcDbText
 10
3100.753999895454
 20
1763.951865052261
 30
0.0
 40
0.2478390771075291
  1
CANADIAN
  7
arial
100
AcDbText
  0
TEXT
  5
350A
330
1F
100
AcDbEntity
  8
0
 62
     1
 48
0.1
100
AcDbText
 10
3100.443284596046
 20
1763.111102791538
 30
0.0
 40
0.1407509375281014
  1
CS7N-695TB-AG-Bifacial 
  7
arial
100
AcDbText
  0
TEXT
  5
350B
330
1F
100
AcDbEntity
  8
0
 62
     1
 48
0.1
100
AcDbText
 10
3103.17247245551
 20
1763.951865052261
 30
0.0
 40
0.2478390771075291
  1
CANADIAN
  7
arial
100
AcDbText
  0
TEXT
  5
350C
330
1F
100
AcDbEntity
  8
0
 62
     1
 48
0.1
100
AcDbText
 10
3100.849354515714
 20
1762.876887489295
 30
0.0
 40
0.1407509375281014
  1
N-Type 695Wp 
  7
arial
100
AcDbText
  0
TEXT
  5
350D
330
1F
100
AcDbEntity
  8
0
 62
     1
 48
0.1
100
AcDbText
 10
3103.014934724665
 20
1763.111102791538
 30
0.0
 40
0.1407509375281014
  1
CS7N-695TB-AG-Bifacial 
  7
arial
100
AcDbText
  0
TEXT
  5
350E
330
1F
100
AcDbEntity
  8
0
 62
     1
 48
0.1
100
AcDbText
 10
3103.421004644332
 20
1762.876887489295
 30
0.0
 40
0.1407509375281014
  1
N-Type 695Wp 
  7
arial
100
AcDbText
  0
TEXT
  5
350F
330
1F
100
AcDbEntity
  8
0
 62
     1
 48
0.1
100
AcDbText
 10
3107.788171500864
 20
1763.951865052261
 30
0.0
 40
0.2478390771075291
  1
CANADIAN
  7
arial
100
AcDbText
  0
TEXT
  5
3510
330
1F
100
AcDbEntity
  8
0
 62
     1
 48
0.1
100
AcDbText
 10
3107.477456201456
 20
1763.111102791538
 30
0.0
 40
0.1407509375281014
  1
CS7N-695TB-AG-Bifacial 
  7
arial
100
AcDbText
  0
TEXT
  5
3511
330
1F
100
AcDbEntity
  8
0
 62
     1
 48
0.1
100
AcDbText
 10
3110.206644060921
 20
1763.951865052261
 30
0.0
 40
0.2478390771075291
  1
CANADIAN
  7
arial
100
AcDbText
  0
TEXT
  5
3512
330
1F
100
AcDbEntity
  8
0
 62
     1
 48
0.1
100
AcDbText
 10
3107.883526121124
 20
1762.876887489295
 30
0.0
 40
0.1407509375281014
  1
N-Type 695Wp 
  7
arial
100
AcDbText
  0
TEXT
  5
3513
330
1F
100
AcDbEntity
  8
0
 62
     1
 48
0.1
100
AcDbText
 10
3110.049106330075
 20
1763.111102791538
 30
0.0
 40
0.1407509375281014
  1
CS7N-695TB-AG-Bifacial 
  7
arial
100
AcDbText
  0
TEXT
  5
3514
330
1F
100
AcDbEntity
  8
0
 62
     1
 48
0.1
100
AcDbText
 10
3110.455176249743
 20
1762.876887489295
 30
0.0
 40
0.1407509375281014
  1
N-Type 695Wp 
  7
arial
100
AcDbText
  0
TEXT
  5
3515
330
1F
100
AcDbEntity
  8
0
 62
     1
 48
0.1
100
AcDbText
 10
3112.708809693499
 20
1763.951865052261
 30
0.0
 40
0.2478390771075291
  1
CANADIAN
  7
arial
100
AcDbText
  0
TEXT
  5
3516
330
1F
100
AcDbEntity
  8
0
 62
     1
 48
0.1
100
AcDbText
 10
3112.398094394091
 20
1763.111102791538
 30
0.0
 40
0.1407509375281014
  1
CS7N-695TB-AG-Bifacial 
  7
arial
100
AcDbText
  0
TEXT
  5
3517
330
1F
100
AcDbEntity
  8
0
 62
     1
 48
0.1
100
AcDbText
 10
3115.127282253556
 20
1763.951865052261
 30
0.0
 40
0.2478390771075291
  1
CANADIAN
  7
arial
100
AcDbText
  0
TEXT
  5
3518
330
1F
100
AcDbEntity
  8
0
 62
     1
 48
0.1
100
AcDbText
 10
3112.804164313759
 20
1762.876887489295
 30
0.0
 40
0.1407509375281014
  1
N-Type 695Wp 
  7
arial
100
AcDbText
  0
TEXT
  5
3519
330
1F
100
AcDbEntity
  8
0
 62
     1
 48
0.1
100
AcDbText
 10
3114.96974452271
 20
1763.111102791538
 30
0.0
 40
0.1407509375281014
  1
CS7N-695TB-AG-Bifacial 
  7
arial
100
AcDbText
  0
TEXT
  5
351A
330
1F
100
AcDbEntity
  8
0
 62
     1
 48
0.1
100
AcDbText
 10
3115.375814442378
 20
1762.876887489295
 30
0.0
 40
0.1407509375281014
  1
N-Type 695Wp 
  7
arial
100
AcDbText
  0
TEXT
  5
351B
330
1F
100
AcDbEntity
  8
0
100
AcDbText
 10
3096.475715066221
 20
1779.239615371925
 30
0.0
 40
0.2478390771075291
  1
Modelo
  7
arial
100
AcDbText
  0
TEXT
  5
351C
330
1F
100
AcDbEntity
  8
0
100
AcDbText
 10
3098.9065738701
 20
1779.239615371925
 30
0.0
 40
0.2478390771075291
  1
Modelo
  7
arial
100
AcDbText
  0
TEXT
  5
351D
330
1F
100
AcDbEntity
  8
0
100
AcDbText
 10
3101.293235375877
 20
1779.239615371925
 30
0.0
 40
0.2478390771075291
  1
Modelo
  7
arial
100
AcDbText
  0
TEXT
  5
351E
330
1F
100
AcDbEntity
  8
0
100
AcDbText
 10
3103.679896881655
 20
1779.239615371925
 30
0.0
 40
0.2478390771075291
  1
Modelo
  7
arial
100
AcDbText
  0
TEXT
  5
351F
330
1F
100
AcDbEntity
  8
0
100
AcDbText
 10
3108.112280662375
 20
1779.239615371925
 30
0.0
 40
0.2478390771075291
  1
Modelo
  7
arial
100
AcDbText
  0
TEXT
  5
3520
330
1F
100
AcDbEntity
  8
0
100
AcDbText
 10
3110.543139466253
 20
1779.239615371925
 30
0.0
 40
0.2478390771075291
  1
Modelo
  7
arial
100
AcDbText
  0
TEXT
  5
3521
330
1F
100
AcDbEntity
  8
0
100
AcDbText
 10
3112.929800972031
 20
1779.239615371925
 30
0.0
 40
0.2478390771075291
  1
Modelo
  7
arial
100
AcDbText
  0
TEXT
  5
3522
330
1F
100
AcDbEntity
  8
0
100
AcDbText
 10
3115.316462477808
 20
1779.239615371925
 30
0.0
 40
0.2478390771075291
  1
Modelo
  7
arial
100
AcDbText
  0
TEXT
  5
3523
330
1F
100
AcDbEntity
  8
0
 62
     1
 48
0.1
100
AcDbText
 10
3084.699875440885
 20
1779.664315722671
 30
0.0
 40
0.2478390771075291
  1
CANADIAN
  7
arial
100
AcDbText
  0
TEXT
  5
3524
330
1F
100
AcDbEntity
  8
0
 62
     1
 48
0.1
100
AcDbText
 10
3084.389160141477
 20
1778.823553461948
 30
0.0
 40
0.1407509375281014
  1
CS7N-695TB-AG-Bifacial 
  7
arial
100
AcDbText
  0
TEXT
  5
3525
330
1F
100
AcDbEntity
  8
0
 62
     1
 48
0.1
100
AcDbText
 10
3087.118348000941
 20
1779.664315722671
 30
0.0
 40
0.2478390771075291
  1
CANADIAN
  7
arial
100
AcDbText
  0
TEXT
  5
3526
330
1F
100
AcDbEntity
  8
0
 62
     1
 48
0.1
100
AcDbText
 10
3084.795230061144
 20
1778.589338159705
 30
0.0
 40
0.1407509375281014
  1
N-Type 695Wp 
  7
arial
100
AcDbText
  0
TEXT
  5
3527
330
1F
100
AcDbEntity
  8
0
 62
     1
 48
0.1
100
AcDbText
 10
3086.960810270096
 20
1778.823553461948
 30
0.0
 40
0.1407509375281014
  1
CS7N-695TB-AG-Bifacial 
  7
arial
100
AcDbText
  0
TEXT
  5
3528
330
1F
100
AcDbEntity
  8
0
 62
     1
 48
0.1
100
AcDbText
 10
3087.366880189763
 20
1778.589338159705
 30
0.0
 40
0.1407509375281014
  1
N-Type 695Wp 
  7
arial
100
AcDbText
  0
TEXT
  5
3529
330
1F
100
AcDbEntity
  8
0
 62
     1
 48
0.1
100
AcDbText
 10
3089.62051363352
 20
1779.664315722671
 30
0.0
 40
0.2478390771075291
  1
CANADIAN
  7
arial
100
AcDbText
  0
TEXT
  5
352A
330
1F
100
AcDbEntity
  8
0
 62
     1
 48
0.1
100
AcDbText
 10
3089.309798334112
 20
1778.823553461948
 30
0.0
 40
0.1407509375281014
  1
CS7N-695TB-AG-Bifacial 
  7
arial
100
AcDbText
  0
TEXT
  5
352B
330
1F
100
AcDbEntity
  8
0
 62
     1
 48
0.1
100
AcDbText
 10
3092.038986193576
 20
1779.664315722671
 30
0.0
 40
0.2478390771075291
  1
CANADIAN
  7
arial
100
AcDbText
  0
TEXT
  5
352C
330
1F
100
AcDbEntity
  8
0
 62
     1
 48
0.1
100
AcDbText
 10
3089.715868253779
 20
1778.589338159705
 30
0.0
 40
0.1407509375281014
  1
N-Type 695Wp 
  7
arial
100
AcDbText
  0
TEXT
  5
352D
330
1F
100
AcDbEntity
  8
0
 62
     1
 48
0.1
100
AcDbText
 10
3091.881448462731
 20
1778.823553461948
 30
0.0
 40
0.1407509375281014
  1
CS7N-695TB-AG-Bifacial 
  7
arial
100
AcDbText
  0
TEXT
  5
352E
330
1F
100
AcDbEntity
  8
0
 62
     1
 48
0.1
100
AcDbText
 10
3092.287518382398
 20
1778.589338159705
 30
0.0
 40
0.1407509375281014
  1
N-Type 695Wp 
  7
arial
100
AcDbText
  0
TEXT
  5
352F
330
1F
100
AcDbEntity
  8
0
 62
     1
 48
0.1
100
AcDbText
 10
3095.833361702819
 20
1779.664315722671
 30
0.0
 40
0.2478390771075291
  1
CANADIAN
  7
arial
100
AcDbText
  0
TEXT
  5
3530
330
1F
100
AcDbEntity
  8
0
 62
     1
 48
0.1
100
AcDbText
 10
3095.522646403411
 20
1778.823553461948
 30
0.0
 40
0.1407509375281014
  1
CS7N-695TB-AG-Bifacial 
  7
arial
100
AcDbText
  0
TEXT
  5
3531
330
1F
100
AcDbEntity
  8
0
 62
     1
 48
0.1
100
AcDbText
 10
3098.251834262875
 20
1779.664315722671
 30
0.0
 40
0.2478390771075291
  1
CANADIAN
  7
arial
100
AcDbText
  0
TEXT
  5
3532
330
1F
100
AcDbEntity
  8
0
 62
     1
 48
0.1
100
AcDbText
 10
3095.928716323078
 20
1778.589338159705
 30
0.0
 40
0.1407509375281014
  1
N-Type 695Wp 
  7
arial
100
AcDbText
  0
TEXT
  5
3533
330
1F
100
AcDbEntity
  8
0
 62
     1
 48
0.1
100
AcDbText
 10
3098.09429653203
 20
1778.823553461948
 30
0.0
 40
0.1407509375281014
  1
CS7N-695TB-AG-Bifacial 
  7
arial
100
AcDbText
  0
TEXT
  5
3534
330
1F
100
AcDbEntity
  8
0
 62
     1
 48
0.1
100
AcDbText
 10
3098.500366451697
 20
1778.589338159705
 30
0.0
 40
0.1407509375281014
  1
N-Type 695Wp 
  7
arial
100
AcDbText
  0
TEXT
  5
3535
330
1F
100
AcDbEntity
  8
0
 62
     1
 48
0.1
100
AcDbText
 10
3100.753999895454
 20
1779.664315722671
 30
0.0
 40
0.2478390771075291
  1
CANADIAN
  7
arial
100
AcDbText
  0
TEXT
  5
3536
330
1F
100
AcDbEntity
  8
0
 62
     1
 48
0.1
100
AcDbText
 10
3100.443284596046
 20
1778.823553461948
 30
0.0
 40
0.1407509375281014
  1
CS7N-695TB-AG-Bifacial 
  7
arial
100
AcDbText
  0
TEXT
  5
3537
330
1F
100
AcDbEntity
  8
0
 62
     1
 48
0.1
100
AcDbText
 10
3103.17247245551
 20
1779.664315722671
 30
0.0
 40
0.2478390771075291
  1
CANADIAN
  7
arial
100
AcDbText
  0
TEXT
  5
3538
330
1F
100
AcDbEntity
  8
0
 62
     1
 48
0.1
100
AcDbText
 10
3100.849354515714
 20
1778.589338159705
 30
0.0
 40
0.1407509375281014
  1
N-Type 695Wp 
  7
arial
100
AcDbText
  0
TEXT
  5
3539
330
1F
100
AcDbEntity
  8
0
 62
     1
 48
0.1
100
AcDbText
 10
3103.014934724665
 20
1778.823553461948
 30
0.0
 40
0.1407509375281014
  1
CS7N-695TB-AG-Bifacial 
  7
arial
100
AcDbText
  0
TEXT
  5
353A
330
1F
100
AcDbEntity
  8
0
 62
     1
 48
0.1
100
AcDbText
 10
3103.421004644332
 20
1778.589338159705
 30
0.0
 40
0.1407509375281014
  1
N-Type 695Wp 
  7
arial
100
AcDbText
  0
TEXT
  5
353B
330
1F
100
AcDbEntity
  8
0
 62
     1
 48
0.1
100
AcDbText
 10
3107.788171500864
 20
1779.664315722671
 30
0.0
 40
0.2478390771075291
  1
CANADIAN
  7
arial
100
AcDbText
  0
TEXT
  5
353C
330
1F
100
AcDbEntity
  8
0
 62
     1
 48
0.1
100
AcDbText
 10
3107.477456201456
 20
1778.823553461948
 30
0.0
 40
0.1407509375281014
  1
CS7N-695TB-AG-Bifacial 
  7
arial
100
AcDbText
  0
TEXT
  5
353D
330
1F
100
AcDbEntity
  8
0
 62
     1
 48
0.1
100
AcDbText
 10
3110.206644060921
 20
1779.664315722671
 30
0.0
 40
0.2478390771075291
  1
CANADIAN
  7
arial
100
AcDbText
  0
TEXT
  5
353E
330
1F
100
AcDbEntity
  8
0
 62
     1
 48
0.1
100
AcDbText
 10
3107.883526121124
 20
1778.589338159705
 30
0.0
 40
0.1407509375281014
  1
N-Type 695Wp 
  7
arial
100
AcDbText
  0
TEXT
  5
353F
330
1F
100
AcDbEntity
  8
0
 62
     1
 48
0.1
100
AcDbText
 10
3110.049106330075
 20
1778.823553461948
 30
0.0
 40
0.1407509375281014
  1
CS7N-695TB-AG-Bifacial 
  7
arial
100
AcDbText
  0
TEXT
  5
3540
330
1F
100
AcDbEntity
  8
0
 62
     1
 48
0.1
100
AcDbText
 10
3110.455176249743
 20
1778.589338159705
 30
0.0
 40
0.1407509375281014
  1
N-Type 695Wp 
  7
arial
100
AcDbText
  0
TEXT
  5
3541
330
1F
100
AcDbEntity
  8
0
 62
     1
 48
0.1
100
AcDbText
 10
3112.708809693499
 20
1779.664315722671
 30
0.0
 40
0.2478390771075291
  1
CANADIAN
  7
arial
100
AcDbText
  0
TEXT
  5
3542
330
1F
100
AcDbEntity
  8
0
 62
     1
 48
0.1
100
AcDbText
 10
3112.398094394091
 20
1778.823553461948
 30
0.0
 40
0.1407509375281014
  1
CS7N-695TB-AG-Bifacial 
  7
arial
100
AcDbText
  0
TEXT
  5
3543
330
1F
100
AcDbEntity
  8
0
 62
     1
 48
0.1
100
AcDbText
 10
3115.127282253556
 20
1779.664315722671
 30
0.0
 40
0.2478390771075291
  1
CANADIAN
  7
arial
100
AcDbText
  0
TEXT
  5
3544
330
1F
100
AcDbEntity
  8
0
 62
     1
 48
0.1
100
AcDbText
 10
3112.804164313759
 20
1778.589338159705
 30
0.0
 40
0.1407509375281014
  1
N-Type 695Wp 
  7
arial
100
AcDbText
  0
TEXT
  5
3545
330
1F
100
AcDbEntity
  8
0
 62
     1
 48
0.1
100
AcDbText
 10
3114.96974452271
 20
1778.823553461948
 30
0.0
 40
0.1407509375281014
  1
CS7N-695TB-AG-Bifacial 
  7
arial
100
AcDbText
  0
TEXT
  5
3546
330
1F
100
AcDbEntity
  8
0
 62
     1
 48
0.1
100
AcDbText
 10
3115.375814442378
 20
1778.589338159705
 30
0.0
 40
0.1407509375281014
  1
N-Type 695Wp 
  7
arial
100
AcDbText
  0
TEXT
  5
3547
330
1F
100
AcDbEntity
  8
0
 62
     1
 48
0.1
100
AcDbText
 10
3120.9742845826
 20
1779.574607494359
 30
0.0
 40
0.2478390771075291
  1
CANADIAN
  7
arial
100
AcDbText
  0
TEXT
  5
3548
330
1F
100
AcDbEntity
  8
0
 62
     1
 48
0.1
100
AcDbText
 10
3120.663569283193
 20
1778.733845233636
 30
0.0
 40
0.1407509375281014
  1
CS7N-695TB-AG-Bifacial 
  7
arial
100
AcDbText
  0
TEXT
  5
3549
330
1F
100
AcDbEntity
  8
0
 62
     1
 48
0.1
100
AcDbText
 10
3123.392757142657
 20
1779.574607494359
 30
0.0
 40
0.2478390771075291
  1
CANADIAN
  7
arial
100
AcDbText
  0
TEXT
  5
354A
330
1F
100
AcDbEntity
  8
0
 62
     1
 48
0.1
100
AcDbText
 10
3121.069639202861
 20
1778.499629931392
 30
0.0
 40
0.1407509375281014
  1
N-Type 695Wp 
  7
arial
100
AcDbText
  0
TEXT
  5
354B
330
1F
100
AcDbEntity
  8
0
 62
     1
 48
0.1
100
AcDbText
 10
3123.235219411812
 20
1778.733845233636
 30
0.0
 40
0.1407509375281014
  1
CS7N-695TB-AG-Bifacial 
  7
arial
100
AcDbText
  0
TEXT
  5
354C
330
1F
100
AcDbEntity
  8
0
 62
     1
 48
0.1
100
AcDbText
 10
3123.641289331479
 20
1778.499629931392
 30
0.0
 40
0.1407509375281014
  1
N-Type 695Wp 
  7
arial
100
AcDbText
  0
TEXT
  5
354D
330
1F
100
AcDbEntity
  8
0
 62
     1
 48
0.1
100
AcDbText
 10
3125.894922775236
 20
1779.574607494359
 30
0.0
 40
0.2478390771075291
  1
CANADIAN
  7
arial
100
AcDbText
  0
TEXT
  5
354E
330
1F
100
AcDbEntity
  8
0
 62
     1
 48
0.1
100
AcDbText
 10
3125.584207475828
 20
1778.733845233636
 30
0.0
 40
0.1407509375281014
  1
CS7N-695TB-AG-Bifacial 
  7
arial
100
AcDbText
  0
TEXT
  5
354F
330
1F
100
AcDbEntity
  8
0
 62
     1
 48
0.1
100
AcDbText
 10
3128.313395335292
 20
1779.574607494359
 30
0.0
 40
0.2478390771075291
  1
CANADIAN
  7
arial
100
AcDbText
  0
TEXT
  5
3550
330
1F
100
AcDbEntity
  8
0
 62
     1
 48
0.1
100
AcDbText
 10
3125.990277395496
 20
1778.499629931392
 30
0.0
 40
0.1407509375281014
  1
N-Type 695Wp 
  7
arial
100
AcDbText
  0
TEXT
  5
3551
330
1F
100
AcDbEntity
  8
0
 62
     1
 48
0.1
100
AcDbText
 10
3128.155857604447
 20
1778.733845233636
 30
0.0
 40
0.1407509375281014
  1
CS7N-695TB-AG-Bifacial 
  7
arial
100
AcDbText
  0
TEXT
  5
3552
330
1F
100
AcDbEntity
  8
0
 62
     1
 48
0.1
100
AcDbText
 10
3128.561927524114
 20
1778.499629931392
 30
0.0
 40
0.1407509375281014
  1
N-Type 695Wp 
  7
arial
100
AcDbText
  0
TEXT
  5
3553
330
1F
100
AcDbEntity
  8
0
 62
     1
 48
0.1
100
AcDbText
 10
3132.397719033128
 20
1779.696958841145
 30
0.0
 40
0.2478390771075291
  1
CANADIAN
  7
arial
100
AcDbText
  0
TEXT
  5
3554
330
1F
100
AcDbEntity
  8
0
 62
     1
 48
0.1
100
AcDbText
 10
3132.08700373372
 20
1778.856196580421
 30
0.0
 40
0.1407509375281014
  1
CS7N-695TB-AG-Bifacial 
  7
arial
100
AcDbText
  0
TEXT
  5
3555
330
1F
100
AcDbEntity
  8
0
 62
     1
 48
0.1
100
AcDbText
 10
3134.816191593185
 20
1779.696958841145
 30
0.0
 40
0.2478390771075291
  1
CANADIAN
  7
arial
100
AcDbText
  0
TEXT
  5
3556
330
1F
100
AcDbEntity
  8
0
 62
     1
 48
0.1
100
AcDbText
 10
3132.493073653388
 20
1778.621981278178
 30
0.0
 40
0.1407509375281014
  1
N-Type 695Wp 
  7
arial
100
AcDbText
  0
TEXT
  5
3557
330
1F
100
AcDbEntity
  8
0
 62
     1
 48
0.1
100
AcDbText
 10
3134.658653862339
 20
1778.856196580421
 30
0.0
 40
0.1407509375281014
  1
CS7N-695TB-AG-Bifacial 
  7
arial
100
AcDbText
  0
TEXT
  5
3558
330
1F
100
AcDbEntity
  8
0
 62
     1
 48
0.1
100
AcDbText
 10
3135.064723782007
 20
1778.621981278178
 30
0.0
 40
0.1407509375281014
  1
N-Type 695Wp 
  7
arial
100
AcDbText
  0
TEXT
  5
3559
330
1F
100
AcDbEntity
  8
0
 62
     1
 48
0.1
100
AcDbText
 10
3137.318357225763
 20
1779.696958841145
 30
0.0
 40
0.2478390771075291
  1
CANADIAN
  7
arial
100
AcDbText
  0
TEXT
  5
355A
330
1F
100
AcDbEntity
  8
0
 62
     1
 48
0.1
100
AcDbText
 10
3137.007641926355
 20
1778.856196580421
 30
0.0
 40
0.1407509375281014
  1
CS7N-695TB-AG-Bifacial 
  7
arial
100
AcDbText
  0
TEXT
  5
355B
330
1F
100
AcDbEntity
  8
0
 62
     1
 48
0.1
100
AcDbText
 10
3139.73682978582
 20
1779.696958841145
 30
0.0
 40
0.2478390771075291
  1
CANADIAN
  7
arial
100
AcDbText
  0
TEXT
  5
355C
330
1F
100
AcDbEntity
  8
0
 62
     1
 48
0.1
100
AcDbText
 10
3137.413711846023
 20
1778.621981278178
 30
0.0
 40
0.1407509375281014
  1
N-Type 695Wp 
  7
arial
100
AcDbText
  0
TEXT
  5
355D
330
1F
100
AcDbEntity
  8
0
 62
     1
 48
0.1
100
AcDbText
 10
3139.579292054974
 20
1778.856196580421
 30
0.0
 40
0.1407509375281014
  1
CS7N-695TB-AG-Bifacial 
  7
arial
100
AcDbText
  0
TEXT
  5
355E
330
1F
100
AcDbEntity
  8
0
 62
     1
 48
0.1
100
AcDbText
 10
3139.985361974642
 20
1778.621981278178
 30
0.0
 40
0.1407509375281014
  1
N-Type 695Wp 
  7
arial
100
AcDbText
  0
TEXT
  5
355F
330
1F
100
AcDbEntity
  8
0
 62
     1
 48
0.1
100
AcDbText
 10
3143.987722196591
 20
1779.576420917645
 30
0.0
 40
0.2478390771075291
  1
CANADIAN
  7
arial
100
AcDbText
  0
TEXT
  5
3560
330
1F
100
AcDbEntity
  8
0
 62
     1
 48
0.1
100
AcDbText
 10
3143.677006897183
 20
1778.735658656922
 30
0.0
 40
0.1407509375281014
  1
CS7N-695TB-AG-Bifacial 
  7
arial
100
AcDbText
  0
TEXT
  5
3561
330
1F
100
AcDbEntity
  8
0
 62
     1
 48
0.1
100
AcDbText
 10
3146.406194756647
 20
1779.576420917645
 30
0.0
 40
0.2478390771075291
  1
CANADIAN
  7
arial
100
AcDbText
  0
TEXT
  5
3562
330
1F
100
AcDbEntity
  8
0
 62
     1
 48
0.1
100
AcDbText
 10
3144.08307681685
 20
1778.501443354679
 30
0.0
 40
0.1407509375281014
  1
N-Type 695Wp 
  7
arial
100
AcDbText
  0
TEXT
  5
3563
330
1F
100
AcDbEntity
  8
0
 62
     1
 48
0.1
100
AcDbText
 10
3146.248657025802
 20
1778.735658656922
 30
0.0
 40
0.1407509375281014
  1
CS7N-695TB-AG-Bifacial 
  7
arial
100
AcDbText
  0
TEXT
  5
3564
330
1F
100
AcDbEntity
  8
0
 62
     1
 48
0.1
100
AcDbText
 10
3146.654726945469
 20
1778.501443354679
 30
0.0
 40
0.1407509375281014
  1
N-Type 695Wp 
  7
arial
100
AcDbText
  0
TEXT
  5
3565
330
1F
100
AcDbEntity
  8
0
 62
     1
 48
0.1
100
AcDbText
 10
3148.908360389226
 20
1779.576420917645
 30
0.0
 40
0.2478390771075291
  1
CANADIAN
  7
arial
100
AcDbText
  0
TEXT
  5
3566
330
1F
100
AcDbEntity
  8
0
 62
     1
 48
0.1
100
AcDbText
 10
3148.597645089818
 20
1778.735658656922
 30
0.0
 40
0.1407509375281014
  1
CS7N-695TB-AG-Bifacial 
  7
arial
100
AcDbText
  0
TEXT
  5
3567
330
1F
100
AcDbEntity
  8
0
 62
     1
 48
0.1
100
AcDbText
 10
3151.326832949282
 20
1779.576420917645
 30
0.0
 40
0.2478390771075291
  1
CANADIAN
  7
arial
100
AcDbText
  0
TEXT
  5
3568
330
1F
100
AcDbEntity
  8
0
 62
     1
 48
0.1
100
AcDbText
 10
3149.003715009485
 20
1778.501443354679
 30
0.0
 40
0.1407509375281014
  1
N-Type 695Wp 
  7
arial
100
AcDbText
  0
TEXT
  5
3569
330
1F
100
AcDbEntity
  8
0
 62
     1
 48
0.1
100
AcDbText
 10
3151.169295218437
 20
1778.735658656922
 30
0.0
 40
0.1407509375281014
  1
CS7N-695TB-AG-Bifacial 
  7
arial
100
AcDbText
  0
TEXT
  5
356A
330
1F
100
AcDbEntity
  8
0
 62
     1
 48
0.1
100
AcDbText
 10
3151.575365138104
 20
1778.501443354679
 30
0.0
 40
0.1407509375281014
  1
N-Type 695Wp 
  7
arial
100
AcDbText
  0
LINE
  5
3619
330
1F
100
AcDbEntity
  8
ARQ-FOLHA
 62
     7
 48
0.1
100
AcDbLine
 10
3022.870697718401
 20
1806.936595346889
 30
0.0
 11
3022.870697718401
 21
1801.966108400703
 31
0.0
  0
LINE
  5
361A
330
1F
100
AcDbEntity
  8
ARQ-FOLHA
 62
     7
 48
0.1
100
AcDbLine
 10
3029.829379443061
 20
1805.693973610343
 30
0.0
 11
3029.829379443061
 21
1799.480864927611
 31
0.0
  0
LINE
  5
361B
330
1F
100
AcDbEntity
  8
ARQ-FOLHA
 62
     7
 48
0.1
100
AcDbLine
 10
3022.870697718401
 20
1801.966108400703
 30
0.0
 11
3030.823476832298
 21
1801.966108400703
 31
0.0
  0
LINE
  5
361C
330
1F
100
AcDbEntity
  8
ARQ-FOLHA
 62
     7
 48
0.1
100
AcDbLine
 10
3043.676382143818
 20
1799.480864927611
 30
0.0
 11
3043.676382143818
 21
1806.936595346889
 31
0.0
  0
LINE
  5
361D
330
1F
100
AcDbEntity
  8
ARQ-FOLHA
 62
     7
 48
0.1
100
AcDbLine
 10
3043.676382143818
 20
1806.936595346889
 30
0.0
 11
3022.870697718401
 21
1806.936595346889
 31
0.0
  0
LINE
  5
361E
330
1F
100
AcDbEntity
  8
ARQ-FOLHA
 62
     7
 48
0.1
100
AcDbLine
 10
3043.676382143818
 20
1805.693973610343
 30
0.0
 11
3022.870697718401
 21
1805.693973610343
 31
0.0
  0
LINE
  5
361F
330
1F
100
AcDbEntity
  8
ARQ-FOLHA
 62
     7
 48
0.1
100
AcDbLine
 10
3043.676382143818
 20
1804.451351873796
 30
0.0
 11
3022.870697718401
 21
1804.451351873796
 31
0.0
  0
LINE
  5
3620
330
1F
100
AcDbEntity
  8
ARQ-FOLHA
 62
     7
 48
0.1
100
AcDbLine
 10
3043.676382143818
 20
1803.20873013725
 30
0.0
 11
3022.870697718401
 21
1803.20873013725
 31
0.0
  0
TEXT
  5
3621
330
1F
100
AcDbEntity
  8
0
 62
     7
100
AcDbText
 10
3028.302588423428
 20
1806.158773599031
 30
0.0
 40
0.518045635191795
  1
MÓDULOS 
  7
arial
100
AcDbText
1001
ACAD
1000
ACAD_MTEXT_DEFINED_HEIGHT_BEGIN
1070
    46
1040
0.0
1000
ACAD_MTEXT_DEFINED_HEIGHT_END
  0
TEXT
  5
3622
330
1F
100
AcDbEntity
  8
0
 62
     7
100
AcDbText
 10
3023.494733775823
 20
1804.804698748406
 30
0.0
 40
0.518045635191795
  1
Fabricante
  7
arial
100
AcDbText
1001
ACAD
1000
ACAD_MTEXT_DEFINED_HEIGHT_BEGIN
1070
    46
1040
0.0
1000
ACAD_MTEXT_DEFINED_HEIGHT_END
  0
TEXT
  5
3623
330
1F
100
AcDbEntity
  8
0
 62
     7
100
AcDbText
 10
3023.494733775823
 20
1803.590704400938
 30
0.0
 40
0.518045635191795
  1
Modelo
  7
arial
100
AcDbText
1001
ACAD
1000
ACAD_MTEXT_DEFINED_HEIGHT_BEGIN
1070
    46
1040
0.0
1000
ACAD_MTEXT_DEFINED_HEIGHT_END
  0
TEXT
  5
3624
330
1F
100
AcDbEntity
  8
0
 62
     7
100
AcDbText
 10
3023.494733775823
 20
1802.353354132971
 30
0.0
 40
0.518045635191795
  1
Potência Nominal
  7
arial
100
AcDbText
1001
ACAD
1000
ACAD_MTEXT_DEFINED_HEIGHT_BEGIN
1070
    46
1040
0.0
1000
ACAD_MTEXT_DEFINED_HEIGHT_END
  0
LINE
  5
3625
330
1F
100
AcDbEntity
  8
ARQ-FOLHA
 62
     7
 48
0.1
100
AcDbLine
 10
3022.870697718401
 20
1801.966108400703
 30
0.0
 11
3022.870697718401
 21
1799.480864927611
 31
0.0
  0
LINE
  5
3626
330
1F
100
AcDbEntity
  8
ARQ-FOLHA
 62
     7
 48
0.1
100
AcDbLine
 10
3043.676382143818
 20
1801.966108400704
 30
0.0
 11
3022.870697718401
 21
1801.966108400703
 31
0.0
  0
LINE
  5
3627
330
1F
100
AcDbEntity
  8
ARQ-FOLHA
 62
     7
 48
0.1
100
AcDbLine
 10
3043.676382143818
 20
1800.723486664157
 30
0.0
 11
3022.870697718401
 21
1800.723486664157
 31
0.0
  0
LINE
  5
3628
330
1F
100
AcDbEntity
  8
ARQ-FOLHA
 62
     7
 48
0.1
100
AcDbLine
 10
3043.676382143818
 20
1799.480864927611
 30
0.0
 11
3022.870697718401
 21
1799.480864927611
 31
0.0
  0
TEXT
  5
3629
330
1F
100
AcDbEntity
  8
0
 62
     7
100
AcDbText
 10
3023.494733775823
 20
1799.83421180222
 30
0.0
 40
0.518045635191795
  1
Potência Total
  7
arial
100
AcDbText
1001
ACAD
1000
ACAD_MTEXT_DEFINED_HEIGHT_BEGIN
1070
    46
1040
0.0
1000
ACAD_MTEXT_DEFINED_HEIGHT_END
  0
TEXT
  5
362A
330
1F
100
AcDbEntity
  8
0
 62
     7
100
AcDbText
 10
3023.494733775823
 20
1801.101634517763
 30
0.0
 40
0.518045635191795
  1
Quantidade
  7
arial
100
AcDbText
1001
ACAD
1000
ACAD_MTEXT_DEFINED_HEIGHT_BEGIN
1070
    46
1040
0.0
1000
ACAD_MTEXT_DEFINED_HEIGHT_END
  0
TEXT
  5
362B
330
1F
100
AcDbEntity
  8
0
 62
     7
100
AcDbText
 10
3030.335734973971
 20
1803.590323177153
 30
0.0
 40
0.518045635191795
  1
CS7N-695TB-AG-Bifacial N-Type 695Wp
  7
arial
100
AcDbText
1001
ACAD
1000
ACAD_MTEXT_DEFINED_HEIGHT_BEGIN
1070
    46
1040
0.0
1000
ACAD_MTEXT_DEFINED_HEIGHT_END
  0
TEXT
  5
362C
330
1F
100
AcDbEntity
  8
0
 62
     7
100
AcDbText
 10
3035.516544014556
 20
1802.422879482209
 30
0.0
 40
0.518045635191795
  1
695 W
  7
arial
100
AcDbText
1001
ACAD
1000
ACAD_MTEXT_DEFINED_HEIGHT_BEGIN
1070
    46
1040
0.0
1000
ACAD_MTEXT_DEFINED_HEIGHT_END
  0
TEXT
  5
362D
330
1F
100
AcDbEntity
  8
0
 62
     7
100
AcDbText
 10
3036.218827844851
 20
1801.121830263824
 30
0.0
 40
0.518045635191795
  1
36
  7
arial
100
AcDbText
1001
ACAD
1000
ACAD_MTEXT_DEFINED_HEIGHT_BEGIN
1070
    46
1040
0.0
1000
ACAD_MTEXT_DEFINED_HEIGHT_END
  0
TEXT
  5
362E
330
1F
100
AcDbEntity
  8
0
 62
     7
100
AcDbText
 10
3035.045090599583
 20
1799.832735894893
 30
0.0
 40
0.518045635191795
  1
25,02 KWP
  7
arial
100
AcDbText
1001
ACAD
1000
ACAD_MTEXT_DEFINED_HEIGHT_BEGIN
1070
    46
1040
0.0
1000
ACAD_MTEXT_DEFINED_HEIGHT_END
  0
TEXT
  5
362F
330
1F
100
AcDbEntity
  8
0
 62
     7
100
AcDbText
 10
3034.300979135901
 20
1804.764272821891
 30
0.0
 40
0.518045635191795
  1
CANADIAN SOLAR
  7
arial
100
AcDbText
1001
ACAD
1000
ACAD_MTEXT_DEFINED_HEIGHT_BEGIN
1070
    46
1040
0.0
1000
ACAD_MTEXT_DEFINED_HEIGHT_END
  0
ENDSEC
  0
SECTION
  2
OBJECTS
  0
DICTIONARY
  5
C
330
0
100
AcDbDictionary
281
     1
  3
ACAD_CIP_PREVIOUS_PRODUCT_INFO
350
216
  3
ACAD_COLOR
350
6B
  3
ACAD_DETAILVIEWSTYLE
350
21B
  3
ACAD_GROUP
350
D
  3
ACAD_LAST_SAVED_VERSION_INFO
350
383E
  3
ACAD_LAYOUT
350
1A
  3
ACAD_MATERIAL
350
6A
  3
ACAD_MLEADERSTYLE
350
12D
  3
ACAD_MLINESTYLE
350
17
  3
ACAD_PLOTSETTINGS
350
19
  3
ACAD_PLOTSTYLENAME
350
E
  3
ACAD_SCALELIST
350
10C
  3
ACAD_SECTIONVIEWSTYLE
350
219
  3
ACAD_TABLESTYLE
350
7E
  3
ACAD_VISUALSTYLE
350
EF
  3
ACDB_RECOMPOSE_DATA
350
3840
  3
AcDbVariableDictionary
350
5E
  3
AEC_PROPERTY_SET_DEFS
350
5C1
  0
DICTIONARY
  5
F96
330
8
100
AcDbDictionary
280
     1
281
     1
  0
DICTIONARY
  5
1FF
330
2
100
AcDbDictionary
280
     1
281
     1
  3
ACAD_LAYERSTATES
360
200
  0
DICTIONARY
  5
13C
330
10
100
AcDbDictionary
280
     1
281
     1
  0
DICTIONARY
  5
27A
330
279
100
AcDbDictionary
280
     1
281
     1
  0
DICTIONARY
  5
27C
330
27B
100
AcDbDictionary
280
     1
281
     1
  0
DICTIONARY
  5
466
330
465
100
AcDbDictionary
280
     1
281
     1
  0
DICTIONARY
  5
1CE
330
1F
100
AcDbDictionary
280
     1
281
     1
  3
ACAD_SORTENTS
360
4F6
  0
DICTIONARY
  5
262
330
261
100
AcDbDictionary
280
     1
281
     1
  0
DICTIONARY
  5
403
330
402
100
AcDbDictionary
280
     1
281
     1
  0
DICTIONARY
  5
405
330
404
100
AcDbDictionary
280
     1
281
     1
  0
DICTIONARY
  5
FD7
330
43D
100
AcDbDictionary
280
     1
281
     1
  0
DICTIONARY
  5
2441
330
2440
100
AcDbDictionary
280
     1
281
     1
  0
DICTIONARY
  5
2443
330
2442
100
AcDbDictionary
280
     1
281
     1
  0
DICTIONARY
  5
2450
330
244F
100
AcDbDictionary
280
     1
281
     1
  0
XRECORD
  5
216
102
{ACAD_REACTORS
330
C
102
}
330
C
100
AcDbXrecord
280
     1
300
ACD
300
2025
300
ACD_F_S
  0
DICTIONARY
  5
6B
102
{ACAD_REACTORS
330
C
102
}
330
C
100
AcDbDictionary
281
     1
  0
DICTIONARY
  5
21B
102
{ACAD_REACTORS
330
C
102
}
330
C
100
AcDbDictionary
281
     1
  3
Metric50
350
21C
  0
DICTIONARY
  5
D
102
{ACAD_REACTORS
330
C
102
}
330
C
100
AcDbDictionary
281
     1
  0
XRECORD
  5
383E
102
{ACAD_REACTORS
330
C
102
}
330
C
100
AcDbXrecord
280
     1
300
{9F20C9F2-5699-0648-B2B6-967E314D70BC}
301
{64779754-119B-9E4F-BDF8-700AC2116E83}
302
{9F20C9F2-5699-0648-B2B6-967E314D70BC}
303
C:\Luan\Github\Solar-2.0\PROJETO ATUALIZADO - EMIR DE MACEDO GOMES.dxf
  0
DICTIONARY
  5
1A
102
{ACAD_REACTORS
330
C
102
}
330
C
100
AcDbDictionary
281
     1
  3
Layout1
350
D3
  3
Layout2
350
D7
  3
Model
350
22
  0
DICTIONARY
  5
6A
102
{ACAD_REACTORS
330
C
102
}
330
C
100
AcDbDictionary
281
     1
  3
ByBlock
350
ED
  3
ByLayer
350
EC
  3
Global
350
EE
  0
DICTIONARY
  5
12D
102
{ACAD_REACTORS
330
C
102
}
330
C
100
AcDbDictionary
281
     1
  3
Annotative
350
13B
  3
Standard
350
12E
  0
DICTIONARY
  5
17
102
{ACAD_REACTORS
330
C
102
}
330
C
100
AcDbDictionary
281
     1
  3
Standard
350
18
  0
DICTIONARY
  5
19
102
{ACAD_REACTORS
330
C
102
}
330
C
100
AcDbDictionary
281
     1
  0
ACDBDICTIONARYWDFLT
  5
E
102
{ACAD_REACTORS
330
C
102
}
330
C
100
AcDbDictionary
281
     1
  3
Normal
350
F
100
AcDbDictionaryWithDefault
340
F
  0
DICTIONARY
  5
10C
102
{ACAD_REACTORS
330
C
102
}
330
C
100
AcDbDictionary
281
     1
  3
A0
350
10D
  3
A1
350
1BE
  3
A2
350
1BF
  3
A3
350
1C0
  3
A4
350
1C1
  3
A5
350
1C2
  3
A6
350
1C3
  3
A7
350
1C4
  3
A8
350
1C5
  3
A9
350
1C6
  3
B0
350
1C7
  3
B1
350
1C8
  3
B2
350
1C9
  3
B3
350
1CA
  3
B4
350
1CB
  3
B5
350
1CC
  3
B6
350
1CD
  0
DICTIONARY
  5
219
102
{ACAD_REACTORS
330
C
102
}
330
C
100
AcDbDictionary
281
     1
  3
Metric50
350
21A
  0
DICTIONARY
  5
7E
102
{ACAD_REACTORS
330
C
102
}
330
C
100
AcDbDictionary
281
     1
  3
Standard
350
7F
  0
DICTIONARY
  5
EF
102
{ACAD_REACTORS
330
C
102
}
330
C
100
AcDbDictionary
281
     1
  3
2dWireframe
350
F5
  3
3dWireframe
350
28A
  3
Basic
350
F4
  3
Brighten
350
FB
  3
ColorChange
350
FF
  3
Conceptual
350
F8
  3
Dim
350
FA
  3
EdgeColorOff
350
1E6
  3
Facepattern
350
FE
  3
Flat
350
F0
  3
FlatWithEdges
350
F1
  3
Gouraud
350
F2
  3
GouraudWithEdges
350
F3
  3
Hidden
350
F7
  3
JitterOff
350
1E4
  3
Linepattern
350
FD
  3
OverhangOff
350
1E5
  3
Realistic
350
F9
  3
Shaded
350
1F3
  3
Shaded with edges
350
1F2
  3
Shades of Gray
350
1EF
  3
Sketchy
350
1F0
  3
Thicken
350
FC
  3
Wireframe
350
F6
  3
X-Ray
350
1F1
  0
XRECORD
  5
3840
102
{ACAD_REACTORS
330
C
102
}
330
C
100
AcDbXrecord
280
     1
 90
        1
330
7F
  0
DICTIONARY
  5
5E
102
{ACAD_REACTORS
330
C
102
}
330
C
100
AcDbDictionary
281
     1
  3
CANNOSCALE
350
146
  3
CMLEADERSTYLE
350
145
  3
CTABLESTYLE
350
84
  3
CVIEWDETAILSTYLE
350
227
  3
CVIEWSECTIONSTYLE
350
228
  3
DIMASSOC
350
5F
  3
HIDETEXT
350
63
  3
LAYEREVAL
350
1AE
  3
LAYERNOTIFY
350
1AF
  3
LIGHTINGUNITS
350
FDA
  3
MSLTSCALE
350
FD9
  0
DICTIONARY
  5
5C1
102
{ACAD_REACTORS
330
C
102
}
330
C
100
AcDbDictionary
281
     1
  0
DICTIONARY
  5
200
102
{ACAD_REACTORS
330
1FF
102
}
330
1FF
100
AcDbDictionary
281
     1
  0
SORTENTSTABLE
  5
4F6
102
{ACAD_REACTORS
330
1CE
102
}
330
1CE
100
AcDbSortentsTable
330
1F
331
43B
  5
43C
331
43D
  5
43E
331
43E
  5
43F
331
43F
  5
440
331
440
  5
441
331
441
  5
442
331
444
  5
4C1
  0
ACDBDETAILVIEWSTYLE
  5
21C
102
{ACAD_REACTORS
330
21B
102
}
330
21B
100
AcDbModelDocViewStyle
 70
     0
  3
Metric50
290
     0
300
Metric50
 90
        0
100
AcDbDetailViewStyle
 70
     0
 71
     0
 90
        3
 71
     1
340
11
 62
   256
 40
5.0
340
0
 62
   256
 40
5.0
300

 40
0.0
280
     1
 71
     2
340
16
 90
       25
 62
   256
 71
     3
340
11
 62
   256
 40
5.0
 90
        0
 40
15.0
 90
        1
300
%<\AcVar ViewDetailId>% (%<\AcVar ViewScale \f "%sn">%)
 71
     4
340
16
 90
       25
 62
   256
340
16
 90
       25
 62
   256
280
     0
  0
LAYOUT
  5
D3
102
{ACAD_REACTORS
330
1A
102
}
330
1A
100
AcDbPlotSettings
  1

  2
C:\Documents and Settings\basas\Application Data\Autodesk\AutoCAD 2005\R16.1\enu\plotters\Default Windows System Printer.pc3
  4

  6

 40
0.0
 41
0.0
 42
0.0
 43
0.0
 44
0.0
 45
0.0
 46
0.0
 47
0.0
 48
0.0
 49
0.0
140
0.0
141
0.0
142
1.0
143
1.0
 70
   688
 72
     0
 73
     0
 74
     5
  7

 75
    16
147
1.0
 76
     0
 77
     2
 78
   300
148
0.0
149
0.0
100
AcDbLayout
  1
Layout1
 70
     1
 71
     1
 10
0.0
 20
0.0
 11
12.0
 21
9.0
 12
0.0
 22
0.0
 32
0.0
 14
0.0
 24
0.0
 34
0.0
 15
0.0
 25
0.0
 35
0.0
146
0.0
 13
0.0
 23
0.0
 33
0.0
 16
1.0
 26
0.0
 36
0.0
 17
0.0
 27
1.0
 37
0.0
 76
     0
330
D2
  0
LAYOUT
  5
D7
102
{ACAD_REACTORS
330
1A
102
}
330
1A
100
AcDbPlotSettings
  1

  2
C:\Documents and Settings\basas\Application Data\Autodesk\AutoCAD 2005\R16.1\enu\plotters\Default Windows System Printer.pc3
  4

  6

 40
0.0
 41
0.0
 42
0.0
 43
0.0
 44
0.0
 45
0.0
 46
0.0
 47
0.0
 48
0.0
 49
0.0
140
0.0
141
0.0
142
1.0
143
1.0
 70
   688
 72
     0
 73
     0
 74
     5
  7

 75
    16
147
1.0
 76
     0
 77
     2
 78
   300
148
0.0
149
0.0
100
AcDbLayout
  1
Layout2
 70
     1
 71
     2
 10
0.0
 20
0.0
 11
12.0
 21
9.0
 12
0.0
 22
0.0
 32
0.0
 14
0.0
 24
0.0
 34
0.0
 15
0.0
 25
0.0
 35
0.0
146
0.0
 13
0.0
 23
0.0
 33
0.0
 16
1.0
 26
0.0
 36
0.0
 17
0.0
 27
1.0
 37
0.0
 76
     0
330
D6
  0
LAYOUT
  5
22
102
{ACAD_XDICTIONARY
360
205
102
}
102
{ACAD_REACTORS
330
1A
102
}
330
1A
100
AcDbPlotSettings
  1

  2
none_device
  4
ISO_A4_(210.00_x_297.00_MM)
  6

 40
7.5
 41
20.0
 42
7.5
 43
20.0
 44
210.0
 45
297.0
 46
11.54999923706054
 47
-13.65000009536743
 48
0.0
 49
0.0
140
0.0
141
0.0
142
1.0
143
8.704084754739808
 70
 11952
 72
     1
 73
     0
 74
     0
  7

 75
     0
147
0.1148885871608098
 76
     0
 77
     2
 78
   300
148
0.0
149
0.0
100
AcDbLayout
  1
Model
 70
     1
 71
     0
 10
0.0
 20
0.0
 11
12.0
 21
9.0
 12
0.0
 22
0.0
 32
0.0
 14
0.0
 24
0.0
 34
0.0
 15
0.0
 25
0.0
 35
0.0
146
0.0
 13
0.0
 23
0.0
 33
0.0
 16
1.0
 26
0.0
 36
0.0
 17
0.0
 27
1.0
 37
0.0
 76
     0
330
1F
331
EA
1001
ACAD_PSEXT
1000
None
1000
None
1000
Not applicable
1000
The layout will not be plotted unless a new plotter configuration name is selected.
1070
     0
  0
MATERIAL
  5
ED
102
{ACAD_XDICTIONARY
360
1F9
102
}
102
{ACAD_REACTORS
330
6A
102
}
330
6A
100
AcDbMaterial
  1
ByBlock
 94
       63
  0
MATERIAL
  5
EC
102
{ACAD_XDICTIONARY
360
1F7
102
}
102
{ACAD_REACTORS
330
6A
102
}
330
6A
100
AcDbMaterial
  1
ByLayer
 94
       63
  0
MATERIAL
  5
EE
102
{ACAD_XDICTIONARY
360
173
102
}
102
{ACAD_REACTORS
330
6A
102
}
330
6A
100
AcDbMaterial
  1
Global
 43
0.0007999999797903
 43
0.0
 43
0.0
 43
0.0
 43
0.0
 43
0.0007999999797903
 43
0.0
 43
0.0
 43
0.0
 43
0.0
 43
1.0
 43
0.0
 43
0.0
 43
0.0
 43
0.0
 43
1.0
 49
0.0007999999797903
 49
0.0
 49
0.0
 49
0.0
 49
0.0
 49
0.0007999999797903
 49
0.0
 49
0.0
 49
0.0
 49
0.0
 49
1.0
 49
0.0
 49
0.0
 49
0.0
 49
0.0
 49
1.0
142
0.0007999999797903
142
0.0
142
0.0
142
0.0
142
0.0
142
0.0007999999797903
142
0.0
142
0.0
142
0.0
142
0.0
142
1.0
142
0.0
142
0.0
142
0.0
142
0.0
142
1.0
144
0.0007999999797903
144
0.0
144
0.0
144
0.0
144
0.0
144
0.0007999999797903
144
0.0
144
0.0
144
0.0
144
0.0
144
1.0
144
0.0
144
0.0
144
0.0
144
0.0
144
1.0
 94
       63
1001
ACAD
1070
    -1
1070
     3
1070
     0
1000

1071
        0
1070
     0
  0
MLEADERSTYLE
  5
13B
102
{ACAD_REACTORS
330
12D
102
}
330
12D
100
AcDbMLeaderStyle
179
     2
170
     2
171
     1
172
     0
 90
        2
 40
0.0
 41
0.0
173
     1
 91
-1056964608
340
14
 92
       -2
290
     1
 42
2.0
291
     1
 43
8.0
  3
Standard
 44
4.0
300

342
11
174
     1
178
     1
175
     1
176
     0
 93
-1056964608
 45
4.0
292
     0
297
     0
 46
4.0
 94
-1056964608
 47
1.0
 49
1.0
140
1.0
293
     1
141
0.0
294
     1
177
     0
142
1.0
295
     0
296
     1
143
3.75
271
     0
272
     9
273
     9
298
     0
  0
MLEADERSTYLE
  5
12E
102
{ACAD_REACTORS
330
12D
102
}
330
12D
100
AcDbMLeaderStyle
179
     2
170
     2
171
     1
172
     0
 90
        2
 40
0.0
 41
0.0
173
     1
 91
-1056964608
340
14
 92
       -2
290
     1
 42
2.0
291
     1
 43
8.0
  3
Standard
 44
4.0
300

342
11
174
     1
178
     1
175
     1
176
     0
 93
-1056964608
 45
4.0
292
     0
297
     0
 46
4.0
 94
-1056964608
 47
1.0
 49
1.0
140
1.0
293
     1
141
0.0
294
     1
177
     0
142
1.0
295
     0
296
     0
143
3.75
271
     0
272
     9
273
     9
298
     0
  0
MLINESTYLE
  5
18
102
{ACAD_REACTORS
330
17
102
}
330
17
100
AcDbMlineStyle
  2
STANDARD
 70
     0
  3

 62
   256
 51
90.0
 52
90.0
 71
     2
 49
0.5
 62
   256
  6
BYLAYER
 49
-0.5
 62
   256
  6
BYLAYER
  0
ACDBPLACEHOLDER
  5
F
102
{ACAD_REACTORS
330
E
102
}
330
E
  0
SCALE
  5
10D
102
{ACAD_REACTORS
330
10C
102
}
330
10C
100
AcDbScale
 70
     0
300
1:1
140
1.0
141
1.0
290
     1
  0
SCALE
  5
1BE
102
{ACAD_REACTORS
330
10C
102
}
330
10C
100
AcDbScale
 70
     0
300
1:2
140
1.0
141
2.0
290
     0
  0
SCALE
  5
1BF
102
{ACAD_REACTORS
330
10C
102
}
330
10C
100
AcDbScale
 70
     0
300
1:4
140
1.0
141
4.0
290
     0
  0
SCALE
  5
1C0
102
{ACAD_REACTORS
330
10C
102
}
330
10C
100
AcDbScale
 70
     0
300
1:5
140
1.0
141
5.0
290
     0
  0
SCALE
  5
1C1
102
{ACAD_REACTORS
330
10C
102
}
330
10C
100
AcDbScale
 70
     0
300
1:8
140
1.0
141
8.0
290
     0
  0
SCALE
  5
1C2
102
{ACAD_REACTORS
330
10C
102
}
330
10C
100
AcDbScale
 70
     0
300
1:10
140
1.0
141
10.0
290
     0
  0
SCALE
  5
1C3
102
{ACAD_REACTORS
330
10C
102
}
330
10C
100
AcDbScale
 70
     0
300
1:16
140
1.0
141
16.0
290
     0
  0
SCALE
  5
1C4
102
{ACAD_REACTORS
330
10C
102
}
330
10C
100
AcDbScale
 70
     0
300
1:20
140
1.0
141
20.0
290
     0
  0
SCALE
  5
1C5
102
{ACAD_REACTORS
330
10C
102
}
330
10C
100
AcDbScale
 70
     0
300
1:30
140
1.0
141
30.0
290
     0
  0
SCALE
  5
1C6
102
{ACAD_REACTORS
330
10C
102
}
330
10C
100
AcDbScale
 70
     0
300
1:40
140
1.0
141
40.0
290
     0
  0
SCALE
  5
1C7
102
{ACAD_REACTORS
330
10C
102
}
330
10C
100
AcDbScale
 70
     0
300
1:50
140
1.0
141
50.0
290
     0
  0
SCALE
  5
1C8
102
{ACAD_REACTORS
330
10C
102
}
330
10C
100
AcDbScale
 70
     0
300
1:100
140
1.0
141
100.0
290
     0
  0
SCALE
  5
1C9
102
{ACAD_REACTORS
330
10C
102
}
330
10C
100
AcDbScale
 70
     0
300
2:1
140
2.0
141
1.0
290
     0
  0
SCALE
  5
1CA
102
{ACAD_REACTORS
330
10C
102
}
330
10C
100
AcDbScale
 70
     0
300
4:1
140
4.0
141
1.0
290
     0
  0
SCALE
  5
1CB
102
{ACAD_REACTORS
330
10C
102
}
330
10C
100
AcDbScale
 70
     0
300
8:1
140
8.0
141
1.0
290
     0
  0
SCALE
  5
1CC
102
{ACAD_REACTORS
330
10C
102
}
330
10C
100
AcDbScale
 70
     0
300
10:1
140
10.0
141
1.0
290
     0
  0
SCALE
  5
1CD
102
{ACAD_REACTORS
330
10C
102
}
330
10C
100
AcDbScale
 70
     0
300
100:1
140
100.0
141
1.0
290
     0
  0
ACDBSECTIONVIEWSTYLE
  5
21A
102
{ACAD_REACTORS
330
219
102
}
330
219
100
AcDbModelDocViewStyle
 70
     0
  3
Metric50
290
     0
300
Metric50
 90
        0
100
AcDbSectionViewStyle
 70
     0
 71
     0
 90
      102
 71
     1
340
11
 62
   256
 40
5.0
340
0
340
0
 62
   256
 40
5.0
300
I, O, Q, S, X, Z
 40
10.0
 90
        0
 40
2.5
 90
        0
 71
     2
340
16
 90
       25
 62
   256
340
16
 90
       50
 62
   256
 40
5.0
 40
2.5
 40
5.0
 71
     3
340
11
 62
   256
 40
5.0
 90
        0
 40
15.0
 90
        1
300
%<\AcVar ViewSectionStartId>%-%<\AcVar ViewSectionEndId>% (%<\AcVar ViewScale \f "%sn">%)
 71
     4
 62
   256
 62
   257
300
ANSI31
 40
1.0
 90
        0
290
     0
290
     0
 90
        6
 40
0.0
 40
1.570796326794896
 40
0.2617993877991494
 40
1.308996938995747
 40
-0.2617993877991494
 40
1.832595714594046
  0
TABLESTYLE
  5
7F
102
{ACAD_XDICTIONARY
360
162
102
}
102
{ACAD_REACTORS
330
7E
102
}
330
7E
100
AcDbTableStyle
280
     0
  3
Standard
 70
     0
 71
     0
 40
1.5
 41
1.5
280
     0
281
     0
  7
Standard
140
4.5
170
     2
 62
     0
 63
     7
283
     0
 90
      512
 91
        0
  1

274
    -2
284
     1
 64
     0
275
    -2
285
     1
 65
     0
276
    -2
286
     1
 66
     0
277
    -2
287
     1
 67
     0
278
    -2
288
     1
 68
     0
279
    -2
289
     1
 69
     0
  7
Standard
140
6.0
170
     5
 62
     0
 63
     7
283
     0
 90
      512
 91
        0
  1

274
    -2
284
     1
 64
     0
275
    -2
285
     1
 65
     0
276
    -2
286
     1
 66
     0
277
    -2
287
     1
 67
     0
278
    -2
288
     1
 68
     0
279
    -2
289
     1
 69
     0
  7
Standard
140
4.5
170
     5
 62
     0
 63
     7
283
     0
 90
      512
 91
        0
  1

274
    -2
284
     1
 64
     0
275
    -2
285
     1
 65
     0
276
    -2
286
     1
 66
     0
277
    -2
287
     1
 67
     0
278
    -2
288
     1
 68
     0
279
    -2
289
     1
 69
     0
  0
VISUALSTYLE
  5
F5
102
{ACAD_REACTORS
330
EF
102
}
330
EF
100
AcDbVisualStyle
  2
2dWireframe
 70
     4
177
     3
291
     0
 70
    58
 90
        0
176
     1
 90
        2
176
     1
 90
        1
176
     1
 90
        0
176
     1
 40
0.6
176
     1
 40
30.0
176
     1
 62
     7
420
 16777215
176
     1
 90
        1
176
     1
 90
        4
176
     1
 62
     7
176
     1
 62
   257
176
     1
 90
        1
176
     1
 90
        1
176
     1
 40
1.0
176
     1
 90
        0
176
     1
 62
   257
176
     1
 40
1.0
176
     1
 90
        1
176
     1
 90
        6
176
     1
 90
        2
176
     1
 62
     7
176
     1
 90
        5
176
     1
 90
        0
176
     1
 90
        0
176
     1
290
     0
176
     1
 90
        1
176
     1
 40
0.0
176
     1
 90
        0
176
     1
290
     1
176
     1
290
     1
176
     1
290
     0
176
     1
290
     0
176
     1
290
     0
176
     1
290
     0
176
     1
290
     0
176
     1
290
     0
176
     1
290
     0
176
     1
 90
       50
176
     1
 40
0.0
176
     1
 40
1.0
176
     1
 90
        0
176
     1
 62
    18
420
        0
176
     1
 90
       50
176
     1
 90
        3
176
     1
 62
     5
420
      255
176
     1
290
     0
176
     1
 90
       50
176
     1
 90
       50
176
     1
 90
       50
176
     1
290
     0
176
     1
 90
       50
176
     1
 62
   256
176
     0
 40
1.0
176
     0
 90
        2
176
     1
  1
strokes_ogs.tif
176
     1
290
     0
176
     1
 40
1.0
176
     1
 40
1.0
176
     1
  0
VISUALSTYLE
  5
28A
102
{ACAD_REACTORS
330
EF
102
}
330
EF
100
AcDbVisualStyle
  2
3dWireframe
 70
     5
177
     3
291
     0
 70
    58
 90
        0
176
     1
 90
        2
176
     1
 90
        1
176
     1
 90
        0
176
     1
 40
0.6
176
     1
 40
30.0
176
     1
 62
     7
176
     1
 90
        1
176
     1
 90
        4
176
     1
 62
     7
176
     1
 62
   257
176
     1
 90
        1
176
     1
 90
        1
176
     1
 40
1.0
176
     1
 90
        0
176
     1
 62
   257
176
     1
 40
1.0
176
     1
 90
        1
176
     1
 90
        6
176
     1
 90
        2
176
     1
 62
     7
176
     1
 90
        5
176
     1
 90
        0
176
     1
 90
        0
176
     1
290
     0
176
     1
 90
        1
176
     1
 40
0.0
176
     1
 90
        0
176
     1
290
     0
176
     1
290
     1
176
     1
290
     1
176
     1
290
     0
176
     1
290
     0
176
     1
290
     0
176
     1
290
     0
176
     1
290
     0
176
     1
290
     0
176
     1
 90
       50
176
     1
 40
0.0
176
     1
 40
1.0
176
     1
 90
        0
176
     1
 62
    18
420
        0
176
     1
 90
       50
176
     1
 90
        3
176
     1
 62
     5
420
      255
176
     1
290
     0
176
     1
 90
       50
176
     1
 90
       50
176
     1
 90
       50
176
     1
290
     0
176
     1
 90
       50
176
     1
 62
   256
176
     0
 40
1.0
176
     0
 90
        2
176
     1
  1
strokes_ogs.tif
176
     1
290
     0
176
     1
 40
1.0
176
     1
 40
1.0
176
     1
  0
VISUALSTYLE
  5
F4
102
{ACAD_REACTORS
330
EF
102
}
330
EF
100
AcDbVisualStyle
  2
Basic
 70
     7
177
     3
291
     1
 70
    58
 90
        1
176
     1
 90
        0
176
     1
 90
        1
176
     1
 90
        0
176
     1
 40
0.6
176
     1
 40
30.0
176
     1
 62
     7
420
 16777215
176
     1
 90
        0
176
     1
 90
        4
176
     1
 62
     7
176
     1
 62
   257
176
     1
 90
        1
176
     1
 90
        1
176
     1
 40
1.0
176
     1
 90
        8
176
     1
 62
     7
176
     1
 40
1.0
176
     1
 90
        1
176
     1
 90
        6
176
     1
 90
        2
176
     1
 62
     7
176
     1
 90
        5
176
     1
 90
        0
176
     1
 90
        0
176
     1
290
     0
176
     1
 90
        1
176
     1
 40
0.0
176
     1
 90
        0
176
     1
290
     0
176
     1
290
     1
176
     1
290
     1
176
     1
290
     0
176
     1
290
     0
176
     1
290
     0
176
     1
290
     0
176
     1
290
     0
176
     1
290
     0
176
     1
 90
       50
176
     1
 40
0.0
176
     1
 40
1.0
176
     1
 90
        0
176
     1
 62
    18
420
        0
176
     1
 90
       50
176
     1
 90
        3
176
     1
 62
     5
420
      255
176
     1
290
     0
176
     1
 90
       50
176
     1
 90
       50
176
     1
 90
       50
176
     1
290
     0
176
     1
 90
       50
176
     1
 62
   256
176
     0
 40
1.0
176
     0
 90
        2
176
     1
  1
strokes_ogs.tif
176
     1
290
     0
176
     1
 40
1.0
176
     1
 40
1.0
176
     1
  0
VISUALSTYLE
  5
FB
102
{ACAD_REACTORS
330
EF
102
}
330
EF
100
AcDbVisualStyle
  2
Brighten
 70
    12
177
     3
291
     1
 70
    58
 90
        2
176
     1
 90
        2
176
     1
 90
        1
176
     1
 90
        0
176
     1
 40
0.6
176
     1
 40
30.0
176
     1
 62
     7
420
 16777215
176
     1
 90
        1
176
     1
 90
        4
176
     1
 62
     7
176
     1
 62
   257
176
     1
 90
        1
176
     1
 90
        1
176
     1
 40
1.0
176
     1
 90
        8
176
     1
 62
     7
176
     1
 40
1.0
176
     1
 90
        1
176
     1
 90
        6
176
     1
 90
        2
176
     1
 62
     7
176
     1
 90
        5
176
     1
 90
        0
176
     1
 90
        0
176
     1
290
     0
176
     1
 90
        1
176
     1
 40
50.0
176
     1
 90
        0
176
     1
290
     0
176
     1
290
     1
176
     1
290
     1
176
     1
290
     0
176
     1
290
     0
176
     1
290
     0
176
     1
290
     0
176
     1
290
     0
176
     1
290
     0
176
     1
 90
       50
176
     1
 40
0.0
176
     1
 40
1.0
176
     1
 90
        0
176
     1
 62
    18
420
        0
176
     1
 90
       50
176
     1
 90
        3
176
     1
 62
     5
420
      255
176
     1
290
     0
176
     1
 90
       50
176
     1
 90
       50
176
     1
 90
       50
176
     1
290
     0
176
     1
 90
       50
176
     1
 62
   256
176
     0
 40
1.0
176
     0
 90
        2
176
     1
  1
strokes_ogs.tif
176
     1
290
     0
176
     1
 40
1.0
176
     1
 40
1.0
176
     1
  0
VISUALSTYLE
  5
FF
102
{ACAD_REACTORS
330
EF
102
}
330
EF
100
AcDbVisualStyle
  2
ColorChange
 70
    16
177
     3
291
     1
 70
    58
 90
        2
176
     1
 90
        2
176
     1
 90
        3
176
     1
 90
        0
176
     1
 40
0.6
176
     1
 40
30.0
176
     1
 62
     8
420
  8421504
176
     1
 90
        1
176
     1
 90
        4
176
     1
 62
     7
176
     1
 62
   257
176
     1
 90
        1
176
     1
 90
        1
176
     1
 40
1.0
176
     1
 90
        8
176
     1
 62
     8
420
  8421504
176
     1
 40
1.0
176
     1
 90
        1
176
     1
 90
        6
176
     1
 90
        2
176
     1
 62
     7
176
     1
 90
        5
176
     1
 90
        0
176
     1
 90
        0
176
     1
290
     0
176
     1
 90
        1
176
     1
 40
0.0
176
     1
 90
        0
176
     1
290
     0
176
     1
290
     1
176
     1
290
     1
176
     1
290
     0
176
     1
290
     0
176
     1
290
     0
176
     1
290
     0
176
     1
290
     0
176
     1
290
     0
176
     1
 90
       50
176
     1
 40
0.0
176
     1
 40
1.0
176
     1
 90
        0
176
     1
 62
    18
420
        0
176
     1
 90
       50
176
     1
 90
        3
176
     1
 62
     5
420
      255
176
     1
290
     0
176
     1
 90
       50
176
     1
 90
       50
176
     1
 90
       50
176
     1
290
     0
176
     1
 90
       50
176
     1
 62
   256
176
     0
 40
1.0
176
     0
 90
        2
176
     1
  1
strokes_ogs.tif
176
     1
290
     0
176
     1
 40
1.0
176
     1
 40
1.0
176
     1
  0
VISUALSTYLE
  5
F8
102
{ACAD_REACTORS
330
EF
102
}
330
EF
100
AcDbVisualStyle
  2
Conceptual
 70
     9
177
     3
291
     0
 70
    58
 90
        3
176
     1
 90
        2
176
     1
 90
        1
176
     1
 90
        0
176
     1
 40
0.6
176
     1
 40
30.0
176
     1
 62
     7
420
 16777215
176
     1
 90
        2
176
     1
 90
        2
176
     1
 62
     7
176
     1
 62
   257
176
     1
 90
        1
176
     1
 90
        1
176
     1
 40
40.0
176
     1
 90
        8
176
     1
 62
     7
176
     1
 40
1.0
176
     1
 90
        1
176
     1
 90
        6
176
     1
 90
        2
176
     1
 62
     7
176
     1
 90
        3
176
     1
 90
        0
176
     1
 90
        0
176
     1
290
     0
176
     1
 90
        1
176
     1
 40
0.0
176
     1
 90
        0
176
     1
290
     0
176
     1
290
     1
176
     1
290
     1
176
     1
290
     0
176
     1
290
     0
176
     1
290
     0
176
     1
290
     0
176
     1
290
     0
176
     1
290
     0
176
     1
 90
       50
176
     1
 40
0.0
176
     1
 40
1.0
176
     1
 90
        0
176
     1
 62
    18
420
        0
176
     1
 90
       50
176
     1
 90
        3
176
     1
 62
     5
420
      255
176
     1
290
     0
176
     1
 90
       50
176
     1
 90
       50
176
     1
 90
       50
176
     1
290
     0
176
     1
 90
       50
176
     1
 62
   256
176
     0
 40
1.0
176
     0
 90
        2
176
     1
  1
strokes_ogs.tif
176
     1
290
     0
176
     1
 40
1.0
176
     1
 40
1.0
176
     1
  0
VISUALSTYLE
  5
FA
102
{ACAD_REACTORS
330
EF
102
}
330
EF
100
AcDbVisualStyle
  2
Dim
 70
    11
177
     3
291
     1
 70
    58
 90
        2
176
     1
 90
        2
176
     1
 90
        1
176
     1
 90
        0
176
     1
 40
0.6
176
     1
 40
30.0
176
     1
 62
     7
420
 16777215
176
     1
 90
        1
176
     1
 90
        4
176
     1
 62
     7
176
     1
 62
   257
176
     1
 90
        1
176
     1
 90
        1
176
     1
 40
1.0
176
     1
 90
        8
176
     1
 62
     7
176
     1
 40
1.0
176
     1
 90
        1
176
     1
 90
        6
176
     1
 90
        2
176
     1
 62
     7
176
     1
 90
        5
176
     1
 90
        0
176
     1
 90
        0
176
     1
290
     0
176
     1
 90
        1
176
     1
 40
-50.0
176
     1
 90
        0
176
     1
290
     0
176
     1
290
     1
176
     1
290
     1
176
     1
290
     0
176
     1
290
     0
176
     1
290
     0
176
     1
290
     0
176
     1
290
     0
176
     1
290
     0
176
     1
 90
       50
176
     1
 40
0.0
176
     1
 40
1.0
176
     1
 90
        0
176
     1
 62
    18
420
        0
176
     1
 90
       50
176
     1
 90
        3
176
     1
 62
     5
420
      255
176
     1
290
     0
176
     1
 90
       50
176
     1
 90
       50
176
     1
 90
       50
176
     1
290
     0
176
     1
 90
       50
176
     1
 62
   256
176
     0
 40
1.0
176
     0
 90
        2
176
     1
  1
strokes_ogs.tif
176
     1
290
     0
176
     1
 40
1.0
176
     1
 40
1.0
176
     1
  0
VISUALSTYLE
  5
1E6
102
{ACAD_REACTORS
330
EF
102
}
330
EF
100
AcDbVisualStyle
  2
EdgeColorOff
 70
    22
177
     3
291
     1
 70
    58
 90
        2
176
     0
 90
        2
176
     0
 90
        0
176
     0
 90
        0
176
     0
 40
0.6
176
     0
 40
30.0
176
     0
 62
     7
420
 16777215
176
     0
 90
        1
176
     0
 90
        4
176
     0
 62
     7
176
     0
 62
   257
176
     0
 90
        1
176
     0
 90
        1
176
     0
 40
1.0
176
     0
 90
        8
176
     2
 62
     7
176
     0
 40
1.0
176
     0
 90
        1
176
     0
 90
        6
176
     0
 90
        2
176
     0
 62
     7
176
     0
 90
        5
176
     0
 90
        0
176
     0
 90
        0
176
     0
290
     0
176
     0
 90
        1
176
     0
 40
0.0
176
     0
 90
        0
176
     0
290
     0
176
     1
290
     1
176
     1
290
     1
176
     1
290
     0
176
     1
290
     0
176
     1
290
     0
176
     1
290
     0
176
     1
290
     0
176
     1
290
     0
176
     1
 90
       50
176
     1
 40
0.0
176
     1
 40
1.0
176
     1
 90
        0
176
     1
 62
    18
420
        0
176
     1
 90
       50
176
     1
 90
        3
176
     1
 62
     5
420
      255
176
     1
290
     0
176
     1
 90
       50
176
     1
 90
       50
176
     1
 90
       50
176
     1
290
     0
176
     1
 90
       50
176
     1
 62
   256
176
     0
 40
1.0
176
     0
 90
        2
176
     1
  1
strokes_ogs.tif
176
     1
290
     0
176
     1
 40
1.0
176
     1
 40
1.0
176
     1
  0
VISUALSTYLE
  5
FE
102
{ACAD_REACTORS
330
EF
102
}
330
EF
100
AcDbVisualStyle
  2
Facepattern
 70
    15
177
     3
291
     1
 70
    58
 90
        2
176
     1
 90
        2
176
     1
 90
        1
176
     1
 90
        0
176
     1
 40
0.6
176
     1
 40
30.0
176
     1
 62
     7
420
 16777215
176
     1
 90
        1
176
     1
 90
        4
176
     1
 62
     7
176
     1
 62
   257
176
     1
 90
        1
176
     1
 90
        1
176
     1
 40
1.0
176
     1
 90
        8
176
     1
 62
     7
176
     1
 40
1.0
176
     1
 90
        1
176
     1
 90
        6
176
     1
 90
        2
176
     1
 62
     7
176
     1
 90
        5
176
     1
 90
        0
176
     1
 90
        0
176
     1
290
     0
176
     1
 90
        1
176
     1
 40
0.0
176
     1
 90
        0
176
     1
290
     0
176
     1
290
     1
176
     1
290
     1
176
     1
290
     0
176
     1
290
     0
176
     1
290
     0
176
     1
290
     0
176
     1
290
     0
176
     1
290
     0
176
     1
 90
       50
176
     1
 40
0.0
176
     1
 40
1.0
176
     1
 90
        0
176
     1
 62
    18
420
        0
176
     1
 90
       50
176
     1
 90
        3
176
     1
 62
     5
420
      255
176
     1
290
     0
176
     1
 90
       50
176
     1
 90
       50
176
     1
 90
       50
176
     1
290
     0
176
     1
 90
       50
176
     1
 62
   256
176
     0
 40
1.0
176
     0
 90
        2
176
     1
  1
strokes_ogs.tif
176
     1
290
     0
176
     1
 40
1.0
176
     1
 40
1.0
176
     1
  0
VISUALSTYLE
  5
F0
102
{ACAD_REACTORS
330
EF
102
}
330
EF
100
AcDbVisualStyle
  2
Flat
 70
     0
177
     3
291
     1
 70
    58
 90
        2
176
     1
 90
        1
176
     1
 90
        1
176
     1
 90
        2
176
     1
 40
0.6
176
     1
 40
30.0
176
     1
 62
     7
420
 16777215
176
     1
 90
        0
176
     1
 90
        0
176
     1
 62
     7
176
     1
 62
   257
176
     1
 90
        1
176
     1
 90
        1
176
     1
 40
1.0
176
     1
 90
        8
176
     1
 62
     7
176
     1
 40
1.0
176
     1
 90
        1
176
     1
 90
        6
176
     1
 90
        2
176
     1
 62
     7
176
     1
 90
        5
176
     1
 90
        0
176
     1
 90
        0
176
     1
290
     0
176
     1
 90
       13
176
     1
 40
0.0
176
     1
 90
        0
176
     1
290
     0
176
     1
290
     1
176
     1
290
     1
176
     1
290
     0
176
     1
290
     0
176
     1
290
     0
176
     1
290
     0
176
     1
290
     0
176
     1
290
     0
176
     1
 90
       50
176
     1
 40
0.0
176
     1
 40
1.0
176
     1
 90
        0
176
     1
 62
    18
420
        0
176
     1
 90
       50
176
     1
 90
        3
176
     1
 62
     5
420
      255
176
     1
290
     0
176
     1
 90
       50
176
     1
 90
       50
176
     1
 90
       50
176
     1
290
     0
176
     1
 90
       50
176
     1
 62
   256
176
     0
 40
1.0
176
     0
 90
        2
176
     1
  1
strokes_ogs.tif
176
     1
290
     0
176
     1
 40
1.0
176
     1
 40
1.0
176
     1
  0
VISUALSTYLE
  5
F1
102
{ACAD_REACTORS
330
EF
102
}
330
EF
100
AcDbVisualStyle
  2
FlatWithEdges
 70
     1
177
     3
291
     1
 70
    58
 90
        2
176
     1
 90
        1
176
     1
 90
        1
176
     1
 90
        2
176
     1
 40
0.6
176
     1
 40
30.0
176
     1
 62
     7
420
 16777215
176
     1
 90
        1
176
     1
 90
        0
176
     1
 62
     7
176
     1
 62
   257
176
     1
 90
        1
176
     1
 90
        1
176
     1
 40
1.0
176
     1
 90
        0
176
     1
 62
   257
176
     1
 40
1.0
176
     1
 90
        1
176
     1
 90
        6
176
     1
 90
        2
176
     1
 62
     7
176
     1
 90
        5
176
     1
 90
        0
176
     1
 90
        0
176
     1
290
     0
176
     1
 90
       13
176
     1
 40
0.0
176
     1
 90
        0
176
     1
290
     0
176
     1
290
     1
176
     1
290
     1
176
     1
290
     0
176
     1
290
     0
176
     1
290
     0
176
     1
290
     0
176
     1
290
     0
176
     1
290
     0
176
     1
 90
       50
176
     1
 40
0.0
176
     1
 40
1.0
176
     1
 90
        0
176
     1
 62
    18
420
        0
176
     1
 90
       50
176
     1
 90
        3
176
     1
 62
     5
420
      255
176
     1
290
     0
176
     1
 90
       50
176
     1
 90
       50
176
     1
 90
       50
176
     1
290
     0
176
     1
 90
       50
176
     1
 62
   256
176
     0
 40
1.0
176
     0
 90
        2
176
     1
  1
strokes_ogs.tif
176
     1
290
     0
176
     1
 40
1.0
176
     1
 40
1.0
176
     1
  0
VISUALSTYLE
  5
F2
102
{ACAD_REACTORS
330
EF
102
}
330
EF
100
AcDbVisualStyle
  2
Gouraud
 70
     2
177
     3
291
     1
 70
    58
 90
        2
176
     1
 90
        2
176
     1
 90
        1
176
     1
 90
        2
176
     1
 40
0.6
176
     1
 40
30.0
176
     1
 62
     7
420
 16777215
176
     1
 90
        0
176
     1
 90
        0
176
     1
 62
     7
176
     1
 62
   257
176
     1
 90
        1
176
     1
 90
        1
176
     1
 40
1.0
176
     1
 90
        0
176
     1
 62
     7
176
     1
 40
1.0
176
     1
 90
        1
176
     1
 90
        6
176
     1
 90
        2
176
     1
 62
     7
176
     1
 90
        5
176
     1
 90
        0
176
     1
 90
        0
176
     1
290
     0
176
     1
 90
       13
176
     1
 40
0.0
176
     1
 90
        0
176
     1
290
     0
176
     1
290
     1
176
     1
290
     1
176
     1
290
     0
176
     1
290
     0
176
     1
290
     0
176
     1
290
     0
176
     1
290
     0
176
     1
290
     0
176
     1
 90
       50
176
     1
 40
0.0
176
     1
 40
1.0
176
     1
 90
        0
176
     1
 62
    18
420
        0
176
     1
 90
       50
176
     1
 90
        3
176
     1
 62
     5
420
      255
176
     1
290
     0
176
     1
 90
       50
176
     1
 90
       50
176
     1
 90
       50
176
     1
290
     0
176
     1
 90
       50
176
     1
 62
   256
176
     0
 40
1.0
176
     0
 90
        2
176
     1
  1
strokes_ogs.tif
176
     1
290
     0
176
     1
 40
1.0
176
     1
 40
1.0
176
     1
  0
VISUALSTYLE
  5
F3
102
{ACAD_REACTORS
330
EF
102
}
330
EF
100
AcDbVisualStyle
  2
GouraudWithEdges
 70
     3
177
     3
291
     1
 70
    58
 90
        2
176
     1
 90
        2
176
     1
 90
        1
176
     1
 90
        2
176
     1
 40
0.6
176
     1
 40
30.0
176
     1
 62
     7
420
 16777215
176
     1
 90
        1
176
     1
 90
        0
176
     1
 62
     7
176
     1
 62
   257
176
     1
 90
        1
176
     1
 90
        1
176
     1
 40
1.0
176
     1
 90
        0
176
     1
 62
   257
176
     1
 40
1.0
176
     1
 90
        1
176
     1
 90
        6
176
     1
 90
        2
176
     1
 62
     7
176
     1
 90
        5
176
     1
 90
        0
176
     1
 90
        0
176
     1
290
     0
176
     1
 90
       13
176
     1
 40
0.0
176
     1
 90
        0
176
     1
290
     0
176
     1
290
     1
176
     1
290
     1
176
     1
290
     0
176
     1
290
     0
176
     1
290
     0
176
     1
290
     0
176
     1
290
     0
176
     1
290
     0
176
     1
 90
       50
176
     1
 40
0.0
176
     1
 40
1.0
176
     1
 90
        0
176
     1
 62
    18
420
        0
176
     1
 90
       50
176
     1
 90
        3
176
     1
 62
     5
420
      255
176
     1
290
     0
176
     1
 90
       50
176
     1
 90
       50
176
     1
 90
       50
176
     1
290
     0
176
     1
 90
       50
176
     1
 62
   256
176
     0
 40
1.0
176
     0
 90
        2
176
     1
  1
strokes_ogs.tif
176
     1
290
     0
176
     1
 40
1.0
176
     1
 40
1.0
176
     1
  0
VISUALSTYLE
  5
F7
102
{ACAD_REACTORS
330
EF
102
}
330
EF
100
AcDbVisualStyle
  2
Hidden
 70
     6
177
     3
291
     0
 70
    58
 90
        1
176
     1
 90
        2
176
     1
 90
        2
176
     1
 90
        0
176
     1
 40
0.6
176
     1
 40
30.0
176
     1
 62
     7
420
 16777215
176
     1
 90
        2
176
     1
 90
        2
176
     1
 62
     7
176
     1
 62
   257
176
     1
 90
        2
176
     1
 90
        1
176
     1
 40
40.0
176
     1
 90
        0
176
     1
 62
   257
176
     1
 40
1.0
176
     1
 90
        1
176
     1
 90
        6
176
     1
 90
        2
176
     1
 62
     7
176
     1
 90
        3
176
     1
 90
        0
176
     1
 90
        0
176
     1
290
     0
176
     1
 90
        1
176
     1
 40
0.0
176
     1
 90
        0
176
     1
290
     0
176
     1
290
     1
176
     1
290
     1
176
     1
290
     0
176
     1
290
     0
176
     1
290
     0
176
     1
290
     0
176
     1
290
     0
176
     1
290
     0
176
     1
 90
       50
176
     1
 40
0.0
176
     1
 40
1.0
176
     1
 90
        0
176
     1
 62
    18
420
        0
176
     1
 90
       50
176
     1
 90
        3
176
     1
 62
     5
420
      255
176
     1
290
     0
176
     1
 90
       50
176
     1
 90
       50
176
     1
 90
       50
176
     1
290
     0
176
     1
 90
       50
176
     1
 62
   256
176
     0
 40
1.0
176
     0
 90
        2
176
     1
  1
strokes_ogs.tif
176
     1
290
     0
176
     1
 40
1.0
176
     1
 40
1.0
176
     1
  0
VISUALSTYLE
  5
1E4
102
{ACAD_REACTORS
330
EF
102
}
330
EF
100
AcDbVisualStyle
  2
JitterOff
 70
    20
177
     3
291
     1
 70
    58
 90
        2
176
     0
 90
        2
176
     0
 90
        0
176
     0
 90
        0
176
     0
 40
0.6
176
     0
 40
30.0
176
     0
 62
     7
420
 16777215
176
     0
 90
        1
176
     0
 90
        4
176
     0
 62
     7
176
     0
 62
   257
176
     0
 90
        1
176
     0
 90
        1
176
     0
 40
1.0
176
     0
 90
       10
176
     2
 62
     7
176
     0
 40
1.0
176
     0
 90
        1
176
     0
 90
        6
176
     0
 90
        2
176
     0
 62
     7
176
     0
 90
        5
176
     0
 90
        0
176
     0
 90
        0
176
     0
290
     0
176
     0
 90
        1
176
     0
 40
0.0
176
     0
 90
        0
176
     0
290
     0
176
     1
290
     1
176
     1
290
     1
176
     1
290
     0
176
     1
290
     0
176
     1
290
     0
176
     1
290
     0
176
     1
290
     0
176
     1
290
     0
176
     1
 90
       50
176
     1
 40
0.0
176
     1
 40
1.0
176
     1
 90
        0
176
     1
 62
    18
420
        0
176
     1
 90
       50
176
     1
 90
        3
176
     1
 62
     5
420
      255
176
     1
290
     0
176
     1
 90
       50
176
     1
 90
       50
176
     1
 90
       50
176
     1
290
     0
176
     1
 90
       50
176
     1
 62
   256
176
     0
 40
1.0
176
     0
 90
        2
176
     1
  1
strokes_ogs.tif
176
     1
290
     0
176
     1
 40
1.0
176
     1
 40
1.0
176
     1
  0
VISUALSTYLE
  5
FD
102
{ACAD_REACTORS
330
EF
102
}
330
EF
100
AcDbVisualStyle
  2
Linepattern
 70
    14
177
     3
291
     1
 70
    58
 90
        2
176
     1
 90
        2
176
     1
 90
        1
176
     1
 90
        0
176
     1
 40
0.6
176
     1
 40
30.0
176
     1
 62
     7
420
 16777215
176
     1
 90
        1
176
     1
 90
        4
176
     1
 62
     7
176
     1
 62
   257
176
     1
 90
        7
176
     1
 90
        7
176
     1
 40
1.0
176
     1
 90
        8
176
     1
 62
     7
176
     1
 40
1.0
176
     1
 90
        1
176
     1
 90
        6
176
     1
 90
        2
176
     1
 62
     7
176
     1
 90
        5
176
     1
 90
        0
176
     1
 90
        0
176
     1
290
     0
176
     1
 90
        1
176
     1
 40
0.0
176
     1
 90
        0
176
     1
290
     0
176
     1
290
     1
176
     1
290
     1
176
     1
290
     0
176
     1
290
     0
176
     1
290
     0
176
     1
290
     0
176
     1
290
     0
176
     1
290
     0
176
     1
 90
       50
176
     1
 40
0.0
176
     1
 40
1.0
176
     1
 90
        0
176
     1
 62
    18
420
        0
176
     1
 90
       50
176
     1
 90
        3
176
     1
 62
     5
420
      255
176
     1
290
     0
176
     1
 90
       50
176
     1
 90
       50
176
     1
 90
       50
176
     1
290
     0
176
     1
 90
       50
176
     1
 62
   256
176
     0
 40
1.0
176
     0
 90
        2
176
     1
  1
strokes_ogs.tif
176
     1
290
     0
176
     1
 40
1.0
176
     1
 40
1.0
176
     1
  0
VISUALSTYLE
  5
1E5
102
{ACAD_REACTORS
330
EF
102
}
330
EF
100
AcDbVisualStyle
  2
OverhangOff
 70
    21
177
     3
291
     1
 70
    58
 90
        2
176
     0
 90
        2
176
     0
 90
        0
176
     0
 90
        0
176
     0
 40
0.6
176
     0
 40
30.0
176
     0
 62
     7
420
 16777215
176
     0
 90
        1
176
     0
 90
        4
176
     0
 62
     7
176
     0
 62
   257
176
     0
 90
        1
176
     0
 90
        1
176
     0
 40
1.0
176
     0
 90
        9
176
     2
 62
     7
176
     0
 40
1.0
176
     0
 90
        1
176
     0
 90
        6
176
     0
 90
        2
176
     0
 62
     7
176
     0
 90
        5
176
     0
 90
        0
176
     0
 90
        0
176
     0
290
     0
176
     0
 90
        1
176
     0
 40
0.0
176
     0
 90
        0
176
     0
290
     0
176
     1
290
     1
176
     1
290
     1
176
     1
290
     0
176
     1
290
     0
176
     1
290
     0
176
     1
290
     0
176
     1
290
     0
176
     1
290
     0
176
     1
 90
       50
176
     1
 40
0.0
176
     1
 40
1.0
176
     1
 90
        0
176
     1
 62
    18
420
        0
176
     1
 90
       50
176
     1
 90
        3
176
     1
 62
     5
420
      255
176
     1
290
     0
176
     1
 90
       50
176
     1
 90
       50
176
     1
 90
       50
176
     1
290
     0
176
     1
 90
       50
176
     1
 62
   256
176
     0
 40
1.0
176
     0
 90
        2
176
     1
  1
strokes_ogs.tif
176
     1
290
     0
176
     1
 40
1.0
176
     1
 40
1.0
176
     1
  0
VISUALSTYLE
  5
F9
102
{ACAD_REACTORS
330
EF
102
}
330
EF
100
AcDbVisualStyle
  2
Realistic
 70
     8
177
     3
291
     0
 70
    58
 90
        2
176
     1
 90
        2
176
     1
 90
        0
176
     1
 90
        2
176
     1
 40
0.6
176
     1
 40
30.0
176
     1
 62
     7
420
 16777215
176
     1
 90
        0
176
     1
 90
        0
176
     1
 62
     7
176
     1
 62
   257
176
     1
 90
        1
176
     1
 90
        1
176
     1
 40
1.0
176
     1
 90
        8
176
     1
 62
   257
176
     1
 40
1.0
176
     1
 90
        1
176
     1
 90
        6
176
     1
 90
        2
176
     1
 62
     7
176
     1
 90
        3
176
     1
 90
        0
176
     1
 90
        0
176
     1
290
     0
176
     1
 90
       13
176
     1
 40
0.0
176
     1
 90
        0
176
     1
290
     0
176
     1
290
     1
176
     1
290
     1
176
     1
290
     0
176
     1
290
     0
176
     1
290
     0
176
     1
290
     0
176
     1
290
     0
176
     1
290
     0
176
     1
 90
       50
176
     1
 40
0.0
176
     1
 40
1.0
176
     1
 90
        0
176
     1
 62
    18
420
        0
176
     1
 90
       50
176
     1
 90
        3
176
     1
 62
     5
420
      255
176
     1
290
     0
176
     1
 90
       50
176
     1
 90
       50
176
     1
 90
       50
176
     1
290
     0
176
     1
 90
       50
176
     1
 62
   256
176
     0
 40
1.0
176
     0
 90
        2
176
     1
  1
strokes_ogs.tif
176
     1
290
     0
176
     1
 40
1.0
176
     1
 40
1.0
176
     1
  0
VISUALSTYLE
  5
1F3
102
{ACAD_REACTORS
330
EF
102
}
330
EF
100
AcDbVisualStyle
  2
Shaded
 70
    27
177
     3
291
     0
 70
    58
 90
        2
176
     1
 90
        2
176
     1
 90
        1
176
     1
 90
        2
176
     1
 40
0.6
176
     1
 40
30.0
176
     1
 62
     7
420
 16777215
176
     1
 90
        0
176
     1
 90
        4
176
     1
 62
     7
176
     1
 62
   257
176
     1
 90
        1
176
     1
 90
        1
176
     1
 40
1.0
176
     1
 90
        8
176
     1
 62
   257
176
     1
 40
1.0
176
     1
 90
        1
176
     1
 90
        6
176
     1
 90
        2
176
     1
 62
     8
420
  7895160
176
     1
 90
        3
176
     1
 90
        0
176
     1
 90
        0
176
     1
290
     0
176
     1
 90
        5
176
     1
 40
0.0
176
     1
 90
        0
176
     1
290
     0
176
     1
290
     1
176
     1
290
     1
176
     1
290
     0
176
     1
290
     0
176
     1
290
     0
176
     1
290
     0
176
     1
290
     0
176
     1
290
     0
176
     1
 90
       50
176
     1
 40
0.0
176
     1
 40
1.0
176
     1
 90
        0
176
     1
 62
    18
420
        0
176
     1
 90
       50
176
     1
 90
        3
176
     1
 62
     5
420
      255
176
     1
290
     0
176
     1
 90
       50
176
     1
 90
       50
176
     1
 90
       50
176
     1
290
     0
176
     1
 90
       50
176
     1
 62
   256
176
     0
 40
1.0
176
     0
 90
        2
176
     1
  1
strokes_ogs.tif
176
     1
290
     0
176
     1
 40
1.0
176
     1
 40
1.0
176
     1
  0
VISUALSTYLE
  5
1F2
102
{ACAD_REACTORS
330
EF
102
}
330
EF
100
AcDbVisualStyle
  2
Shaded with edges
 70
    26
177
     3
291
     0
 70
    58
 90
        2
176
     1
 90
        2
176
     1
 90
        1
176
     1
 90
        2
176
     1
 40
0.6
176
     1
 40
30.0
176
     1
 62
     7
420
 16777215
176
     1
 90
        1
176
     1
 90
        2
176
     1
 62
     7
176
     1
 62
   257
176
     1
 90
        2
176
     1
 90
        1
176
     1
 40
1.0
176
     1
 90
        8
176
     1
 62
   257
176
     1
 40
1.0
176
     1
 90
        1
176
     1
 90
        6
176
     1
 90
        2
176
     1
 62
     7
176
     1
 90
        3
176
     1
 90
        0
176
     1
 90
        0
176
     1
290
     0
176
     1
 90
        5
176
     1
 40
0.0
176
     1
 90
        0
176
     1
290
     0
176
     1
290
     1
176
     1
290
     1
176
     1
290
     0
176
     1
290
     0
176
     1
290
     0
176
     1
290
     0
176
     1
290
     0
176
     1
290
     0
176
     1
 90
       50
176
     1
 40
0.0
176
     1
 40
1.0
176
     1
 90
        0
176
     1
 62
    18
420
        0
176
     1
 90
       50
176
     1
 90
        3
176
     1
 62
     5
420
      255
176
     1
290
     0
176
     1
 90
       50
176
     1
 90
       50
176
     1
 90
       50
176
     1
290
     0
176
     1
 90
       50
176
     1
 62
   256
176
     0
 40
1.0
176
     0
 90
        2
176
     1
  1
strokes_ogs.tif
176
     1
290
     0
176
     1
 40
1.0
176
     1
 40
1.0
176
     1
  0
VISUALSTYLE
  5
1EF
102
{ACAD_REACTORS
330
EF
102
}
330
EF
100
AcDbVisualStyle
  2
Shades of Gray
 70
    23
177
     3
291
     0
 70
    58
 90
        2
176
     1
 90
        2
176
     1
 90
        3
176
     1
 90
        0
176
     1
 40
0.6
176
     1
 40
30.0
176
     1
 62
     7
420
 16777215
176
     1
 90
        2
176
     1
 90
        2
176
     1
 62
     7
176
     1
 62
     7
176
     1
 90
        1
176
     1
 90
        1
176
     1
 40
40.0
176
     1
 90
        8
176
     1
 62
     7
176
     1
 40
1.0
176
     1
 90
        1
176
     1
 90
        6
176
     1
 90
        2
176
     1
 62
     7
176
     1
 90
        3
176
     1
 90
        0
176
     1
 90
        0
176
     1
290
     0
176
     1
 90
        1
176
     1
 40
0.0
176
     1
 90
        0
176
     1
290
     0
176
     1
290
     1
176
     1
290
     1
176
     1
290
     0
176
     1
290
     0
176
     1
290
     0
176
     1
290
     0
176
     1
290
     0
176
     1
290
     0
176
     1
 90
       50
176
     1
 40
0.0
176
     1
 40
1.0
176
     1
 90
        0
176
     1
 62
    18
420
        0
176
     1
 90
       50
176
     1
 90
        3
176
     1
 62
     5
420
      255
176
     1
290
     0
176
     1
 90
       50
176
     1
 90
       50
176
     1
 90
       50
176
     1
290
     0
176
     1
 90
       50
176
     1
 62
   256
176
     0
 40
1.0
176
     0
 90
        2
176
     1
  1
strokes_ogs.tif
176
     1
290
     0
176
     1
 40
1.0
176
     1
 40
1.0
176
     1
  0
VISUALSTYLE
  5
1F0
102
{ACAD_REACTORS
330
EF
102
}
330
EF
100
AcDbVisualStyle
  2
Sketchy
 70
    24
177
     3
291
     0
 70
    58
 90
        1
176
     1
 90
        2
176
     1
 90
        2
176
     1
 90
        0
176
     1
 40
0.6
176
     1
 40
30.0
176
     1
 62
     7
420
 16777215
176
     1
 90
        2
176
     1
 90
        2
176
     1
 62
     7
176
     1
 62
     7
176
     1
 90
        1
176
     1
 90
        1
176
     1
 40
40.0
176
     1
 90
       11
176
     1
 62
     7
176
     1
 40
1.0
176
     1
 90
        1
176
     1
 90
        6
176
     1
 90
        2
176
     1
 62
     7
176
     1
 90
        6
176
     1
 90
        0
176
     1
 90
        0
176
     1
290
     0
176
     1
 90
        1
176
     1
 40
0.0
176
     1
 90
        0
176
     1
290
     0
176
     1
290
     1
176
     1
290
     1
176
     1
290
     0
176
     1
290
     0
176
     1
290
     0
176
     1
290
     0
176
     1
290
     0
176
     1
290
     0
176
     1
 90
       50
176
     1
 40
0.0
176
     1
 40
1.0
176
     1
 90
        0
176
     1
 62
    18
420
        0
176
     1
 90
       50
176
     1
 90
        3
176
     1
 62
     5
420
      255
176
     1
290
     0
176
     1
 90
       50
176
     1
 90
       50
176
     1
 90
       50
176
     1
290
     0
176
     1
 90
       50
176
     1
 62
   256
176
     0
 40
1.0
176
     0
 90
        2
176
     1
  1
strokes_ogs.tif
176
     1
290
     0
176
     1
 40
1.0
176
     1
 40
1.0
176
     1
  0
VISUALSTYLE
  5
FC
102
{ACAD_REACTORS
330
EF
102
}
330
EF
100
AcDbVisualStyle
  2
Thicken
 70
    13
177
     3
291
     1
 70
    58
 90
        2
176
     1
 90
        2
176
     1
 90
        1
176
     1
 90
        0
176
     1
 40
0.6
176
     1
 40
30.0
176
     1
 62
     7
420
 16777215
176
     1
 90
        1
176
     1
 90
        4
176
     1
 62
     7
176
     1
 62
   257
176
     1
 90
        1
176
     1
 90
        1
176
     1
 40
1.0
176
     1
 90
       12
176
     1
 62
     7
176
     1
 40
1.0
176
     1
 90
        1
176
     1
 90
        6
176
     1
 90
        2
176
     1
 62
     7
176
     1
 90
        5
176
     1
 90
        0
176
     1
 90
        0
176
     1
290
     0
176
     1
 90
        1
176
     1
 40
0.0
176
     1
 90
        0
176
     1
290
     0
176
     1
290
     1
176
     1
290
     1
176
     1
290
     0
176
     1
290
     0
176
     1
290
     0
176
     1
290
     0
176
     1
290
     0
176
     1
290
     0
176
     1
 90
       50
176
     1
 40
0.0
176
     1
 40
1.0
176
     1
 90
        0
176
     1
 62
    18
420
        0
176
     1
 90
       50
176
     1
 90
        3
176
     1
 62
     5
420
      255
176
     1
290
     0
176
     1
 90
       50
176
     1
 90
       50
176
     1
 90
       50
176
     1
290
     0
176
     1
 90
       50
176
     1
 62
   256
176
     0
 40
1.0
176
     0
 90
        2
176
     1
  1
strokes_ogs.tif
176
     1
290
     0
176
     1
 40
1.0
176
     1
 40
1.0
176
     1
  0
VISUALSTYLE
  5
F6
102
{ACAD_REACTORS
330
EF
102
}
330
EF
100
AcDbVisualStyle
  2
Wireframe
 70
     5
177
     3
291
     0
 70
    58
 90
        0
176
     1
 90
        2
176
     1
 90
        0
176
     1
 90
        0
176
     1
 40
0.6
176
     1
 40
30.0
176
     1
 62
     7
420
 16777215
176
     1
 90
        1
176
     1
 90
        4
176
     1
 62
     7
176
     1
 62
   257
176
     1
 90
        1
176
     1
 90
        1
176
     1
 40
1.0
176
     1
 90
        0
176
     1
 62
   257
176
     1
 40
1.0
176
     1
 90
        1
176
     1
 90
        6
176
     1
 90
        2
176
     1
 62
     7
176
     1
 90
        3
176
     1
 90
        0
176
     1
 90
        0
176
     1
290
     0
176
     1
 90
        1
176
     1
 40
0.0
176
     1
 90
        0
176
     1
290
     0
176
     1
290
     1
176
     1
290
     1
176
     1
290
     0
176
     1
290
     0
176
     1
290
     0
176
     1
290
     0
176
     1
290
     0
176
     1
290
     0
176
     1
 90
       50
176
     1
 40
0.0
176
     1
 40
1.0
176
     1
 90
        0
176
     1
 62
    18
420
        0
176
     1
 90
       50
176
     1
 90
        3
176
     1
 62
     5
420
      255
176
     1
290
     0
176
     1
 90
       50
176
     1
 90
       50
176
     1
 90
       50
176
     1
290
     0
176
     1
 90
       50
176
     1
 62
   256
176
     0
 40
1.0
176
     0
 90
        2
176
     1
  1
strokes_ogs.tif
176
     1
290
     0
176
     1
 40
1.0
176
     1
 40
1.0
176
     1
  0
VISUALSTYLE
  5
1F1
102
{ACAD_REACTORS
330
EF
102
}
330
EF
100
AcDbVisualStyle
  2
X-Ray
 70
    25
177
     3
291
     0
 70
    58
 90
        2
176
     1
 90
        2
176
     1
 90
        1
176
     1
 90
        1
176
     1
 40
0.5
176
     1
 40
30.0
176
     1
 62
     7
420
 16777215
176
     1
 90
        1
176
     1
 90
        0
176
     1
 62
     7
176
     1
 62
   257
176
     1
 90
        1
176
     1
 90
        1
176
     1
 40
1.0
176
     1
 90
        8
176
     1
 62
     7
176
     1
 40
1.0
176
     1
 90
        1
176
     1
 90
        6
176
     1
 90
        2
176
     1
 62
     7
176
     1
 90
        3
176
     1
 90
        0
176
     1
 90
        0
176
     1
290
     0
176
     1
 90
       13
176
     1
 40
0.0
176
     1
 90
        0
176
     1
290
     0
176
     1
290
     1
176
     1
290
     1
176
     1
290
     0
176
     1
290
     0
176
     1
290
     0
176
     1
290
     0
176
     1
290
     0
176
     1
290
     0
176
     1
 90
       50
176
     1
 40
0.0
176
     1
 40
1.0
176
     1
 90
        0
176
     1
 62
    18
420
        0
176
     1
 90
       50
176
     1
 90
        3
176
     1
 62
     5
420
      255
176
     1
290
     0
176
     1
 90
       50
176
     1
 90
       50
176
     1
 90
       50
176
     1
290
     0
176
     1
 90
       50
176
     1
 62
   256
176
     0
 40
1.0
176
     0
 90
        2
176
     1
  1
strokes_ogs.tif
176
     1
290
     0
176
     1
 40
1.0
176
     1
 40
1.0
176
     1
  0
DICTIONARYVAR
  5
146
102
{ACAD_REACTORS
330
5E
102
}
330
5E
100
DictionaryVariables
280
     0
  1
1:1
  0
DICTIONARYVAR
  5
145
102
{ACAD_REACTORS
330
5E
102
}
330
5E
100
DictionaryVariables
280
     0
  1
STANDARD
  0
DICTIONARYVAR
  5
84
102
{ACAD_REACTORS
330
5E
102
}
330
5E
100
DictionaryVariables
280
     0
  1
STANDARD
  0
DICTIONARYVAR
  5
227
102
{ACAD_REACTORS
330
5E
102
}
330
5E
100
DictionaryVariables
280
     0
  1
Metric50
  0
DICTIONARYVAR
  5
228
102
{ACAD_REACTORS
330
5E
102
}
330
5E
100
DictionaryVariables
280
     0
  1
Metric50
  0
DICTIONARYVAR
  5
5F
102
{ACAD_REACTORS
330
5E
102
}
330
5E
100
DictionaryVariables
280
     0
  1
2
  0
DICTIONARYVAR
  5
63
102
{ACAD_REACTORS
330
5E
102
}
330
5E
100
DictionaryVariables
280
     0
  1
1
  0
DICTIONARYVAR
  5
1AE
102
{ACAD_REACTORS
330
5E
102
}
330
5E
100
DictionaryVariables
280
     0
  1
0
  0
DICTIONARYVAR
  5
1AF
102
{ACAD_REACTORS
330
5E
102
}
330
5E
100
DictionaryVariables
280
     0
  1
0
  0
DICTIONARYVAR
  5
FDA
102
{ACAD_REACTORS
330
5E
102
}
330
5E
100
DictionaryVariables
280
     0
  1
2
  0
DICTIONARYVAR
  5
FD9
102
{ACAD_REACTORS
330
5E
102
}
330
5E
100
DictionaryVariables
280
     0
  1
1
  0
DICTIONARY
  5
205
330
22
100
AcDbDictionary
280
     1
281
     1
  0
DICTIONARY
  5
1F9
330
ED
100
AcDbDictionary
280
     1
281
     1
  3
FBXASSET
360
1FA
  0
DICTIONARY
  5
1F7
330
EC
100
AcDbDictionary
280
     1
281
     1
  3
FBXASSET
360
1F8
  0
DICTIONARY
  5
173
330
EE
100
AcDbDictionary
280
     1
281
     1
  3
BUMPTILE
360
175
  3
DIFFUSETILE
360
174
  3
FBXASSET
360
1FB
  3
OPACITYTILE
360
176
  3
REFLECTIONTILE
360
177
  0
DICTIONARY
  5
162
330
7F
100
AcDbDictionary
280
     1
281
     1
  3
ACAD_ROUNDTRIP_2008_TABLESTYLE_CELLSTYLEMAP
360
383F
  0
XRECORD
  5
1FA
102
{ACAD_REACTORS
330
1F9
102
}
330
1F9
100
AcDbXrecord
280
     1
 70
     1
 90
429727718
  1
D62C5603-E3A1-4AEA-B7FB-FE5D8D0755AF
310
504B03040A0000080000CC70623B3DEE336E79000000790000001B0000006175746F6465736B2D64657369676E2D7061636B6167652E786D6C3C3F786D6C2076657273696F6E3D22312E302220656E636F64696E673D227574662D3822203F3E3C666F726D6174733E3C666F726D61743E687474703A2F2F736368656D612E
310
6175746F6465736B2E636F6D2F64657369676E2D7061636B6167652F323030393C2F666F726D61743E3C2F666F726D6174733E504B0304140006080800CC70623BD486FD9CA0000000F4000000130000005B436F6E74656E745F54797065735D2E786D6C7D8EC10E82300C865F65E91D8A1E8C310C0EEA1BF002731658846E
310
D98AC1B77784ABF1D8FE5FBFBF75BBCE937A534CCEB38643598122B6FEE978D0B0485F9C41B54DDD7D022595594E1A469170414C76A4D9A4D207E29CF43ECE46F218070CC6BECC4078ACAA135ACF422C856C0E68EA1BF5669944DDD7BCDE7B1F8E415D77AECB980613C2E4AC91FC167A2B244592486606FC29C8FD7F045B9A
310
EF7053A7E60B504B0304140006080800CC70623B853B8169EB0000007C01000008000000636F72652E786D6C8D90416EC3201045AF62CDB6C206821CC7C244919D9CA01740401C94182C03558F5F9C3852BBEB6A467FFE9B197D7EFC9E1EC5975982F5AE035262288C535E5B377690E21535501C055FBC8FBF6C503839990E
310
5619041F179FE64D52DE45E362569DD7661365082642A11EB9E920A89B99642953CC8E702F67A9EE7234257977194EC9EAE275C4EABCCF5EAD5940D4AC6F0E35A568B8F43562CD7046CD199FD07E60174276A7BE677B5EADB0E0D14EEFFB6A31321A0D82627C4084204C3F096B71DD52F6819B16635EADF63F509AF53FA164
310
5DDCD1EDDD17164090FCC8732078B56691CB33A85CD7DCC40F504B0304140006080800CC70623B55019EA25F0000007C00000007000000636E782E786D6C4DCB3B0E80201045D1AD90E915ED2CF8AC45050C11660C8261F98AB1B07AC9C97D42D718D865D3E909258CFD00CCE24AC6E326A164D74DC0B4128928FF32603847
310
2BA13128B1252AC747C6BAB984FC68F0B87FE8960A5C09FE86CFB69FBA01504B0304140006080800CC70623BDBABAAF470010000D40300000C0000006662782F636F72652E786D6CC553D16E823014FD95A6AF4B694182CC941A83FA05FB810A9511A125A5257EFE2E82712ECEB8A7F100CD39F7F69E734AF9FADC366850B6
310
AF8DCE7018308C942E4C59EB2AC3DE1D498AD15A706B8CFB56869196ADCAF00863C12B6B7C374385D14E6907A836A59A41D9F7CA615434B0C8705F7CAA5606D23BA8E84F41278B93AC54100640439DE0BDB320004D43C63716C7C399D30917DCFBBA9CD9BA8469F5B156168B24CED3F7248AC8769F27244EB73B92EED8862C
310
B7F13E0C179B3C8F979C8ECD82BBBABDAA2BAC924E9558448CBD9330242CFA08E3154B5651FCC6D215639C8EE5774DBE2B5F6CF2B5768B68963BB5F5588420E442FC700B1139D4CB01F450C1E918227C2E09DF070D8140C84E1E9AAB8F1340832A9CB13130A5F1376A908D57309505ECF2A0DF179C4E9D30F5B239B87E3823
310
7A79C6F31DE1A8A5AEC08474B03C7837EAE4938639B44E5932B833D2C6B6B279CDC613877FA26EE21F4A2A4C63EC7F29A2F301D1F9F7A0E37D145F504B0304140006080800CC70623B9C113CC27E0000009D0000000B0000006662782F636E782E786D6C4DCCDF0A83201C86E15B91DFB94BFB330DD428C8FB886521330DA7
310
6397BF1A1DECE883878F57749FCDA1B7892F1BBC047A23808C7F84D9FA55424E0BE6803A256208E9EF06C84F9B91703228B1C690F78B66B34CD9A5439DF5CF0BFBF65E35BCA1B8D6A5C6F540381E886698B5741C695F9503EBA150A2F8958E3DC3EA0B504B0304140006080800CC70623B7DF2F77C2A010000120200003100
310
00006662782F41393633353835312D344632462D344230382D423046372D3739314545314133324237412F636F72652E786D6C8D51DB8EC22014FC15C2939B0D2DB4B45643319AE817EC0F6041255A68B86CFCFC856D4D76DF7CE190393373060EDB3DC707F856CE6B6B7A480A0C81328395DA5C7B18C3057510EC3873D686
310
3F34088C18550F330C39BB3A1BA7051AAC09CA84841A2BD5020AEF55806078A44B0FFD7053A328440C89E1EFC52486BBB8AA8214A99D789CF9E05200300FC927E4FB4D5B375D43103D5527440FB843077C5AA3F5861C8F645F5787F59E95B390B318B55CE45AA638FAA2957BD7248B390B7A7CC51F9C124149C82B8C378810
310
84AB2F42B7B8DD56F413775B8C5999E9FF4471926F8AA236A1AE96B8B3CC434E5839373893369E1FAF30EA395917409EB7F26AF8801C171837A4A6AC9C89E9F9C9B1A58BA30FD6A5EF5DDDCF894B9AD9B6A59C957943A9FCAE2FD5BC4DFE03504B0304140006080800CC70623BAD7543B64E01000033030000300000006662
310
782F41393633353835312D344632462D344230382D423046372D3739314545314133324237412F636E782E786D6CD593CD6EC32010845F0571AD6CE3D48AD20813A9873E410FBD12D82434182C7EAAE6EDBB2424CD25871E7B41D6EC30B3FA84F9E67BB2E40B4234DE8DB46F1925E094D7C6ED479AD3AE5951B2113C789FEE
310
6C943839C1488B4C05DF079FE72A69D8C96C13AAD6B8631503449F83828872B949AC57D26200B826A308D316B4064D6E46FCDA41C05550DC9E483A00797BFD207EFB092A45DE9514C1BBD22178396BD39D891265658C238DEA00936C654E5E433CB65A26D9F6EDB5EBC14EBF49A45CB856E66048291F6939A9A81BB5C89177
310
38143CA680F4AA299D66A042CEB3354A2684DC9D8D178FE0D9B8B41CAAD720F880EE7EF93C0C18769E099ECC04D5A102C8049A8A05632F4DDF376CF1DE0F6BB65C2F8627B65A33C6BB62177CEBBDAD973006829F89F22E814B54F4BC2BE347F8AA8F681390B50FA73F804400B5F542E796F19FF974E7F78DB802FE05E20750
310
4B0304140006080800CC70623BE75B7789680500003C100000340000006662782F41393633353835312D344632462D344230382D423046372D3739314545314133324237412F6F626A656374732E786D6CAD575B8F9B3818FD2B887D06C22499CB8AA1CA655245D5B455A356FB305264C061D8018C6C3393D95FBFC7600890
310
A4CD5EF210B0B1BFEBF98E3F7B1FF6596ABC522E1296DF9BAE3D320D9A872C4AF2F8DE2CE5CEBA358D0FBEC719939D65A691938CDE9B6ADAF4BD98B3B2D05311DD91329583D9D5FC0F438434A7A611A644887B5384CF34233629258BA878B12322891DEFF6B66BD70BFB62634E8AE781D082709A4B588AF91C528CDA28B73F
310
1C998EEF39EABBEFA97FBD6A7C7E9553F9D3D79FE442923C3C523610337627CB87ABE99D359D4CC6D6E4FACAB5E6ABF9D2726FC6A3C5F56271377BB88362213924694B38DD99FE47C48627A1E7D49F5A8BB5E1A74C0A599ED3B0F21F1E56366B89112D681E218F0915D0D6F17AD41FBA2A369DCF6335D62ABBD39779D5DDD1
310
11D4D8DE3CBB96B2E04FB8202E41051754A1AA8E8F76B4C6DFE810B580B1547F4B84911149794252234D024EF8BBE963A95AE27B3D310A9D5C215C7960FAEE415ED75694C6AFB17BCACA5D99A60A9AA65F217B0BFC53292ACB92BF283FAD0D3621576592CB5BED907C2FA8E9DF794E35E97BEA31BED21FEB401ABB94C44839
310
DCACBF0E1C5DA8DA5B2F4DFFD32AD86F543D9E565E7056502E157C00AD2671CD534549AB752FCA9CDA00677A313F04E51B22FF19E57B300579E3C97EB29F682D92935CEC18CF901B7B54FD8C51F362B56FC72FE0B3C1EAE335EDCCBF5AEC39ADB17DC238973F804BA5E6F6BFE7AF1FB32E523BE9F3BD571418E3631DCA4D48
310
5250CF639223210A9446CA30052EDF057BD35F8329C1ECD84552BF0DC8D18BE7BCE23BFE6BD960AB4A7DE79923A103BEBD80F911CBAA2C60DB19B01CF164A5583B772EE6D3FFA56666CBCDA74DC97724A48F9A58967497E489C4D979006FD7A05E227A1EBDD0F737C623387A9C844D3709995625106D157315F8B8392CD4E0
310
A0B9A720C4BE9829CEF37EA1E13111214D53925356365ADA634861B52519DD27A00AEB808EAF0628E6F435519D446F45CF2C9CF5214F0A15B2F6D06B79DA3EE3CBF7F56780D2F4E7EF73A0F5E5B02A38D07DC852C6B7C1FBB6664213E0C39E3EBA7FF4E1AD23EA2829407C85E586727488B751B2DB9502BC7B228A3FD68B6E
310
A65A22397E690AA8D158D7E404EC8CDA235CC3B7D1898680131CEC2CDF2638C65196279577750F15884AEE19F94199155B92B13297978469D4F8D358DF0AEF7631E28DC8F0D9F437D5D39A83B2231A1D52D543813A824EF8D44BCFF2FA6A31BD1E8DAD87F1CCB526B3879935BF59CDADD5C37479BB1CDD4CA7B3556B516589
310
EF352754B706114D9C885EC9131DE6EFEB43D99AFE2391C2F958179413D7CFEF6B1B6DB1E7600F00DE6E5C67454A339A4BA2E0FBA85ED26F045D454F463DBFCE484C2F90F2E5E3666003662ED8F755951A7D1BECD5B30B550B2785C8E7320B7292A4838DDA71BBC863ED7613CAF659337A3354231D4FF4A182A54904C2898C
310
98B28C4AD0CE056CCF332A80986E571EE9DBC305BB5FEB7E509220A58D25CF042D712A806AC0AD0C657FDEF80D2D9CEAA2EE4D1C76F60BFE74219A06527D6F82DF6412526107381E55E353090704D085B52408A8913C4ED159D79BDA71BB4BC506F4831350EB6F975CD22D69BF7AC49B91A2C0A9DDA3D5CA36AD20FC478E37
310
E61844E2352865EBCB61A275A65283CAAA9DD27703B4102F5AF51EF5F573B75CBB5AD38BC845F7A49F82A0966A49C2E3EA5EA0ECD326CD965F1DB402C6FA8B51A4658C5C5E2EC9E214602E55810345408596591009A82E7E7FFACA19EEA299B14A0081A705CB3296EBC14CDF658DCD336EA6D1136881AAEB87B81AB9EE53D5
310
F5EB8BC8362082DA24122F98680A4E7930C01A0079749CEA14382A0783E5EBA5A10F8C098456A03D6A4AEB6BB881E2513747552A5DB22C7EDAF83BD5528081A365F7FF06504B0304140006080000CC70623B000000000000000000000000350000006662782F41393633353835312D344632462D344230382D423046372D37
310
39314545314133324237412F76657274696365732E62696E504B0304140006080800CC70623BF270F1330600000004000000360000006662782F41393633353835312D344632462D344230382D423046372D3739314545314133324237412F747269616E676C65732E62696E636660600000504B0304140006080000CC7062
310
3B000000000000000000000000370000006662782F41393633353835312D344632462D344230382D423046372D3739314545314133324237412F617474726962757465732E62696E504B0304140006080800CC70623B08DA0BD19000000041010000360000006662782F41393633353835312D344632462D344230382D4230
310
46372D3739314545314133324237412F6469726563746F72792E786D6C858F410AC3201045AF22B36F53E9A60B35CBEEBAE80D244E44489C6234F4F835464A48035D0DF398FF9F8AF63D0E6CC63039F212F8F9020C7D47C6792B21C5FE7403D62A1188E2E60C98D7234A5830286103A55745067B9D86B8A3CF9C7F90C11DE6
310
07FB144396D7B6A82D282E9A152AD114D5EF2CB866EEE831B8EEA07A7BB5A8D7D61A2BAAEB7FD5F70921FF497D00504B0304140006080800CC70623BEDD1DC58FD000000A00100003B0000006662782F41393633353835312D344632462D344230382D423046372D3739314545314133324237412F7265736F75726365732F
310
636F72652E786D6C8D504B6E833010BD0A9A6D65B00922041947112427E8052C33A156828DFCA97AFC9A40A576D7CDCCE87D344F8F9FBFE667F689CE6B6B3A6039850C8DB2A336530731DC4903D95970676DF82583CCC8193B5861107C72362E3BA4AC096842428D1D7107A5F7182053CF7474E0D507CE32973124857FE48B
310
540F3961CEF244279DE03EB81420DB9EAC1384436FA353E879B1B182C7A8C75DA3C7F453DF353A1075D537A7BA6464B8F535A99AE14A9A2BBD90E350DD183B5CFABE3AF262350B1EF4FC9351399401471025A527C218A1E53BAB5A5AB765F5469B96525EACF23FA6B88CFF34456DC2A1DCE36E360F82A5202F42F062ED2BAD
310
579969AFDD8A6F504B010214000A0000080000CC70623B3DEE336E79000000790000001B00000000000000000000000000000000006175746F6465736B2D64657369676E2D7061636B6167652E786D6C504B01021400140006080800CC70623BD486FD9CA0000000F40000001300000000000000000000000000B20000005B
310
436F6E74656E745F54797065735D2E786D6C504B01021400140006080800CC70623B853B8169EB0000007C010000080000000000000000000000000083010000636F72652E786D6C504B01021400140006080800CC70623B55019EA25F0000007C000000070000000000000000000000000094020000636E782E786D6C504B
310
01021400140006080800CC70623BDBABAAF470010000D40300000C00000000000000000000000000180300006662782F636F72652E786D6C504B01021400140006080800CC70623B9C113CC27E0000009D0000000B00000000000000000000000000B20400006662782F636E782E786D6C504B01021400140006080800CC70
310
623B7DF2F77C2A010000120200003100000000000000000000000000590500006662782F41393633353835312D344632462D344230382D423046372D3739314545314133324237412F636F72652E786D6C504B01021400140006080800CC70623BAD7543B64E010000330300003000000000000000000000000000D2060000
310
6662782F41393633353835312D344632462D344230382D423046372D3739314545314133324237412F636E782E786D6C504B01021400140006080800CC70623BE75B7789680500003C10000034000000000000000000000000006E0800006662782F41393633353835312D344632462D344230382D423046372D3739314545
310
314133324237412F6F626A656374732E786D6C504B01021400140006080000CC70623B0000000000000000000000003500000000000000000000000000280E00006662782F41393633353835312D344632462D344230382D423046372D3739314545314133324237412F76657274696365732E62696E504B01021400140006
310
080800CC70623BF270F133060000000400000036000000000000000000000000007B0E00006662782F41393633353835312D344632462D344230382D423046372D3739314545314133324237412F747269616E676C65732E62696E504B01021400140006080000CC70623B0000000000000000000000003700000000000000
310
000000000000D50E00006662782F41393633353835312D344632462D344230382D423046372D3739314545314133324237412F617474726962757465732E62696E504B01021400140006080800CC70623B08DA0BD1900000004101000036000000000000000000000000002A0F00006662782F41393633353835312D344632
310
462D344230382D423046372D3739314545314133324237412F6469726563746F72792E786D6C504B01021400140006080800CC70623BEDD1DC58FD000000A00100003B000000000000000000000000000E1000006662782F41393633353835312D344632462D344230382D423046372D3739314545314133324237412F7265
310
736F75726365732F636F72652E786D6C504B0506000000000E000E0080040000641100000000
  0
XRECORD
  5
1F8
102
{ACAD_REACTORS
330
1F7
102
}
330
1F7
100
AcDbXrecord
280
     1
 70
     1
 90
429727718
  1
30362254-06B7-45E0-A893-8CFA70E3D6BC
310
504B03040A0000080000CC70623B3DEE336E79000000790000001B0000006175746F6465736B2D64657369676E2D7061636B6167652E786D6C3C3F786D6C2076657273696F6E3D22312E302220656E636F64696E673D227574662D3822203F3E3C666F726D6174733E3C666F726D61743E687474703A2F2F736368656D612E
310
6175746F6465736B2E636F6D2F64657369676E2D7061636B6167652F323030393C2F666F726D61743E3C2F666F726D6174733E504B0304140006080800CC70623BD486FD9CA0000000F4000000130000005B436F6E74656E745F54797065735D2E786D6C7D8EC10E82300C865F65E91D8A1E8C310C0EEA1BF002731658846E
310
D98AC1B77784ABF1D8FE5FBFBF75BBCE937A534CCEB38643598122B6FEE978D0B0485F9C41B54DDD7D022595594E1A469170414C76A4D9A4D207E29CF43ECE46F218070CC6BECC4078ACAA135ACF422C856C0E68EA1BF5669944DDD7BCDE7B1F8E415D77AECB980613C2E4AC91FC167A2B244592486606FC29C8FD7F045B9A
310
EF7053A7E60B504B0304140006080800CC70623B1EC5D7A3EB0000007C01000008000000636F72652E786D6C8D90416EC3201045AF82665B6103C6756C6122AB4D4ED00B204C5C94182C03558F5F9C3852BBEB6A467FFE9B197D71FC9E6FE8CBACC17AD7032D0820E3B41FAD9B7A48F1820F808E52ACDEC75F36404ECDA687
310
4D0629A6D5A76597B477D1B89855E747B38B2A041301E95B6E7A08FAD3CCAA50296647B8168BD2573599823EBB0CA76447F43862C7BCCF5EAC59410E4DDD9C7973C2755553CCCFA4C603E3040F1565ED3B1FDE4E432BCA0D9622DAF9795FAF464533826484B498524CD807E51D79ED187F21878E10516EF63F505AC67F42C9
310
BA58B1FDDD071640D2FCC87D2045B96591CB3DA85CB7DCE40F504B0304140006080800CC70623B55019EA25F0000007C00000007000000636E782E786D6C4DCB3B0E80201045D1AD90E915ED2CF8AC45050C11660C8261F98AB1B07AC9C97D42D718D865D3E909258CFD00CCE24AC6E326A164D74DC0B4128928FF32603847
310
2BA13128B1252AC747C6BAB984FC68F0B87FE8960A5C09FE86CFB69FBA01504B0304140006080800CC70623B8C9102E971010000D40300000C0000006662782F636F72652E786D6CC5535B6E833010BC8AE5DF0A6C08340F1947A84D4ED00B38C6A128602363A31CBFCB234A53A551FA553EC09AD9F5CE8C31DB9E9B1AF5CA
310
7695D1198E428A91D2D214952E33ECDD315861B4E5CC1AE3BE9561A445A3323CC098B3D21ADFCE9034DA29ED00D5A6503328BA4E398C640D8B0C77F253352214DE4145770A5B214FA2546114020D759C75CE8200340D19DE981F0F6746269C33EFAB6266AB02A655C74A59CCF365BADC27CB5D902ED22848F6340DF238A141
310
BE88E2F57B92BFEDF23523433367AE6A2EEAA455C2A902F398D2751045018D3FA264435F3771F242571B4A1919CA6F9A7C5B3CD9E42BED16F12C776AEB308F40C848FC700B1139D4891EF410CEC810227CC6846F8386402064270EF5C5C709A05E49676C024C61FC95EA45ED154CA5211D1FF4FB8291A913A68E9B83EBBB33
310
E2A7673CDE118E5AE8124C0807CB8377834E366998436B950D7A7746DAD846D4CFD978E0F04FD455FC5D49D2D4C6FE9722321F10997F0F32DC47FE05504B0304140006080800CC70623BFFEA85907E0000009D0000000B0000006662782F636E782E786D6C4DCCD10A83201886E15B91FFDC95D95A811AB6F23E625948A6C3
310
E9D8E5AF46073BFAE0E1E365ED67B3E8ADC3CB78C7815C7240DA3DFC64DCC221C519D7805AC182F7F1EF06C88D9BE6703008B6049F9E274D7A1E938DBB5AE3D6131B2589BA0D3D965551E0B2EA732C9B9A624AAEB41E3A557677029960D9AFB4EF11165F504B0304140006080800CC70623B4FEEA4082C0100001202000031
310
0000006662782F39464131463745442D413632322D343644302D413938332D3331353338454246344243312F636F72652E786D6C8D515B6EC32010BC0AE2AB55850DD871ED0813254D72825EC00192A2C460F1A872FC42ED48ED5F7E00CDCECCCEB26C731F6FE05B39AFADE921293004CA082BB5B9F43086336A21D870E6AC
310
0D7F68109861543DCC30E4ECE26C9C164858139409093556AA051CBC570102714B8F1E7AF1A5C6A11862480C7F2DA6415C878B2A4891CA89C7990F2E050073937C42DE1DB7E4F87ED8A36D4329AA9B3D46DBAEAD504556557BD81DEBDD0761E52CE42C462D17B996298E3E6BE59E35C962CE821E1FF18553435012728A7187
310
0841987E927A8D9B35ADDF70BBC6989599FE4F1427F9A4286A132ABAC49D651EF234CD5CE04CDA78BA3DC2A8FB645D00B9DF8B57E215725C60BCA2A463E54C4CE327C7A65E1C7DB02E7DEFCBF594B864C5CA6CDBD49C957943E9FA5D5FBAF336F90F504B0304140006080800CC70623BAD7543B64E01000033030000300000
310
006662782F39464131463745442D413632322D343644302D413938332D3331353338454246344243312F636E782E786D6CD593CD6EC32010845F0571AD6CE3D48AD20813A9873E410FBD12D82434182C7EAAE6EDBB2424CD25871E7B41D6EC30B3FA84F9E67BB2E40B4234DE8DB46F1925E094D7C6ED479AD3AE5951B2113C
310
789FEE6C943839C1488B4C05DF079FE72A69D8C96C13AAD6B8631503449F83828872B949AC57D26200B826A308D316B4064D6E46FCDA41C05550DC9E483A00797BFD207EFB092A45DE9514C1BBD22178396BD39D891265658C238DEA00936C654E5E433CB65A26D9F6EDB5EBC14EBF49A45CB856E66048291F6939A9A81BB5
310
C8917738143CA680F4AA299D66A042CEB3354A2684DC9D8D178FE0D9B8B41CAAD720F880EE7EF93C0C18769E099ECC04D5A102C8049A8A05632F4DDF376CF1DE0F6BB65C2F8627B65A33C6BB62177CEBBDAD973006829F89F22E814B54F4BC2BE347F8AA8F681390B50FA73F804400B5F542E796F19FF974E7F78DB802FE05
310
E207504B0304140006080800CC70623B16AB87BA640500003C100000340000006662782F39464131463745442D413632322D343644302D413938332D3331353338454246344243312F6F626A656374732E786D6CAD575B6FA33818FD2B887DE6924B3BED8A326A92B68A663B534DD4D13E548A0C38942D60649B369D5FBFC7
310
600890A493BDE42160637FD7F31D7FF63E6FB3D478A55C242CBF3247B66B1A340F5994E4F19559CA8D75611A9F7D8F33263BCB4C232719BD32D5B4E97B316765A1A722BA21652A07B3B7B33F0D11D29C9A46981221AE4C113ED38CD8A4942CA2E2C58E882476BCD9DA23BB5ED8171B73523C0F841684D35CC252CCE79062D4
310
468DFA43D7747CCF51DF7D4FFDEB5593E3AB9CCA9FBEFE241792E4E19EB28198C968BAB8199F5D5A67D3E9C49A9E8F47D6EC76B6B0469F26EEFC7C3EBFBCBEB98462213924694B38DD98FE1D62C393D073EA4FADC5DAF04326852CCF6958F90F0F2B9BB5C48816348F90C7840A68EB78EDF68723159BCEE7891A6B95DDE9D3
310
BCEAEEE8086A6C6F9E5D4B59F0175C10A7A0820BAA5055C7473B5AE3CFDD452D602CD5DF12616444529E90D448938013FE6EFA58AA96F85E4F8C42275708571E98FE6827AF6B2B4AE3D7D83D64E5A64C53054DD3AF90BD06FEA9149565C94FCA0F6B834DC85599E4F2423B24DF0B6AFA979E534DFA9E7A4CC6FA631D486393
310
921829879BF5D781A373557BCB85E97FB90DB62B558F8795179C15944B051F40AB495CF35451D26A4727654E6D8033BD98EF82F21D91FF8AF2DD9982BCF1643BDD4EB516C9492E368C67C88DED563FC36D5EACF66DFF057C3658BDBFA69DF9578B3DA735B64F18C7F20770A9D45CFCF7FCF563D6456A277DBEF78A02637CA2
310
43B90A490AEAB94F72244481D24819A6C0E59B606BFA4B3025981DBB48EAB701D97BF19C577CC77F2D1B6C55A9EF3C732474C0B727303F625995056C3B02963D9EAC146BE78EC5FCEC7FA999EBC5EACBAAE41B12D27B4D2C0BBA49F244E2ECDC81B76B502F113D8F5EE8FB1BE3111CDD4FC2AA9B844CAB1288B68AB90A7CDC
310
1C166AB0D3DC5310625FCC14E779BFD0709F8890A629C9292B1B2DED31A4B0DA928CEE135085754027E3018A397D4D5427D15BD1330B677DC8934285AC3DF45A9EB68FF8F2B8FC0A509AFEECFD0FF2DE25CC6047F7214B195F07EFEB9A094D800F7BFAE8FED187B78EA8A3A400F115961BCAD1215E47C966530AF0EE8128FE
310
58CEBB996A8964FFA529A046635D9353B0336A8F700DDF46271A024E70B0B37C9DE01847591E54DED53D54202AB947E4076556AC49C6CA5C9E1226B7F1A7B1BE15DEED62C41B91E1B3E9AFAAA735036547343A925075041DF0A9979E893B391F8FCFA6967B3EFB644DCF6E5CEBFAE272625DCC6FAF3FB93793C5F90CE1EF57
310
407342756B10D1C489E8953CD1617E5CEECAD6F4EF8914CE5D5D504E5C3F1F9736DA62CFC11E00BCDDB8CC8A9466349744C1F75EBDA4DF09BA8A9E8C7A7E9991989E20E5DBDD6A6003664ED8F7A04A8DBE0DF6EAD9B9AA858342E47399053949D2C146EDB85DE4B176BB0965FBAC19BD19AA918E27FA50C1D22402E144464C
310
59462568E704B6E71915404CB72B8FF4EDE184DDAF753F284990D2C6926782963815403548A70C657FDEF80D2D9CEAA2AE4C1C76F60BFE74219A06527D6582DF6412526107381E55E353090704D085B52408D0933C4ED159D79BDA71BB4BC506F4831350EB6F979CD22D69BF7AC49B91A2C0A9DDA3D5CA36AD20FC478E37E6
310
1844E2352865EBCB6EA275A652E3836BE04EFB400BF1A2556F515F1FBB35B2AB35BD889C744FFA1004B5544B121E57F70215746DD2F5E2C1412B602CBF19455AC6C8E5E9922C4E01E65215385004546899059180EAFCF7A707CE7017CD8CDB0410789AB32C63B91E5CEBBBACB17AC6CD347A022D5075FD106377347AAABA7E
310
7D11590744509B44E205134DC1290F06580320F78E537D3D73540E06CB970B431F185308AD40BBD794D6D77003C5A36E8EAA54BA64597CD8F83BD552A080A365F7FF06504B0304140006080000CC70623B000000000000000000000000350000006662782F39464131463745442D413632322D343644302D413938332D3331
310
353338454246344243312F76657274696365732E62696E504B0304140006080800CC70623BF270F1330600000004000000360000006662782F39464131463745442D413632322D343644302D413938332D3331353338454246344243312F747269616E676C65732E62696E636660600000504B0304140006080000CC70623B
310
000000000000000000000000370000006662782F39464131463745442D413632322D343644302D413938332D3331353338454246344243312F617474726962757465732E62696E504B0304140006080800CC70623B08DA0BD19000000041010000360000006662782F39464131463745442D413632322D343644302D413938
310
332D3331353338454246344243312F6469726563746F72792E786D6C858F410AC3201045AF22B36F53E9A60B35CBEEBAE80D244E44489C6234F4F835464A48035D0DF398FF9F8AF63D0E6CC63039F212F8F9020C7D47C6792B21C5FE7403D62A1188E2E60C98D7234A5830286103A55745067B9D86B8A3CF9C7F90C11DE607
310
FB144396D7B6A82D282E9A152AD114D5EF2CB866EEE831B8EEA07A7BB5A8D7D61A2BAAEB7FD5F70921FF497D00504B0304140006080800CC70623B0D6EF93BFE000000A00100003B0000006662782F39464131463745442D413632322D343644302D413938332D3331353338454246344243312F7265736F75726365732F63
310
6F72652E786D6C8D50596E833010BD0A9ADFCA60B334011947A8694ED00B586642AC041B79A97AFC9A40A5F6AF3F33A3B7689E1E3F7DCD8FEC139DD7D6F4C0720A191A65476DA61E62B892236427C19DB5E1970C322367EC618541F0C9D9B8EC90B226A009093576C41D94DE63804C3DD2D18357379C652E63480A7FCF17A9
310
EE72C29CE5894E3AC17D702940B63D59270887DE46A7D0F36263058F518FBB468FE9A7BE6A7420864373B8D4873369AA8691FA421B3294352543C5CAF65C0F6FEF43CB8BD52C78D0F34F46E550061C419494B6843142CB0F5677F4B52BEB177AEC28E5C52AFF638ACBF84F53D42654E51E77B379102C05791282176B5F693D
310
CB4C7BED567C03504B010214000A0000080000CC70623B3DEE336E79000000790000001B00000000000000000000000000000000006175746F6465736B2D64657369676E2D7061636B6167652E786D6C504B01021400140006080800CC70623BD486FD9CA0000000F40000001300000000000000000000000000B20000005B
310
436F6E74656E745F54797065735D2E786D6C504B01021400140006080800CC70623B1EC5D7A3EB0000007C010000080000000000000000000000000083010000636F72652E786D6C504B01021400140006080800CC70623B55019EA25F0000007C000000070000000000000000000000000094020000636E782E786D6C504B
310
01021400140006080800CC70623B8C9102E971010000D40300000C00000000000000000000000000180300006662782F636F72652E786D6C504B01021400140006080800CC70623BFFEA85907E0000009D0000000B00000000000000000000000000B30400006662782F636E782E786D6C504B01021400140006080800CC70
310
623B4FEEA4082C0100001202000031000000000000000000000000005A0500006662782F39464131463745442D413632322D343644302D413938332D3331353338454246344243312F636F72652E786D6C504B01021400140006080800CC70623BAD7543B64E010000330300003000000000000000000000000000D5060000
310
6662782F39464131463745442D413632322D343644302D413938332D3331353338454246344243312F636E782E786D6C504B01021400140006080800CC70623B16AB87BA640500003C1000003400000000000000000000000000710800006662782F39464131463745442D413632322D343644302D413938332D3331353338
310
454246344243312F6F626A656374732E786D6C504B01021400140006080000CC70623B0000000000000000000000003500000000000000000000000000270E00006662782F39464131463745442D413632322D343644302D413938332D3331353338454246344243312F76657274696365732E62696E504B01021400140006
310
080800CC70623BF270F133060000000400000036000000000000000000000000007A0E00006662782F39464131463745442D413632322D343644302D413938332D3331353338454246344243312F747269616E676C65732E62696E504B01021400140006080000CC70623B0000000000000000000000003700000000000000
310
000000000000D40E00006662782F39464131463745442D413632322D343644302D413938332D3331353338454246344243312F617474726962757465732E62696E504B01021400140006080800CC70623B08DA0BD190000000410100003600000000000000000000000000290F00006662782F39464131463745442D413632
310
322D343644302D413938332D3331353338454246344243312F6469726563746F72792E786D6C504B01021400140006080800CC70623B0D6EF93BFE000000A00100003B000000000000000000000000000D1000006662782F39464131463745442D413632322D343644302D413938332D3331353338454246344243312F7265
310
736F75726365732F636F72652E786D6C504B0506000000000E000E0080040000641100000000
  0
XRECORD
  5
175
102
{ACAD_REACTORS
330
173
102
}
330
173
100
AcDbXrecord
280
     1
270
     1
271
     1
  0
XRECORD
  5
174
102
{ACAD_REACTORS
330
173
102
}
330
173
100
AcDbXrecord
280
     1
270
     1
271
     1
  0
XRECORD
  5
1FB
102
{ACAD_REACTORS
330
173
102
}
330
173
100
AcDbXrecord
280
     1
 70
     0
 90
1673772943
  1
ECE7A1D2-D628-4531-984C-D00F80459256
310
504B03040A0000080000CC70623B3DEE336E79000000790000001B0000006175746F6465736B2D64657369676E2D7061636B6167652E786D6C3C3F786D6C2076657273696F6E3D22312E302220656E636F64696E673D227574662D3822203F3E3C666F726D6174733E3C666F726D61743E687474703A2F2F736368656D612E
310
6175746F6465736B2E636F6D2F64657369676E2D7061636B6167652F323030393C2F666F726D61743E3C2F666F726D6174733E504B0304140006080800CC70623BD486FD9CA0000000F4000000130000005B436F6E74656E745F54797065735D2E786D6C7D8EC10E82300C865F65E91D8A1E8C310C0EEA1BF002731658846E
310
D98AC1B77784ABF1D8FE5FBFBF75BBCE937A534CCEB38643598122B6FEE978D0B0485F9C41B54DDD7D022595594E1A469170414C76A4D9A4D207E29CF43ECE46F218070CC6BECC4078ACAA135ACF422C856C0E68EA1BF5669944DDD7BCDE7B1F8E415D77AECB980613C2E4AC91FC167A2B244592486606FC29C8FD7F045B9A
310
EF7053A7E60B504B0304140006080800CC70623BD9DDAED0EC0000007C01000008000000636F72652E786D6C8D90416EC3201045AF82665B61836D9CD8C2444DD39CA01740405C94182C03558F5F9C3852BBEB6A467FFE9B197D7EF89E6EE8CB2CC17A37002D0820E394D7D68D03A478C17B4007C117EFE32F1B20272733C0
310
2A83E0E3E2D3BC49CABB685CCCAAF3DA6CA20CC14440EA969B0182FA34932C648AD911AEC52CD5558EA6A0CF2EC329598D1E47ACCEFBECC59A050463A7EA5833865FEBDD0E37353BE3EE8DBDE3F6786A48D375FBF6CC78B9C282473B3DEFABC5C86834888A900E538A49F5419B9EB47DD5BC907D4F082F57FB1F28CDFA9F50
310
B22ED6D5F6EE030B20687EE43E10BC5CB3C8E51E54AE6B6EE207504B0304140006080800CC70623B55019EA25F0000007C00000007000000636E782E786D6C4DCB3B0E80201045D1AD90E915ED2CF8AC45050C11660C8261F98AB1B07AC9C97D42D718D865D3E909258CFD00CCE24AC6E326A164D74DC0B4128928FF326038
310
472BA13128B1252AC747C6BAB984FC68F0B87FE8960A5C09FE86CFB69FBA01504B0304140006080800CC70623BA24EB22D72010000D40300000C0000006662782F636F72652E786D6CC5535B6E833010BC8AE5DF0A6C5E49888CA3A6694ED00B38E05014B091B1518EDFE511A5A9D228FD2A1F60CDEC7A67C6986DCE4D8D7A
310
69BA4AAB0C073EC548AA5C17952A33ECECD15B61B4E1CC686DBF9561A44423333CC098B3D268D7CE50AE9595CA02AA74216750749DB418E5352C32DCE59FB211BE70162ABA93DF8AFC244AE9073ED050C759670D0840D390E18DF9F1706664C23973AE2A66B62A605A75ACA4C13C4976E1364A12EF355A2EBD384AF65EFA96
310
BC7B8BED2EA6719AAE16FB8491A199335B351775B991C2CA02F390D2D40B028F861F41BCA68B7518BFD0D59A524686F29B26D7164F36B94AD9289CE54E6D1DE6010819891F6E21228B3AD1831EC219194284CF98F06DD01008846CC5A1BEF83801D4CBDC6A1303536877A57A513B0953A94FC707FDBE6064EA84A9E3E6E0FA
310
EE8CF0E9198F7784A316AA0413C2C2F2E0ECA0934D1AE6D05A69BCDE9E91D2A611F573361E38FC1375157F5752AE6B6DFE4B11990F88CCBF0719EE23FF02504B0304140006080800CC70623B408A7D3B7C0000009D0000000B0000006662782F636E782E786D6C4DCCD10A83201886E15B91FFDC552A92A0064DBC8F581632
310
D3703A76F9ABD1C18E3E78F878E5F0D9027ABBFCF2292AE86E2D20171F69F6715550CB827B40839639A5F2770314A7CD293819B45C73AAFB45B35BA61ACAA1C1C7E7855C58C15BC331339661262CC762340413D68D77DA5B42298546CBE6573AF60CEB2F504B0304140006080800CC70623B449FB9BD290100001202000031
310
0000006662782F36394639363044362D344446342D343946362D394244322D3234314243333846323333332F636F72652E786D6C8D515B6EC32010BC0AE22B55850D98B871848994463E412FE002495162B07854397EA176A4F62F3F2C9A9D991D587EB84F37F0AD7D30CEF6905418026DA553C65E7A98E219ED203808EE9D
310
8B7F6810D871D23D2C3014FCE25D9A57483A1BB58D19B54EE9151C43D0110279CB971E06F9A5A7B11A53CC8C70ADE6515EC78BAE4895DB992778883E0700CB907242D17643D7E2538BD869608875438BBAE38922CAC8F1BDD90DB4691A5E2F42C153326A951B95E398B3D1FE599322163C9AE9115F7A3D46ADA0A018778810
310
84E907617BDCEE297BC5BB3DC6BC2EF47FA234AB2745C9D8D8D035EE220B50105E2F0DC1954B9FB747187D9F9D8FA0CCDB042D5FA0C015C65B42DF78BD10F3F3B363CB56C7109DCFDFBBB97E662ED92EB62D13BC2E1BCAE5777DB9966D8A1F504B0304140006080800CC70623BAD7543B64E01000033030000300000006662
310
782F36394639363044362D344446342D343946362D394244322D3234314243333846323333332F636E782E786D6CD593CD6EC32010845F0571AD6CE3D48AD20813A9873E410FBD12D82434182C7EAAE6EDBB2424CD25871E7B41D6EC30B3FA84F9E67BB2E40B4234DE8DB46F1925E094D7C6ED479AD3AE5951B2113C789FEE
310
6C943839C1488B4C05DF079FE72A69D8C96C13AAD6B8631503449F83828872B949AC57D26200B826A308D316B4064D6E46FCDA41C05550DC9E483A00797BFD207EFB092A45DE9514C1BBD22178396BD39D891265658C238DEA00936C654E5E433CB65A26D9F6EDB5EBC14EBF49A45CB856E66048291F6939A9A81BB5C89177
310
38143CA680F4AA299D66A042CEB3354A2684DC9D8D178FE0D9B8B41CAAD720F880EE7EF93C0C18769E099ECC04D5A102C8049A8A05632F4DDF376CF1DE0F6BB65C2F8627B65A33C6BB62177CEBBDAD973006829F89F22E814B54F4BC2BE347F8AA8F681390B50FA73F804400B5F542E796F19FF974E7F78DB802FE05E20750
310
4B0304140006080800CC70623B8D05915C650500003B100000340000006662782F36394639363044362D344446342D343946362D394244322D3234314243333846323333332F6F626A656374732E786D6CAD575B6FA33814FE2B887D06429276DA1565D4266D158D3A339A6846FB502932E050B66023DB74D2FDF5FB190C01
310
9276B2973C046C8ECFF53B17071F77456EBD502133CEAE6CDF9DD81665314F32965ED995DA3A17B6F5310C04E7AA47665B8C14F4CAD6DB7618A48257A5D94AE89654B91AEDDEDDFC61C998326A5B714EA4BCB265FC440BE2924AF184CA6737218AB8E976E7FA6E4338649B0A523E8D98964450A6A029F619B8588D52FE7039
310
B1BD30F0F4F730D0FF866AF6369557DB33949F31A9088B0F848DD8CCFCF9F2767A76E99CCDE733677E3EF59D9BBB9BA5E37F984D16E78BC5E5F5ED25044B25C0C96822E8D60EEFE11B91C581D77CEA34368A1F5329E68CD1B8B61F16D63A1B8E092D294B10C78C4A48EB593D192E7DED9BDEE7995E1B91FDEDD3ACEA9FE831
310
6A756F9F7D4D79F4274C90A7A04248AA51D5F8C718DAE06FB2F75AC4796EBE65D22A88A22223B995679120E2D50E41AA49C260C046A35368846B0BECD0DFF3EBEB8AD4F835768F69B9ADF25C43D30E6B646F807FAA64AD59F61715C7A54127C4AACA98BA3006A9D792DAE165E0D59B61A01FB3A9F9D838D2DAE62445C86166
310
F37564E842E7DE6A69879FEEA2DD5AE7E371E1A5E025154AC307D06A03D73EB5978C58FFA4C8E9033066E0F3BD53BEC1F39F91BE7B55103791EDE6BBB991A2046172CB4581D8B893FA674DDA17A77B3B7C413D1B511FD2743BFF8A38F03A658705E3ADF8015C3A3417FF3D7E439FF591DA0B5F18BC20C1B8981957AE6392A3
310
F43C640C01D1A0B4728E2DD4F26DB4B3C3152A252A3B4E913CEC1C72F012782FF88EFF8637AA552DBEF76408E8A8DE9E50F9E1CB3A2DA0DB1B6039A893B56063DC5B3E3FFB5F72E67AB9FEB4AEC496C4F4C1149625DD662C53E89D7BF0F6151A046260D1337DFDC94502430F83B0EE07A130A224BCAD7DAE1D9FB6CD422FF6
310
920702629C4BB9AE79C12F243C6432A6794E18E5552BA56B431AAB5D91317302B2B071E86C3A42B1A02F999E24061403B5D0EB639195DA655DD3EBEAB4FB862DDF579F014AD0E73C22F99E28DA57FB98E75C6CA2D74D53086D600F4786E0FE3144B771A8A7B900F03594DB8A633CBC49B2EDB69228BB479CF863B5E807AAAB
310
23872F6DFEB4129B949CA33823F58830E86D65621E10047D9DB34D862E8EAC3C2ABC2F7B2C40D67CDFE01F5545B92105AF983AC54D93D69E56FB8E797F88913F898A9FEC705D3F9D1B54EC8426FB500D40A03BD0119B06E1B95DDC7EB8F6975367793EBD70E66733DFB9BC982F9CE564727731999F5D4ECFCE3B8D6A4DC2A0
310
6D50FD148437D110834A64C6CDDF57FBACB5C307A2A477DFE4939736CFEF2B175371E0E10CF0DD1D5C15654E0BCA14D1E87DD02FF93782A162C0A3D95F1524A52770F972BF1EE9809D13CE7DD599467F8ECE9ADD85CE85A34CD45355448C64F9E8A031DC2D596ACC6E5DD93D9B82DE2EF5CAF81363A8E47996A0DE24564A79
310
4115AACE09C55E14540231FDA13C319787134EBF34E3A022514E5B4D9E0826E25C02D5805B15ABE1BEF51B26383D445DD9E875EE33FE4C22DA16427D65A3BCA92CA6D28DD01DF5DC53330704308475351050232CCD31583787BA75774AFB06E5070DD0C8EF484E19968C5D83BA5B90B244D31E54D55A372320FE4786B7EA58
310
44E135AA5467CB7EA333A61683CC6A8C3257034C10CF46F40EF9F5BE59BE5BD30C3C72D235E95D10345C1D45445A5F0BB47E46A5EBE5570F9380B5FA629579952296A773720405982B9DE04011506178964401AA8BDF1FBF0A8EAB6861DD6580C0E38217056766716DAEB2D6FA0917D3E4116581EADB879C4E7CFFB11EFACD
310
3D641311495D92C8676CB409A72D18610D803CE8A626049E8EC1887CB5B44CC39883690DDA8399B4B9855B481E7D71D4A9D22F96E5BB73BF5793020C02137BF837504B0304140006080000CC70623B000000000000000000000000350000006662782F36394639363044362D344446342D343946362D394244322D32343142
310
43333846323333332F76657274696365732E62696E504B0304140006080800CC70623BF270F1330600000004000000360000006662782F36394639363044362D344446342D343946362D394244322D3234314243333846323333332F747269616E676C65732E62696E636660600000504B0304140006080000CC70623B0000
310
00000000000000000000370000006662782F36394639363044362D344446342D343946362D394244322D3234314243333846323333332F617474726962757465732E62696E504B0304140006080800CC70623B08DA0BD19000000041010000360000006662782F36394639363044362D344446342D343946362D394244322D
310
3234314243333846323333332F6469726563746F72792E786D6C858F410AC3201045AF22B36F53E9A60B35CBEEBAE80D244E44489C6234F4F835464A48035D0DF398FF9F8AF63D0E6CC63039F212F8F9020C7D47C6792B21C5FE7403D62A1188E2E60C98D7234A5830286103A55745067B9D86B8A3CF9C7F90C11DE607FB14
310
4396D7B6A82D282E9A152AD114D5EF2CB866EEE831B8EEA07A7BB5A8D7D61A2BAAEB7FD5F70921FF497D00504B0304140006080800CC70623BCA768048FE000000A00100003B0000006662782F36394639363044362D344446342D343946362D394244322D3234314243333846323333332F7265736F75726365732F636F72
310
652E786D6C8D50596E833010BD0A9ADFCA60D600328E9AA639412F609909B1126CE4A5EAF16B0295DABFFECC8CDEA2797AECF8353F924FB44E193D409E5248504B332A3D0D10FC95B4901C39B3C6F85F3248B49871801506CE266BC2B243D2688FDA47549B11775038871E12F988C7004EDE7016A9083E2ADC3D5D84BC8B09
310
D33C8D74D471E6BC8D0192EDC93A815B742658898E651BCB59086ADC356A8C3FD555A1055ED7E7E254D615792D0F075295F585746FF53B694EE78A565DD736979A65AB9933AFE69F8CD2A2F038022F28ED489E135A7CE4554F9BBEA85E68DB53CAB255FEC71496F19FA6A0B42F8B3DEE6673C0F318E4497096AD7DC5F52C33
310
EEB55BFE0D504B010214000A0000080000CC70623B3DEE336E79000000790000001B00000000000000000000000000000000006175746F6465736B2D64657369676E2D7061636B6167652E786D6C504B01021400140006080800CC70623BD486FD9CA0000000F40000001300000000000000000000000000B20000005B436F
310
6E74656E745F54797065735D2E786D6C504B01021400140006080800CC70623BD9DDAED0EC0000007C010000080000000000000000000000000083010000636F72652E786D6C504B01021400140006080800CC70623B55019EA25F0000007C000000070000000000000000000000000095020000636E782E786D6C504B0102
310
1400140006080800CC70623BA24EB22D72010000D40300000C00000000000000000000000000190300006662782F636F72652E786D6C504B01021400140006080800CC70623B408A7D3B7C0000009D0000000B00000000000000000000000000B50400006662782F636E782E786D6C504B01021400140006080800CC70623B
310
449FB9BD290100001202000031000000000000000000000000005A0500006662782F36394639363044362D344446342D343946362D394244322D3234314243333846323333332F636F72652E786D6C504B01021400140006080800CC70623BAD7543B64E010000330300003000000000000000000000000000D20600006662
310
782F36394639363044362D344446342D343946362D394244322D3234314243333846323333332F636E782E786D6C504B01021400140006080800CC70623B8D05915C650500003B10000034000000000000000000000000006E0800006662782F36394639363044362D344446342D343946362D394244322D32343142433338
310
46323333332F6F626A656374732E786D6C504B01021400140006080000CC70623B0000000000000000000000003500000000000000000000000000250E00006662782F36394639363044362D344446342D343946362D394244322D3234314243333846323333332F76657274696365732E62696E504B010214001400060808
310
00CC70623BF270F13306000000040000003600000000000000000000000000780E00006662782F36394639363044362D344446342D343946362D394244322D3234314243333846323333332F747269616E676C65732E62696E504B01021400140006080000CC70623B00000000000000000000000037000000000000000000
310
00000000D20E00006662782F36394639363044362D344446342D343946362D394244322D3234314243333846323333332F617474726962757465732E62696E504B01021400140006080800CC70623B08DA0BD190000000410100003600000000000000000000000000270F00006662782F36394639363044362D344446342D
310
343946362D394244322D3234314243333846323333332F6469726563746F72792E786D6C504B01021400140006080800CC70623BCA768048FE000000A00100003B000000000000000000000000000B1000006662782F36394639363044362D344446342D343946362D394244322D3234314243333846323333332F7265736F
310
75726365732F636F72652E786D6C504B0506000000000E000E0080040000621100000000
  0
XRECORD
  5
176
102
{ACAD_REACTORS
330
173
102
}
330
173
100
AcDbXrecord
280
     1
270
     1
271
     1
  0
XRECORD
  5
177
102
{ACAD_REACTORS
330
173
102
}
330
173
100
AcDbXrecord
280
     1
270
     1
271
     1
  0
CELLSTYLEMAP
  5
383F
102
{ACAD_REACTORS
330
162
102
}
330
162
100
AcDbCellStyleMap
 90
        3
300
CELLSTYLE
  1
TABLEFORMAT_BEGIN
 90
        5
170
     1
 91
        0
 92
    32768
 62
   257
 93
        1
300
CONTENTFORMAT
  1
CONTENTFORMAT_BEGIN
 90
        0
 91
        0
 92
      512
 93
        0
300

 40
0.0
140
1.0
 94
        5
 62
     0
340
11
144
6.0
309
CONTENTFORMAT_END
171
     1
301
MARGIN
  1
CELLMARGIN_BEGIN
 40
1.5
 40
1.5
 40
1.5
 40
1.5
 40
4.5
 40
4.5
309
CELLMARGIN_END
 94
        6
 95
        1
302
GRIDFORMAT
  1
GRIDFORMAT_BEGIN
 90
        0
 91
        1
 62
     0
 92
       -2
340
14
 93
        0
 40
1.125
309
GRIDFORMAT_END
 95
        2
302
GRIDFORMAT
  1
GRIDFORMAT_BEGIN
 90
        0
 91
        1
 62
     0
 92
       -2
340
14
 93
        0
 40
1.125
309
GRIDFORMAT_END
 95
        4
302
GRIDFORMAT
  1
GRIDFORMAT_BEGIN
 90
        0
 91
        1
 62
     0
 92
       -2
340
14
 93
        0
 40
1.125
309
GRIDFORMAT_END
 95
        8
302
GRIDFORMAT
  1
GRIDFORMAT_BEGIN
 90
        0
 91
        1
 62
     0
 92
       -2
340
14
 93
        0
 40
1.125
309
GRIDFORMAT_END
 95
       16
302
GRIDFORMAT
  1
GRIDFORMAT_BEGIN
 90
        0
 91
        1
 62
     0
 92
       -2
340
14
 93
        0
 40
1.125
309
GRIDFORMAT_END
 95
       32
302
GRIDFORMAT
  1
GRIDFORMAT_BEGIN
 90
        0
 91
        1
 62
     0
 92
       -2
340
14
 93
        0
 40
1.125
309
GRIDFORMAT_END
309
TABLEFORMAT_END
  1
CELLSTYLE_BEGIN
 90
        1
 91
        1
300
_TITLE
309
CELLSTYLE_END
300
CELLSTYLE
  1
TABLEFORMAT_BEGIN
 90
        5
170
     1
 91
        0
 92
        0
 62
   257
 93
        1
300
CONTENTFORMAT
  1
CONTENTFORMAT_BEGIN
 90
        0
 91
        0
 92
      512
 93
        0
300

 40
0.0
140
1.0
 94
        5
 62
     0
340
11
144
4.5
309
CONTENTFORMAT_END
171
     1
301
MARGIN
  1
CELLMARGIN_BEGIN
 40
1.5
 40
1.5
 40
1.5
 40
1.5
 40
4.5
 40
4.5
309
CELLMARGIN_END
 94
        6
 95
        1
302
GRIDFORMAT
  1
GRIDFORMAT_BEGIN
 90
        0
 91
        1
 62
     0
 92
       -2
340
14
 93
        0
 40
1.125
309
GRIDFORMAT_END
 95
        2
302
GRIDFORMAT
  1
GRIDFORMAT_BEGIN
 90
        0
 91
        1
 62
     0
 92
       -2
340
14
 93
        0
 40
1.125
309
GRIDFORMAT_END
 95
        4
302
GRIDFORMAT
  1
GRIDFORMAT_BEGIN
 90
        0
 91
        1
 62
     0
 92
       -2
340
14
 93
        0
 40
1.125
309
GRIDFORMAT_END
 95
        8
302
GRIDFORMAT
  1
GRIDFORMAT_BEGIN
 90
        0
 91
        1
 62
     0
 92
       -2
340
14
 93
        0
 40
1.125
309
GRIDFORMAT_END
 95
       16
302
GRIDFORMAT
  1
GRIDFORMAT_BEGIN
 90
        0
 91
        1
 62
     0
 92
       -2
340
14
 93
        0
 40
1.125
309
GRIDFORMAT_END
 95
       32
302
GRIDFORMAT
  1
GRIDFORMAT_BEGIN
 90
        0
 91
        1
 62
     0
 92
       -2
340
14
 93
        0
 40
1.125
309
GRIDFORMAT_END
309
TABLEFORMAT_END
  1
CELLSTYLE_BEGIN
 90
        2
 91
        1
300
_HEADER
309
CELLSTYLE_END
300
CELLSTYLE
  1
TABLEFORMAT_BEGIN
 90
        5
170
     1
 91
        0
 92
        0
 62
   257
 93
        1
300
CONTENTFORMAT
  1
CONTENTFORMAT_BEGIN
 90
        0
 91
        0
 92
      512
 93
        0
300

 40
0.0
140
1.0
 94
        2
 62
     0
340
11
144
4.5
309
CONTENTFORMAT_END
171
     1
301
MARGIN
  1
CELLMARGIN_BEGIN
 40
1.5
 40
1.5
 40
1.5
 40
1.5
 40
4.5
 40
4.5
309
CELLMARGIN_END
 94
        6
 95
        1
302
GRIDFORMAT
  1
GRIDFORMAT_BEGIN
 90
        0
 91
        1
 62
     0
 92
       -2
340
14
 93
        0
 40
1.125
309
GRIDFORMAT_END
 95
        2
302
GRIDFORMAT
  1
GRIDFORMAT_BEGIN
 90
        0
 91
        1
 62
     0
 92
       -2
340
14
 93
        0
 40
1.125
309
GRIDFORMAT_END
 95
        4
302
GRIDFORMAT
  1
GRIDFORMAT_BEGIN
 90
        0
 91
        1
 62
     0
 92
       -2
340
14
 93
        0
 40
1.125
309
GRIDFORMAT_END
 95
        8
302
GRIDFORMAT
  1
GRIDFORMAT_BEGIN
 90
        0
 91
        1
 62
     0
 92
       -2
340
14
 93
        0
 40
1.125
309
GRIDFORMAT_END
 95
       16
302
GRIDFORMAT
  1
GRIDFORMAT_BEGIN
 90
        0
 91
        1
 62
     0
 92
       -2
340
14
 93
        0
 40
1.125
309
GRIDFORMAT_END
 95
       32
302
GRIDFORMAT
  1
GRIDFORMAT_BEGIN
 90
        0
 91
        1
 62
     0
 92
       -2
340
14
 93
        0
 40
1.125
309
GRIDFORMAT_END
309
TABLEFORMAT_END
  1
CELLSTYLE_BEGIN
 90
        3
 91
        2
300
_DATA
309
CELLSTYLE_END
  0
ENDSEC
  0
SECTION
  2
ACDSDATA
 70
     2
 71
     8
  0
ACDSSCHEMA
 90
        0
  1
AcDb_Thumbnail_Schema
  2
AcDbDs::ID
280
    10
 91
        8
  2
Thumbnail_Data
280
    15
 91
        0
101
ACDSRECORD
 95
        0
 90
        1
  2
AcDbDs::TreatedAsObjectData
280
     1
291
     1
101
ACDSRECORD
 95
        0
 90
        2
  2
AcDbDs::Legacy
280
     1
291
     1
101
ACDSRECORD
  1
AcDbDs::ID
 90
        3
  2
AcDs:Indexable
280
     1
291
     1
101
ACDSRECORD
  1
AcDbDs::ID
 90
        4
  2
AcDbDs::HandleAttribute
280
     7
282
     1
  0
ACDSSCHEMA
 90
        1
  1
AcDbDs::TreatedAsObjectDataSchema
  2
AcDbDs::TreatedAsObjectData
280
     1
 91
        0
  0
ACDSSCHEMA
 90
        2
  1
AcDbDs::LegacySchema
  2
AcDbDs::Legacy
280
     1
 91
        0
  0
ACDSSCHEMA
 90
        3
  1
AcDbDs::IndexedPropertySchema
  2
AcDs:Indexable
280
     1
 91
        0
  0
ACDSSCHEMA
 90
        4
  1
AcDbDs::HandleAttributeSchema
  2
AcDbDs::HandleAttribute
280
     7
 91
        1
284
     1
  0
ACDSRECORD
 90
        0
  2
AcDbDs::ID
280
    10
320
22
  2
Thumbnail_Data
280
    15
 94
     2038
310
89504E470D0A1A0A0000000D494844520000010000000062080300000088E7FDB100000300504C5445000000FFFFFF0000000000000000000000000000000000000000000000000000000000330000660000990000CC0000FF0033000033330033660033990033CC0033FF0066000066330066660066990066CC0066FF0099
310
000099330099660099990099CC0099FF00CC0000CC3300CC6600CC9900CCCC00CCFF00FF0000FF3300FF6600FF9900FFCC00FFFF3300003300333300663300993300CC3300FF3333003333333333663333993333CC3333FF3366003366333366663366993366CC3366FF3399003399333399663399993399CC3399FF33CC00
310
33CC3333CC6633CC9933CCCC33CCFF33FF0033FF3333FF6633FF9933FFCC33FFFF6600006600336600666600996600CC6600FF6633006633336633666633996633CC6633FF6666006666336666666666996666CC6666FF6699006699336699666699996699CC6699FF66CC0066CC3366CC6666CC9966CCCC66CCFF66FF0066
310
FF3366FF6666FF9966FFCC66FFFF9900009900339900669900999900CC9900FF9933009933339933669933999933CC9933FF9966009966339966669966999966CC9966FF9999009999339999669999999999CC9999FF99CC0099CC3399CC6699CC9999CCCC99CCFF99FF0099FF3399FF6699FF9999FFCC99FFFFCC0000CC00
310
33CC0066CC0099CC00CCCC00FFCC3300CC3333CC3366CC3399CC33CCCC33FFCC6600CC6633CC6666CC6699CC66CCCC66FFCC9900CC9933CC9966CC9999CC99CCCC99FFCCCC00CCCC33CCCC66CCCC99CCCCCCCCCCFFCCFF00CCFF33CCFF66CCFF99CCFFCCCCFFFFFF0000FF0033FF0066FF0099FF00CCFF00FFFF3300FF3333
310
FF3366FF3399FF33CCFF33FFFF6600FF6633FF6666FF6699FF66CCFF66FFFF9900FF9933FF9966FF9999FF99CCFF99FFFFCC00FFCC33FFCC66FFCC99FFCCCCFFCCFFFFFF00FFFF33FFFF66FFFF99FFFFCCFFFFFF0000000D0D0D1A1A1A2828283535354343435050505D5D5D6B6B6B787878868686939393A1A1A1AEAEAEBB
310
BBBBC9C9C9D6D6D6E4E4E4F1F1F1FFFFFF0000000000000000000000000000000000000000000000000000000000003AE5ACE9000004B14944415478DAED9C5D92A4200C807383BE86F73F00C7D92A9EE629EFAB22123440F8939E91D4D64EDA41091F2110701A60CA942953A64C9932658A11F5AC7C9F014AE155D45D8B15
310
CABA025F67C05AFF73EE160030D4800960AD1F8B657B26D14B018C34A0B67EDF98A100700000C42643E0A1EA9BC7808B0708A4430CA835A0BC7E83FFB500ACF76539EB50004D87801B7CAF0440634FDE943176088401648559FFDAEB00608DB9DFBE14BE5A8220693E97E2FD0D00B7FEE77B5FD52F857F8907040CF517727F
310
CC03488364B12FFCCBAF06F031821F4F28000C7B03DE2E5702C8082A4F79003319DC1BDA0E4059A2D32F08B28B817B3BEB001C85121339ABF81F9A0741FE99CE68A055237D0EDE6F8800A0B1A5A28B6B00AC3100691888AD7BE2004A3C80ECDA3E0C4039001EFD4F6CD9876E18504C0900816DF1C3B4AD5067002AE1019E03
310
7E62AE580620E101CB32C403D820935AF44701F00152100316512B3AC6001285103E0500A00E008C054076798F18200010A8FFB702A0E68A00403B00E57BBD4D8700D05920BB22BCAC892F97E3005A78003C0520C5A5C403860F813C0F886F209502A83D0BA902705925640290EC970900E46CC8B60720678DC06F0454EC08
310
C5F626D33BA02D019478C0D93DA52743C60396F3518B2B4E54A3B3AA8A0E4DD1C9D0C7CF857200404300A6DC82779514F02FBBDBAA00EC4EC8AFE6E441309ECD2700687D14D56035A2EAB598BB6CCB6A3C6FD37A7F4C9E01D7FD00944E37F900D21EA0118F26AC2A980FDAA83E80F5B2C6F3F271DBA6567B00888F87F836D7
310
CD02976E87A807D8BA3D6F69B025D6E23D846BC26FF73AD243606D97567A6BD4294E85BDC4E6F51A355740F30EEC2C080368DB66BF06F733190471816595F507ECFF6F1F8CBA7DD8CB196DBF6C7F616EDB558C5B90B127D88E4016803306808D0167C0710EEA2E837D51C92BD306C0C31E404230699ECBAAD0D7EC3FBCDE56
310
0EA0CB4B499931A041BA571A030E97AB5B88C78D42C910B0FD6A7B17FDAEDE9D5D1D9795791B5659D52C84720DF000A4BABD2F8016B1B70A40FCC02F3A4CEA01340A3D3500AE59D75D1520AAF08008E2E7009C4955504D2182F0AA51008026969C5A0820F98ED03904D01E4FED89833DB4F15850AB940C80DC03162F073E42
310
F7A9F68F016CB8F3F71B106288120094740878DD0639AF83671BE0CF02DE1101A7728852D6C93DE0C86BF7ECCEAAFA504D2E501319031E009C0760D019F8123531806C066A17F602FB011D6200713E9A369E630E0319821C40221DE600682E332E06104F87E9E8536CEBC84A12132802F26F951F09805516ADB6B42E900E97
310
02081BA0D8F73982004F215C28A262004705C974B823803EAF25EDF2B38A6408744A868C05A921D0ED4C2EB527D81D40624FB03F001A4E8600881AA004B9CE731E40FF1A8DECF7D857B13A7B00BFBC6F191BC6C500C13438019895402C1BFCEB00E85AC83FF1132763F101188D0191D75F99F397A0926D00F50056ADDCAEF4
310
8FCF530BA18EB3B0CC030A529D461ED01D40DE3AC0FFC3387809009A02D26CB078FCDFA2D2100039B380E2137FF59621D0A9FEC11E9030607407BCC10312EF090E36607AC003F58F8E01383406D02F3919330DC60D9843600218FD5D62830D78FDB7C94D993265CA942953A64C7989FC079D80A298C3A97F81000000004945
310
4E44AE426082
  0
ENDSEC
  0
EOF
